task_id,complexity_vector,prompt_data,ground_truth,status,a,b,c,parse_error,max_op_level,illegal_ops,has_illegal_ops,under_complex,topo_mismatch,operator_count
MCM_000_2aca2cd0,"{'a': 0, 'b': 0, 'c': 0}","{'points': [{'x': -3.0, 'y': -27.0}, {'x': -2.75, 'y': -20.7969}, {'x': -2.5, 'y': -15.625}, {'x': -2.25, 'y': -11.3906}, {'x': -2.0, 'y': -8.0}, {'x': -1.75, 'y': -5.3594}, {'x': -1.5, 'y': -3.375}, {'x': -1.25, 'y': -1.9531}, {'x': -1.0, 'y': -1.0}, {'x': -0.75, 'y': -0.4219}, {'x': -0.5, 'y': -0.125}, {'x': -0.25, 'y': -0.0156}, {'x': 0.0, 'y': 0.0}, {'x': 0.25, 'y': 0.0156}, {'x': 0.5, 'y': 0.125}, {'x': 0.75, 'y': 0.4219}, {'x': 1.0, 'y': 1.0}, {'x': 1.25, 'y': 1.9531}, {'x': 1.5, 'y': 3.375}, {'x': 1.75, 'y': 5.3594}, {'x': 2.0, 'y': 8.0}, {'x': 2.25, 'y': 11.3906}, {'x': 2.5, 'y': 15.625}, {'x': 2.75, 'y': 20.7969}, {'x': 3.0, 'y': 27.0}]}","{'formula': 'x**3', 'latex': 'x^{3}', 'properties': {'singularities': [], 'is_periodic': False, 'domain': 'Reals'}}",success,0,0,0,False,0,[],False,False,False,1
MCM_000_65db4962,"{'a': 0, 'b': 0, 'c': 0}","{'points': [{'x': -3.0, 'y': 2.0}, {'x': -2.75, 'y': 2.25}, {'x': -2.5, 'y': 2.5}, {'x': -2.25, 'y': 2.75}, {'x': -2.0, 'y': 3.0}, {'x': -1.75, 'y': 3.25}, {'x': -1.5, 'y': 3.5}, {'x': -1.25, 'y': 3.75}, {'x': -1.0, 'y': 4.0}, {'x': -0.75, 'y': 4.25}, {'x': -0.5, 'y': 4.5}, {'x': -0.25, 'y': 4.75}, {'x': 0.0, 'y': 5.0}, {'x': 0.25, 'y': 5.25}, {'x': 0.5, 'y': 5.5}, {'x': 0.75, 'y': 5.75}, {'x': 1.0, 'y': 6.0}, {'x': 1.25, 'y': 6.25}, {'x': 1.5, 'y': 6.5}, {'x': 1.75, 'y': 6.75}, {'x': 2.0, 'y': 7.0}, {'x': 2.25, 'y': 7.25}, {'x': 2.5, 'y': 7.5}, {'x': 2.75, 'y': 7.75}, {'x': 3.0, 'y': 8.0}]}","{'formula': 'x + 5', 'latex': 'x + 5', 'properties': {'singularities': [], 'is_periodic': False, 'domain': 'Reals'}}",success,0,0,0,False,0,[],False,False,False,1
MCM_000_929d3afe,"{'a': 0, 'b': 0, 'c': 0}","{'points': [{'x': -3.0, 'y': -9.0}, {'x': -2.75, 'y': -8.25}, {'x': -2.5, 'y': -7.5}, {'x': -2.25, 'y': -6.75}, {'x': -2.0, 'y': -6.0}, {'x': -1.75, 'y': -5.25}, {'x': -1.5, 'y': -4.5}, {'x': -1.25, 'y': -3.75}, {'x': -1.0, 'y': -3.0}, {'x': -0.75, 'y': -2.25}, {'x': -0.5, 'y': -1.5}, {'x': -0.25, 'y': -0.75}, {'x': 0.0, 'y': 0.0}, {'x': 0.25, 'y': 0.75}, {'x': 0.5, 'y': 1.5}, {'x': 0.75, 'y': 2.25}, {'x': 1.0, 'y': 3.0}, {'x': 1.25, 'y': 3.75}, {'x': 1.5, 'y': 4.5}, {'x': 1.75, 'y': 5.25}, {'x': 2.0, 'y': 6.0}, {'x': 2.25, 'y': 6.75}, {'x': 2.5, 'y': 7.5}, {'x': 2.75, 'y': 8.25}, {'x': 3.0, 'y': 9.0}]}","{'formula': '3*x', 'latex': '3 x', 'properties': {'singularities': [], 'is_periodic': False, 'domain': 'Reals'}}",success,0,0,0,False,0,[],False,False,False,1
MCM_000_59a20e48,"{'a': 0, 'b': 0, 'c': 0}","{'points': [{'x': -3.0, 'y': 9.0}, {'x': -2.75, 'y': 7.5625}, {'x': -2.5, 'y': 6.25}, {'x': -2.25, 'y': 5.0625}, {'x': -2.0, 'y': 4.0}, {'x': -1.75, 'y': 3.0625}, {'x': -1.5, 'y': 2.25}, {'x': -1.25, 'y': 1.5625}, {'x': -1.0, 'y': 1.0}, {'x': -0.75, 'y': 0.5625}, {'x': -0.5, 'y': 0.25}, {'x': -0.25, 'y': 0.0625}, {'x': 0.0, 'y': 0.0}, {'x': 0.25, 'y': 0.0625}, {'x': 0.5, 'y': 0.25}, {'x': 0.75, 'y': 0.5625}, {'x': 1.0, 'y': 1.0}, {'x': 1.25, 'y': 1.5625}, {'x': 1.5, 'y': 2.25}, {'x': 1.75, 'y': 3.0625}, {'x': 2.0, 'y': 4.0}, {'x': 2.25, 'y': 5.0625}, {'x': 2.5, 'y': 6.25}, {'x': 2.75, 'y': 7.5625}, {'x': 3.0, 'y': 9.0}]}","{'formula': 'x**2', 'latex': 'x^{2}', 'properties': {'singularities': [], 'is_periodic': False, 'domain': 'Reals'}}",success,0,0,0,False,0,[],False,False,False,1
MCM_000_1df8f93e,"{'a': 0, 'b': 0, 'c': 0}","{'points': [{'x': -3.0, 'y': -2.0}, {'x': -2.75, 'y': -1.75}, {'x': -2.5, 'y': -1.5}, {'x': -2.25, 'y': -1.25}, {'x': -2.0, 'y': -1.0}, {'x': -1.75, 'y': -0.75}, {'x': -1.5, 'y': -0.5}, {'x': -1.25, 'y': -0.25}, {'x': -1.0, 'y': 0.0}, {'x': -0.75, 'y': 0.25}, {'x': -0.5, 'y': 0.5}, {'x': -0.25, 'y': 0.75}, {'x': 0.0, 'y': 1.0}, {'x': 0.25, 'y': 1.25}, {'x': 0.5, 'y': 1.5}, {'x': 0.75, 'y': 1.75}, {'x': 1.0, 'y': 2.0}, {'x': 1.25, 'y': 2.25}, {'x': 1.5, 'y': 2.5}, {'x': 1.75, 'y': 2.75}, {'x': 2.0, 'y': 3.0}, {'x': 2.25, 'y': 3.25}, {'x': 2.5, 'y': 3.5}, {'x': 2.75, 'y': 3.75}, {'x': 3.0, 'y': 4.0}]}","{'formula': 'x + 1', 'latex': 'x + 1', 'properties': {'singularities': [], 'is_periodic': False, 'domain': 'Reals'}}",success,0,0,0,False,0,[],False,False,False,1
MCM_001_097a31af,"{'a': 0, 'b': 0, 'c': 1}","{'points': [{'x': -3.0, 'y': 0.0}, {'x': -2.75, 'y': 0.25}, {'x': -2.5, 'y': 0.5}, {'x': -2.25, 'y': 0.75}, {'x': -2.0, 'y': 1.0}, {'x': -1.75, 'y': 1.25}, {'x': -1.5, 'y': 1.5}, {'x': -1.25, 'y': 1.75}, {'x': -1.0, 'y': 2.0}, {'x': -0.75, 'y': 2.25}, {'x': -0.5, 'y': 2.5}, {'x': -0.25, 'y': 2.75}, {'x': 0.0, 'y': 3.0}, {'x': 0.25, 'y': 3.25}, {'x': 0.5, 'y': 3.5}, {'x': 0.75, 'y': 3.75}, {'x': 1.0, 'y': 4.0}, {'x': 1.25, 'y': 4.25}, {'x': 1.5, 'y': 4.5}, {'x': 1.75, 'y': 4.75}, {'x': 2.0, 'y': 5.0}, {'x': 2.25, 'y': 5.25}, {'x': 2.5, 'y': 5.5}, {'x': 2.75, 'y': 5.75}, {'x': 3.0, 'y': 6.0}]}","{'formula': 'x + 3', 'latex': 'x + 3', 'properties': {'singularities': [], 'is_periodic': False, 'domain': 'Reals'}}",success,0,0,1,False,0,[],False,False,False,1
MCM_001_b173ac10,"{'a': 0, 'b': 0, 'c': 1}","{'points': [{'x': -3.0, 'y': -6.0}, {'x': -2.75, 'y': -5.5}, {'x': -2.5, 'y': -5.0}, {'x': -2.25, 'y': -4.5}, {'x': -2.0, 'y': -4.0}, {'x': -1.75, 'y': -3.5}, {'x': -1.5, 'y': -3.0}, {'x': -1.25, 'y': -2.5}, {'x': -1.0, 'y': -2.0}, {'x': -0.75, 'y': -1.5}, {'x': -0.5, 'y': -1.0}, {'x': -0.25, 'y': -0.5}, {'x': 0.0, 'y': 0.0}, {'x': 0.25, 'y': 0.5}, {'x': 0.5, 'y': 1.0}, {'x': 0.75, 'y': 1.5}, {'x': 1.0, 'y': 2.0}, {'x': 1.25, 'y': 2.5}, {'x': 1.5, 'y': 3.0}, {'x': 1.75, 'y': 3.5}, {'x': 2.0, 'y': 4.0}, {'x': 2.25, 'y': 4.5}, {'x': 2.5, 'y': 5.0}, {'x': 2.75, 'y': 5.5}, {'x': 3.0, 'y': 6.0}]}","{'formula': '2*x', 'latex': '2 x', 'properties': {'singularities': [], 'is_periodic': False, 'domain': 'Reals'}}",success,0,0,1,False,0,[],False,False,False,1
MCM_003_10e201ae,"{'a': 0, 'b': 0, 'c': 3}","{'points': [{'x': -3.0, 'y': -1.0}, {'x': -2.75, 'y': -0.75}, {'x': -2.5, 'y': -0.5}, {'x': -2.25, 'y': -0.25}, {'x': -2.0, 'y': 0.0}, {'x': -1.75, 'y': 0.25}, {'x': -1.5, 'y': 0.5}, {'x': -1.25, 'y': 0.75}, {'x': -1.0, 'y': 1.0}, {'x': -0.75, 'y': 1.25}, {'x': -0.5, 'y': 1.5}, {'x': -0.25, 'y': 1.75}, {'x': 0.0, 'y': 2.0}, {'x': 0.25, 'y': 2.25}, {'x': 0.5, 'y': 2.5}, {'x': 0.75, 'y': 2.75}, {'x': 1.0, 'y': 3.0}, {'x': 1.25, 'y': 3.25}, {'x': 1.5, 'y': 3.5}, {'x': 1.75, 'y': 3.75}, {'x': 2.0, 'y': 4.0}, {'x': 2.25, 'y': 4.25}, {'x': 2.5, 'y': 4.5}, {'x': 2.75, 'y': 4.75}, {'x': 3.0, 'y': 5.0}]}","{'formula': 'x + 2', 'latex': 'x + 2', 'properties': {'singularities': [], 'is_periodic': False, 'domain': 'Reals'}}",success,0,0,3,False,0,[],False,False,False,1
MCM_003_1ad459f7,"{'a': 0, 'b': 0, 'c': 3}","{'points': [{'x': -3.0, 'y': -15.0}, {'x': -2.75, 'y': -13.75}, {'x': -2.5, 'y': -12.5}, {'x': -2.25, 'y': -11.25}, {'x': -2.0, 'y': -10.0}, {'x': -1.75, 'y': -8.75}, {'x': -1.5, 'y': -7.5}, {'x': -1.25, 'y': -6.25}, {'x': -1.0, 'y': -5.0}, {'x': -0.75, 'y': -3.75}, {'x': -0.5, 'y': -2.5}, {'x': -0.25, 'y': -1.25}, {'x': 0.0, 'y': 0.0}, {'x': 0.25, 'y': 1.25}, {'x': 0.5, 'y': 2.5}, {'x': 0.75, 'y': 3.75}, {'x': 1.0, 'y': 5.0}, {'x': 1.25, 'y': 6.25}, {'x': 1.5, 'y': 7.5}, {'x': 1.75, 'y': 8.75}, {'x': 2.0, 'y': 10.0}, {'x': 2.25, 'y': 11.25}, {'x': 2.5, 'y': 12.5}, {'x': 2.75, 'y': 13.75}, {'x': 3.0, 'y': 15.0}]}","{'formula': '5*x', 'latex': '5 x', 'properties': {'singularities': [], 'is_periodic': False, 'domain': 'Reals'}}",success,0,0,3,False,0,[],False,False,False,1
MCM_010_b212d3d0,"{'a': 0, 'b': 1, 'c': 0}","{'points': [{'x': -3.0, 'y': -3.0}, {'x': -2.75, 'y': -2.75}, {'x': -2.5, 'y': -2.5}, {'x': -2.25, 'y': -2.25}, {'x': -2.0, 'y': -2.0}, {'x': -1.75, 'y': -1.75}, {'x': -1.5, 'y': -1.5}, {'x': -1.25, 'y': -1.25}, {'x': -1.0, 'y': -1.0}, {'x': -0.75, 'y': -0.75}, {'x': -0.5, 'y': -0.5}, {'x': -0.25, 'y': -0.25}, {'x': 0.0, 'y': 0.0}, {'x': 0.25, 'y': 0.25}, {'x': 0.5, 'y': 0.5}, {'x': 0.75, 'y': 0.75}, {'x': 1.0, 'y': 1.0}, {'x': 1.25, 'y': 1.25}, {'x': 1.5, 'y': 1.5}, {'x': 1.75, 'y': 1.75}, {'x': 2.0, 'y': 2.0}, {'x': 2.25, 'y': 2.25}, {'x': 2.5, 'y': 2.5}, {'x': 2.75, 'y': 2.75}, {'x': 3.0, 'y': 3.0}]}","{'formula': 'x', 'latex': 'x', 'properties': {'singularities': [], 'is_periodic': False, 'domain': 'Reals'}}",success,0,1,0,False,0,[],False,True,False,0
MCM_012_50544c81,"{'a': 0, 'b': 1, 'c': 2}","{'points': [{'x': -3.0, 'y': 0.1425}, {'x': -2.75, 'y': 0.4129}, {'x': -2.5, 'y': 0.747}, {'x': -2.25, 'y': 1.2386}, {'x': -2.0, 'y': 2.185}, {'x': -1.75, 'y': 5.5204}, {'x': -1.5, 'y': -14.1014}, {'x': -1.25, 'y': -3.0096}, {'x': -1.0, 'y': -1.5574}, {'x': -0.75, 'y': -0.9316}, {'x': -0.5, 'y': -0.5463}, {'x': -0.25, 'y': -0.2553}, {'x': 0.0, 'y': 0.0}, {'x': 0.25, 'y': 0.2553}, {'x': 0.5, 'y': 0.5463}, {'x': 0.75, 'y': 0.9316}, {'x': 1.0, 'y': 1.5574}, {'x': 1.25, 'y': 3.0096}, {'x': 1.5, 'y': 14.1014}, {'x': 1.75, 'y': -5.5204}, {'x': 2.0, 'y': -2.185}, {'x': 2.25, 'y': -1.2386}, {'x': 2.5, 'y': -0.747}, {'x': 2.75, 'y': -0.4129}, {'x': 3.0, 'y': -0.1425}]}","{'formula': 'tan(x)', 'latex': '\\tan{\\left(x \\right)}', 'properties': {'singularities': [], 'is_periodic': True, 'domain': 'Complement(Reals, Union(ImageSet(Lambda(_n, 2*_n*pi + pi/2), Integers), ImageSet(Lambda(_n, 2*_n*pi + 3*pi/2), Integers)))', 'period_value': 'pi'}}",success,0,1,2,False,1,[],False,False,True,1
MCM_100_191c1047,"{'a': 1, 'b': 0, 'c': 0}","{'points': [{'x': -3.0, 'y': 3.0}, {'x': -2.75, 'y': 2.0625}, {'x': -2.5, 'y': 1.25}, {'x': -2.25, 'y': 0.5625}, {'x': -2.0, 'y': -0.0}, {'x': -1.75, 'y': -0.4375}, {'x': -1.5, 'y': -0.75}, {'x': -1.25, 'y': -0.9375}, {'x': -1.0, 'y': -1.0}, {'x': -0.75, 'y': -0.9375}, {'x': -0.5, 'y': -0.75}, {'x': -0.25, 'y': -0.4375}, {'x': 0.0, 'y': 0.0}, {'x': 0.25, 'y': 0.5625}, {'x': 0.5, 'y': 1.25}, {'x': 0.75, 'y': 2.0625}, {'x': 1.0, 'y': 3.0}, {'x': 1.25, 'y': 4.0625}, {'x': 1.5, 'y': 5.25}, {'x': 1.75, 'y': 6.5625}, {'x': 2.0, 'y': 8.0}, {'x': 2.25, 'y': 9.5625}, {'x': 2.5, 'y': 11.25}, {'x': 2.75, 'y': 13.0625}, {'x': 3.0, 'y': 15.0}]}","{'formula': 'x*(x + 2)', 'latex': 'x \\left(x + 2\\right)', 'properties': {'singularities': [], 'is_periodic': False, 'domain': 'Reals'}}",success,1,0,0,False,0,[],False,False,False,2
MCM_100_8b238b42,"{'a': 1, 'b': 0, 'c': 0}","{'points': [{'x': -3.0, 'y': 16.0}, {'x': -2.75, 'y': 16.75}, {'x': -2.5, 'y': 17.5}, {'x': -2.25, 'y': 18.25}, {'x': -2.0, 'y': 19.0}, {'x': -1.75, 'y': 19.75}, {'x': -1.5, 'y': 20.5}, {'x': -1.25, 'y': 21.25}, {'x': -1.0, 'y': 22.0}, {'x': -0.75, 'y': 22.75}, {'x': -0.5, 'y': 23.5}, {'x': -0.25, 'y': 24.25}, {'x': 0.0, 'y': 25.0}, {'x': 0.25, 'y': 25.75}, {'x': 0.5, 'y': 26.5}, {'x': 0.75, 'y': 27.25}, {'x': 1.0, 'y': 28.0}, {'x': 1.25, 'y': 28.75}, {'x': 1.5, 'y': 29.5}, {'x': 1.75, 'y': 30.25}, {'x': 2.0, 'y': 31.0}, {'x': 2.25, 'y': 31.75}, {'x': 2.5, 'y': 32.5}, {'x': 2.75, 'y': 33.25}, {'x': 3.0, 'y': 34.0}]}","{'formula': '3*x + 25', 'latex': '3 x + 25', 'properties': {'singularities': [], 'is_periodic': False, 'domain': 'Reals'}}",success,1,0,0,False,0,[],False,False,False,2
MCM_101_b0dc6e0e,"{'a': 1, 'b': 0, 'c': 1}","{'points': [{'x': -3.0, 'y': 125.0}, {'x': -2.75, 'y': 125.25}, {'x': -2.5, 'y': 125.5}, {'x': -2.25, 'y': 125.75}, {'x': -2.0, 'y': 126.0}, {'x': -1.75, 'y': 126.25}, {'x': -1.5, 'y': 126.5}, {'x': -1.25, 'y': 126.75}, {'x': -1.0, 'y': 127.0}, {'x': -0.75, 'y': 127.25}, {'x': -0.5, 'y': 127.5}, {'x': -0.25, 'y': 127.75}, {'x': 0.0, 'y': 128.0}, {'x': 0.25, 'y': 128.25}, {'x': 0.5, 'y': 128.5}, {'x': 0.75, 'y': 128.75}, {'x': 1.0, 'y': 129.0}, {'x': 1.25, 'y': 129.25}, {'x': 1.5, 'y': 129.5}, {'x': 1.75, 'y': 129.75}, {'x': 2.0, 'y': 130.0}, {'x': 2.25, 'y': 130.25}, {'x': 2.5, 'y': 130.5}, {'x': 2.75, 'y': 130.75}, {'x': 3.0, 'y': 131.0}]}","{'formula': 'x + 128', 'latex': 'x + 128', 'properties': {'singularities': [], 'is_periodic': False, 'domain': 'Reals'}}",success,1,0,1,False,0,[],False,False,False,1
MCM_101_17231bed,"{'a': 1, 'b': 0, 'c': 1}","{'points': [{'x': -3.0, 'y': -18.0}, {'x': -2.75, 'y': -13.2344}, {'x': -2.5, 'y': -9.375}, {'x': -2.25, 'y': -6.3281}, {'x': -2.0, 'y': -4.0}, {'x': -1.75, 'y': -2.2969}, {'x': -1.5, 'y': -1.125}, {'x': -1.25, 'y': -0.3906}, {'x': -1.0, 'y': 0.0}, {'x': -0.75, 'y': 0.1406}, {'x': -0.5, 'y': 0.125}, {'x': -0.25, 'y': 0.0469}, {'x': 0.0, 'y': 0.0}, {'x': 0.25, 'y': 0.0781}, {'x': 0.5, 'y': 0.375}, {'x': 0.75, 'y': 0.9844}, {'x': 1.0, 'y': 2.0}, {'x': 1.25, 'y': 3.5156}, {'x': 1.5, 'y': 5.625}, {'x': 1.75, 'y': 8.4219}, {'x': 2.0, 'y': 12.0}, {'x': 2.25, 'y': 16.4531}, {'x': 2.5, 'y': 21.875}, {'x': 2.75, 'y': 28.3594}, {'x': 3.0, 'y': 36.0}]}","{'formula': 'x**2*(x + 1)', 'latex': 'x^{2} \\left(x + 1\\right)', 'properties': {'singularities': [], 'is_periodic': False, 'domain': 'Reals'}}",success,1,0,1,False,0,[],False,False,False,3
MCM_102_69f9fe17,"{'a': 1, 'b': 0, 'c': 2}","{'points': [{'x': -3.0, 'y': 0.4762}, {'x': -2.75, 'y': 0.443}, {'x': -2.5, 'y': 0.4054}, {'x': -2.25, 'y': 0.3623}, {'x': -2.0, 'y': 0.3125}, {'x': -1.75, 'y': 0.2542}, {'x': -1.5, 'y': 0.1852}, {'x': -1.25, 'y': 0.102}, {'x': -1.0, 'y': -0.0}, {'x': -0.75, 'y': -0.1282}, {'x': -0.5, 'y': -0.2941}, {'x': -0.25, 'y': -0.5172}, {'x': 0.0, 'y': -0.8333}, {'x': 0.25, 'y': -1.3158}, {'x': 0.5, 'y': -2.1429}, {'x': 0.75, 'y': -3.8889}, {'x': 1.0, 'y': -10.0}, {'x': 1.25, 'y': 45.0}, {'x': 1.5, 'y': 8.3333}, {'x': 1.75, 'y': 5.0}, {'x': 2.0, 'y': 3.75}, {'x': 2.25, 'y': 3.0952}, {'x': 2.5, 'y': 2.6923}, {'x': 2.75, 'y': 2.4194}, {'x': 3.0, 'y': 2.2222}]}","{'formula': '(x + 1)/(x - 1.2)', 'latex': '\\frac{x + 1}{x - 1.2}', 'properties': {'singularities': ['1.20000000000000'], 'is_periodic': False, 'domain': 'Union(Interval.open(-oo, 1.20000000000000), Interval.open(1.20000000000000, oo))'}}",success,1,0,2,False,0,[],False,False,False,4
MCM_103_65064fb4,"{'a': 1, 'b': 0, 'c': 3}","{'points': [{'x': -3.0, 'y': 18.0}, {'x': -2.75, 'y': 15.125}, {'x': -2.5, 'y': 12.5}, {'x': -2.25, 'y': 10.125}, {'x': -2.0, 'y': 8.0}, {'x': -1.75, 'y': 6.125}, {'x': -1.5, 'y': 4.5}, {'x': -1.25, 'y': 3.125}, {'x': -1.0, 'y': 2.0}, {'x': -0.75, 'y': 1.125}, {'x': -0.5, 'y': 0.5}, {'x': -0.25, 'y': 0.125}, {'x': 0.0, 'y': 0.0}, {'x': 0.25, 'y': 0.125}, {'x': 0.5, 'y': 0.5}, {'x': 0.75, 'y': 1.125}, {'x': 1.0, 'y': 2.0}, {'x': 1.25, 'y': 3.125}, {'x': 1.5, 'y': 4.5}, {'x': 1.75, 'y': 6.125}, {'x': 2.0, 'y': 8.0}, {'x': 2.25, 'y': 10.125}, {'x': 2.5, 'y': 12.5}, {'x': 2.75, 'y': 15.125}, {'x': 3.0, 'y': 18.0}]}","{'formula': '2*x**2', 'latex': '2 x^{2}', 'properties': {'singularities': [], 'is_periodic': False, 'domain': 'Reals'}}",success,1,0,3,False,0,[],False,False,False,2
MCM_103_539b864c,"{'a': 1, 'b': 0, 'c': 3}","{'points': [{'x': -3.0, 'y': 37.0}, {'x': -2.75, 'y': 43.2031}, {'x': -2.5, 'y': 48.375}, {'x': -2.25, 'y': 52.6094}, {'x': -2.0, 'y': 56.0}, {'x': -1.75, 'y': 58.6406}, {'x': -1.5, 'y': 60.625}, {'x': -1.25, 'y': 62.0469}, {'x': -1.0, 'y': 63.0}, {'x': -0.75, 'y': 63.5781}, {'x': -0.5, 'y': 63.875}, {'x': -0.25, 'y': 63.9844}, {'x': 0.0, 'y': 64.0}, {'x': 0.25, 'y': 64.0156}, {'x': 0.5, 'y': 64.125}, {'x': 0.75, 'y': 64.4219}, {'x': 1.0, 'y': 65.0}, {'x': 1.25, 'y': 65.9531}, {'x': 1.5, 'y': 67.375}, {'x': 1.75, 'y': 69.3594}, {'x': 2.0, 'y': 72.0}, {'x': 2.25, 'y': 75.3906}, {'x': 2.5, 'y': 79.625}, {'x': 2.75, 'y': 84.7969}, {'x': 3.0, 'y': 91.0}]}","{'formula': 'x**3 + 64', 'latex': 'x^{3} + 64', 'properties': {'singularities': [], 'is_periodic': False, 'domain': 'Reals'}}",success,1,0,3,False,0,[],False,False,False,2
MCM_200_217b134a,"{'a': 2, 'b': 0, 'c': 0}","{'points': [{'x': -3.0, 'y': -201.0}, {'x': -2.75, 'y': -152.8125}, {'x': -2.5, 'y': -112.75}, {'x': -2.25, 'y': -80.0625}, {'x': -2.0, 'y': -54.0}, {'x': -1.75, 'y': -33.8125}, {'x': -1.5, 'y': -18.75}, {'x': -1.25, 'y': -8.0625}, {'x': -1.0, 'y': -1.0}, {'x': -0.75, 'y': 3.1875}, {'x': -0.5, 'y': 5.25}, {'x': -0.25, 'y': 5.9375}, {'x': 0.0, 'y': 6.0}, {'x': 0.25, 'y': 6.1875}, {'x': 0.5, 'y': 7.25}, {'x': 0.75, 'y': 9.9375}, {'x': 1.0, 'y': 15.0}, {'x': 1.25, 'y': 23.1875}, {'x': 1.5, 'y': 35.25}, {'x': 1.75, 'y': 51.9375}, {'x': 2.0, 'y': 74.0}, {'x': 2.25, 'y': 102.1875}, {'x': 2.5, 'y': 137.25}, {'x': 2.75, 'y': 179.9375}, {'x': 3.0, 'y': 231.0}]}","{'formula': '8*x**3 + x**2 + 6', 'latex': '8 x^{3} + x^{2} + 6', 'properties': {'singularities': [], 'is_periodic': False, 'domain': 'Reals'}}",success,2,0,0,False,0,[],False,False,False,4
MCM_200_b2e3406d,"{'a': 2, 'b': 0, 'c': 0}","{'points': [{'x': -3.0, 'y': 9.0}, {'x': -2.75, 'y': 9.4531}, {'x': -2.5, 'y': 9.375}, {'x': -2.25, 'y': 8.8594}, {'x': -2.0, 'y': 8.0}, {'x': -1.75, 'y': 6.8906}, {'x': -1.5, 'y': 5.625}, {'x': -1.25, 'y': 4.2969}, {'x': -1.0, 'y': 3.0}, {'x': -0.75, 'y': 1.8281}, {'x': -0.5, 'y': 0.875}, {'x': -0.25, 'y': 0.2344}, {'x': 0.0, 'y': 0.0}, {'x': 0.25, 'y': 0.2656}, {'x': 0.5, 'y': 1.125}, {'x': 0.75, 'y': 2.6719}, {'x': 1.0, 'y': 5.0}, {'x': 1.25, 'y': 8.2031}, {'x': 1.5, 'y': 12.375}, {'x': 1.75, 'y': 17.6094}, {'x': 2.0, 'y': 24.0}, {'x': 2.25, 'y': 31.6406}, {'x': 2.5, 'y': 40.625}, {'x': 2.75, 'y': 51.0469}, {'x': 3.0, 'y': 63.0}]}","{'formula': 'x**2*(x + 4)', 'latex': 'x^{2} \\left(x + 4\\right)', 'properties': {'singularities': [], 'is_periodic': False, 'domain': 'Reals'}}",success,2,0,0,False,0,[],False,False,False,3
MCM_201_dc1f5f6c,"{'a': 2, 'b': 0, 'c': 1}","{'points': [{'x': -3.0, 'y': 11.0}, {'x': -2.75, 'y': 4.2188}, {'x': -2.5, 'y': 1.125}, {'x': -2.25, 'y': 0.125}, {'x': -2.0, 'y': -0.0}, {'x': -1.75, 'y': -0.0938}, {'x': -1.5, 'y': -0.625}, {'x': -1.25, 'y': -1.6875}, {'x': -1.0, 'y': -3.0}, {'x': -0.75, 'y': -3.9062}, {'x': -0.5, 'y': -3.375}, {'x': -0.25, 'y': 0.0}, {'x': 0.0, 'y': 8.0}, {'x': 0.25, 'y': 22.7812}, {'x': 0.5, 'y': 46.875}, {'x': 0.75, 'y': 83.1875}, {'x': 1.0, 'y': 135.0}, {'x': 1.25, 'y': 205.9688}, {'x': 1.5, 'y': 300.125}, {'x': 1.75, 'y': 421.875}, {'x': 2.0, 'y': 576.0}, {'x': 2.25, 'y': 767.6562}, {'x': 2.5, 'y': 1002.375}, {'x': 2.75, 'y': 1286.0625}, {'x': 3.0, 'y': 1625.0}]}","{'formula': '(x + 2)**3*(4*x + 1)', 'latex': '\\left(x + 2\\right)^{3} \\left(4 x + 1\\right)', 'properties': {'singularities': [], 'is_periodic': False, 'domain': 'Reals'}}",success,2,0,1,False,0,[],False,False,False,5
MCM_201_373faa99,"{'a': 2, 'b': 0, 'c': 1}","{'points': [{'x': -3.0, 'y': 243.0}, {'x': -2.75, 'y': 117.9573}, {'x': -2.5, 'y': 48.8281}, {'x': -2.25, 'y': 14.4163}, {'x': -2.0, 'y': -0.0}, {'x': -1.75, 'y': -4.1033}, {'x': -1.5, 'y': -3.7969}, {'x': -1.25, 'y': -2.2888}, {'x': -1.0, 'y': -1.0}, {'x': -0.75, 'y': -0.2966}, {'x': -0.5, 'y': -0.0469}, {'x': -0.25, 'y': -0.0017}, {'x': 0.0, 'y': 0.0}, {'x': 0.25, 'y': 0.0022}, {'x': 0.5, 'y': 0.0781}, {'x': 0.75, 'y': 0.6526}, {'x': 1.0, 'y': 3.0}, {'x': 1.25, 'y': 9.9182}, {'x': 1.5, 'y': 26.5781}, {'x': 1.75, 'y': 61.5491}, {'x': 2.0, 'y': 128.0}, {'x': 2.25, 'y': 245.0764}, {'x': 2.5, 'y': 439.4531}, {'x': 2.75, 'y': 747.0627}, {'x': 3.0, 'y': 1215.0}]}","{'formula': 'x**5*(x + 2)', 'latex': 'x^{5} \\left(x + 2\\right)', 'properties': {'singularities': [], 'is_periodic': False, 'domain': 'Reals'}}",success,2,0,1,False,0,[],False,False,False,3
MCM_203_598d0af2,"{'a': 2, 'b': 0, 'c': 3}","{'points': [{'x': -3.0, 'y': -15.0}, {'x': -2.75, 'y': -13.75}, {'x': -2.5, 'y': -12.5}, {'x': -2.25, 'y': -11.25}, {'x': -2.0, 'y': -10.0}, {'x': -1.75, 'y': -8.75}, {'x': -1.5, 'y': -7.5}, {'x': -1.25, 'y': -6.25}, {'x': -1.0, 'y': -5.0}, {'x': -0.75, 'y': -3.75}, {'x': -0.5, 'y': -2.5}, {'x': -0.25, 'y': -1.25}, {'x': 0.0, 'y': 0.0}, {'x': 0.25, 'y': 1.75}, {'x': 0.5, 'y': 3.5}, {'x': 0.75, 'y': 5.25}, {'x': 1.0, 'y': 7.0}, {'x': 1.25, 'y': 8.75}, {'x': 1.5, 'y': 10.5}, {'x': 1.75, 'y': 12.25}, {'x': 2.0, 'y': 14.0}, {'x': 2.25, 'y': 15.75}, {'x': 2.5, 'y': 17.5}, {'x': 2.75, 'y': 19.25}, {'x': 3.0, 'y': 21.0}]}","{'formula': '6*x + Abs(x)', 'latex': '6 x + \\left|{x}\\right|', 'properties': {'singularities': [], 'is_periodic': False, 'domain': 'Reals'}}",success,2,0,3,False,2,['Abs'],True,False,False,3
MCM_203_83e31f4f,"{'a': 2, 'b': 0, 'c': 3}","{'points': [{'x': -3.0, 'y': 486.0}, {'x': -2.75, 'y': 235.9146}, {'x': -2.5, 'y': 97.6562}, {'x': -2.25, 'y': 28.8325}, {'x': -2.0, 'y': -0.0}, {'x': -1.75, 'y': -8.2065}, {'x': -1.5, 'y': -7.5938}, {'x': -1.25, 'y': -4.5776}, {'x': -1.0, 'y': -2.0}, {'x': -0.75, 'y': -0.5933}, {'x': -0.5, 'y': -0.0938}, {'x': -0.25, 'y': -0.0034}, {'x': 0.0, 'y': 0.0}, {'x': 0.25, 'y': 0.0044}, {'x': 0.5, 'y': 0.1562}, {'x': 0.75, 'y': 1.3052}, {'x': 1.0, 'y': 6.0}, {'x': 1.25, 'y': 19.8364}, {'x': 1.5, 'y': 53.1562}, {'x': 1.75, 'y': 123.0981}, {'x': 2.0, 'y': 256.0}, {'x': 2.25, 'y': 490.1528}, {'x': 2.5, 'y': 878.9062}, {'x': 2.75, 'y': 1494.1255}, {'x': 3.0, 'y': 2430.0}]}","{'formula': '2*x**5*(x + 2)', 'latex': '2 x^{5} \\left(x + 2\\right)', 'properties': {'singularities': [], 'is_periodic': False, 'domain': 'Reals'}}",success,2,0,3,False,0,[],False,False,False,3
MCM_212_0f37cbda,"{'a': 2, 'b': 1, 'c': 2}","{'points': [{'x': -3.0, 'y': 0.0947}, {'x': -2.75, 'y': 0.268}, {'x': -2.5, 'y': 0.46}, {'x': -2.25, 'y': 0.6897}, {'x': -2.0, 'y': 0.9925}, {'x': -1.75, 'y': 1.4508}, {'x': -1.5, 'y': 2.3237}, {'x': -1.25, 'y': 5.1386}, {'x': -1.0, 'y': -20.879}, {'x': -0.75, 'y': -2.942}, {'x': -0.5, 'y': -1.2697}, {'x': -0.25, 'y': -0.5276}, {'x': 0.0, 'y': 0.0}, {'x': 0.25, 'y': 0.5276}, {'x': 0.5, 'y': 1.2697}, {'x': 0.75, 'y': 2.942}, {'x': 1.0, 'y': 20.879}, {'x': 1.25, 'y': -5.1386}, {'x': 1.5, 'y': -2.3237}, {'x': 1.75, 'y': -1.4508}, {'x': 2.0, 'y': -0.9925}, {'x': 2.25, 'y': -0.6897}, {'x': 2.5, 'y': -0.46}, {'x': 2.75, 'y': -0.268}, {'x': 3.0, 'y': -0.0947}]}","{'formula': 'sin(x)/(cos(x) - 0.5)', 'latex': '\\frac{\\sin{\\left(x \\right)}}{\\cos{\\left(x \\right)} - 0.5}', 'properties': {'singularities': ['1.04719755119660', '5.23598775598299'], 'is_periodic': True, 'domain': 'Complement(Reals, Union(ImageSet(Lambda(_n, 2*_n*pi - 1.0471975511966), Integers), ImageSet(Lambda(_n, 2*_n*pi + 1.0471975511966), Integers)))', 'period_value': '2*pi'}}",success,2,1,2,False,1,[],False,False,False,5
MCM_300_9f2e107c,"{'a': 3, 'b': 0, 'c': 0}","{'points': [{'x': -3.0, 'y': 14.6969}, {'x': -2.75, 'y': 12.8986}, {'x': -2.5, 'y': 11.1803}, {'x': -2.25, 'y': 9.5459}, {'x': -2.0, 'y': 8.0}, {'x': -1.75, 'y': 6.5479}, {'x': -1.5, 'y': 5.1962}, {'x': -1.25, 'y': 3.9528}, {'x': -1.0, 'y': 2.8284}, {'x': -0.75, 'y': 1.8371}, {'x': -0.5, 'y': 1.0}, {'x': -0.25, 'y': 0.3536}, {'x': 0.0, 'y': 0.0}, {'x': 0.25, 'y': 0.3536}, {'x': 0.5, 'y': 1.0}, {'x': 0.75, 'y': 1.8371}, {'x': 1.0, 'y': 2.8284}, {'x': 1.25, 'y': 3.9528}, {'x': 1.5, 'y': 5.1962}, {'x': 1.75, 'y': 6.5479}, {'x': 2.0, 'y': 8.0}, {'x': 2.25, 'y': 9.5459}, {'x': 2.5, 'y': 11.1803}, {'x': 2.75, 'y': 12.8986}, {'x': 3.0, 'y': 14.6969}]}","{'formula': '282842712474619*Abs(x)**(3/2)/100000000000000', 'latex': '\\frac{282842712474619 \\left|{x}\\right|^{\\frac{3}{2}}}{100000000000000}', 'properties': {'singularities': [], 'is_periodic': False, 'domain': 'Reals'}}",success,3,0,0,False,2,['Abs'],True,False,False,3
MCM_302_19bb1835,"{'a': 3, 'b': 0, 'c': 2}","{'points': [{'x': -3.0, 'y': 78.3871}, {'x': -2.75, 'y': 55.1847}, {'x': -2.5, 'y': 37.5601}, {'x': -2.25, 'y': 24.5383}, {'x': -2.0, 'y': 15.2381}, {'x': -1.75, 'y': 8.8719}, {'x': -1.5, 'y': 4.7461}, {'x': -1.25, 'y': 2.2606}, {'x': -1.0, 'y': 0.9091}, {'x': -0.75, 'y': 0.2792}, {'x': -0.5, 'y': 0.0521}, {'x': -0.25, 'y': 0.0028}, {'x': 0.0, 'y': -0.0}, {'x': 0.25, 'y': 0.0065}, {'x': 0.5, 'y': 0.0781}, {'x': 0.75, 'y': 0.3651}, {'x': 1.0, 'y': 1.1111}, {'x': 1.25, 'y': 2.6537}, {'x': 1.5, 'y': 5.4241}, {'x': 1.75, 'y': 9.9473}, {'x': 2.0, 'y': 16.8421}, {'x': 2.25, 'y': 26.8209}, {'x': 2.5, 'y': 40.6901}, {'x': 2.75, 'y': 59.3496}, {'x': 3.0, 'y': 83.7931}]}","{'formula': 'x**5/(x - 0.1)', 'latex': '\\frac{x^{5}}{x - 0.1}', 'properties': {'singularities': ['0.100000000000000'], 'is_periodic': False, 'domain': 'Union(Interval.open(-oo, 0.100000000000000), Interval.open(0.100000000000000, oo))'}}",success,3,0,2,False,0,[],False,False,False,4
MCM_001_ec64fedb,"{'a': 0, 'b': 0, 'c': 1}","{'points': [{'x': -3.0, 'y': 1.0}, {'x': -2.75, 'y': 1.25}, {'x': -2.5, 'y': 1.5}, {'x': -2.25, 'y': 1.75}, {'x': -2.0, 'y': 2.0}, {'x': -1.75, 'y': 2.25}, {'x': -1.5, 'y': 2.5}, {'x': -1.25, 'y': 2.75}, {'x': -1.0, 'y': 3.0}, {'x': -0.75, 'y': 3.25}, {'x': -0.5, 'y': 3.5}, {'x': -0.25, 'y': 3.75}, {'x': 0.0, 'y': 4.0}, {'x': 0.25, 'y': 4.25}, {'x': 0.5, 'y': 4.5}, {'x': 0.75, 'y': 4.75}, {'x': 1.0, 'y': 5.0}, {'x': 1.25, 'y': 5.25}, {'x': 1.5, 'y': 5.5}, {'x': 1.75, 'y': 5.75}, {'x': 2.0, 'y': 6.0}, {'x': 2.25, 'y': 6.25}, {'x': 2.5, 'y': 6.5}, {'x': 2.75, 'y': 6.75}, {'x': 3.0, 'y': 7.0}]}","{'formula': 'x + 4', 'latex': 'x + 4', 'properties': {'singularities': [], 'is_periodic': False, 'domain': 'Reals'}}",success,0,0,1,False,0,[],False,False,False,1
MCM_003_3d5746ea,"{'a': 0, 'b': 0, 'c': 3}","{'points': [{'x': -3.0, 'y': -12.0}, {'x': -2.75, 'y': -11.0}, {'x': -2.5, 'y': -10.0}, {'x': -2.25, 'y': -9.0}, {'x': -2.0, 'y': -8.0}, {'x': -1.75, 'y': -7.0}, {'x': -1.5, 'y': -6.0}, {'x': -1.25, 'y': -5.0}, {'x': -1.0, 'y': -4.0}, {'x': -0.75, 'y': -3.0}, {'x': -0.5, 'y': -2.0}, {'x': -0.25, 'y': -1.0}, {'x': 0.0, 'y': 0.0}, {'x': 0.25, 'y': 1.0}, {'x': 0.5, 'y': 2.0}, {'x': 0.75, 'y': 3.0}, {'x': 1.0, 'y': 4.0}, {'x': 1.25, 'y': 5.0}, {'x': 1.5, 'y': 6.0}, {'x': 1.75, 'y': 7.0}, {'x': 2.0, 'y': 8.0}, {'x': 2.25, 'y': 9.0}, {'x': 2.5, 'y': 10.0}, {'x': 2.75, 'y': 11.0}, {'x': 3.0, 'y': 12.0}]}","{'formula': '4*x', 'latex': '4 x', 'properties': {'singularities': [], 'is_periodic': False, 'domain': 'Reals'}}",success,0,0,3,False,0,[],False,False,False,1
MCM_100_2132f5c6,"{'a': 1, 'b': 0, 'c': 0}","{'points': [{'x': -3.0, 'y': -54.0}, {'x': -2.75, 'y': -41.5938}, {'x': -2.5, 'y': -31.25}, {'x': -2.25, 'y': -22.7812}, {'x': -2.0, 'y': -16.0}, {'x': -1.75, 'y': -10.7188}, {'x': -1.5, 'y': -6.75}, {'x': -1.25, 'y': -3.9062}, {'x': -1.0, 'y': -2.0}, {'x': -0.75, 'y': -0.8438}, {'x': -0.5, 'y': -0.25}, {'x': -0.25, 'y': -0.0312}, {'x': 0.0, 'y': 0.0}, {'x': 0.25, 'y': 0.0312}, {'x': 0.5, 'y': 0.25}, {'x': 0.75, 'y': 0.8438}, {'x': 1.0, 'y': 2.0}, {'x': 1.25, 'y': 3.9062}, {'x': 1.5, 'y': 6.75}, {'x': 1.75, 'y': 10.7188}, {'x': 2.0, 'y': 16.0}, {'x': 2.25, 'y': 22.7812}, {'x': 2.5, 'y': 31.25}, {'x': 2.75, 'y': 41.5938}, {'x': 3.0, 'y': 54.0}]}","{'formula': '2*x**3', 'latex': '2 x^{3}', 'properties': {'singularities': [], 'is_periodic': False, 'domain': 'Reals'}}",success,1,0,0,False,0,[],False,False,False,2
MCM_100_aed657c0,"{'a': 1, 'b': 0, 'c': 0}","{'points': [{'x': -3.0, 'y': 162.0}, {'x': -2.75, 'y': 114.3828}, {'x': -2.5, 'y': 78.125}, {'x': -2.25, 'y': 51.2578}, {'x': -2.0, 'y': 32.0}, {'x': -1.75, 'y': 18.7578}, {'x': -1.5, 'y': 10.125}, {'x': -1.25, 'y': 4.8828}, {'x': -1.0, 'y': 2.0}, {'x': -0.75, 'y': 0.6328}, {'x': -0.5, 'y': 0.125}, {'x': -0.25, 'y': 0.0078}, {'x': 0.0, 'y': 0.0}, {'x': 0.25, 'y': 0.0078}, {'x': 0.5, 'y': 0.125}, {'x': 0.75, 'y': 0.6328}, {'x': 1.0, 'y': 2.0}, {'x': 1.25, 'y': 4.8828}, {'x': 1.5, 'y': 10.125}, {'x': 1.75, 'y': 18.7578}, {'x': 2.0, 'y': 32.0}, {'x': 2.25, 'y': 51.2578}, {'x': 2.5, 'y': 78.125}, {'x': 2.75, 'y': 114.3828}, {'x': 3.0, 'y': 162.0}]}","{'formula': '2*x**4', 'latex': '2 x^{4}', 'properties': {'singularities': [], 'is_periodic': False, 'domain': 'Reals'}}",success,1,0,0,False,0,[],False,False,False,2
MCM_101_8d9d7b72,"{'a': 1, 'b': 0, 'c': 1}","{'points': [{'x': -3.0, 'y': -36.0}, {'x': -2.75, 'y': -29.0469}, {'x': -2.5, 'y': -23.125}, {'x': -2.25, 'y': -18.1406}, {'x': -2.0, 'y': -14.0}, {'x': -1.75, 'y': -10.6094}, {'x': -1.5, 'y': -7.875}, {'x': -1.25, 'y': -5.7031}, {'x': -1.0, 'y': -4.0}, {'x': -0.75, 'y': -2.6719}, {'x': -0.5, 'y': -1.625}, {'x': -0.25, 'y': -0.7656}, {'x': 0.0, 'y': 0.0}, {'x': 0.25, 'y': 0.7656}, {'x': 0.5, 'y': 1.625}, {'x': 0.75, 'y': 2.6719}, {'x': 1.0, 'y': 4.0}, {'x': 1.25, 'y': 5.7031}, {'x': 1.5, 'y': 7.875}, {'x': 1.75, 'y': 10.6094}, {'x': 2.0, 'y': 14.0}, {'x': 2.25, 'y': 18.1406}, {'x': 2.5, 'y': 23.125}, {'x': 2.75, 'y': 29.0469}, {'x': 3.0, 'y': 36.0}]}","{'formula': 'x*(x**2 + 3)', 'latex': 'x \\left(x^{2} + 3\\right)', 'properties': {'singularities': [], 'is_periodic': False, 'domain': 'Reals'}}",success,1,0,1,False,0,[],False,False,False,3
MCM_101_2a50229c,"{'a': 1, 'b': 0, 'c': 1}","{'points': [{'x': -3.0, 'y': 11.2361}, {'x': -2.75, 'y': 9.7986}, {'x': -2.5, 'y': 8.4861}, {'x': -2.25, 'y': 7.2986}, {'x': -2.0, 'y': 6.2361}, {'x': -1.75, 'y': 5.2986}, {'x': -1.5, 'y': 4.4861}, {'x': -1.25, 'y': 3.7986}, {'x': -1.0, 'y': 3.2361}, {'x': -0.75, 'y': 2.7986}, {'x': -0.5, 'y': 2.4861}, {'x': -0.25, 'y': 2.2986}, {'x': 0.0, 'y': 2.2361}, {'x': 0.25, 'y': 2.2986}, {'x': 0.5, 'y': 2.4861}, {'x': 0.75, 'y': 2.7986}, {'x': 1.0, 'y': 3.2361}, {'x': 1.25, 'y': 3.7986}, {'x': 1.5, 'y': 4.4861}, {'x': 1.75, 'y': 5.2986}, {'x': 2.0, 'y': 6.2361}, {'x': 2.25, 'y': 7.2986}, {'x': 2.5, 'y': 8.4861}, {'x': 2.75, 'y': 9.7986}, {'x': 3.0, 'y': 11.2361}]}","{'formula': 'x**2 + 2.23606797749979', 'latex': 'x^{2} + 2.23606797749979', 'properties': {'singularities': [], 'is_periodic': False, 'domain': 'Reals'}}",success,1,0,1,False,0,[],False,False,False,2
MCM_103_442586c9,"{'a': 1, 'b': 0, 'c': 3}","{'points': [{'x': -3.0, 'y': 9.0}, {'x': -2.75, 'y': 7.8125}, {'x': -2.5, 'y': 6.75}, {'x': -2.25, 'y': 5.8125}, {'x': -2.0, 'y': 5.0}, {'x': -1.75, 'y': 4.3125}, {'x': -1.5, 'y': 3.75}, {'x': -1.25, 'y': 3.3125}, {'x': -1.0, 'y': 3.0}, {'x': -0.75, 'y': 2.8125}, {'x': -0.5, 'y': 2.75}, {'x': -0.25, 'y': 2.8125}, {'x': 0.0, 'y': 3.0}, {'x': 0.25, 'y': 3.3125}, {'x': 0.5, 'y': 3.75}, {'x': 0.75, 'y': 4.3125}, {'x': 1.0, 'y': 5.0}, {'x': 1.25, 'y': 5.8125}, {'x': 1.5, 'y': 6.75}, {'x': 1.75, 'y': 7.8125}, {'x': 2.0, 'y': 9.0}, {'x': 2.25, 'y': 10.3125}, {'x': 2.5, 'y': 11.75}, {'x': 2.75, 'y': 13.3125}, {'x': 3.0, 'y': 15.0}]}","{'formula': 'x**2 + x + 3', 'latex': 'x^{2} + x + 3', 'properties': {'singularities': [], 'is_periodic': False, 'domain': 'Reals'}}",success,1,0,3,False,0,[],False,False,False,2
MCM_103_65b005a3,"{'a': 1, 'b': 0, 'c': 3}","{'points': [{'x': -3.0, 'y': 225.0}, {'x': -2.75, 'y': 189.0625}, {'x': -2.5, 'y': 156.25}, {'x': -2.25, 'y': 126.5625}, {'x': -2.0, 'y': 100.0}, {'x': -1.75, 'y': 76.5625}, {'x': -1.5, 'y': 56.25}, {'x': -1.25, 'y': 39.0625}, {'x': -1.0, 'y': 25.0}, {'x': -0.75, 'y': 14.0625}, {'x': -0.5, 'y': 6.25}, {'x': -0.25, 'y': 1.5625}, {'x': 0.0, 'y': 0.0}, {'x': 0.25, 'y': 1.5625}, {'x': 0.5, 'y': 6.25}, {'x': 0.75, 'y': 14.0625}, {'x': 1.0, 'y': 25.0}, {'x': 1.25, 'y': 39.0625}, {'x': 1.5, 'y': 56.25}, {'x': 1.75, 'y': 76.5625}, {'x': 2.0, 'y': 100.0}, {'x': 2.25, 'y': 126.5625}, {'x': 2.5, 'y': 156.25}, {'x': 2.75, 'y': 189.0625}, {'x': 3.0, 'y': 225.0}]}","{'formula': '25*x**2', 'latex': '25 x^{2}', 'properties': {'singularities': [], 'is_periodic': False, 'domain': 'Reals'}}",success,1,0,3,False,0,[],False,False,False,2
MCM_200_e3d1f1d1,"{'a': 2, 'b': 0, 'c': 0}","{'points': [{'x': -3.0, 'y': 81.0}, {'x': -2.75, 'y': 89.3616}, {'x': -2.5, 'y': 87.8906}, {'x': -2.25, 'y': 78.4885}, {'x': -2.0, 'y': 64.0}, {'x': -1.75, 'y': 47.4807}, {'x': -1.5, 'y': 31.6406}, {'x': -1.25, 'y': 18.4631}, {'x': -1.0, 'y': 9.0}, {'x': -0.75, 'y': 3.342}, {'x': -0.5, 'y': 0.7656}, {'x': -0.25, 'y': 0.0549}, {'x': 0.0, 'y': 0.0}, {'x': 0.25, 'y': 0.0706}, {'x': 0.5, 'y': 1.2656}, {'x': 0.75, 'y': 7.1389}, {'x': 1.0, 'y': 25.0}, {'x': 1.25, 'y': 67.2913}, {'x': 1.5, 'y': 153.1406}, {'x': 1.75, 'y': 310.0901}, {'x': 2.0, 'y': 576.0}, {'x': 2.25, 'y': 1001.1292}, {'x': 2.5, 'y': 1650.3906}, {'x': 2.75, 'y': 2605.7834}, {'x': 3.0, 'y': 3969.0}]}","{'formula': 'x**4*(x + 4)**2', 'latex': 'x^{4} \\left(x + 4\\right)^{2}', 'properties': {'singularities': [], 'is_periodic': False, 'domain': 'Reals'}}",success,2,0,0,False,0,[],False,False,False,4
MCM_200_45a23eef,"{'a': 2, 'b': 0, 'c': 0}","{'points': [{'x': -3.0, 'y': -208.0}, {'x': -2.75, 'y': -154.9844}, {'x': -2.5, 'y': -109.375}, {'x': -2.25, 'y': -70.3281}, {'x': -2.0, 'y': -37.0}, {'x': -1.75, 'y': -8.5469}, {'x': -1.5, 'y': 15.875}, {'x': -1.25, 'y': 37.1094}, {'x': -1.0, 'y': 56.0}, {'x': -0.75, 'y': 73.3906}, {'x': -0.5, 'y': 90.125}, {'x': -0.25, 'y': 107.0469}, {'x': 0.0, 'y': 125.0}, {'x': 0.25, 'y': 144.8281}, {'x': 0.5, 'y': 167.375}, {'x': 0.75, 'y': 193.4844}, {'x': 1.0, 'y': 224.0}, {'x': 1.25, 'y': 259.7656}, {'x': 1.5, 'y': 301.625}, {'x': 1.75, 'y': 350.4219}, {'x': 2.0, 'y': 407.0}, {'x': 2.25, 'y': 472.2031}, {'x': 2.5, 'y': 546.875}, {'x': 2.75, 'y': 631.8594}, {'x': 3.0, 'y': 728.0}]}","{'formula': '8*x**3 + (x + 5)**3', 'latex': '8 x^{3} + \\left(x + 5\\right)^{3}', 'properties': {'singularities': [], 'is_periodic': False, 'domain': 'Reals'}}",success,2,0,0,False,0,[],False,False,False,5
MCM_201_cd66f478,"{'a': 2, 'b': 0, 'c': 1}","{'points': [{'x': -3.0, 'y': -15.0}, {'x': -2.75, 'y': -10.4844}, {'x': -2.5, 'y': -6.875}, {'x': -2.25, 'y': -4.0781}, {'x': -2.0, 'y': -2.0}, {'x': -1.75, 'y': -0.5469}, {'x': -1.5, 'y': 0.375}, {'x': -1.25, 'y': 0.8594}, {'x': -1.0, 'y': 1.0}, {'x': -0.75, 'y': 0.8906}, {'x': -0.5, 'y': 0.625}, {'x': -0.25, 'y': 0.2969}, {'x': 0.0, 'y': 0.0}, {'x': 0.25, 'y': 0.3281}, {'x': 0.5, 'y': 0.875}, {'x': 0.75, 'y': 1.7344}, {'x': 1.0, 'y': 3.0}, {'x': 1.25, 'y': 4.7656}, {'x': 1.5, 'y': 7.125}, {'x': 1.75, 'y': 10.1719}, {'x': 2.0, 'y': 14.0}, {'x': 2.25, 'y': 18.7031}, {'x': 2.5, 'y': 24.375}, {'x': 2.75, 'y': 31.1094}, {'x': 3.0, 'y': 39.0}]}","{'formula': 'x**2*(x + 1) + Abs(x)**1.0', 'latex': 'x^{2} \\left(x + 1\\right) + \\left|{x}\\right|^{1.0}', 'properties': {'singularities': [], 'is_periodic': False, 'domain': 'Reals'}}",success,2,0,1,False,2,['Abs'],True,False,False,6
MCM_201_063a0ff5,"{'a': 2, 'b': 0, 'c': 1}","{'points': [{'x': -3.0, 'y': 27.0}, {'x': -2.75, 'y': 8.7737}, {'x': -2.5, 'y': 1.9531}, {'x': -2.25, 'y': 0.178}, {'x': -2.0, 'y': -0.0}, {'x': -1.75, 'y': -0.0837}, {'x': -1.5, 'y': -0.4219}, {'x': -1.25, 'y': -0.824}, {'x': -1.0, 'y': -1.0}, {'x': -0.75, 'y': -0.824}, {'x': -0.5, 'y': -0.4219}, {'x': -0.25, 'y': -0.0837}, {'x': 0.0, 'y': 0.0}, {'x': 0.25, 'y': 0.178}, {'x': 0.5, 'y': 1.9531}, {'x': 0.75, 'y': 8.7737}, {'x': 1.0, 'y': 27.0}, {'x': 1.25, 'y': 67.0471}, {'x': 1.5, 'y': 144.7031}, {'x': 1.75, 'y': 282.6233}, {'x': 2.0, 'y': 512.0}, {'x': 2.25, 'y': 874.4084}, {'x': 2.5, 'y': 1423.8281}, {'x': 2.75, 'y': 2228.8401}, {'x': 3.0, 'y': 3375.0}]}","{'formula': 'x**3*(x + 2)**3', 'latex': 'x^{3} \\left(x + 2\\right)^{3}', 'properties': {'singularities': [], 'is_periodic': False, 'domain': 'Reals'}}",success,2,0,1,False,0,[],False,False,False,4
MCM_203_bcdcbb52,"{'a': 2, 'b': 0, 'c': 3}","{'points': [{'x': -3.0, 'y': 156.0}, {'x': -2.75, 'y': 145.4062}, {'x': -2.5, 'y': 131.25}, {'x': -2.25, 'y': 114.4688}, {'x': -2.0, 'y': 96.0}, {'x': -1.75, 'y': 76.7812}, {'x': -1.5, 'y': 57.75}, {'x': -1.25, 'y': 39.8438}, {'x': -1.0, 'y': 24.0}, {'x': -0.75, 'y': 11.1562}, {'x': -0.5, 'y': 2.25}, {'x': -0.25, 'y': -1.7812}, {'x': 0.0, 'y': 0.0}, {'x': 0.25, 'y': 8.5312}, {'x': 0.5, 'y': 24.75}, {'x': 0.75, 'y': 49.5938}, {'x': 1.0, 'y': 84.0}, {'x': 1.25, 'y': 128.9062}, {'x': 1.5, 'y': 185.25}, {'x': 1.75, 'y': 253.9688}, {'x': 2.0, 'y': 336.0}, {'x': 2.25, 'y': 432.2812}, {'x': 2.5, 'y': 543.75}, {'x': 2.75, 'y': 671.3438}, {'x': 3.0, 'y': 816.0}]}","{'formula': '2*x*(x + 5)*(5*x + 2)', 'latex': '2 x \\left(x + 5\\right) \\left(5 x + 2\\right)', 'properties': {'singularities': [], 'is_periodic': False, 'domain': 'Reals'}}",success,2,0,3,False,0,[],False,False,False,4
MCM_203_d38655ff,"{'a': 2, 'b': 0, 'c': 3}","{'points': [{'x': -3.0, 'y': -20.75}, {'x': -2.75, 'y': -19.6875}, {'x': -2.5, 'y': -18.5}, {'x': -2.25, 'y': -17.1875}, {'x': -2.0, 'y': -15.75}, {'x': -1.75, 'y': -14.1875}, {'x': -1.5, 'y': -12.5}, {'x': -1.25, 'y': -10.6875}, {'x': -1.0, 'y': -8.75}, {'x': -0.75, 'y': -6.6875}, {'x': -0.5, 'y': -4.5}, {'x': -0.25, 'y': -2.1875}, {'x': 0.0, 'y': 0.25}, {'x': 0.25, 'y': 2.8125}, {'x': 0.5, 'y': 5.5}, {'x': 0.75, 'y': 8.3125}, {'x': 1.0, 'y': 11.25}, {'x': 1.25, 'y': 14.3125}, {'x': 1.5, 'y': 17.5}, {'x': 1.75, 'y': 20.8125}, {'x': 2.0, 'y': 24.25}, {'x': 2.25, 'y': 27.8125}, {'x': 2.5, 'y': 31.5}, {'x': 2.75, 'y': 35.3125}, {'x': 3.0, 'y': 39.25}]}","{'formula': 'x**2 + 10*x + 1/4', 'latex': 'x^{2} + 10 x + \\frac{1}{4}', 'properties': {'singularities': [], 'is_periodic': False, 'domain': 'Reals'}}",success,2,0,3,False,0,[],False,False,False,3
MCM_300_2385d18d,"{'a': 3, 'b': 0, 'c': 0}","{'points': [{'x': -3.0, 'y': 0.6}, {'x': -2.75, 'y': 0.5665}, {'x': -2.5, 'y': 0.53}, {'x': -2.25, 'y': 0.4903}, {'x': -2.0, 'y': 0.4472}, {'x': -1.75, 'y': 0.4008}, {'x': -1.5, 'y': 0.3511}, {'x': -1.25, 'y': 0.2983}, {'x': -1.0, 'y': 0.2425}, {'x': -0.75, 'y': 0.1843}, {'x': -0.5, 'y': 0.124}, {'x': -0.25, 'y': 0.0624}, {'x': 0.0, 'y': 0.0}, {'x': 0.25, 'y': 0.0624}, {'x': 0.5, 'y': 0.124}, {'x': 0.75, 'y': 0.1843}, {'x': 1.0, 'y': 0.2425}, {'x': 1.25, 'y': 0.2983}, {'x': 1.5, 'y': 0.3511}, {'x': 1.75, 'y': 0.4008}, {'x': 2.0, 'y': 0.4472}, {'x': 2.25, 'y': 0.4903}, {'x': 2.5, 'y': 0.53}, {'x': 2.75, 'y': 0.5665}, {'x': 3.0, 'y': 0.6}]}","{'formula': 'Abs(x)**1.0/(x**2 + 16)**0.5', 'latex': '\\frac{\\left|{x}\\right|^{1.0}}{\\left(x^{2} + 16\\right)^{0.5}}', 'properties': {'singularities': [], 'is_periodic': False, 'domain': 'Reals'}}",success,3,0,0,False,2,['Abs'],True,False,False,6
MCM_000_30a623ba,"{'a': 0, 'b': 0, 'c': 0}","{'points': [{'x': -3.0, 'y': -7.0}, {'x': -2.75, 'y': -6.75}, {'x': -2.5, 'y': -6.5}, {'x': -2.25, 'y': -6.25}, {'x': -2.0, 'y': -6.0}, {'x': -1.75, 'y': -5.75}, {'x': -1.5, 'y': -5.5}, {'x': -1.25, 'y': -5.25}, {'x': -1.0, 'y': -5.0}, {'x': -0.75, 'y': -4.75}, {'x': -0.5, 'y': -4.5}, {'x': -0.25, 'y': -4.25}, {'x': 0.0, 'y': -4.0}, {'x': 0.25, 'y': -3.75}, {'x': 0.5, 'y': -3.5}, {'x': 0.75, 'y': -3.25}, {'x': 1.0, 'y': -3.0}, {'x': 1.25, 'y': -2.75}, {'x': 1.5, 'y': -2.5}, {'x': 1.75, 'y': -2.25}, {'x': 2.0, 'y': -2.0}, {'x': 2.25, 'y': -1.75}, {'x': 2.5, 'y': -1.5}, {'x': 2.75, 'y': -1.25}, {'x': 3.0, 'y': -1.0}]}","{'formula': 'x - 4', 'latex': 'x - 4', 'properties': {'singularities': [], 'is_periodic': False, 'domain': 'Reals'}}",success,0,0,0,False,0,[],False,False,False,1
MCM_000_c73ce15c,"{'a': 0, 'b': 0, 'c': 0}","{'points': [{'x': -3.0, 'y': 7.5}, {'x': -2.75, 'y': 7.0}, {'x': -2.5, 'y': 6.5}, {'x': -2.25, 'y': 6.0}, {'x': -2.0, 'y': 5.5}, {'x': -1.75, 'y': 5.0}, {'x': -1.5, 'y': 4.5}, {'x': -1.25, 'y': 4.0}, {'x': -1.0, 'y': 3.5}, {'x': -0.75, 'y': 3.0}, {'x': -0.5, 'y': 2.5}, {'x': -0.25, 'y': 2.0}, {'x': 0.0, 'y': 1.5}, {'x': 0.25, 'y': 1.0}, {'x': 0.5, 'y': 0.5}, {'x': 0.75, 'y': 0.0}, {'x': 1.0, 'y': -0.5}, {'x': 1.25, 'y': -1.0}, {'x': 1.5, 'y': -1.5}, {'x': 1.75, 'y': -2.0}, {'x': 2.0, 'y': -2.5}, {'x': 2.25, 'y': -3.0}, {'x': 2.5, 'y': -3.5}, {'x': 2.75, 'y': -4.0}, {'x': 3.0, 'y': -4.5}]}","{'formula': '1.5 - 2*x', 'latex': '1.5 - 2 x', 'properties': {'singularities': [], 'is_periodic': False, 'domain': 'Reals'}}",success,0,0,0,False,0,[],False,False,False,2
MCM_000_b04b2510,"{'a': 0, 'b': 0, 'c': 0}","{'points': [{'x': -3.0, 'y': -4.0}, {'x': -2.75, 'y': -3.75}, {'x': -2.5, 'y': -3.5}, {'x': -2.25, 'y': -3.25}, {'x': -2.0, 'y': -3.0}, {'x': -1.75, 'y': -2.75}, {'x': -1.5, 'y': -2.5}, {'x': -1.25, 'y': -2.25}, {'x': -1.0, 'y': -2.0}, {'x': -0.75, 'y': -1.75}, {'x': -0.5, 'y': -1.5}, {'x': -0.25, 'y': -1.25}, {'x': 0.0, 'y': -1.0}, {'x': 0.25, 'y': -0.75}, {'x': 0.5, 'y': -0.5}, {'x': 0.75, 'y': -0.25}, {'x': 1.0, 'y': 0.0}, {'x': 1.25, 'y': 0.25}, {'x': 1.5, 'y': 0.5}, {'x': 1.75, 'y': 0.75}, {'x': 2.0, 'y': 1.0}, {'x': 2.25, 'y': 1.25}, {'x': 2.5, 'y': 1.5}, {'x': 2.75, 'y': 1.75}, {'x': 3.0, 'y': 2.0}]}","{'formula': 'x - 1', 'latex': 'x - 1', 'properties': {'singularities': [], 'is_periodic': False, 'domain': 'Reals'}}",success,0,0,0,False,0,[],False,False,False,1
MCM_000_fe3ddd34,"{'a': 0, 'b': 0, 'c': 0}","{'points': [{'x': -3.0, 'y': -8.0}, {'x': -2.75, 'y': -7.75}, {'x': -2.5, 'y': -7.5}, {'x': -2.25, 'y': -7.25}, {'x': -2.0, 'y': -7.0}, {'x': -1.75, 'y': -6.75}, {'x': -1.5, 'y': -6.5}, {'x': -1.25, 'y': -6.25}, {'x': -1.0, 'y': -6.0}, {'x': -0.75, 'y': -5.75}, {'x': -0.5, 'y': -5.5}, {'x': -0.25, 'y': -5.25}, {'x': 0.0, 'y': -5.0}, {'x': 0.25, 'y': -4.75}, {'x': 0.5, 'y': -4.5}, {'x': 0.75, 'y': -4.25}, {'x': 1.0, 'y': -4.0}, {'x': 1.25, 'y': -3.75}, {'x': 1.5, 'y': -3.5}, {'x': 1.75, 'y': -3.25}, {'x': 2.0, 'y': -3.0}, {'x': 2.25, 'y': -2.75}, {'x': 2.5, 'y': -2.5}, {'x': 2.75, 'y': -2.25}, {'x': 3.0, 'y': -2.0}]}","{'formula': 'x - 5', 'latex': 'x - 5', 'properties': {'singularities': [], 'is_periodic': False, 'domain': 'Reals'}}",success,0,0,0,False,0,[],False,False,False,1
MCM_000_b72c1110,"{'a': 0, 'b': 0, 'c': 0}","{'points': [{'x': -3.0, 'y': -5.0}, {'x': -2.75, 'y': -4.75}, {'x': -2.5, 'y': -4.5}, {'x': -2.25, 'y': -4.25}, {'x': -2.0, 'y': -4.0}, {'x': -1.75, 'y': -3.75}, {'x': -1.5, 'y': -3.5}, {'x': -1.25, 'y': -3.25}, {'x': -1.0, 'y': -3.0}, {'x': -0.75, 'y': -2.75}, {'x': -0.5, 'y': -2.5}, {'x': -0.25, 'y': -2.25}, {'x': 0.0, 'y': -2.0}, {'x': 0.25, 'y': -1.75}, {'x': 0.5, 'y': -1.5}, {'x': 0.75, 'y': -1.25}, {'x': 1.0, 'y': -1.0}, {'x': 1.25, 'y': -0.75}, {'x': 1.5, 'y': -0.5}, {'x': 1.75, 'y': -0.25}, {'x': 2.0, 'y': 0.0}, {'x': 2.25, 'y': 0.25}, {'x': 2.5, 'y': 0.5}, {'x': 2.75, 'y': 0.75}, {'x': 3.0, 'y': 1.0}]}","{'formula': 'x - 2', 'latex': 'x - 2', 'properties': {'singularities': [], 'is_periodic': False, 'domain': 'Reals'}}",success,0,0,0,False,0,[],False,False,False,1
MCM_001_d8ed8525,"{'a': 0, 'b': 0, 'c': 1}","{'points': [{'x': -3.0, 'y': -0.99}, {'x': -2.75, 'y': -0.9243}, {'x': -2.5, 'y': -0.8011}, {'x': -2.25, 'y': -0.6282}, {'x': -2.0, 'y': -0.4161}, {'x': -1.75, 'y': -0.1782}, {'x': -1.5, 'y': 0.0707}, {'x': -1.25, 'y': 0.3153}, {'x': -1.0, 'y': 0.5403}, {'x': -0.75, 'y': 0.7317}, {'x': -0.5, 'y': 0.8776}, {'x': -0.25, 'y': 0.9689}, {'x': 0.0, 'y': 1.0}, {'x': 0.25, 'y': 0.9689}, {'x': 0.5, 'y': 0.8776}, {'x': 0.75, 'y': 0.7317}, {'x': 1.0, 'y': 0.5403}, {'x': 1.25, 'y': 0.3153}, {'x': 1.5, 'y': 0.0707}, {'x': 1.75, 'y': -0.1782}, {'x': 2.0, 'y': -0.4161}, {'x': 2.25, 'y': -0.6282}, {'x': 2.5, 'y': -0.8011}, {'x': 2.75, 'y': -0.9243}, {'x': 3.0, 'y': -0.99}]}","{'formula': 'cos(x)', 'latex': '\\cos{\\left(x \\right)}', 'properties': {'singularities': [], 'is_periodic': True, 'domain': 'Reals', 'period_value': '2*pi'}}",success,0,0,1,False,1,['cos'],True,False,False,1
MCM_001_eec2cb83,"{'a': 0, 'b': 0, 'c': 1}","{'points': [{'x': -3.0, 'y': -0.9093}, {'x': -2.75, 'y': -0.984}, {'x': -2.5, 'y': -0.9975}, {'x': -2.25, 'y': -0.949}, {'x': -2.0, 'y': -0.8415}, {'x': -1.75, 'y': -0.6816}, {'x': -1.5, 'y': -0.4794}, {'x': -1.25, 'y': -0.2474}, {'x': -1.0, 'y': 0.0}, {'x': -0.75, 'y': 0.2474}, {'x': -0.5, 'y': 0.4794}, {'x': -0.25, 'y': 0.6816}, {'x': 0.0, 'y': 0.8415}, {'x': 0.25, 'y': 0.949}, {'x': 0.5, 'y': 0.9975}, {'x': 0.75, 'y': 0.984}, {'x': 1.0, 'y': 0.9093}, {'x': 1.25, 'y': 0.7781}, {'x': 1.5, 'y': 0.5985}, {'x': 1.75, 'y': 0.3817}, {'x': 2.0, 'y': 0.1411}, {'x': 2.25, 'y': -0.1082}, {'x': 2.5, 'y': -0.3508}, {'x': 2.75, 'y': -0.5716}, {'x': 3.0, 'y': -0.7568}]}","{'formula': 'sin(x + 1)', 'latex': '\\sin{\\left(x + 1 \\right)}', 'properties': {'singularities': [], 'is_periodic': True, 'domain': 'Reals', 'period_value': '2*pi'}}",success,0,0,1,False,1,['sin'],True,False,False,2
MCM_010_02bbcf3d,"{'a': 0, 'b': 1, 'c': 0}","{'points': [{'x': -3.0, 'y': -0.1411}, {'x': -2.75, 'y': -0.3817}, {'x': -2.5, 'y': -0.5985}, {'x': -2.25, 'y': -0.7781}, {'x': -2.0, 'y': -0.9093}, {'x': -1.75, 'y': -0.984}, {'x': -1.5, 'y': -0.9975}, {'x': -1.25, 'y': -0.949}, {'x': -1.0, 'y': -0.8415}, {'x': -0.75, 'y': -0.6816}, {'x': -0.5, 'y': -0.4794}, {'x': -0.25, 'y': -0.2474}, {'x': 0.0, 'y': 0.0}, {'x': 0.25, 'y': 0.2474}, {'x': 0.5, 'y': 0.4794}, {'x': 0.75, 'y': 0.6816}, {'x': 1.0, 'y': 0.8415}, {'x': 1.25, 'y': 0.949}, {'x': 1.5, 'y': 0.9975}, {'x': 1.75, 'y': 0.984}, {'x': 2.0, 'y': 0.9093}, {'x': 2.25, 'y': 0.7781}, {'x': 2.5, 'y': 0.5985}, {'x': 2.75, 'y': 0.3817}, {'x': 3.0, 'y': 0.1411}]}","{'formula': 'sin(x)', 'latex': '\\sin{\\left(x \\right)}', 'properties': {'singularities': [], 'is_periodic': True, 'domain': 'Reals', 'period_value': '2*pi'}}",success,0,1,0,False,1,[],False,False,False,1
MCM_010_3fb4f644,"{'a': 0, 'b': 1, 'c': 0}","{'points': [{'x': -3.0, 'y': 0.0498}, {'x': -2.75, 'y': 0.0639}, {'x': -2.5, 'y': 0.0821}, {'x': -2.25, 'y': 0.1054}, {'x': -2.0, 'y': 0.1353}, {'x': -1.75, 'y': 0.1738}, {'x': -1.5, 'y': 0.2231}, {'x': -1.25, 'y': 0.2865}, {'x': -1.0, 'y': 0.3679}, {'x': -0.75, 'y': 0.4724}, {'x': -0.5, 'y': 0.6065}, {'x': -0.25, 'y': 0.7788}, {'x': 0.0, 'y': 1.0}, {'x': 0.25, 'y': 1.284}, {'x': 0.5, 'y': 1.6487}, {'x': 0.75, 'y': 2.117}, {'x': 1.0, 'y': 2.7183}, {'x': 1.25, 'y': 3.4903}, {'x': 1.5, 'y': 4.4817}, {'x': 1.75, 'y': 5.7546}, {'x': 2.0, 'y': 7.3891}, {'x': 2.25, 'y': 9.4877}, {'x': 2.5, 'y': 12.1825}, {'x': 2.75, 'y': 15.6426}, {'x': 3.0, 'y': 20.0855}]}","{'formula': 'exp(x)', 'latex': 'e^{x}', 'properties': {'singularities': [], 'is_periodic': False, 'domain': 'Reals'}}",success,0,1,0,False,1,[],False,False,False,1
MCM_020_b3069e5d,"{'a': 0, 'b': 2, 'c': 0}","{'points': [{'x': -3.0, 'y': 3.0}, {'x': -2.75, 'y': 2.75}, {'x': -2.5, 'y': 2.5}, {'x': -2.25, 'y': 2.25}, {'x': -2.0, 'y': 2.0}, {'x': -1.75, 'y': 1.75}, {'x': -1.5, 'y': 1.5}, {'x': -1.25, 'y': 1.25}, {'x': -1.0, 'y': 1.0}, {'x': -0.75, 'y': 0.75}, {'x': -0.5, 'y': 0.5}, {'x': -0.25, 'y': 0.25}, {'x': 0.0, 'y': 0.0}, {'x': 0.25, 'y': 0.25}, {'x': 0.5, 'y': 0.5}, {'x': 0.75, 'y': 0.75}, {'x': 1.0, 'y': 1.0}, {'x': 1.25, 'y': 1.25}, {'x': 1.5, 'y': 1.5}, {'x': 1.75, 'y': 1.75}, {'x': 2.0, 'y': 2.0}, {'x': 2.25, 'y': 2.25}, {'x': 2.5, 'y': 2.5}, {'x': 2.75, 'y': 2.75}, {'x': 3.0, 'y': 3.0}]}","{'formula': 'Abs(x)', 'latex': '\\left|{x}\\right|', 'properties': {'singularities': [], 'is_periodic': False, 'domain': 'Reals'}}",success,0,2,0,False,2,[],False,False,False,1
MCM_020_8bca7488,"{'a': 0, 'b': 2, 'c': 0}","{'points': [{'x': -3.0, 'y': 3.0}, {'x': -2.75, 'y': 2.75}, {'x': -2.5, 'y': 2.5}, {'x': -2.25, 'y': 2.25}, {'x': -2.0, 'y': 2.0}, {'x': -1.75, 'y': 1.75}, {'x': -1.5, 'y': 1.5}, {'x': -1.25, 'y': 1.25}, {'x': -1.0, 'y': 1.0}, {'x': -0.75, 'y': 0.75}, {'x': -0.5, 'y': 0.5}, {'x': -0.25, 'y': 0.25}, {'x': 0.0, 'y': -0.0}, {'x': 0.25, 'y': 0.25}, {'x': 0.5, 'y': 0.5}, {'x': 0.75, 'y': 0.75}, {'x': 1.0, 'y': 1.0}, {'x': 1.25, 'y': 1.25}, {'x': 1.5, 'y': 1.5}, {'x': 1.75, 'y': 1.75}, {'x': 2.0, 'y': 2.0}, {'x': 2.25, 'y': 2.25}, {'x': 2.5, 'y': 2.5}, {'x': 2.75, 'y': 2.75}, {'x': 3.0, 'y': 3.0}]}","{'formula': 'Piecewise((x, x > 0), (-x, True))', 'latex': '\\begin{cases} x & \\text{for}\\: x > 0 \\\\- x & \\text{otherwise} \\end{cases}', 'properties': {'singularities': [], 'is_periodic': False, 'domain': 'analysis_timeout'}}",success,0,2,0,False,2,[],False,False,False,2
MCM_100_d4364c5d,"{'a': 1, 'b': 0, 'c': 0}","{'points': [{'x': -3.0, 'y': 78.0}, {'x': -2.75, 'y': 59.6406}, {'x': -2.5, 'y': 44.375}, {'x': -2.25, 'y': 31.9219}, {'x': -2.0, 'y': 22.0}, {'x': -1.75, 'y': 14.3281}, {'x': -1.5, 'y': 8.625}, {'x': -1.25, 'y': 4.6094}, {'x': -1.0, 'y': 2.0}, {'x': -0.75, 'y': 0.5156}, {'x': -0.5, 'y': -0.125}, {'x': -0.25, 'y': -0.2031}, {'x': 0.0, 'y': 0.0}, {'x': 0.25, 'y': 0.2031}, {'x': 0.5, 'y': 0.125}, {'x': 0.75, 'y': -0.5156}, {'x': 1.0, 'y': -2.0}, {'x': 1.25, 'y': -4.6094}, {'x': 1.5, 'y': -8.625}, {'x': 1.75, 'y': -14.3281}, {'x': 2.0, 'y': -22.0}, {'x': 2.25, 'y': -31.9219}, {'x': 2.5, 'y': -44.375}, {'x': 2.75, 'y': -59.6406}, {'x': 3.0, 'y': -78.0}]}","{'formula': '-3*x**3 + x', 'latex': '- 3 x^{3} + x', 'properties': {'singularities': [], 'is_periodic': False, 'domain': 'Reals'}}",success,1,0,0,False,0,[],False,False,False,3
MCM_101_5e7e2cff,"{'a': 1, 'b': 0, 'c': 1}","{'points': [{'x': -3.0, 'y': -0.4121}, {'x': -2.75, 'y': -0.9226}, {'x': -2.5, 'y': -0.938}, {'x': -2.25, 'y': -0.45}, {'x': -2.0, 'y': 0.2794}, {'x': -1.75, 'y': 0.8589}, {'x': -1.5, 'y': 0.9775}, {'x': -1.25, 'y': 0.5716}, {'x': -1.0, 'y': -0.1411}, {'x': -0.75, 'y': -0.7781}, {'x': -0.5, 'y': -0.9975}, {'x': -0.25, 'y': -0.6816}, {'x': 0.0, 'y': 0.0}, {'x': 0.25, 'y': 0.6816}, {'x': 0.5, 'y': 0.9975}, {'x': 0.75, 'y': 0.7781}, {'x': 1.0, 'y': 0.1411}, {'x': 1.25, 'y': -0.5716}, {'x': 1.5, 'y': -0.9775}, {'x': 1.75, 'y': -0.8589}, {'x': 2.0, 'y': -0.2794}, {'x': 2.25, 'y': 0.45}, {'x': 2.5, 'y': 0.938}, {'x': 2.75, 'y': 0.9226}, {'x': 3.0, 'y': 0.4121}]}","{'formula': 'sin(3*x)', 'latex': '\\sin{\\left(3 x \\right)}', 'properties': {'singularities': [], 'is_periodic': True, 'domain': 'Reals', 'period_value': '2*pi/3'}}",success,1,0,1,False,1,['sin'],True,False,False,2
MCM_101_e064000b,"{'a': 1, 'b': 0, 'c': 1}","{'points': [{'x': -3.0, 'y': 0.0707}, {'x': -2.75, 'y': 0.1945}, {'x': -2.5, 'y': 0.3153}, {'x': -2.25, 'y': 0.4312}, {'x': -2.0, 'y': 0.5403}, {'x': -1.75, 'y': 0.641}, {'x': -1.5, 'y': 0.7317}, {'x': -1.25, 'y': 0.811}, {'x': -1.0, 'y': 0.8776}, {'x': -0.75, 'y': 0.9305}, {'x': -0.5, 'y': 0.9689}, {'x': -0.25, 'y': 0.9922}, {'x': 0.0, 'y': 1.0}, {'x': 0.25, 'y': 0.9922}, {'x': 0.5, 'y': 0.9689}, {'x': 0.75, 'y': 0.9305}, {'x': 1.0, 'y': 0.8776}, {'x': 1.25, 'y': 0.811}, {'x': 1.5, 'y': 0.7317}, {'x': 1.75, 'y': 0.641}, {'x': 2.0, 'y': 0.5403}, {'x': 2.25, 'y': 0.4312}, {'x': 2.5, 'y': 0.3153}, {'x': 2.75, 'y': 0.1945}, {'x': 3.0, 'y': 0.0707}]}","{'formula': 'cos(0.5*x)', 'latex': '\\cos{\\left(0.5 x \\right)}', 'properties': {'singularities': [], 'is_periodic': True, 'domain': 'Reals', 'period_value': '4.0*pi'}}",success,1,0,1,False,1,['cos'],True,False,False,2
MCM_110_f2fb7d32,"{'a': 1, 'b': 1, 'c': 0}","{'points': [{'x': -3.0, 'y': -1.2364}, {'x': -2.75, 'y': -2.634}, {'x': -2.5, 'y': 0.0829}, {'x': -2.25, 'y': 2.1135}, {'x': -2.0, 'y': 1.5136}, {'x': -1.75, 'y': -0.1383}, {'x': -1.5, 'y': -1.1671}, {'x': -1.25, 'y': -1.25}, {'x': -1.0, 'y': -0.8415}, {'x': -0.75, 'y': -0.4}, {'x': -0.5, 'y': -0.1237}, {'x': -0.25, 'y': -0.0156}, {'x': 0.0, 'y': 0.0}, {'x': 0.25, 'y': 0.0156}, {'x': 0.5, 'y': 0.1237}, {'x': 0.75, 'y': 0.4}, {'x': 1.0, 'y': 0.8415}, {'x': 1.25, 'y': 1.25}, {'x': 1.5, 'y': 1.1671}, {'x': 1.75, 'y': 0.1383}, {'x': 2.0, 'y': -1.5136}, {'x': 2.25, 'y': -2.1135}, {'x': 2.5, 'y': -0.0829}, {'x': 2.75, 'y': 2.634}, {'x': 3.0, 'y': 1.2364}]}","{'formula': 'x*sin(x**2)', 'latex': 'x \\sin{\\left(x^{2} \\right)}', 'properties': {'singularities': [], 'is_periodic': False, 'domain': 'Reals'}}",success,1,1,0,False,1,[],False,False,False,3
MCM_110_5f8aa4b3,"{'a': 1, 'b': 1, 'c': 0}","{'points': [{'x': -3.0, 'y': 0.0001}, {'x': -2.75, 'y': 0.0005}, {'x': -2.5, 'y': 0.0019}, {'x': -2.25, 'y': 0.0063}, {'x': -2.0, 'y': 0.0183}, {'x': -1.75, 'y': 0.0468}, {'x': -1.5, 'y': 0.1054}, {'x': -1.25, 'y': 0.2096}, {'x': -1.0, 'y': 0.3679}, {'x': -0.75, 'y': 0.5698}, {'x': -0.5, 'y': 0.7788}, {'x': -0.25, 'y': 0.9394}, {'x': 0.0, 'y': 1.0}, {'x': 0.25, 'y': 0.9394}, {'x': 0.5, 'y': 0.7788}, {'x': 0.75, 'y': 0.5698}, {'x': 1.0, 'y': 0.3679}, {'x': 1.25, 'y': 0.2096}, {'x': 1.5, 'y': 0.1054}, {'x': 1.75, 'y': 0.0468}, {'x': 2.0, 'y': 0.0183}, {'x': 2.25, 'y': 0.0063}, {'x': 2.5, 'y': 0.0019}, {'x': 2.75, 'y': 0.0005}, {'x': 3.0, 'y': 0.0001}]}","{'formula': 'exp(-x**2)', 'latex': 'e^{- x^{2}}', 'properties': {'singularities': [], 'is_periodic': False, 'domain': 'Reals'}}",success,1,1,0,False,1,[],False,False,False,3
MCM_120_ebe1fbb9,"{'a': 1, 'b': 2, 'c': 0}","{'points': [{'x': -3.0, 'y': 8.0}, {'x': -2.75, 'y': 6.5625}, {'x': -2.5, 'y': 5.25}, {'x': -2.25, 'y': 4.0625}, {'x': -2.0, 'y': 3.0}, {'x': -1.75, 'y': 2.0625}, {'x': -1.5, 'y': 1.25}, {'x': -1.25, 'y': 0.5625}, {'x': -1.0, 'y': 0.0}, {'x': -0.75, 'y': 0.4375}, {'x': -0.5, 'y': 0.75}, {'x': -0.25, 'y': 0.9375}, {'x': 0.0, 'y': 1.0}, {'x': 0.25, 'y': 0.9375}, {'x': 0.5, 'y': 0.75}, {'x': 0.75, 'y': 0.4375}, {'x': 1.0, 'y': 0.0}, {'x': 1.25, 'y': 0.5625}, {'x': 1.5, 'y': 1.25}, {'x': 1.75, 'y': 2.0625}, {'x': 2.0, 'y': 3.0}, {'x': 2.25, 'y': 4.0625}, {'x': 2.5, 'y': 5.25}, {'x': 2.75, 'y': 6.5625}, {'x': 3.0, 'y': 8.0}]}","{'formula': 'Abs(x**2 - 1)', 'latex': '\\left|{x^{2} - 1}\\right|', 'properties': {'singularities': [], 'is_periodic': False, 'domain': 'Reals'}}",success,1,2,0,False,2,[],False,False,False,3
MCM_120_0e6ca238,"{'a': 1, 'b': 2, 'c': 0}","{'points': [{'x': -3.0, 'y': 6.0}, {'x': -2.75, 'y': 5.5}, {'x': -2.5, 'y': 5.0}, {'x': -2.25, 'y': 4.5}, {'x': -2.0, 'y': 2.0}, {'x': -1.75, 'y': 1.75}, {'x': -1.5, 'y': 1.5}, {'x': -1.25, 'y': 1.25}, {'x': -1.0, 'y': 1.0}, {'x': -0.75, 'y': 0.75}, {'x': -0.5, 'y': 0.5}, {'x': -0.25, 'y': 0.25}, {'x': 0.0, 'y': 0.0}, {'x': 0.25, 'y': 0.0}, {'x': 0.5, 'y': 0.0}, {'x': 0.75, 'y': 0.0}, {'x': 1.0, 'y': 0.0}, {'x': 1.25, 'y': 0.0}, {'x': 1.5, 'y': 0.0}, {'x': 1.75, 'y': 0.0}, {'x': 2.0, 'y': 2.0}, {'x': 2.25, 'y': 2.25}, {'x': 2.5, 'y': 2.5}, {'x': 2.75, 'y': 2.75}, {'x': 3.0, 'y': 3.0}]}","{'formula': 'x*floor(x/2)', 'latex': 'x \\left\\lfloor{\\frac{x}{2}}\\right\\rfloor', 'properties': {'singularities': [], 'is_periodic': False, 'domain': 'analysis_timeout'}}",success,1,2,0,False,2,[],False,False,False,3
MCM_200_0db2cd90,"{'a': 2, 'b': 0, 'c': 0}","{'points': [{'x': -3.0, 'y': -50.0}, {'x': -2.75, 'y': -40.6719}, {'x': -2.5, 'y': -32.625}, {'x': -2.25, 'y': -25.7656}, {'x': -2.0, 'y': -20.0}, {'x': -1.75, 'y': -15.2344}, {'x': -1.5, 'y': -11.375}, {'x': -1.25, 'y': -8.3281}, {'x': -1.0, 'y': -6.0}, {'x': -0.75, 'y': -4.2969}, {'x': -0.5, 'y': -3.125}, {'x': -0.25, 'y': -2.3906}, {'x': 0.0, 'y': -2.0}, {'x': 0.25, 'y': -1.8594}, {'x': 0.5, 'y': -1.875}, {'x': 0.75, 'y': -1.9531}, {'x': 1.0, 'y': -2.0}, {'x': 1.25, 'y': -1.9219}, {'x': 1.5, 'y': -1.625}, {'x': 1.75, 'y': -1.0156}, {'x': 2.0, 'y': 0.0}, {'x': 2.25, 'y': 1.5156}, {'x': 2.5, 'y': 3.625}, {'x': 2.75, 'y': 6.4219}, {'x': 3.0, 'y': 10.0}]}","{'formula': '(x - 2)*(x**2 + 1)', 'latex': '\\left(x - 2\\right) \\left(x^{2} + 1\\right)', 'properties': {'singularities': [], 'is_periodic': False, 'domain': 'Reals'}}",success,2,0,0,False,0,[],False,False,False,4
MCM_200_4ae96153,"{'a': 2, 'b': 0, 'c': 0}","{'points': [{'x': -3.0, 'y': -70.0}, {'x': -2.75, 'y': -56.6094}, {'x': -2.5, 'y': -44.875}, {'x': -2.25, 'y': -34.7031}, {'x': -2.0, 'y': -26.0}, {'x': -1.75, 'y': -18.6719}, {'x': -1.5, 'y': -12.625}, {'x': -1.25, 'y': -7.7656}, {'x': -1.0, 'y': -4.0}, {'x': -0.75, 'y': -1.2344}, {'x': -0.5, 'y': 0.625}, {'x': -0.25, 'y': 1.6719}, {'x': 0.0, 'y': 2.0}, {'x': 0.25, 'y': 1.7031}, {'x': 0.5, 'y': 0.875}, {'x': 0.75, 'y': -0.3906}, {'x': 1.0, 'y': -2.0}, {'x': 1.25, 'y': -3.8594}, {'x': 1.5, 'y': -5.875}, {'x': 1.75, 'y': -7.9531}, {'x': 2.0, 'y': -10.0}, {'x': 2.25, 'y': -11.9219}, {'x': 2.5, 'y': -13.625}, {'x': 2.75, 'y': -15.0156}, {'x': 3.0, 'y': -16.0}]}","{'formula': 'x**3 - 5*x**2 + 2', 'latex': 'x^{3} - 5 x^{2} + 2', 'properties': {'singularities': [], 'is_periodic': False, 'domain': 'Reals'}}",success,2,0,0,False,0,[],False,False,False,4
MCM_201_036bc44d,"{'a': 2, 'b': 0, 'c': 1}","{'points': [{'x': -3.0, 'y': -0.1355}, {'x': -2.75, 'y': -0.2705}, {'x': -2.5, 'y': -0.1698}, {'x': -2.25, 'y': 0.164}, {'x': -2.0, 'y': 0.5944}, {'x': -1.75, 'y': 0.9215}, {'x': -1.5, 'y': 0.9875}, {'x': -1.25, 'y': 0.7603}, {'x': -1.0, 'y': 0.3502}, {'x': -0.75, 'y': -0.0482}, {'x': -0.5, 'y': -0.259}, {'x': -0.25, 'y': -0.2171}, {'x': 0.0, 'y': 0.0}, {'x': 0.25, 'y': 0.2171}, {'x': 0.5, 'y': 0.259}, {'x': 0.75, 'y': 0.0482}, {'x': 1.0, 'y': -0.3502}, {'x': 1.25, 'y': -0.7603}, {'x': 1.5, 'y': -0.9875}, {'x': 1.75, 'y': -0.9215}, {'x': 2.0, 'y': -0.5944}, {'x': 2.25, 'y': -0.164}, {'x': 2.5, 'y': 0.1698}, {'x': 2.75, 'y': 0.2705}, {'x': 3.0, 'y': 0.1355}]}","{'formula': 'sin(x)*cos(2*x)', 'latex': '\\sin{\\left(x \\right)} \\cos{\\left(2 x \\right)}', 'properties': {'singularities': [], 'is_periodic': True, 'domain': 'Reals', 'period_value': '2*pi'}}",success,2,0,1,False,1,"['sin', 'cos']",True,False,False,4
MCM_201_0dbbfecb,"{'a': 2, 'b': 0, 'c': 1}","{'points': [{'x': -3.0, 'y': 0.0199}, {'x': -2.75, 'y': 0.1457}, {'x': -2.5, 'y': 0.3582}, {'x': -2.25, 'y': 0.6054}, {'x': -2.0, 'y': 0.8268}, {'x': -1.75, 'y': 0.9682}, {'x': -1.5, 'y': 0.995}, {'x': -1.25, 'y': 0.9006}, {'x': -1.0, 'y': 0.7081}, {'x': -0.75, 'y': 0.4646}, {'x': -0.5, 'y': 0.2298}, {'x': -0.25, 'y': 0.0612}, {'x': 0.0, 'y': 0.0}, {'x': 0.25, 'y': 0.0612}, {'x': 0.5, 'y': 0.2298}, {'x': 0.75, 'y': 0.4646}, {'x': 1.0, 'y': 0.7081}, {'x': 1.25, 'y': 0.9006}, {'x': 1.5, 'y': 0.995}, {'x': 1.75, 'y': 0.9682}, {'x': 2.0, 'y': 0.8268}, {'x': 2.25, 'y': 0.6054}, {'x': 2.5, 'y': 0.3582}, {'x': 2.75, 'y': 0.1457}, {'x': 3.0, 'y': 0.0199}]}","{'formula': 'sin(x)**2', 'latex': '\\sin^{2}{\\left(x \\right)}', 'properties': {'singularities': [], 'is_periodic': True, 'domain': 'Reals', 'period_value': '2*pi'}}",success,2,0,1,False,1,['sin'],True,False,False,2
MCM_203_e2c675c4,"{'a': 2, 'b': 0, 'c': 3}","{'points': [{'x': -3.0, 'y': 72.0}, {'x': -2.75, 'y': 38.7578}, {'x': -2.5, 'y': 15.625}, {'x': -2.25, 'y': 0.6328}, {'x': -2.0, 'y': -8.0}, {'x': -1.75, 'y': -11.8672}, {'x': -1.5, 'y': -12.375}, {'x': -1.25, 'y': -10.7422}, {'x': -1.0, 'y': -8.0}, {'x': -0.75, 'y': -4.9922}, {'x': -0.5, 'y': -2.375}, {'x': -0.25, 'y': -0.6172}, {'x': 0.0, 'y': -0.0}, {'x': 0.25, 'y': -0.6172}, {'x': 0.5, 'y': -2.375}, {'x': 0.75, 'y': -4.9922}, {'x': 1.0, 'y': -8.0}, {'x': 1.25, 'y': -10.7422}, {'x': 1.5, 'y': -12.375}, {'x': 1.75, 'y': -11.8672}, {'x': 2.0, 'y': -8.0}, {'x': 2.25, 'y': 0.6328}, {'x': 2.5, 'y': 15.625}, {'x': 2.75, 'y': 38.7578}, {'x': 3.0, 'y': 72.0}]}","{'formula': '2*x**2*(x**2 - 5)', 'latex': '2 x^{2} \\left(x^{2} - 5\\right)', 'properties': {'singularities': [], 'is_periodic': False, 'domain': 'Reals'}}",success,2,0,3,False,0,[],False,False,False,3
MCM_203_d6d757e5,"{'a': 2, 'b': 0, 'c': 3}","{'points': [{'x': -3.0, 'y': 990.5299}, {'x': -2.75, 'y': 679.7727}, {'x': -2.5, 'y': 448.2233}, {'x': -2.25, 'y': 281.1923}, {'x': -2.0, 'y': 165.4903}, {'x': -1.75, 'y': 89.4281}, {'x': -1.5, 'y': 42.8162}, {'x': -1.25, 'y': 16.9654}, {'x': -1.0, 'y': 4.6863}, {'x': -0.75, 'y': 0.2895}, {'x': -0.5, 'y': -0.4142}, {'x': -0.25, 'y': -0.1143}, {'x': 0.0, 'y': 0.0}, {'x': 0.25, 'y': 0.2393}, {'x': 0.5, 'y': 2.4142}, {'x': 0.75, 'y': 9.8355}, {'x': 1.0, 'y': 27.3137}, {'x': 1.25, 'y': 61.1596}, {'x': 1.5, 'y': 119.1838}, {'x': 1.75, 'y': 210.6969}, {'x': 2.0, 'y': 346.5097}, {'x': 2.25, 'y': 538.9327}, {'x': 2.5, 'y': 801.7767}, {'x': 2.75, 'y': 1150.3523}, {'x': 3.0, 'y': 1601.4701}]}","{'formula': 'x**3*(16*x + 11.3137084989848)', 'latex': 'x^{3} \\left(16 x + 11.3137084989848\\right)', 'properties': {'singularities': [], 'is_periodic': False, 'domain': 'Reals'}}",success,2,0,3,False,0,[],False,False,False,4
MCM_210_a057ea47,"{'a': 2, 'b': 1, 'c': 0}","{'points': [{'x': -3.0, 'y': 0.0498}, {'x': -2.75, 'y': 0.0639}, {'x': -2.5, 'y': 0.082}, {'x': -2.25, 'y': 0.1052}, {'x': -2.0, 'y': 0.1349}, {'x': -1.75, 'y': 0.1729}, {'x': -1.5, 'y': 0.2213}, {'x': -1.25, 'y': 0.2826}, {'x': -1.0, 'y': 0.3596}, {'x': -0.75, 'y': 0.455}, {'x': -0.5, 'y': 0.57}, {'x': -0.25, 'y': 0.7024}, {'x': 0.0, 'y': 0.8415}, {'x': 0.25, 'y': 0.9592}, {'x': 0.5, 'y': 0.997}, {'x': 0.75, 'y': 0.8545}, {'x': 1.0, 'y': 0.4108}, {'x': 1.25, 'y': -0.3417}, {'x': 1.5, 'y': -0.9735}, {'x': 1.75, 'y': -0.5043}, {'x': 2.0, 'y': 0.8939}, {'x': 2.25, 'y': -0.0629}, {'x': 2.5, 'y': -0.3745}, {'x': 2.75, 'y': 0.0653}, {'x': 3.0, 'y': 0.9445}]}","{'formula': 'sin(exp(x))', 'latex': '\\sin{\\left(e^{x} \\right)}', 'properties': {'singularities': [], 'is_periodic': False, 'domain': 'Reals'}}",success,2,1,0,False,1,[],False,False,False,2
MCM_210_bcfff163,"{'a': 2, 'b': 1, 'c': 0}","{'points': [{'x': -3.0, 'y': 2.3026}, {'x': -2.75, 'y': 2.1474}, {'x': -2.5, 'y': 1.981}, {'x': -2.25, 'y': 1.8021}, {'x': -2.0, 'y': 1.6094}, {'x': -1.75, 'y': 1.4018}, {'x': -1.5, 'y': 1.1787}, {'x': -1.25, 'y': 0.941}, {'x': -1.0, 'y': 0.6931}, {'x': -0.75, 'y': 0.4463}, {'x': -0.5, 'y': 0.2231}, {'x': -0.25, 'y': 0.0606}, {'x': 0.0, 'y': 0.0}, {'x': 0.25, 'y': 0.0606}, {'x': 0.5, 'y': 0.2231}, {'x': 0.75, 'y': 0.4463}, {'x': 1.0, 'y': 0.6931}, {'x': 1.25, 'y': 0.941}, {'x': 1.5, 'y': 1.1787}, {'x': 1.75, 'y': 1.4018}, {'x': 2.0, 'y': 1.6094}, {'x': 2.25, 'y': 1.8021}, {'x': 2.5, 'y': 1.981}, {'x': 2.75, 'y': 2.1474}, {'x': 3.0, 'y': 2.3026}]}","{'formula': 'log(x**2 + 1)', 'latex': '\\log{\\left(x^{2} + 1 \\right)}', 'properties': {'singularities': [], 'is_periodic': False, 'domain': 'Reals'}}",success,2,1,0,False,1,[],False,False,False,3
MCM_220_0f37b11c,"{'a': 2, 'b': 2, 'c': 0}","{'points': [{'x': -3.0, 'y': 0.0}, {'x': -2.75, 'y': 0.0}, {'x': -2.5, 'y': 0.0}, {'x': -2.25, 'y': 0.0}, {'x': -2.0, 'y': 0.0}, {'x': -1.75, 'y': 0.0}, {'x': -1.5, 'y': 0.0}, {'x': -1.25, 'y': 0.0}, {'x': -1.0, 'y': 0.0}, {'x': -0.75, 'y': 0.0}, {'x': -0.5, 'y': 0.0}, {'x': -0.25, 'y': 0.0}, {'x': 0.0, 'y': 1.0}, {'x': 0.25, 'y': 1.0}, {'x': 0.5, 'y': 1.0}, {'x': 0.75, 'y': 1.0}, {'x': 1.0, 'y': 1.0}, {'x': 1.25, 'y': 1.0}, {'x': 1.5, 'y': 2.0}, {'x': 1.75, 'y': 2.0}, {'x': 2.0, 'y': 2.0}, {'x': 2.25, 'y': 3.0}, {'x': 2.5, 'y': 3.0}, {'x': 2.75, 'y': 3.0}, {'x': 3.0, 'y': 4.0}]}","{'formula': 'floor(exp(x/2))', 'latex': '\\left\\lfloor{e^{\\frac{x}{2}}}\\right\\rfloor', 'properties': {'singularities': [], 'is_periodic': False, 'domain': 'analysis_timeout'}}",success,2,2,0,False,2,[],False,False,False,3
MCM_001_027035ca,"{'a': 0, 'b': 0, 'c': 1}",{'points': []},"{'formula': 'sqrt(x)', 'latex': '\\sqrt{x}', 'properties': {'singularities': ['complex_or_infinite'], 'is_periodic': False, 'domain': 'Interval(0, oo)', 'error': 'Values out of bounds or non-finite'}}",failed,0,0,1,False,0,[],False,False,False,1
MCM_002_b6fcadff,"{'a': 0, 'b': 0, 'c': 2}",{'points': []},"{'formula': '1/(x - 1)', 'latex': '\\frac{1}{x - 1}', 'properties': {'singularities': ['1'], 'is_periodic': False, 'domain': 'Union(Interval.open(-oo, 1), Interval.open(1, oo))', 'error': 'Values out of bounds or non-finite'}}",failed,0,0,2,False,0,[],False,False,False,2
MCM_002_a59c8f48,"{'a': 0, 'b': 0, 'c': 2}",{'points': []},"{'formula': 'x/(x + 2)', 'latex': '\\frac{x}{x + 2}', 'properties': {'singularities': ['-2'], 'is_periodic': False, 'domain': 'Union(Interval.open(-oo, -2), Interval.open(-2, oo))', 'error': 'Values out of bounds or non-finite'}}",failed,0,0,2,False,0,[],False,False,False,3
MCM_002_3e846be1,"{'a': 0, 'b': 0, 'c': 2}",{'points': []},"{'formula': '1/(x**2 - 4)', 'latex': '\\frac{1}{x^{2} - 4}', 'properties': {'singularities': ['-2', '2'], 'is_periodic': False, 'domain': 'Union(Interval.open(-oo, -2), Interval.open(-2, 2), Interval.open(2, oo))', 'error': 'Values out of bounds or non-finite'}}",failed,0,0,2,False,0,[],False,False,False,3
MCM_002_76674e69,"{'a': 0, 'b': 0, 'c': 2}",{'points': []},"{'formula': '4/(x + 2)', 'latex': '\\frac{4}{x + 2}', 'properties': {'singularities': ['-2'], 'is_periodic': False, 'domain': 'Union(Interval.open(-oo, -2), Interval.open(-2, oo))', 'error': 'Values out of bounds or non-finite'}}",failed,0,0,2,False,0,[],False,False,False,3
MCM_002_e310c234,"{'a': 0, 'b': 0, 'c': 2}",{'points': []},"{'formula': 'x/(x - 2)', 'latex': '\\frac{x}{x - 2}', 'properties': {'singularities': ['2'], 'is_periodic': False, 'domain': 'Union(Interval.open(-oo, 2), Interval.open(2, oo))', 'error': 'Values out of bounds or non-finite'}}",failed,0,0,2,False,0,[],False,False,False,3
MCM_002_67e1b8b3,"{'a': 0, 'b': 0, 'c': 2}",{'points': []},"{'formula': 'x/(x + 1)', 'latex': '\\frac{x}{x + 1}', 'properties': {'singularities': ['-1'], 'is_periodic': False, 'domain': 'Union(Interval.open(-oo, -1), Interval.open(-1, oo))', 'error': 'Values out of bounds or non-finite'}}",failed,0,0,2,False,0,[],False,False,False,3
MCM_002_a17d8a69,"{'a': 0, 'b': 0, 'c': 2}",{'points': []},"{'formula': '2/x', 'latex': '\\frac{2}{x}', 'properties': {'singularities': ['0'], 'is_periodic': False, 'domain': 'Union(Interval.open(-oo, 0), Interval.open(0, oo))', 'error': 'Values out of bounds or non-finite'}}",failed,0,0,2,False,0,[],False,False,False,2
MCM_002_f9f8df07,"{'a': 0, 'b': 0, 'c': 2}",{'points': []},"{'formula': '3/(x + 1)', 'latex': '\\frac{3}{x + 1}', 'properties': {'singularities': ['-1'], 'is_periodic': False, 'domain': 'Union(Interval.open(-oo, -1), Interval.open(-1, oo))', 'error': 'Values out of bounds or non-finite'}}",failed,0,0,2,False,0,[],False,False,False,3
MCM_011_e09d745f,"{'a': 0, 'b': 1, 'c': 1}",{'points': []},"{'formula': 'log(x)', 'latex': '\\log{\\left(x \\right)}', 'properties': {'singularities': ['0'], 'is_periodic': False, 'domain': 'Interval.open(0, oo)', 'error': 'Values out of bounds or non-finite'}}",failed,0,1,1,False,1,[],False,False,False,1
MCM_012_37bbe46f,"{'a': 0, 'b': 1, 'c': 2}",{'points': []},"{'formula': 'exp(1/x)', 'latex': 'e^{\\frac{1}{x}}', 'properties': {'singularities': ['0'], 'is_periodic': False, 'domain': 'Union(Interval.open(-oo, 0), Interval.open(0, oo))', 'error': 'Values out of bounds or non-finite'}}",failed,0,1,2,False,1,[],False,False,False,2
MCM_022_e17e6d99,"{'a': 0, 'b': 2, 'c': 2}",{'points': []},"{'formula': '1/Abs(x - 0.5)', 'latex': '\\frac{1}{\\left|{x - 0.5}\\right|}', 'properties': {'singularities': ['analysis_error'], 'is_periodic': False, 'domain': 'Union(Interval.open(-oo, 0.500000000000000), Interval.open(0.500000000000000, oo))', 'error': 'Values out of bounds or non-finite'}}",failed,0,2,2,False,2,[],False,False,False,3
MCM_022_7c8d2b20,"{'a': 0, 'b': 2, 'c': 2}",{'points': []},"{'formula': 'x/(x - 1)', 'latex': '\\frac{x}{x - 1}', 'properties': {'singularities': ['1'], 'is_periodic': False, 'domain': 'Union(Interval.open(-oo, 1), Interval.open(1, oo))', 'error': 'Values out of bounds or non-finite'}}",failed,0,2,2,False,0,[],False,True,False,3
MCM_022_08cd4329,"{'a': 0, 'b': 2, 'c': 2}",{'points': []},"{'formula': '4/(x + 1)', 'latex': '\\frac{4}{x + 1}', 'properties': {'singularities': ['-1'], 'is_periodic': False, 'domain': 'Union(Interval.open(-oo, -1), Interval.open(-1, oo))', 'error': 'Values out of bounds or non-finite'}}",failed,0,2,2,False,0,[],False,True,False,3
MCM_031_300ac59b,"{'a': 0, 'b': 3, 'c': 1}",{'points': []},"{'formula': 'erf(x)', 'latex': '\\operatorname{erf}{\\left(x \\right)}', 'properties': {'singularities': ['complex_or_infinite'], 'is_periodic': False, 'domain': 'analysis_timeout', 'error': 'only length-1 arrays can be converted to Python scalars'}}",failed,0,3,1,False,3,[],False,False,False,1
MCM_031_a3407a6b,"{'a': 0, 'b': 3, 'c': 1}",{'points': []},"{'formula': 'gamma(x)', 'latex': '\\Gamma\\left(x\\right)', 'properties': {'singularities': ['complex_or_infinite'], 'is_periodic': False, 'domain': 'analysis_timeout', 'error': 'only length-1 arrays can be converted to Python scalars'}}",failed,0,3,1,False,3,[],False,False,False,1
MCM_032_dacf1d48,"{'a': 0, 'b': 3, 'c': 2}",{'points': []},"{'formula': '1/erf(x)', 'latex': '\\frac{1}{\\operatorname{erf}{\\left(x \\right)}}', 'properties': {'singularities': ['0'], 'is_periodic': False, 'domain': 'analysis_timeout', 'error': 'only length-1 arrays can be converted to Python scalars'}}",failed,0,3,2,False,3,[],False,False,False,2
MCM_032_d5947cb2,"{'a': 0, 'b': 3, 'c': 2}",{'points': []},"{'formula': 'gamma(x)/x', 'latex': '\\frac{\\Gamma\\left(x\\right)}{x}', 'properties': {'singularities': ['0'], 'is_periodic': False, 'domain': 'analysis_timeout', 'error': 'only length-1 arrays can be converted to Python scalars'}}",failed,0,3,2,False,3,[],False,False,False,3
MCM_032_0874c4ce,"{'a': 0, 'b': 3, 'c': 2}",{'points': []},"{'formula': '1/x', 'latex': '\\frac{1}{x}', 'properties': {'singularities': ['0'], 'is_periodic': False, 'domain': 'Union(Interval.open(-oo, 0), Interval.open(0, oo))', 'error': 'Values out of bounds or non-finite'}}",failed,0,3,2,False,0,[],False,True,False,1
MCM_032_dd00438c,"{'a': 0, 'b': 3, 'c': 2}",{'points': []},"{'formula': '5/x', 'latex': '\\frac{5}{x}', 'properties': {'singularities': ['0'], 'is_periodic': False, 'domain': 'Union(Interval.open(-oo, 0), Interval.open(0, oo))', 'error': 'Values out of bounds or non-finite'}}",failed,0,3,2,False,0,[],False,True,False,2
MCM_101_cea6fd63,"{'a': 1, 'b': 0, 'c': 1}",{'points': []},"{'formula': 'sqrt(x) + 5*x', 'latex': '\\sqrt{x} + 5 x', 'properties': {'singularities': ['complex_or_infinite'], 'is_periodic': False, 'domain': 'Interval(0, oo)', 'error': 'Values out of bounds or non-finite'}}",failed,1,0,1,False,0,[],False,False,False,3
MCM_101_34c3aab6,"{'a': 1, 'b': 0, 'c': 1}",{'points': []},"{'formula': 'x**9', 'latex': 'x^{9}', 'properties': {'singularities': ['complex_or_infinite'], 'is_periodic': False, 'domain': 'Reals', 'error': 'Values out of bounds or non-finite'}}",failed,1,0,1,False,0,[],False,False,False,1
MCM_102_efb9c2d4,"{'a': 1, 'b': 0, 'c': 2}",{'points': []},"{'formula': 'x**2/(x + 0.5)', 'latex': '\\frac{x^{2}}{x + 0.5}', 'properties': {'singularities': ['-0.500000000000000'], 'is_periodic': False, 'domain': 'Union(Interval.open(-oo, -0.500000000000000), Interval.open(-0.500000000000000, oo))', 'error': 'Values out of bounds or non-finite'}}",failed,1,0,2,False,0,[],False,False,False,4
MCM_102_b786da3a,"{'a': 1, 'b': 0, 'c': 2}",{'points': []},"{'formula': 'x**2/(x - 1)', 'latex': '\\frac{x^{2}}{x - 1}', 'properties': {'singularities': ['1'], 'is_periodic': False, 'domain': 'Union(Interval.open(-oo, 1), Interval.open(1, oo))', 'error': 'Values out of bounds or non-finite'}}",failed,1,0,2,False,0,[],False,False,False,4
MCM_102_596a5033,"{'a': 1, 'b': 0, 'c': 2}",{'points': []},"{'formula': 'sqrt(x)/(x + 2)', 'latex': '\\frac{\\sqrt{x}}{x + 2}', 'properties': {'singularities': ['-2'], 'is_periodic': False, 'domain': 'Interval(0, oo)', 'error': 'Values out of bounds or non-finite'}}",failed,1,0,2,False,0,[],False,False,False,4
MCM_102_bbe2ae87,"{'a': 1, 'b': 0, 'c': 2}",{'points': []},"{'formula': '(x + 4)/(x - 1)', 'latex': '\\frac{x + 4}{x - 1}', 'properties': {'singularities': ['1'], 'is_periodic': False, 'domain': 'Union(Interval.open(-oo, 1), Interval.open(1, oo))', 'error': 'Values out of bounds or non-finite'}}",failed,1,0,2,False,0,[],False,False,False,4
MCM_102_a5845351,"{'a': 1, 'b': 0, 'c': 2}",{'points': []},"{'formula': '2*x/(x - 2)', 'latex': '\\frac{2 x}{x - 2}', 'properties': {'singularities': ['2'], 'is_periodic': False, 'domain': 'Union(Interval.open(-oo, 2), Interval.open(2, oo))', 'error': 'Values out of bounds or non-finite'}}",failed,1,0,2,False,0,[],False,False,False,3
MCM_102_df3fbcd2,"{'a': 1, 'b': 0, 'c': 2}",{'points': []},"{'formula': 'x**2/(x - 2)', 'latex': '\\frac{x^{2}}{x - 2}', 'properties': {'singularities': ['2'], 'is_periodic': False, 'domain': 'Union(Interval.open(-oo, 2), Interval.open(2, oo))', 'error': 'Values out of bounds or non-finite'}}",failed,1,0,2,False,0,[],False,False,False,4
MCM_102_0a0a7ba2,"{'a': 1, 'b': 0, 'c': 2}",{'points': []},"{'formula': 'x**2/(x + 2)', 'latex': '\\frac{x^{2}}{x + 2}', 'properties': {'singularities': ['-2'], 'is_periodic': False, 'domain': 'Union(Interval.open(-oo, -2), Interval.open(-2, oo))', 'error': 'Values out of bounds or non-finite'}}",failed,1,0,2,False,0,[],False,False,False,4
MCM_102_ef6afd61,"{'a': 1, 'b': 0, 'c': 2}",{'points': []},"{'formula': '8/(x - 2)', 'latex': '\\frac{8}{x - 2}', 'properties': {'singularities': ['2'], 'is_periodic': False, 'domain': 'Union(Interval.open(-oo, 2), Interval.open(2, oo))', 'error': 'Values out of bounds or non-finite'}}",failed,1,0,2,False,0,[],False,False,False,3
MCM_102_28e5e790,"{'a': 1, 'b': 0, 'c': 2}",{'points': []},"{'formula': '9/x', 'latex': '\\frac{9}{x}', 'properties': {'singularities': ['0'], 'is_periodic': False, 'domain': 'Union(Interval.open(-oo, 0), Interval.open(0, oo))', 'error': 'Values out of bounds or non-finite'}}",failed,1,0,2,False,0,[],False,False,False,2
MCM_102_ceb88ca7,"{'a': 1, 'b': 0, 'c': 2}",{'points': []},"{'formula': '(x + 3)/(x + 2)', 'latex': '\\frac{x + 3}{x + 2}', 'properties': {'singularities': ['-2'], 'is_periodic': False, 'domain': 'Union(Interval.open(-oo, -2), Interval.open(-2, oo))', 'error': 'Values out of bounds or non-finite'}}",failed,1,0,2,False,0,[],False,False,False,4
MCM_102_dc8bbe2a,"{'a': 1, 'b': 0, 'c': 2}",{'points': []},"{'formula': 'x**2/(x + 1)', 'latex': '\\frac{x^{2}}{x + 1}', 'properties': {'singularities': ['-1'], 'is_periodic': False, 'domain': 'Union(Interval.open(-oo, -1), Interval.open(-1, oo))', 'error': 'Values out of bounds or non-finite'}}",failed,1,0,2,False,0,[],False,False,False,4
MCM_111_7695a8bb,"{'a': 1, 'b': 1, 'c': 1}",{'points': []},"{'formula': 'tan(log(x))', 'latex': '\\tan{\\left(\\log{\\left(x \\right)} \\right)}', 'properties': {'singularities': ['complex_or_infinite'], 'is_periodic': False, 'domain': 'Complement(Interval.open(0, oo), Union(ImageSet(Lambda(_n, exp(2*_n*pi + pi/2)), Integers), ImageSet(Lambda(_n, exp(2*_n*pi + 3*pi/2)), Integers)))', 'error': 'Values out of bounds or non-finite'}}",failed,1,1,1,False,1,[],False,False,False,2
MCM_112_2cbcf865,"{'a': 1, 'b': 1, 'c': 2}",{'points': []},"{'formula': '1/sin(x)', 'latex': '\\frac{1}{\\sin{\\left(x \\right)}}', 'properties': {'singularities': ['complex_or_infinite'], 'is_periodic': True, 'domain': 'Complement(Reals, Union(ImageSet(Lambda(_n, 2*_n*pi), Integers), ImageSet(Lambda(_n, 2*_n*pi + pi), Integers)))', 'period_value': '2*pi', 'error': 'Values out of bounds or non-finite'}}",failed,1,1,2,False,1,[],False,False,False,2
MCM_112_f39f1849,"{'a': 1, 'b': 1, 'c': 2}",{'points': []},"{'formula': 'exp(x)/(x - 2)', 'latex': '\\frac{e^{x}}{x - 2}', 'properties': {'singularities': ['2'], 'is_periodic': False, 'domain': 'Union(Interval.open(-oo, 2), Interval.open(2, oo))', 'error': 'Values out of bounds or non-finite'}}",failed,1,1,2,False,1,[],False,False,False,4
MCM_112_d8ee1e39,"{'a': 1, 'b': 1, 'c': 2}",{'points': []},"{'formula': 'exp(x)/(x - 1)', 'latex': '\\frac{e^{x}}{x - 1}', 'properties': {'singularities': ['1'], 'is_periodic': False, 'domain': 'Union(Interval.open(-oo, 1), Interval.open(1, oo))', 'error': 'Values out of bounds or non-finite'}}",failed,1,1,2,False,1,[],False,False,False,4
MCM_112_c5e76fab,"{'a': 1, 'b': 1, 'c': 2}",{'points': []},"{'formula': '2*x/(x + 2)', 'latex': '\\frac{2 x}{x + 2}', 'properties': {'singularities': ['-2'], 'is_periodic': False, 'domain': 'Union(Interval.open(-oo, -2), Interval.open(-2, oo))', 'error': 'Values out of bounds or non-finite'}}",failed,1,1,2,False,0,[],False,True,False,3
MCM_112_bc69837a,"{'a': 1, 'b': 1, 'c': 2}",{'points': []},"{'formula': 'log(x)/(x + 1)', 'latex': '\\frac{\\log{\\left(x \\right)}}{x + 1}', 'properties': {'singularities': ['-1', '0'], 'is_periodic': False, 'domain': 'Interval.open(0, oo)', 'error': 'Values out of bounds or non-finite'}}",failed,1,1,2,False,1,[],False,False,False,4
MCM_112_417c198c,"{'a': 1, 'b': 1, 'c': 2}",{'points': []},"{'formula': 'tan(x)/x', 'latex': '\\frac{\\tan{\\left(x \\right)}}{x}', 'properties': {'singularities': ['complex_or_infinite'], 'is_periodic': False, 'domain': 'Union(Complement(Interval.open(-oo, 0), Union(ImageSet(Lambda(_n, 2*_n*pi + pi/2), Integers), ImageSet(Lambda(_n, 2*_n*pi + 3*pi/2), Integers))), Complement(Interval.open(0, oo), Union(ImageSet(Lambda(_n, 2*_n*pi + pi/2), Integers), ImageSet(Lambda(_n, 2*_n*pi + 3*pi/2), Integers))))', 'error': 'Values out of bounds or non-finite'}}",failed,1,1,2,False,1,[],False,False,False,3
MCM_112_61b9e6ed,"{'a': 1, 'b': 1, 'c': 2}",{'points': []},"{'formula': '2*x/(x - 1)', 'latex': '\\frac{2 x}{x - 1}', 'properties': {'singularities': ['1'], 'is_periodic': False, 'domain': 'Union(Interval.open(-oo, 1), Interval.open(1, oo))', 'error': 'Values out of bounds or non-finite'}}",failed,1,1,2,False,0,[],False,True,False,3
MCM_112_e62515f5,"{'a': 1, 'b': 1, 'c': 2}",{'points': []},"{'formula': 'cos(x)/x', 'latex': '\\frac{\\cos{\\left(x \\right)}}{x}', 'properties': {'singularities': ['0'], 'is_periodic': False, 'domain': 'Union(Interval.open(-oo, 0), Interval.open(0, oo))', 'error': 'Values out of bounds or non-finite'}}",failed,1,1,2,False,1,[],False,False,False,3
MCM_112_eefb36fd,"{'a': 1, 'b': 1, 'c': 2}",{'points': []},"{'formula': 'log(x)/(x - 1)', 'latex': '\\frac{\\log{\\left(x \\right)}}{x - 1}', 'properties': {'singularities': ['0', '1'], 'is_periodic': False, 'domain': 'Union(Interval.open(0, 1), Interval.open(1, oo))', 'error': 'Values out of bounds or non-finite'}}",failed,1,1,2,False,1,[],False,False,False,4
MCM_113_50519fa6,"{'a': 1, 'b': 1, 'c': 3}",{'points': []},"{'formula': 'log(cos(x))', 'latex': '\\log{\\left(\\cos{\\left(x \\right)} \\right)}', 'properties': {'singularities': ['complex_or_infinite'], 'is_periodic': True, 'domain': 'Union(Complement(Interval.Ropen(0, pi/2), Union(ImageSet(Lambda(_n, 2*_n*pi + pi/2), Integers), ImageSet(Lambda(_n, 2*_n*pi + 3*pi/2), Integers))), Complement(Interval.open(3*pi/2, 2*pi), Union(ImageSet(Lambda(_n, 2*_n*pi + pi/2), Integers), ImageSet(Lambda(_n, 2*_n*pi + 3*pi/2), Integers))))', 'period_value': '2*pi', 'error': 'Values out of bounds or non-finite'}}",failed,1,1,3,False,1,[],False,False,False,2
MCM_121_b8a00b21,"{'a': 1, 'b': 2, 'c': 1}",{'points': []},"{'formula': 'gamma(Abs(x) + 1)', 'latex': '\\Gamma\\left(\\left|{x}\\right| + 1\\right)', 'properties': {'singularities': ['complex_or_infinite'], 'is_periodic': False, 'domain': 'analysis_timeout', 'error': 'only length-1 arrays can be converted to Python scalars'}}",failed,1,2,1,False,3,['gamma'],True,False,False,3
MCM_122_25c00cf6,"{'a': 1, 'b': 2, 'c': 2}",{'points': []},"{'formula': 'floor(x)/(x - 1)', 'latex': '\\frac{\\left\\lfloor{x}\\right\\rfloor}{x - 1}', 'properties': {'singularities': ['1'], 'is_periodic': False, 'domain': 'analysis_timeout', 'error': 'Values out of bounds or non-finite'}}",failed,1,2,2,False,2,[],False,False,False,4
MCM_122_24552708,"{'a': 1, 'b': 2, 'c': 2}",{'points': []},"{'formula': 'Abs(x)/(x + 1.5)', 'latex': '\\frac{\\left|{x}\\right|}{x + 1.5}', 'properties': {'singularities': ['-1.50000000000000'], 'is_periodic': False, 'domain': 'Union(Interval.open(-oo, -1.50000000000000), Interval.open(-1.50000000000000, oo))', 'error': 'Values out of bounds or non-finite'}}",failed,1,2,2,False,2,[],False,False,False,4
MCM_122_de5455b1,"{'a': 1, 'b': 2, 'c': 2}",{'points': []},"{'formula': 'tan(x)/(x - 2)', 'latex': '\\frac{\\tan{\\left(x \\right)}}{x - 2}', 'properties': {'singularities': ['complex_or_infinite'], 'is_periodic': False, 'domain': 'Union(Complement(Interval.open(-oo, 2), Union(ImageSet(Lambda(_n, 2*_n*pi + pi/2), Integers), ImageSet(Lambda(_n, 2*_n*pi + 3*pi/2), Integers))), Complement(Interval.open(2, oo), Union(ImageSet(Lambda(_n, 2*_n*pi + pi/2), Integers), ImageSet(Lambda(_n, 2*_n*pi + 3*pi/2), Integers))))', 'error': 'Values out of bounds or non-finite'}}",failed,1,2,2,False,1,[],False,True,False,4
MCM_122_ebd65045,"{'a': 1, 'b': 2, 'c': 2}",{'points': []},"{'formula': 'log(x)/(x + 2)', 'latex': '\\frac{\\log{\\left(x \\right)}}{x + 2}', 'properties': {'singularities': ['-2', '0'], 'is_periodic': False, 'domain': 'Interval.open(0, oo)', 'error': 'Values out of bounds or non-finite'}}",failed,1,2,2,False,1,[],False,True,False,4
MCM_122_b47e1a69,"{'a': 1, 'b': 2, 'c': 2}",{'points': []},"{'formula': 'cos(x)/(x - 1)', 'latex': '\\frac{\\cos{\\left(x \\right)}}{x - 1}', 'properties': {'singularities': ['1'], 'is_periodic': False, 'domain': 'Union(Interval.open(-oo, 1), Interval.open(1, oo))', 'error': 'Values out of bounds or non-finite'}}",failed,1,2,2,False,1,[],False,True,False,4
MCM_122_6cd76654,"{'a': 1, 'b': 2, 'c': 2}",{'points': []},"{'formula': 'gamma(x + 1)/(x + 2)', 'latex': '\\frac{\\Gamma\\left(x + 1\\right)}{x + 2}', 'properties': {'singularities': ['-2'], 'is_periodic': False, 'domain': 'analysis_timeout', 'error': 'only length-1 arrays can be converted to Python scalars'}}",failed,1,2,2,False,3,['gamma'],True,False,False,5
MCM_122_cd6f4231,"{'a': 1, 'b': 2, 'c': 2}",{'points': []},"{'formula': 'log(x)/(x - 2)', 'latex': '\\frac{\\log{\\left(x \\right)}}{x - 2}', 'properties': {'singularities': ['0', '2'], 'is_periodic': False, 'domain': 'Union(Interval.open(0, 2), Interval.open(2, oo))', 'error': 'Values out of bounds or non-finite'}}",failed,1,2,2,False,1,[],False,True,False,4
MCM_122_f19d6677,"{'a': 1, 'b': 2, 'c': 2}",{'points': []},"{'formula': 'cos(x)/(x + 1)', 'latex': '\\frac{\\cos{\\left(x \\right)}}{x + 1}', 'properties': {'singularities': ['-1'], 'is_periodic': False, 'domain': 'Union(Interval.open(-oo, -1), Interval.open(-1, oo))', 'error': 'Values out of bounds or non-finite'}}",failed,1,2,2,False,1,[],False,True,False,4
MCM_122_b61033fe,"{'a': 1, 'b': 2, 'c': 2}",{'points': []},"{'formula': 'cos(x)/(x - 2)', 'latex': '\\frac{\\cos{\\left(x \\right)}}{x - 2}', 'properties': {'singularities': ['2'], 'is_periodic': False, 'domain': 'Union(Interval.open(-oo, 2), Interval.open(2, oo))', 'error': 'Values out of bounds or non-finite'}}",failed,1,2,2,False,1,[],False,True,False,4
MCM_123_947c5791,"{'a': 1, 'b': 2, 'c': 3}",{'points': []},"{'formula': 'gamma(x**2 + 1)', 'latex': '\\Gamma\\left(x^{2} + 1\\right)', 'properties': {'singularities': ['complex_or_infinite'], 'is_periodic': False, 'domain': 'analysis_timeout', 'error': 'only length-1 arrays can be converted to Python scalars'}}",failed,1,2,3,False,3,['gamma'],True,False,False,3
MCM_123_12525c92,"{'a': 1, 'b': 2, 'c': 3}",{'points': []},"{'formula': 'cos(sqrt(x))', 'latex': '\\cos{\\left(\\sqrt{x} \\right)}', 'properties': {'singularities': ['complex_or_infinite'], 'is_periodic': False, 'domain': 'Interval(0, oo)', 'error': 'Values out of bounds or non-finite'}}",failed,1,2,3,False,1,[],False,True,False,2
MCM_130_cf40da08,"{'a': 1, 'b': 3, 'c': 0}",{'points': []},"{'formula': 'Abs(sin(x))', 'latex': '\\left|{\\sin{\\left(x \\right)}}\\right|', 'properties': {'singularities': ['complex_or_infinite'], 'is_periodic': True, 'domain': 'Reals', 'period_value': 'pi', 'error': 'Timeout'}}",failed,1,3,0,False,2,[],False,True,True,2
MCM_131_c0cee023,"{'a': 1, 'b': 3, 'c': 1}",{'points': []},"{'formula': 'gamma(2*x)', 'latex': '\\Gamma\\left(2 x\\right)', 'properties': {'singularities': ['complex_or_infinite'], 'is_periodic': False, 'domain': 'analysis_timeout', 'error': 'only length-1 arrays can be converted to Python scalars'}}",failed,1,3,1,False,3,[],False,False,False,2
MCM_131_3d80da3b,"{'a': 1, 'b': 3, 'c': 1}",{'points': []},"{'formula': 'tan(erf(x))', 'latex': '\\tan{\\left(\\operatorname{erf}{\\left(x \\right)} \\right)}', 'properties': {'singularities': ['complex_or_infinite'], 'is_periodic': False, 'domain': 'analysis_timeout', 'error': 'only length-1 arrays can be converted to Python scalars'}}",failed,1,3,1,False,3,[],False,False,False,2
MCM_131_5cd3544d,"{'a': 1, 'b': 3, 'c': 1}",{'points': []},"{'formula': 'erf(besselj(1, x))', 'latex': '\\operatorname{erf}{\\left(J_{1}\\left(x\\right) \\right)}', 'properties': {'singularities': ['complex_or_infinite'], 'is_periodic': True, 'domain': 'analysis_timeout', 'period_value': '0', 'error': ""name 'besselj' is not defined""}}",failed,1,3,1,False,3,[],False,False,False,2
MCM_131_5b97b588,"{'a': 1, 'b': 3, 'c': 1}",{'points': []},"{'formula': 'besselj(1, factorial(x))', 'latex': 'J_{1}\\left(x!\\right)', 'properties': {'singularities': ['complex_or_infinite'], 'is_periodic': True, 'domain': 'analysis_timeout', 'period_value': '0', 'error': ""name 'besselj' is not defined""}}",failed,1,3,1,False,3,[],False,False,False,2
MCM_131_d5a98784,"{'a': 1, 'b': 3, 'c': 1}",{'points': []},"{'formula': 'zeta(log(x))', 'latex': '\\zeta\\left(\\log{\\left(x \\right)}\\right)', 'properties': {'singularities': ['0'], 'is_periodic': False, 'domain': 'analysis_timeout', 'error': ""name 'zeta' is not defined""}}",failed,1,3,1,False,3,[],False,False,False,2
MCM_131_e56690aa,"{'a': 1, 'b': 3, 'c': 1}",{'points': []},"{'formula': '-(cos(x)*besselj(0, cos(x)) - 2*besselj(1, cos(x)))/cos(x)', 'latex': '- \\frac{\\cos{\\left(x \\right)} J_{0}\\left(\\cos{\\left(x \\right)}\\right) - 2 J_{1}\\left(\\cos{\\left(x \\right)}\\right)}{\\cos{\\left(x \\right)}}', 'properties': {'singularities': ['complex_or_infinite'], 'is_periodic': True, 'domain': 'analysis_timeout', 'period_value': '2*pi', 'error': ""name 'besselj' is not defined""}}",failed,1,3,1,False,3,[],False,False,False,8
MCM_131_dbeb89bc,"{'a': 1, 'b': 3, 'c': 1}",{'points': []},"{'formula': 'sin(gamma(x))', 'latex': '\\sin{\\left(\\Gamma\\left(x\\right) \\right)}', 'properties': {'singularities': ['complex_or_infinite'], 'is_periodic': False, 'domain': 'analysis_timeout', 'error': 'only length-1 arrays can be converted to Python scalars'}}",failed,1,3,1,False,3,[],False,False,False,2
MCM_131_94656362,"{'a': 1, 'b': 3, 'c': 1}",{'points': []},"{'formula': 'erf(Abs(x))', 'latex': '\\operatorname{erf}{\\left(\\left|{x}\\right| \\right)}', 'properties': {'singularities': ['complex_or_infinite'], 'is_periodic': False, 'domain': 'analysis_timeout', 'error': 'only length-1 arrays can be converted to Python scalars'}}",failed,1,3,1,False,3,[],False,False,False,2
MCM_132_8a2c970f,"{'a': 1, 'b': 3, 'c': 2}",{'points': []},"{'formula': 'zeta(x + 1.1)', 'latex': '\\zeta\\left(x + 1.1\\right)', 'properties': {'singularities': ['complex_or_infinite'], 'is_periodic': False, 'domain': 'analysis_timeout', 'error': ""name 'zeta' is not defined""}}",failed,1,3,2,False,3,[],False,False,False,2
MCM_132_f9e14d04,"{'a': 1, 'b': 3, 'c': 2}",{'points': []},"{'formula': '1/gamma(x)', 'latex': '\\frac{1}{\\Gamma\\left(x\\right)}', 'properties': {'singularities': ['complex_or_infinite'], 'is_periodic': False, 'domain': 'analysis_timeout', 'error': 'only length-1 arrays can be converted to Python scalars'}}",failed,1,3,2,False,3,[],False,False,False,2
MCM_132_a55bad78,"{'a': 1, 'b': 3, 'c': 2}",{'points': []},"{'formula': 'zeta(x)/(x + 2)', 'latex': '\\frac{\\zeta\\left(x\\right)}{x + 2}', 'properties': {'singularities': ['-2'], 'is_periodic': False, 'domain': 'analysis_timeout', 'error': ""name 'zeta' is not defined""}}",failed,1,3,2,False,3,[],False,False,False,4
MCM_132_79a614fe,"{'a': 1, 'b': 3, 'c': 2}",{'points': []},"{'formula': 'zeta(x)/(x + 1)', 'latex': '\\frac{\\zeta\\left(x\\right)}{x + 1}', 'properties': {'singularities': ['-1'], 'is_periodic': False, 'domain': 'analysis_timeout', 'error': ""name 'zeta' is not defined""}}",failed,1,3,2,False,3,[],False,False,False,4
MCM_132_ab8d2b3f,"{'a': 1, 'b': 3, 'c': 2}",{'points': []},"{'formula': 'zeta(5)/(x - 2)', 'latex': '\\frac{\\zeta\\left(5\\right)}{x - 2}', 'properties': {'singularities': ['2'], 'is_periodic': False, 'domain': 'Union(Interval.open(-oo, 2), Interval.open(2, oo))', 'error': ""name 'zeta' is not defined""}}",failed,1,3,2,False,3,[],False,False,False,4
MCM_132_fde69243,"{'a': 1, 'b': 3, 'c': 2}",{'points': []},"{'formula': 'erf(x)/(x + 1)', 'latex': '\\frac{\\operatorname{erf}{\\left(x \\right)}}{x + 1}', 'properties': {'singularities': ['-1'], 'is_periodic': False, 'domain': 'analysis_timeout', 'error': 'only length-1 arrays can be converted to Python scalars'}}",failed,1,3,2,False,3,[],False,False,False,4
MCM_132_1ed41f4a,"{'a': 1, 'b': 3, 'c': 2}",{'points': []},"{'formula': 'erf(x)/x', 'latex': '\\frac{\\operatorname{erf}{\\left(x \\right)}}{x}', 'properties': {'singularities': ['0'], 'is_periodic': False, 'domain': 'analysis_timeout', 'error': 'only length-1 arrays can be converted to Python scalars'}}",failed,1,3,2,False,3,[],False,False,False,3
MCM_132_02f8e06f,"{'a': 1, 'b': 3, 'c': 2}",{'points': []},"{'formula': 'sin(x)/x', 'latex': '\\frac{\\sin{\\left(x \\right)}}{x}', 'properties': {'singularities': ['0'], 'is_periodic': False, 'domain': 'Union(Interval.open(-oo, 0), Interval.open(0, oo))', 'error': 'Values out of bounds or non-finite'}}",failed,1,3,2,False,1,[],False,True,False,3
MCM_132_fff80897,"{'a': 1, 'b': 3, 'c': 2}",{'points': []},"{'formula': '2/(x + 2)', 'latex': '\\frac{2}{x + 2}', 'properties': {'singularities': ['-2'], 'is_periodic': False, 'domain': 'Union(Interval.open(-oo, -2), Interval.open(-2, oo))', 'error': 'Values out of bounds or non-finite'}}",failed,1,3,2,False,0,[],False,True,False,3
MCM_132_8dc3a422,"{'a': 1, 'b': 3, 'c': 2}",{'points': []},"{'formula': 'gamma(x + 1)/(x + 1)', 'latex': '\\frac{\\Gamma\\left(x + 1\\right)}{x + 1}', 'properties': {'singularities': ['-1'], 'is_periodic': False, 'domain': 'analysis_timeout', 'error': 'only length-1 arrays can be converted to Python scalars'}}",failed,1,3,2,False,3,[],False,False,False,4
MCM_132_395949e9,"{'a': 1, 'b': 3, 'c': 2}",{'points': []},"{'formula': '5*x/(x + 2)', 'latex': '\\frac{5 x}{x + 2}', 'properties': {'singularities': ['-2'], 'is_periodic': False, 'domain': 'Union(Interval.open(-oo, -2), Interval.open(-2, oo))', 'error': 'Values out of bounds or non-finite'}}",failed,1,3,2,False,0,[],False,True,False,3
MCM_132_72ed15de,"{'a': 1, 'b': 3, 'c': 2}",{'points': []},"{'formula': 'besselj(2, x)/(x - 2)', 'latex': '\\frac{J_{2}\\left(x\\right)}{x - 2}', 'properties': {'singularities': ['2'], 'is_periodic': False, 'domain': 'analysis_timeout', 'error': ""name 'besselj' is not defined""}}",failed,1,3,2,False,3,[],False,False,False,4
MCM_133_68a8843a,"{'a': 1, 'b': 3, 'c': 3}",{'points': []},"{'formula': 'besselj(1, erf(x))', 'latex': 'J_{1}\\left(\\operatorname{erf}{\\left(x \\right)}\\right)', 'properties': {'singularities': ['complex_or_infinite'], 'is_periodic': True, 'domain': 'analysis_timeout', 'period_value': '0', 'error': ""name 'besselj' is not defined""}}",failed,1,3,3,False,3,[],False,False,False,2
MCM_133_3b20981b,"{'a': 1, 'b': 3, 'c': 3}",{'points': []},"{'formula': 'besselj(1, x)', 'latex': 'J_{1}\\left(x\\right)', 'properties': {'singularities': ['complex_or_infinite'], 'is_periodic': True, 'domain': 'analysis_timeout', 'period_value': '0', 'error': ""name 'besselj' is not defined""}}",failed,1,3,3,False,3,[],False,False,False,1
MCM_201_dcd60e9e,"{'a': 2, 'b': 0, 'c': 1}",{'points': []},"{'formula': '3*sqrt(x) + x**2', 'latex': '3 \\sqrt{x} + x^{2}', 'properties': {'singularities': ['complex_or_infinite'], 'is_periodic': False, 'domain': 'Interval(0, oo)', 'error': 'Values out of bounds or non-finite'}}",failed,2,0,1,False,0,[],False,False,False,4
MCM_201_4df9fb9b,"{'a': 2, 'b': 0, 'c': 1}",{'points': []},"{'formula': 'x**4*sqrt(x**3)', 'latex': 'x^{4} \\sqrt{x^{3}}', 'properties': {'singularities': ['complex_or_infinite'], 'is_periodic': False, 'domain': 'Interval(0, oo)', 'error': 'Values out of bounds or non-finite'}}",failed,2,0,1,False,0,[],False,False,False,4
MCM_202_d2c1ed7d,"{'a': 2, 'b': 0, 'c': 2}",{'points': []},"{'formula': '(x**2 + 1)/(x*(x - 2))', 'latex': '\\frac{x^{2} + 1}{x \\left(x - 2\\right)}', 'properties': {'singularities': ['0', '2'], 'is_periodic': False, 'domain': 'Union(Interval.open(-oo, 0), Interval.open(0, 2), Interval.open(2, oo))', 'error': 'Values out of bounds or non-finite'}}",failed,2,0,2,False,0,[],False,False,False,6
MCM_202_d4e0e696,"{'a': 2, 'b': 0, 'c': 2}",{'points': []},"{'formula': '1/(x**3 - x)', 'latex': '\\frac{1}{x^{3} - x}', 'properties': {'singularities': ['-1', '0', '1'], 'is_periodic': False, 'domain': 'Union(Interval.open(-oo, -1), Interval.open(-1, 0), Interval.open(0, 1), Interval.open(1, oo))', 'error': 'Values out of bounds or non-finite'}}",failed,2,0,2,False,0,[],False,False,False,4
MCM_202_ddbd9f44,"{'a': 2, 'b': 0, 'c': 2}",{'points': []},"{'formula': 'x**6/(x - 2)', 'latex': '\\frac{x^{6}}{x - 2}', 'properties': {'singularities': ['2'], 'is_periodic': False, 'domain': 'Union(Interval.open(-oo, 2), Interval.open(2, oo))', 'error': 'Values out of bounds or non-finite'}}",failed,2,0,2,False,0,[],False,False,False,4
MCM_202_957923b2,"{'a': 2, 'b': 0, 'c': 2}",{'points': []},"{'formula': '8*x**2/(x + 2)', 'latex': '\\frac{8 x^{2}}{x + 2}', 'properties': {'singularities': ['-2'], 'is_periodic': False, 'domain': 'Union(Interval.open(-oo, -2), Interval.open(-2, oo))', 'error': 'Values out of bounds or non-finite'}}",failed,2,0,2,False,0,[],False,False,False,4
MCM_202_efb273e5,"{'a': 2, 'b': 0, 'c': 2}",{'points': []},"{'formula': '7*x/(x + 2)', 'latex': '\\frac{7 x}{x + 2}', 'properties': {'singularities': ['-2'], 'is_periodic': False, 'domain': 'Union(Interval.open(-oo, -2), Interval.open(-2, oo))', 'error': 'Values out of bounds or non-finite'}}",failed,2,0,2,False,0,[],False,False,False,3
MCM_202_b0e64b9f,"{'a': 2, 'b': 0, 'c': 2}",{'points': []},"{'formula': '8*x**3/(x - 1)', 'latex': '\\frac{8 x^{3}}{x - 1}', 'properties': {'singularities': ['1'], 'is_periodic': False, 'domain': 'Union(Interval.open(-oo, 1), Interval.open(1, oo))', 'error': 'Values out of bounds or non-finite'}}",failed,2,0,2,False,0,[],False,False,False,4
MCM_202_5cf9c8fe,"{'a': 2, 'b': 0, 'c': 2}",{'points': []},"{'formula': '14142135623731*sqrt(x)/(10000000000000*(x + 2))', 'latex': '\\frac{14142135623731 \\sqrt{x}}{10000000000000 \\left(x + 2\\right)}', 'properties': {'singularities': ['-2'], 'is_periodic': False, 'domain': 'Interval(0, oo)', 'error': 'Values out of bounds or non-finite'}}",failed,2,0,2,False,0,[],False,False,False,5
MCM_202_04aa2b68,"{'a': 2, 'b': 0, 'c': 2}",{'points': []},"{'formula': 'x**(5/2)/(x + 1)', 'latex': '\\frac{x^{\\frac{5}{2}}}{x + 1}', 'properties': {'singularities': ['-1'], 'is_periodic': False, 'domain': 'Interval(0, oo)', 'error': 'Values out of bounds or non-finite'}}",failed,2,0,2,False,0,[],False,False,False,4
MCM_202_7e08963c,"{'a': 2, 'b': 0, 'c': 2}",{'points': []},"{'formula': '223606797749979*x/(50000000000000*(x - 1))', 'latex': '\\frac{223606797749979 x}{50000000000000 \\left(x - 1\\right)}', 'properties': {'singularities': ['1'], 'is_periodic': False, 'domain': 'Union(Interval.open(-oo, 1), Interval.open(1, oo))', 'error': 'Values out of bounds or non-finite'}}",failed,2,0,2,False,0,[],False,False,False,4
MCM_202_128a7ac8,"{'a': 2, 'b': 0, 'c': 2}",{'points': []},"{'formula': '8*x**3/(x - 2)', 'latex': '\\frac{8 x^{3}}{x - 2}', 'properties': {'singularities': ['2'], 'is_periodic': False, 'domain': 'Union(Interval.open(-oo, 2), Interval.open(2, oo))', 'error': 'Values out of bounds or non-finite'}}",failed,2,0,2,False,0,[],False,False,False,4
MCM_203_8729b0d5,"{'a': 2, 'b': 0, 'c': 3}",{'points': []},"{'formula': 'x**(5/2)*(x + 2)**3', 'latex': 'x^{\\frac{5}{2}} \\left(x + 2\\right)^{3}', 'properties': {'singularities': ['complex_or_infinite'], 'is_periodic': False, 'domain': 'Interval(0, oo)', 'error': 'Values out of bounds or non-finite'}}",failed,2,0,3,False,0,[],False,False,False,4
MCM_203_1cf4fb20,"{'a': 2, 'b': 0, 'c': 3}",{'points': []},"{'formula': '(x**3)**(1/4)', 'latex': '\\sqrt[4]{x^{3}}', 'properties': {'singularities': ['complex_or_infinite'], 'is_periodic': False, 'domain': 'Interval(0, oo)', 'error': 'Values out of bounds or non-finite'}}",failed,2,0,3,False,0,[],False,False,False,2
MCM_203_fcf69f5e,"{'a': 2, 'b': 0, 'c': 3}",{'points': []},"{'formula': 'x**18', 'latex': 'x^{18}', 'properties': {'singularities': ['complex_or_infinite'], 'is_periodic': False, 'domain': 'Reals', 'error': 'Values out of bounds or non-finite'}}",failed,2,0,3,False,0,[],False,False,False,1
MCM_203_cddfa973,"{'a': 2, 'b': 0, 'c': 3}",{'points': []},"{'formula': '223606797749979*sqrt(x)/100000000000000 + 4*x**2', 'latex': '\\frac{223606797749979 \\sqrt{x}}{100000000000000} + 4 x^{2}', 'properties': {'singularities': ['complex_or_infinite'], 'is_periodic': False, 'domain': 'Interval(0, oo)', 'error': 'Values out of bounds or non-finite'}}",failed,2,0,3,False,0,[],False,False,False,5
MCM_203_fb86b0a7,"{'a': 2, 'b': 0, 'c': 3}",{'points': []},"{'formula': 'sqrt(x*(x + 2))', 'latex': '\\sqrt{x \\left(x + 2\\right)}', 'properties': {'singularities': ['complex_or_infinite'], 'is_periodic': False, 'domain': 'Union(Interval(-oo, -2), Interval(0, oo))', 'error': 'Values out of bounds or non-finite'}}",failed,2,0,3,False,0,[],False,False,False,3
MCM_203_45631e1e,"{'a': 2, 'b': 0, 'c': 3}",{'points': []},"{'formula': 'sqrt(x*(x**2 + 2))', 'latex': '\\sqrt{x \\left(x^{2} + 2\\right)}', 'properties': {'singularities': ['complex_or_infinite'], 'is_periodic': False, 'domain': 'Interval(0, oo)', 'error': 'Values out of bounds or non-finite'}}",failed,2,0,3,False,0,[],False,False,False,5
MCM_210_b3add3d7,"{'a': 2, 'b': 1, 'c': 0}",{'points': []},"{'formula': '3*x*sin(x) + log(x**2)', 'latex': '3 x \\sin{\\left(x \\right)} + \\log{\\left(x^{2} \\right)}', 'properties': {'singularities': ['0'], 'is_periodic': False, 'domain': 'Union(Interval.open(-oo, 0), Interval.open(0, oo))', 'error': 'Values out of bounds or non-finite'}}",failed,2,1,0,False,1,[],False,False,True,5
MCM_212_6976c0ff,"{'a': 2, 'b': 1, 'c': 2}",{'points': []},"{'formula': 'log(Abs(x - 1))', 'latex': '\\log{\\left(\\left|{x - 1}\\right| \\right)}', 'properties': {'singularities': ['analysis_error'], 'is_periodic': False, 'domain': 'Union(Interval.open(-oo, 1), Interval.open(1, oo))', 'error': 'Values out of bounds or non-finite'}}",failed,2,1,2,False,2,['Abs'],True,False,False,3
MCM_212_74136907,"{'a': 2, 'b': 1, 'c': 2}",{'points': []},"{'formula': 'log(exp(x))/(x - 1)', 'latex': '\\frac{\\log{\\left(e^{x} \\right)}}{x - 1}', 'properties': {'singularities': ['1'], 'is_periodic': False, 'domain': 'Union(Interval.open(-oo, 1), Interval.open(1, oo))', 'error': 'Values out of bounds or non-finite'}}",failed,2,1,2,False,0,[],False,True,False,3
MCM_212_11906624,"{'a': 2, 'b': 1, 'c': 2}",{'points': []},"{'formula': 'sin(log(x))/(x - 1)', 'latex': '\\frac{\\sin{\\left(\\log{\\left(x \\right)} \\right)}}{x - 1}', 'properties': {'singularities': ['0', '1'], 'is_periodic': False, 'domain': 'Union(Interval.open(0, 1), Interval.open(1, oo))', 'error': 'Values out of bounds or non-finite'}}",failed,2,1,2,False,1,[],False,False,False,5
MCM_212_2369f241,"{'a': 2, 'b': 1, 'c': 2}",{'points': []},"{'formula': 'cos(tan(x))/(x + 2)', 'latex': '\\frac{\\cos{\\left(\\tan{\\left(x \\right)} \\right)}}{x + 2}', 'properties': {'singularities': ['complex_or_infinite'], 'is_periodic': False, 'domain': 'Union(Complement(Interval.open(-oo, -2), Union(ImageSet(Lambda(_n, 2*_n*pi + pi/2), Integers), ImageSet(Lambda(_n, 2*_n*pi + 3*pi/2), Integers))), Complement(Interval.open(-2, oo), Union(ImageSet(Lambda(_n, 2*_n*pi + pi/2), Integers), ImageSet(Lambda(_n, 2*_n*pi + 3*pi/2), Integers))))', 'error': 'Values out of bounds or non-finite'}}",failed,2,1,2,False,1,[],False,False,False,5
MCM_212_bdce5ded,"{'a': 2, 'b': 1, 'c': 2}",{'points': []},"{'formula': 'sin(sin(x))/(x + 1)', 'latex': '\\frac{\\sin{\\left(\\sin{\\left(x \\right)} \\right)}}{x + 1}', 'properties': {'singularities': ['-1'], 'is_periodic': False, 'domain': 'Union(Interval.open(-oo, -1), Interval.open(-1, oo))', 'error': 'Values out of bounds or non-finite'}}",failed,2,1,2,False,1,[],False,False,False,5
MCM_212_1a5a3814,"{'a': 2, 'b': 1, 'c': 2}",{'points': []},"{'formula': 'log(log(x))/(x - 1)', 'latex': '\\frac{\\log{\\left(\\log{\\left(x \\right)} \\right)}}{x - 1}', 'properties': {'singularities': ['0', '1'], 'is_periodic': False, 'domain': 'Interval.open(1, oo)', 'error': 'Values out of bounds or non-finite'}}",failed,2,1,2,False,1,[],False,False,False,5
MCM_212_4d719d4c,"{'a': 2, 'b': 1, 'c': 2}",{'points': []},"{'formula': '2*exp(x)/(x + 1)', 'latex': '\\frac{2 e^{x}}{x + 1}', 'properties': {'singularities': ['-1'], 'is_periodic': False, 'domain': 'Union(Interval.open(-oo, -1), Interval.open(-1, oo))', 'error': 'Values out of bounds or non-finite'}}",failed,2,1,2,False,1,[],False,False,False,4
MCM_212_dd360bb5,"{'a': 2, 'b': 1, 'c': 2}",{'points': []},"{'formula': 'tan(sin(x))/(x - 1)', 'latex': '\\frac{\\tan{\\left(\\sin{\\left(x \\right)} \\right)}}{x - 1}', 'properties': {'singularities': ['complex_or_infinite'], 'is_periodic': False, 'domain': 'Union(Complement(Interval.open(-oo, 1), ConditionSet(x, Eq(cos(sin(x)), 0), Reals)), Complement(Interval.open(1, oo), ConditionSet(x, Eq(cos(sin(x)), 0), Reals)))', 'error': 'Values out of bounds or non-finite'}}",failed,2,1,2,False,1,[],False,False,False,5
MCM_212_ed2d5914,"{'a': 2, 'b': 1, 'c': 2}",{'points': []},"{'formula': '(2*x + cos(1))/(x + 2)', 'latex': '\\frac{2 x + \\cos{\\left(1 \\right)}}{x + 2}', 'properties': {'singularities': ['-2'], 'is_periodic': False, 'domain': 'Union(Interval.open(-oo, -2), Interval.open(-2, oo))', 'error': 'Values out of bounds or non-finite'}}",failed,2,1,2,False,1,[],False,False,False,6
MCM_212_42113393,"{'a': 2, 'b': 1, 'c': 2}",{'points': []},"{'formula': 'log(x**2)/(x - 2)', 'latex': '\\frac{\\log{\\left(x^{2} \\right)}}{x - 2}', 'properties': {'singularities': ['0', '2'], 'is_periodic': False, 'domain': 'Union(Interval.open(-oo, 0), Interval.open(0, 2), Interval.open(2, oo))', 'error': 'Values out of bounds or non-finite'}}",failed,2,1,2,False,1,[],False,False,False,5
MCM_212_55e69c80,"{'a': 2, 'b': 1, 'c': 2}",{'points': []},"{'formula': 'exp(5)*log(x)/(x + 2)', 'latex': '\\frac{e^{5} \\log{\\left(x \\right)}}{x + 2}', 'properties': {'singularities': ['-2', '0'], 'is_periodic': False, 'domain': 'Interval.open(0, oo)', 'error': 'Values out of bounds or non-finite'}}",failed,2,1,2,False,1,[],False,False,False,5
MCM_212_cb020fac,"{'a': 2, 'b': 1, 'c': 2}",{'points': []},"{'formula': 'cos(log(x))/(x + 2)', 'latex': '\\frac{\\cos{\\left(\\log{\\left(x \\right)} \\right)}}{x + 2}', 'properties': {'singularities': ['-2', '0'], 'is_periodic': False, 'domain': 'Interval.open(0, oo)', 'error': 'Values out of bounds or non-finite'}}",failed,2,1,2,False,1,[],False,False,False,5
MCM_220_b24a72f9,"{'a': 2, 'b': 2, 'c': 0}",{'points': []},"{'formula': 'log(2*x**2)', 'latex': '\\log{\\left(2 x^{2} \\right)}', 'properties': {'singularities': ['0'], 'is_periodic': False, 'domain': 'Union(Interval.open(-oo, 0), Interval.open(0, oo))', 'error': 'Values out of bounds or non-finite'}}",failed,2,2,0,False,1,[],False,True,True,3
MCM_221_66d07750,"{'a': 2, 'b': 2, 'c': 1}",{'points': []},"{'formula': 'gamma(log(x) + 1)', 'latex': '\\Gamma\\left(\\log{\\left(x \\right)} + 1\\right)', 'properties': {'singularities': ['0'], 'is_periodic': False, 'domain': 'analysis_timeout', 'error': 'only length-1 arrays can be converted to Python scalars'}}",failed,2,2,1,False,3,['gamma'],True,False,False,3
MCM_221_fe6789dd,"{'a': 2, 'b': 2, 'c': 1}",{'points': []},"{'formula': 'gamma(cos(x) + 1)', 'latex': '\\Gamma\\left(\\cos{\\left(x \\right)} + 1\\right)', 'properties': {'singularities': ['complex_or_infinite'], 'is_periodic': True, 'domain': 'analysis_timeout', 'period_value': '2*pi', 'error': 'only length-1 arrays can be converted to Python scalars'}}",failed,2,2,1,False,3,['gamma'],True,False,False,3
MCM_222_2238c987,"{'a': 2, 'b': 2, 'c': 2}",{'points': []},"{'formula': 'Abs(x)/(x - 1)', 'latex': '\\frac{\\left|{x}\\right|}{x - 1}', 'properties': {'singularities': ['1'], 'is_periodic': False, 'domain': 'Union(Interval.open(-oo, 1), Interval.open(1, oo))', 'error': 'Values out of bounds or non-finite'}}",failed,2,2,2,False,2,[],False,False,False,4
MCM_222_a586de97,"{'a': 2, 'b': 2, 'c': 2}",{'points': []},"{'formula': 'factorial(floor(Abs(x)))/(x + 2)', 'latex': '\\frac{\\left(\\left\\lfloor{\\left|{x}\\right|}\\right\\rfloor\\right)!}{x + 2}', 'properties': {'singularities': ['-2'], 'is_periodic': False, 'domain': 'analysis_timeout', 'error': 'Values out of bounds or non-finite'}}",failed,2,2,2,False,2,[],False,False,False,6
MCM_222_e71850d0,"{'a': 2, 'b': 2, 'c': 2}",{'points': []},"{'formula': 'Abs(x + 5)/x', 'latex': '\\frac{\\left|{x + 5}\\right|}{x}', 'properties': {'singularities': ['0'], 'is_periodic': False, 'domain': 'Union(Interval.open(-oo, 0), Interval.open(0, oo))', 'error': 'Values out of bounds or non-finite'}}",failed,2,2,2,False,2,[],False,False,False,4
MCM_222_bcb00fc7,"{'a': 2, 'b': 2, 'c': 2}",{'points': []},"{'formula': 'Abs(floor(x))/x', 'latex': '\\frac{\\left|{\\left\\lfloor{x}\\right\\rfloor}\\right|}{x}', 'properties': {'singularities': ['0'], 'is_periodic': False, 'domain': 'analysis_timeout', 'error': 'Values out of bounds or non-finite'}}",failed,2,2,2,False,2,[],False,False,False,4
MCM_222_3e5ea046,"{'a': 2, 'b': 2, 'c': 2}",{'points': []},"{'formula': '2*Abs(x)/(x + 2)', 'latex': '\\frac{2 \\left|{x}\\right|}{x + 2}', 'properties': {'singularities': ['-2'], 'is_periodic': False, 'domain': 'Union(Interval.open(-oo, -2), Interval.open(-2, oo))', 'error': 'Values out of bounds or non-finite'}}",failed,2,2,2,False,2,[],False,False,False,4
MCM_222_51a2fcd4,"{'a': 2, 'b': 2, 'c': 2}",{'points': []},"{'formula': 'log(floor(x))/(x + 1)', 'latex': '\\frac{\\log{\\left(\\left\\lfloor{x}\\right\\rfloor \\right)}}{x + 1}', 'properties': {'singularities': ['complex_or_infinite'], 'is_periodic': False, 'domain': 'analysis_timeout', 'error': 'Values out of bounds or non-finite'}}",failed,2,2,2,False,2,[],False,False,False,5
MCM_222_72e6f991,"{'a': 2, 'b': 2, 'c': 2}",{'points': []},"{'formula': '(x**2 + Abs(x))/(x + 1)', 'latex': '\\frac{x^{2} + \\left|{x}\\right|}{x + 1}', 'properties': {'singularities': ['-1'], 'is_periodic': False, 'domain': 'Union(Interval.open(-oo, -1), Interval.open(-1, oo))', 'error': 'Values out of bounds or non-finite'}}",failed,2,2,2,False,2,[],False,False,False,6
MCM_222_c7d6c498,"{'a': 2, 'b': 2, 'c': 2}",{'points': []},"{'formula': 'sqrt(tan(x))/(x - 1)', 'latex': '\\frac{\\sqrt{\\tan{\\left(x \\right)}}}{x - 1}', 'properties': {'singularities': ['complex_or_infinite'], 'is_periodic': False, 'domain': 'Union(Complement(Interval.Ropen(0, 1), Union(ImageSet(Lambda(_n, 2*_n*pi + pi/2), Integers), ImageSet(Lambda(_n, 2*_n*pi + 3*pi/2), Integers))), Complement(Interval.open(1, pi/2), Union(ImageSet(Lambda(_n, 2*_n*pi + pi/2), Integers), ImageSet(Lambda(_n, 2*_n*pi + 3*pi/2), Integers))))', 'error': 'Values out of bounds or non-finite'}}",failed,2,2,2,False,1,[],False,True,False,5
MCM_222_c2d78f05,"{'a': 2, 'b': 2, 'c': 2}",{'points': []},"{'formula': 'cos(sin(x))/(x - 1)', 'latex': '\\frac{\\cos{\\left(\\sin{\\left(x \\right)} \\right)}}{x - 1}', 'properties': {'singularities': ['1'], 'is_periodic': False, 'domain': 'Union(Interval.open(-oo, 1), Interval.open(1, oo))', 'error': 'Values out of bounds or non-finite'}}",failed,2,2,2,False,1,[],False,True,False,5
MCM_222_34443913,"{'a': 2, 'b': 2, 'c': 2}",{'points': []},"{'formula': 'gamma(sin(x) + 1)/(x + 2)', 'latex': '\\frac{\\Gamma\\left(\\sin{\\left(x \\right)} + 1\\right)}{x + 2}', 'properties': {'singularities': ['-2'], 'is_periodic': False, 'domain': 'analysis_timeout', 'error': 'only length-1 arrays can be converted to Python scalars'}}",failed,2,2,2,False,3,['gamma'],True,False,False,6
MCM_222_99c70fbb,"{'a': 2, 'b': 2, 'c': 2}",{'points': []},"{'formula': 'tan(exp(x))/(x + 1)', 'latex': '\\frac{\\tan{\\left(e^{x} \\right)}}{x + 1}', 'properties': {'singularities': ['complex_or_infinite'], 'is_periodic': False, 'domain': 'Union(Complement(Interval.open(-oo, -1), Union(ImageSet(Lambda(_n, log(2*_n*pi + pi/2)), Integers), ImageSet(Lambda(_n, log(2*_n*pi + 3*pi/2)), Integers))), Complement(Interval.open(-1, oo), Union(ImageSet(Lambda(_n, log(2*_n*pi + pi/2)), Integers), ImageSet(Lambda(_n, log(2*_n*pi + 3*pi/2)), Integers))))', 'error': 'Values out of bounds or non-finite'}}",failed,2,2,2,False,1,[],False,True,False,5
MCM_222_1a76d6e5,"{'a': 2, 'b': 2, 'c': 2}",{'points': []},"{'formula': 'exp(tan(4))/x', 'latex': '\\frac{e^{\\tan{\\left(4 \\right)}}}{x}', 'properties': {'singularities': ['0'], 'is_periodic': False, 'domain': 'Union(Interval.open(-oo, 0), Interval.open(0, oo))', 'error': 'Values out of bounds or non-finite'}}",failed,2,2,2,False,1,[],False,True,False,4
MCM_231_fc30ac31,"{'a': 2, 'b': 3, 'c': 1}",{'points': []},"{'formula': 'gamma(zeta(floor(x)))', 'latex': '\\Gamma\\left(\\zeta\\left(\\left\\lfloor{x}\\right\\rfloor\\right)\\right)', 'properties': {'singularities': ['complex_or_infinite'], 'is_periodic': False, 'domain': 'analysis_timeout', 'error': ""name 'zeta' is not defined""}}",failed,2,3,1,False,3,[],False,False,False,3
MCM_231_899813aa,"{'a': 2, 'b': 3, 'c': 1}",{'points': []},"{'formula': 'gamma(floor(zeta(x)) + 1)', 'latex': '\\Gamma\\left(\\left\\lfloor{\\zeta\\left(x\\right)}\\right\\rfloor + 1\\right)', 'properties': {'singularities': ['complex_or_infinite'], 'is_periodic': False, 'domain': 'analysis_timeout', 'error': ""name 'zeta' is not defined""}}",failed,2,3,1,False,3,[],False,False,False,4
MCM_232_dab92ce0,"{'a': 2, 'b': 3, 'c': 2}",{'points': []},"{'formula': 'besselj(0, x)/(x - 0.5)', 'latex': '\\frac{J_{0}\\left(x\\right)}{x - 0.5}', 'properties': {'singularities': ['0.500000000000000'], 'is_periodic': False, 'domain': 'analysis_timeout', 'error': ""name 'besselj' is not defined""}}",failed,2,3,2,False,3,[],False,False,False,4
MCM_232_e277e1de,"{'a': 2, 'b': 3, 'c': 2}",{'points': []},"{'formula': 'erf(x)/(x**2 - 1)', 'latex': '\\frac{\\operatorname{erf}{\\left(x \\right)}}{x^{2} - 1}', 'properties': {'singularities': ['-1', '1'], 'is_periodic': False, 'domain': 'analysis_timeout', 'error': 'only length-1 arrays can be converted to Python scalars'}}",failed,2,3,2,False,3,[],False,False,False,5
MCM_232_f82bdd66,"{'a': 2, 'b': 3, 'c': 2}",{'points': []},"{'formula': 'Abs(log(x))/(x - 1)', 'latex': '\\frac{\\left|{\\log{\\left(x \\right)}}\\right|}{x - 1}', 'properties': {'singularities': ['0', '1'], 'is_periodic': False, 'domain': 'Union(Interval.open(0, 1), Interval.open(1, oo))', 'error': 'Values out of bounds or non-finite'}}",failed,2,3,2,False,2,[],False,True,False,5
MCM_232_3f645ded,"{'a': 2, 'b': 3, 'c': 2}",{'points': []},"{'formula': 'besselj(0, tan(4))/x', 'latex': '\\frac{J_{0}\\left(\\tan{\\left(4 \\right)}\\right)}{x}', 'properties': {'singularities': ['0'], 'is_periodic': False, 'domain': 'Union(Interval.open(-oo, 0), Interval.open(0, oo))', 'error': ""name 'besselj' is not defined""}}",failed,2,3,2,False,3,[],False,False,False,4
MCM_232_eb3d5b1d,"{'a': 2, 'b': 3, 'c': 2}",{'points': []},"{'formula': 'gamma(erf(3) + 1)/(x - 2)', 'latex': '\\frac{\\Gamma\\left(\\operatorname{erf}{\\left(3 \\right)} + 1\\right)}{x - 2}', 'properties': {'singularities': ['2'], 'is_periodic': False, 'domain': 'Union(Interval.open(-oo, 2), Interval.open(2, oo))', 'error': 'Values out of bounds or non-finite'}}",failed,2,3,2,False,3,[],False,False,False,6
MCM_232_206ec103,"{'a': 2, 'b': 3, 'c': 2}",{'points': []},"{'formula': 'sin(Abs(x))/(x - 1)', 'latex': '\\frac{\\sin{\\left(\\left|{x}\\right| \\right)}}{x - 1}', 'properties': {'singularities': ['1'], 'is_periodic': False, 'domain': 'Union(Interval.open(-oo, 1), Interval.open(1, oo))', 'error': 'Values out of bounds or non-finite'}}",failed,2,3,2,False,2,[],False,True,False,5
MCM_232_0cfb5d26,"{'a': 2, 'b': 3, 'c': 2}",{'points': []},"{'formula': 'tan(sqrt(x))/(x - 2)', 'latex': '\\frac{\\tan{\\left(\\sqrt{x} \\right)}}{x - 2}', 'properties': {'singularities': ['complex_or_infinite'], 'is_periodic': False, 'domain': 'Union(Complement(Interval.Ropen(0, 2), Union(ImageSet(Lambda(x, x**2), Intersection(ImageSet(Lambda(_n, 2*_n*pi + pi/2), Integers), Interval(0, oo))), ImageSet(Lambda(x, x**2), Intersection(ImageSet(Lambda(_n, 2*_n*pi + 3*pi/2), Integers), Interval(0, oo))))), Complement(Interval.open(2, oo), Union(ImageSet(Lambda(x, x**2), Intersection(ImageSet(Lambda(_n, 2*_n*pi + pi/2), Integers), Interval(0, oo))), ImageSet(Lambda(x, x**2), Intersection(ImageSet(Lambda(_n, 2*_n*pi + 3*pi/2), Integers), Interval(0, oo))))))', 'error': 'Values out of bounds or non-finite'}}",failed,2,3,2,False,1,[],False,True,False,5
MCM_232_b12f181a,"{'a': 2, 'b': 3, 'c': 2}",{'points': []},"{'formula': 'sqrt(sin(x))/(x - 2)', 'latex': '\\frac{\\sqrt{\\sin{\\left(x \\right)}}}{x - 2}', 'properties': {'singularities': ['2'], 'is_periodic': False, 'domain': 'Union(Interval.Ropen(0, 2), Interval.Lopen(2, pi))', 'error': 'Values out of bounds or non-finite'}}",failed,2,3,2,False,1,[],False,True,False,5
MCM_232_6a3a8507,"{'a': 2, 'b': 3, 'c': 2}",{'points': []},"{'formula': 'floor(3*x)/(x + 2)', 'latex': '\\frac{\\left\\lfloor{3 x}\\right\\rfloor}{x + 2}', 'properties': {'singularities': ['-2'], 'is_periodic': False, 'domain': 'analysis_timeout', 'error': 'Values out of bounds or non-finite'}}",failed,2,3,2,False,2,[],False,True,False,5
MCM_232_7924bfe1,"{'a': 2, 'b': 3, 'c': 2}",{'points': []},"{'formula': 'besselj(0, x)*floor(x)/x', 'latex': '\\frac{J_{0}\\left(x\\right) \\left\\lfloor{x}\\right\\rfloor}{x}', 'properties': {'singularities': ['0'], 'is_periodic': False, 'domain': 'analysis_timeout', 'error': ""name 'besselj' is not defined""}}",failed,2,3,2,False,3,[],False,False,False,4
MCM_232_43f31f2e,"{'a': 2, 'b': 3, 'c': 2}",{'points': []},"{'formula': 'cos(erf(x))/x', 'latex': '\\frac{\\cos{\\left(\\operatorname{erf}{\\left(x \\right)} \\right)}}{x}', 'properties': {'singularities': ['0'], 'is_periodic': False, 'domain': 'analysis_timeout', 'error': 'only length-1 arrays can be converted to Python scalars'}}",failed,2,3,2,False,3,[],False,False,False,4
MCM_232_96c866f0,"{'a': 2, 'b': 3, 'c': 2}",{'points': []},"{'formula': 'log(floor(x))/x', 'latex': '\\frac{\\log{\\left(\\left\\lfloor{x}\\right\\rfloor \\right)}}{x}', 'properties': {'singularities': ['complex_or_infinite'], 'is_periodic': False, 'domain': 'analysis_timeout', 'error': 'Values out of bounds or non-finite'}}",failed,2,3,2,False,2,[],False,True,False,4
MCM_232_b2b99a89,"{'a': 2, 'b': 3, 'c': 2}",{'points': []},"{'formula': 'floor(x)/(x - 2)', 'latex': '\\frac{\\left\\lfloor{x}\\right\\rfloor}{x - 2}', 'properties': {'singularities': ['2'], 'is_periodic': False, 'domain': 'analysis_timeout', 'error': 'Values out of bounds or non-finite'}}",failed,2,3,2,False,2,[],False,True,False,4
MCM_232_4ad8aa33,"{'a': 2, 'b': 3, 'c': 2}",{'points': []},"{'formula': 'sin(2*x)/x', 'latex': '\\frac{\\sin{\\left(2 x \\right)}}{x}', 'properties': {'singularities': ['0'], 'is_periodic': False, 'domain': 'Union(Interval.open(-oo, 0), Interval.open(0, oo))', 'error': 'Values out of bounds or non-finite'}}",failed,2,3,2,False,1,[],False,True,False,4
MCM_233_1384be49,"{'a': 2, 'b': 3, 'c': 3}",{'points': []},"{'formula': 'gamma(gamma(Abs(x) + 1) + 1)', 'latex': '\\Gamma\\left(\\Gamma\\left(\\left|{x}\\right| + 1\\right) + 1\\right)', 'properties': {'singularities': ['complex_or_infinite'], 'is_periodic': False, 'domain': 'analysis_timeout', 'error': 'only length-1 arrays can be converted to Python scalars'}}",failed,2,3,3,False,3,[],False,False,False,5
MCM_233_10922707,"{'a': 2, 'b': 3, 'c': 3}",{'points': []},"{'formula': 'zeta(log(gamma(x)))', 'latex': '\\zeta\\left(\\log{\\left(\\Gamma\\left(x\\right) \\right)}\\right)', 'properties': {'singularities': ['complex_or_infinite'], 'is_periodic': False, 'domain': 'analysis_timeout', 'error': ""name 'zeta' is not defined""}}",failed,2,3,3,False,3,[],False,False,False,3
MCM_233_3fd1c408,"{'a': 2, 'b': 3, 'c': 3}",{'points': []},"{'formula': 'zeta(Piecewise((Piecewise((5, x > -3), (-5, True)), x > 3), (0, True)))', 'latex': '\\zeta\\left(\\begin{cases} \\begin{cases} 5 & \\text{for}\\: x > -3 \\\\-5 & \\text{otherwise} \\end{cases} & \\text{for}\\: x > 3 \\\\0 & \\text{otherwise} \\end{cases}\\right)', 'properties': {'singularities': ['complex_or_infinite'], 'is_periodic': False, 'domain': 'analysis_timeout', 'error': ""name 'zeta' is not defined""}}",failed,2,3,3,False,3,[],False,False,False,3
MCM_233_ddd66fec,"{'a': 2, 'b': 3, 'c': 3}",{'points': []},"{'formula': 'log(floor(x)**3)', 'latex': '\\log{\\left(\\left\\lfloor{x}\\right\\rfloor^{3} \\right)}', 'properties': {'singularities': ['complex_or_infinite'], 'is_periodic': False, 'domain': 'analysis_timeout', 'error': 'Values out of bounds or non-finite'}}",failed,2,3,3,False,2,[],False,True,False,3
MCM_233_596dcc2d,"{'a': 2, 'b': 3, 'c': 3}",{'points': []},"{'formula': 'zeta(Piecewise((x, x > 2), (0, True)))', 'latex': '\\zeta\\left(\\begin{cases} x & \\text{for}\\: x > 2 \\\\0 & \\text{otherwise} \\end{cases}\\right)', 'properties': {'singularities': ['complex_or_infinite'], 'is_periodic': False, 'domain': 'analysis_timeout', 'error': ""name 'zeta' is not defined""}}",failed,2,3,3,False,3,[],False,False,False,2
MCM_300_a30aeb78,"{'a': 3, 'b': 0, 'c': 0}",{'points': []},"{'formula': '68719476736*x**18*sqrt((x**2 + 4)**3)', 'latex': '68719476736 x^{18} \\sqrt{\\left(x^{2} + 4\\right)^{3}}', 'properties': {'singularities': ['complex_or_infinite'], 'is_periodic': False, 'domain': 'Interval(-oo, oo)', 'error': 'Values out of bounds or non-finite'}}",failed,3,0,0,False,0,[],False,False,True,5
MCM_301_e428129d,"{'a': 3, 'b': 0, 'c': 1}",{'points': []},"{'formula': '4*x**4*(x**2 + 2)**2*(x**4)**(1/4)', 'latex': '4 x^{4} \\left(x^{2} + 2\\right)^{2} \\sqrt[4]{x^{4}}', 'properties': {'singularities': ['complex_or_infinite'], 'is_periodic': False, 'domain': 'Interval(-oo, oo)', 'error': 'Values out of bounds or non-finite'}}",failed,3,0,1,False,2,['Abs'],True,False,False,6
MCM_301_33110b2d,"{'a': 3, 'b': 0, 'c': 1}",{'points': []},"{'formula': '156767343538123*x**4*(sqrt(x) + 2*x)**2*(sqrt(x) + x**4 + 9)*sqrt(x**2)/1000000000000', 'latex': '\\frac{156767343538123 x^{4} \\left(\\sqrt{x} + 2 x\\right)^{2} \\left(\\sqrt{x} + x^{4} + 9\\right) \\sqrt{x^{2}}}{1000000000000}', 'properties': {'singularities': ['complex_or_infinite'], 'is_periodic': False, 'domain': 'Interval(0, oo)', 'error': 'Values out of bounds or non-finite'}}",failed,3,0,1,False,2,['Abs'],True,False,False,8
MCM_301_1b272e89,"{'a': 3, 'b': 0, 'c': 1}",{'points': []},"{'formula': 'x**3*(x + 1)*(x + 2) + x**3*(x + 2)**3 + sqrt(sqrt(x) + 9*x**3)', 'latex': 'x^{3} \\left(x + 1\\right) \\left(x + 2\\right) + x^{3} \\left(x + 2\\right)^{3} + \\sqrt{\\sqrt{x} + 9 x^{3}}', 'properties': {'singularities': ['complex_or_infinite'], 'is_periodic': False, 'domain': 'Interval(0, oo)', 'error': 'Values out of bounds or non-finite'}}",failed,3,0,1,False,0,[],False,False,False,11
MCM_301_67643cc7,"{'a': 3, 'b': 0, 'c': 1}",{'points': []},"{'formula': '45254833995939*x**6*(14142135623731*sqrt(x) + 10000000000000*x**2 + 30000000000000*x)*(x**3 + x**2 + 3*x + 4)*sqrt(x**3)/2500000000000000000000000', 'latex': '\\frac{45254833995939 x^{6} \\left(14142135623731 \\sqrt{x} + 10000000000000 x^{2} + 30000000000000 x\\right) \\left(x^{3} + x^{2} + 3 x + 4\\right) \\sqrt{x^{3}}}{2500000000000000000000000}', 'properties': {'singularities': ['complex_or_infinite'], 'is_periodic': False, 'domain': 'Interval(0, oo)', 'error': 'Values out of bounds or non-finite'}}",failed,3,0,1,False,0,[],False,False,False,12
MCM_301_cf1f1e68,"{'a': 3, 'b': 0, 'c': 1}",{'points': []},"{'formula': '4*x**11*(x + 3)*(4*x**2*sqrt(x + 4) + (x + 2)**2)', 'latex': '4 x^{11} \\left(x + 3\\right) \\left(4 x^{2} \\sqrt{x + 4} + \\left(x + 2\\right)^{2}\\right)', 'properties': {'singularities': ['complex_or_infinite'], 'is_periodic': False, 'domain': 'Interval(-4, oo)', 'error': 'Values out of bounds or non-finite'}}",failed,3,0,1,False,0,[],False,False,False,10
MCM_301_da176b2f,"{'a': 3, 'b': 0, 'c': 1}",{'points': []},"{'formula': 'x**2*sqrt(x*(x**4 + 1))*(16*x**2 + 1953125*x + 1953125)', 'latex': 'x^{2} \\sqrt{x \\left(x^{4} + 1\\right)} \\left(16 x^{2} + 1953125 x + 1953125\\right)', 'properties': {'singularities': ['complex_or_infinite'], 'is_periodic': False, 'domain': 'Interval(0, oo)', 'error': 'Values out of bounds or non-finite'}}",failed,3,0,1,False,0,[],False,False,False,9
MCM_301_891e9283,"{'a': 3, 'b': 0, 'c': 1}",{'points': []},"{'formula': '16384*x**30', 'latex': '16384 x^{30}', 'properties': {'singularities': ['complex_or_infinite'], 'is_periodic': False, 'domain': 'Reals', 'error': 'Values out of bounds or non-finite'}}",failed,3,0,1,False,0,[],False,False,False,2
MCM_301_e6c92404,"{'a': 3, 'b': 0, 'c': 1}",{'points': []},"{'formula': '122474487139159*sqrt(2)*sqrt(x**2*(sqrt(x) + 2*x)*(2*x + 1))/50000000000000', 'latex': '\\frac{122474487139159 \\sqrt{2} \\sqrt{x^{2} \\left(\\sqrt{x} + 2 x\\right) \\left(2 x + 1\\right)}}{50000000000000}', 'properties': {'singularities': ['complex_or_infinite'], 'is_periodic': False, 'domain': 'Interval(0, oo)', 'error': 'Values out of bounds or non-finite'}}",failed,3,0,1,False,2,['Abs'],True,False,False,9
MCM_301_c79b57fe,"{'a': 3, 'b': 0, 'c': 1}",{'points': []},"{'formula': '2*x*(x + 1)**6*(2*x**4 + x**2 + 4*x + sqrt(x**3))', 'latex': '2 x \\left(x + 1\\right)^{6} \\left(2 x^{4} + x^{2} + 4 x + \\sqrt{x^{3}}\\right)', 'properties': {'singularities': ['complex_or_infinite'], 'is_periodic': False, 'domain': 'Interval(0, oo)', 'error': 'Values out of bounds or non-finite'}}",failed,3,0,1,False,0,[],False,False,False,10
MCM_301_dd4459fa,"{'a': 3, 'b': 0, 'c': 1}",{'points': []},"{'formula': '4194304*x**9*(3*x + 2)*(9*x**2 + 2)', 'latex': '4194304 x^{9} \\left(3 x + 2\\right) \\left(9 x^{2} + 2\\right)', 'properties': {'singularities': ['complex_or_infinite'], 'is_periodic': False, 'domain': 'Reals', 'error': 'Values out of bounds or non-finite'}}",failed,3,0,1,False,0,[],False,False,False,7
MCM_301_fd080540,"{'a': 3, 'b': 0, 'c': 1}",{'points': []},"{'formula': '64*x**10 + x**9 + 7*x + (x**2)**(3/2)', 'latex': '64 x^{10} + x^{9} + 7 x + \\left(x^{2}\\right)^{\\frac{3}{2}}', 'properties': {'singularities': ['complex_or_infinite'], 'is_periodic': False, 'domain': 'Interval(-oo, oo)', 'error': 'Values out of bounds or non-finite'}}",failed,3,0,1,False,2,['Abs'],True,False,False,8
MCM_302_c1b5639a,"{'a': 3, 'b': 0, 'c': 2}",{'points': []},"{'formula': '(x**3 + x)/(x**2 - 4)', 'latex': '\\frac{x^{3} + x}{x^{2} - 4}', 'properties': {'singularities': ['-2', '2'], 'is_periodic': False, 'domain': 'Union(Interval.open(-oo, -2), Interval.open(-2, 2), Interval.open(2, oo))', 'error': 'Values out of bounds or non-finite'}}",failed,3,0,2,False,0,[],False,False,False,6
MCM_302_ba07c5ba,"{'a': 3, 'b': 0, 'c': 2}",{'points': []},"{'formula': '2*x**(41/4)*(x**2 + 1)/(x + 1)', 'latex': '\\frac{2 x^{\\frac{41}{4}} \\left(x^{2} + 1\\right)}{x + 1}', 'properties': {'singularities': ['-1'], 'is_periodic': False, 'domain': 'Interval(0, oo)', 'error': 'Values out of bounds or non-finite'}}",failed,3,0,2,False,0,[],False,False,False,6
MCM_302_af936a79,"{'a': 3, 'b': 0, 'c': 2}",{'points': []},"{'formula': '25*x**10/(x - 1)', 'latex': '\\frac{25 x^{10}}{x - 1}', 'properties': {'singularities': ['1'], 'is_periodic': False, 'domain': 'Union(Interval.open(-oo, 1), Interval.open(1, oo))', 'error': 'Values out of bounds or non-finite'}}",failed,3,0,2,False,0,[],False,False,False,4
MCM_302_fda63ab5,"{'a': 3, 'b': 0, 'c': 2}",{'points': []},"{'formula': '64*(x + 4)**(3/2)/(x - 1)', 'latex': '\\frac{64 \\left(x + 4\\right)^{\\frac{3}{2}}}{x - 1}', 'properties': {'singularities': ['1'], 'is_periodic': False, 'domain': 'Union(Interval.Ropen(-4, 1), Interval.open(1, oo))', 'error': 'Values out of bounds or non-finite'}}",failed,3,0,2,False,0,[],False,False,False,5
MCM_302_f2ae69ba,"{'a': 3, 'b': 0, 'c': 2}",{'points': []},"{'formula': 'x**6*(x + 2)**6/(x - 1)', 'latex': '\\frac{x^{6} \\left(x + 2\\right)^{6}}{x - 1}', 'properties': {'singularities': ['1'], 'is_periodic': False, 'domain': 'Union(Interval.open(-oo, 1), Interval.open(1, oo))', 'error': 'Values out of bounds or non-finite'}}",failed,3,0,2,False,0,[],False,False,False,6
MCM_302_1e7d7375,"{'a': 3, 'b': 0, 'c': 2}",{'points': []},"{'formula': '(x**2*(sqrt(x) + 2*x)*(x + 1) + 5*x**2 + x + 3)/x', 'latex': '\\frac{x^{2} \\left(\\sqrt{x} + 2 x\\right) \\left(x + 1\\right) + 5 x^{2} + x + 3}{x}', 'properties': {'singularities': ['0'], 'is_periodic': False, 'domain': 'Interval.open(0, oo)', 'error': 'Values out of bounds or non-finite'}}",failed,3,0,2,False,0,[],False,False,False,10
MCM_302_ce248fbb,"{'a': 3, 'b': 0, 'c': 2}",{'points': []},"{'formula': 'sqrt((sqrt(x) + 2*x)**2)/(x - 1)', 'latex': '\\frac{\\sqrt{\\left(\\sqrt{x} + 2 x\\right)^{2}}}{x - 1}', 'properties': {'singularities': ['1'], 'is_periodic': False, 'domain': 'Union(Interval.Ropen(0, 1), Interval.open(1, oo))', 'error': 'Values out of bounds or non-finite'}}",failed,3,0,2,False,0,[],False,False,False,8
MCM_302_2d06ea68,"{'a': 3, 'b': 0, 'c': 2}",{'points': []},"{'formula': 'x**13/(x - 1)', 'latex': '\\frac{x^{13}}{x - 1}', 'properties': {'singularities': ['1'], 'is_periodic': False, 'domain': 'Union(Interval.open(-oo, 1), Interval.open(1, oo))', 'error': 'Values out of bounds or non-finite'}}",failed,3,0,2,False,0,[],False,False,False,4
MCM_302_d08aede7,"{'a': 3, 'b': 0, 'c': 2}",{'points': []},"{'formula': '5*x**3/(x + 1)', 'latex': '\\frac{5 x^{3}}{x + 1}', 'properties': {'singularities': ['-1'], 'is_periodic': False, 'domain': 'Union(Interval.open(-oo, -1), Interval.open(-1, oo))', 'error': 'Values out of bounds or non-finite'}}",failed,3,0,2,False,0,[],False,False,False,4
MCM_302_0283ccc6,"{'a': 3, 'b': 0, 'c': 2}",{'points': []},"{'formula': '4*x**2*sqrt(x + 2)*(2*x**(3/2) + (x + 2)**2)/(x - 1)', 'latex': '\\frac{4 x^{2} \\sqrt{x + 2} \\left(2 x^{\\frac{3}{2}} + \\left(x + 2\\right)^{2}\\right)}{x - 1}', 'properties': {'singularities': ['1'], 'is_periodic': False, 'domain': 'Union(Interval.Ropen(0, 1), Interval.open(1, oo))', 'error': 'Values out of bounds or non-finite'}}",failed,3,0,2,False,0,[],False,False,False,10
MCM_302_3eaaa9fb,"{'a': 3, 'b': 0, 'c': 2}",{'points': []},"{'formula': '16*x**4*(x + 3)*(x**2)**(3/2)/(x + 1)', 'latex': '\\frac{16 x^{4} \\left(x + 3\\right) \\left(x^{2}\\right)^{\\frac{3}{2}}}{x + 1}', 'properties': {'singularities': ['-1'], 'is_periodic': False, 'domain': 'Union(Interval.open(-oo, -1), Interval.open(-1, oo))', 'error': 'Values out of bounds or non-finite'}}",failed,3,0,2,False,2,['Abs'],True,False,False,6
MCM_302_68f5a66f,"{'a': 3, 'b': 0, 'c': 2}",{'points': []},"{'formula': '(2*x**3 + 2*x + (x**2 + x + 4)*sqrt(x**2) + 6)/(x + 2)', 'latex': '\\frac{2 x^{3} + 2 x + \\left(x^{2} + x + 4\\right) \\sqrt{x^{2}} + 6}{x + 2}', 'properties': {'singularities': ['-2'], 'is_periodic': False, 'domain': 'Union(Interval.open(-oo, -2), Interval.open(-2, oo))', 'error': 'Values out of bounds or non-finite'}}",failed,3,0,2,False,2,['Abs'],True,False,False,11
MCM_303_60f7192f,"{'a': 3, 'b': 0, 'c': 3}",{'points': []},"{'formula': '64*x**6*(x + 2)**6*(4*x**2*(x**2 + x + 4) + (x**2)**(3/2))', 'latex': '64 x^{6} \\left(x + 2\\right)^{6} \\left(4 x^{2} \\left(x^{2} + x + 4\\right) + \\left(x^{2}\\right)^{\\frac{3}{2}}\\right)', 'properties': {'singularities': ['complex_or_infinite'], 'is_periodic': False, 'domain': 'Interval(-oo, oo)', 'error': 'Values out of bounds or non-finite'}}",failed,3,0,3,False,2,['Abs'],True,False,False,10
MCM_303_8fd25ccc,"{'a': 3, 'b': 0, 'c': 3}",{'points': []},"{'formula': '282842712474619*sqrt(x**(17/2)*(x**2 + 2))/50000000000000', 'latex': '\\frac{282842712474619 \\sqrt{x^{\\frac{17}{2}} \\left(x^{2} + 2\\right)}}{50000000000000}', 'properties': {'singularities': ['complex_or_infinite'], 'is_periodic': False, 'domain': 'Interval(0, oo)', 'error': 'Values out of bounds or non-finite'}}",failed,3,0,3,False,0,[],False,False,False,6
MCM_303_505cf844,"{'a': 3, 'b': 0, 'c': 3}",{'points': []},"{'formula': 'x**4 + x**3 + x**2 + (sqrt(x) + 64)*(sqrt(x) + x**2) + (sqrt(x) + 3*x)**(1/4)', 'latex': 'x^{4} + x^{3} + x^{2} + \\left(\\sqrt{x} + 64\\right) \\left(\\sqrt{x} + x^{2}\\right) + \\sqrt[4]{\\sqrt{x} + 3 x}', 'properties': {'singularities': ['complex_or_infinite'], 'is_periodic': False, 'domain': 'Interval(0, oo)', 'error': 'Values out of bounds or non-finite'}}",failed,3,0,3,False,0,[],False,False,False,11
MCM_303_7400857d,"{'a': 3, 'b': 0, 'c': 3}",{'points': []},"{'formula': '80*x**(7/2)*(x + 3)**2 + 64*x**7*(2*x + 1)', 'latex': '80 x^{\\frac{7}{2}} \\left(x + 3\\right)^{2} + 64 x^{7} \\left(2 x + 1\\right)', 'properties': {'singularities': ['complex_or_infinite'], 'is_periodic': False, 'domain': 'Interval(0, oo)', 'error': 'Values out of bounds or non-finite'}}",failed,3,0,3,False,0,[],False,False,False,9
MCM_303_85c27672,"{'a': 3, 'b': 0, 'c': 3}",{'points': []},"{'formula': '9*sqrt(x) + 16*x**8*(x + 3)**2 + x**6*(x + 3) + 9*x**2', 'latex': '9 \\sqrt{x} + 16 x^{8} \\left(x + 3\\right)^{2} + x^{6} \\left(x + 3\\right) + 9 x^{2}', 'properties': {'singularities': ['complex_or_infinite'], 'is_periodic': False, 'domain': 'Interval(0, oo)', 'error': 'Values out of bounds or non-finite'}}",failed,3,0,3,False,0,[],False,False,False,11
MCM_303_913324cb,"{'a': 3, 'b': 0, 'c': 3}",{'points': []},"{'formula': '6*x**6 + (x**2 + 5*x + sqrt(x**2))*(x**2*(x + 3) + x + 8)', 'latex': '6 x^{6} + \\left(x^{2} + 5 x + \\sqrt{x^{2}}\\right) \\left(x^{2} \\left(x + 3\\right) + x + 8\\right)', 'properties': {'singularities': ['complex_or_infinite'], 'is_periodic': False, 'domain': 'Interval(-oo, oo)', 'error': 'Values out of bounds or non-finite'}}",failed,3,0,3,False,2,['Abs'],True,False,False,11
MCM_303_6586f20e,"{'a': 3, 'b': 0, 'c': 3}",{'points': []},"{'formula': 'x**2*(10*x + (x + 2)*(x**2 + 1) + 2)*(x**2 + 4*x + 2)**2', 'latex': 'x^{2} \\left(10 x + \\left(x + 2\\right) \\left(x^{2} + 1\\right) + 2\\right) \\left(x^{2} + 4 x + 2\\right)^{2}', 'properties': {'singularities': ['complex_or_infinite'], 'is_periodic': False, 'domain': 'Reals', 'error': 'Values out of bounds or non-finite'}}",failed,3,0,3,False,0,[],False,False,False,10
MCM_303_37f14ca4,"{'a': 3, 'b': 0, 'c': 3}",{'points': []},"{'formula': 'sqrt(424264068711930*x**(9/2) + 1838477631085030*x**(7/2) + 1697056274847720*x**(5/2) + 300000000000000*x**10 + 1300000000000000*x**9 + 1200000000000000*x**8)/10000000', 'latex': '\\frac{\\sqrt{424264068711930 x^{\\frac{9}{2}} + 1838477631085030 x^{\\frac{7}{2}} + 1697056274847720 x^{\\frac{5}{2}} + 300000000000000 x^{10} + 1300000000000000 x^{9} + 1200000000000000 x^{8}}}{10000000}', 'properties': {'singularities': ['complex_or_infinite'], 'is_periodic': False, 'domain': 'Interval(0, oo)', 'error': 'Values out of bounds or non-finite'}}",failed,3,0,3,False,0,[],False,False,False,15
MCM_303_f2bd2fca,"{'a': 3, 'b': 0, 'c': 3}",{'points': []},"{'formula': 'x**(1/4) + x**(5/2) + 14142135623731*sqrt(x)/10000000000000 + 5*x**3 + 30*x**2 + 7*x + sqrt(x**2) + 10', 'latex': '\\sqrt[4]{x} + x^{\\frac{5}{2}} + \\frac{14142135623731 \\sqrt{x}}{10000000000000} + 5 x^{3} + 30 x^{2} + 7 x + \\sqrt{x^{2}} + 10', 'properties': {'singularities': ['complex_or_infinite'], 'is_periodic': False, 'domain': 'Interval(0, oo)', 'error': 'Values out of bounds or non-finite'}}",failed,3,0,3,False,2,['Abs'],True,False,False,11
MCM_303_66fb6834,"{'a': 3, 'b': 0, 'c': 3}",{'points': []},"{'formula': '1600*x**5*(sqrt(x) + 4)**6*sqrt(x**2)', 'latex': '1600 x^{5} \\left(\\sqrt{x} + 4\\right)^{6} \\sqrt{x^{2}}', 'properties': {'singularities': ['complex_or_infinite'], 'is_periodic': False, 'domain': 'Interval(0, oo)', 'error': 'Values out of bounds or non-finite'}}",failed,3,0,3,False,2,['Abs'],True,False,False,6
MCM_303_5cc83005,"{'a': 3, 'b': 0, 'c': 3}",{'points': []},"{'formula': 'sqrt(x**3*(x + 2)*(x**2 + 2)*(x**4 + x**2 + 2))', 'latex': '\\sqrt{x^{3} \\left(x + 2\\right) \\left(x^{2} + 2\\right) \\left(x^{4} + x^{2} + 2\\right)}', 'properties': {'singularities': ['complex_or_infinite'], 'is_periodic': False, 'domain': 'Union(Interval(-oo, -2), Interval(0, oo))', 'error': 'Values out of bounds or non-finite'}}",failed,3,0,3,False,0,[],False,False,False,11
MCM_303_559ca348,"{'a': 3, 'b': 0, 'c': 3}",{'points': []},"{'formula': '5*x**3*(64*x**3 + sqrt(x**2))*(2*sqrt(x) + 627*x + 6)*sqrt(x**2)', 'latex': '5 x^{3} \\left(64 x^{3} + \\sqrt{x^{2}}\\right) \\left(2 \\sqrt{x} + 627 x + 6\\right) \\sqrt{x^{2}}', 'properties': {'singularities': ['complex_or_infinite'], 'is_periodic': False, 'domain': 'Interval(0, oo)', 'error': 'Values out of bounds or non-finite'}}",failed,3,0,3,False,2,['Abs'],True,False,False,9
MCM_311_ecd112fa,"{'a': 3, 'b': 1, 'c': 1}",{'points': []},"{'formula': 'sin(log(x**3)**3*sqrt(log(exp(x))))', 'latex': '\\sin{\\left(\\log{\\left(x^{3} \\right)}^{3} \\sqrt{\\log{\\left(e^{x} \\right)}} \\right)}', 'properties': {'singularities': ['0'], 'is_periodic': False, 'domain': 'Interval.open(0, oo)', 'error': 'Values out of bounds or non-finite'}}",failed,3,1,1,False,1,[],False,False,False,6
MCM_311_16a0926a,"{'a': 3, 'b': 1, 'c': 1}",{'points': []},"{'formula': 'sin(exp(exp(tan(x)**2)))', 'latex': '\\sin{\\left(e^{e^{\\tan^{2}{\\left(x \\right)}}} \\right)}', 'properties': {'singularities': ['complex_or_infinite'], 'is_periodic': True, 'domain': 'Complement(Reals, Union(ImageSet(Lambda(_n, 2*_n*pi + pi/2), Integers), ImageSet(Lambda(_n, 2*_n*pi + 3*pi/2), Integers)))', 'period_value': 'pi', 'error': 'Values out of bounds or non-finite'}}",failed,3,1,1,False,1,[],False,False,False,5
MCM_311_1350bd7c,"{'a': 3, 'b': 1, 'c': 1}",{'points': []},"{'formula': 'x**4 + (sqrt(log(x)) + log(cos(x)))**2', 'latex': 'x^{4} + \\left(\\sqrt{\\log{\\left(x \\right)}} + \\log{\\left(\\cos{\\left(x \\right)} \\right)}\\right)^{2}', 'properties': {'singularities': ['complex_or_infinite'], 'is_periodic': False, 'domain': 'Union(Complement(Interval.Ropen(1, pi/2), Union(ImageSet(Lambda(_n, 2*_n*pi + pi/2), Integers), ImageSet(Lambda(_n, 2*_n*pi + 3*pi/2), Integers))), Complement(Interval.open(3*pi/2, 2*pi), Union(ImageSet(Lambda(_n, 2*_n*pi + pi/2), Integers), ImageSet(Lambda(_n, 2*_n*pi + 3*pi/2), Integers))))', 'error': 'Values out of bounds or non-finite'}}",failed,3,1,1,False,1,[],False,False,False,8
MCM_311_d5a5792b,"{'a': 3, 'b': 1, 'c': 1}",{'points': []},"{'formula': 'x**(4*sin(1))', 'latex': 'x^{4 \\sin{\\left(1 \\right)}}', 'properties': {'singularities': ['complex_or_infinite'], 'is_periodic': False, 'domain': 'Interval(0, oo)', 'error': 'Values out of bounds or non-finite'}}",failed,3,1,1,False,1,[],False,False,False,3
MCM_311_9f864743,"{'a': 3, 'b': 1, 'c': 1}",{'points': []},"{'formula': 'sqrt(log(sin(x**2))) + cos(tan(cos(2*x)))', 'latex': '\\sqrt{\\log{\\left(\\sin{\\left(x^{2} \\right)} \\right)}} + \\cos{\\left(\\tan{\\left(\\cos{\\left(2 x \\right)} \\right)} \\right)}', 'properties': {'singularities': ['complex_or_infinite'], 'is_periodic': False, 'domain': 'analysis_timeout', 'error': 'Values out of bounds or non-finite'}}",failed,3,1,1,False,1,[],False,False,False,9
MCM_311_d993ff87,"{'a': 3, 'b': 1, 'c': 1}",{'points': []},"{'formula': 'log(-27312998290769*x**6/12500000000000)**2', 'latex': '\\log{\\left(- \\frac{27312998290769 x^{6}}{12500000000000} \\right)}^{2}', 'properties': {'singularities': ['0'], 'is_periodic': False, 'domain': 'EmptySet', 'error': 'Values out of bounds or non-finite'}}",failed,3,1,1,False,1,[],False,False,False,4
MCM_312_c00478a9,"{'a': 3, 'b': 1, 'c': 2}",{'points': []},"{'formula': 'log(Abs(sin(x)))', 'latex': '\\log{\\left(\\left|{\\sin{\\left(x \\right)}}\\right| \\right)}', 'properties': {'singularities': ['analysis_error'], 'is_periodic': True, 'domain': 'analysis_timeout', 'period_value': '2*pi', 'error': 'Values out of bounds or non-finite'}}",failed,3,1,2,False,2,['Abs'],True,False,False,3
MCM_312_d9fa21b1,"{'a': 3, 'b': 1, 'c': 2}",{'points': []},"{'formula': 'exp(tan(x))', 'latex': 'e^{\\tan{\\left(x \\right)}}', 'properties': {'singularities': ['complex_or_infinite'], 'is_periodic': True, 'domain': 'Complement(Reals, Union(ImageSet(Lambda(_n, 2*_n*pi + pi/2), Integers), ImageSet(Lambda(_n, 2*_n*pi + 3*pi/2), Integers)))', 'period_value': 'pi', 'error': 'Values out of bounds or non-finite'}}",failed,3,1,2,False,1,[],False,False,False,2
MCM_312_36e17fca,"{'a': 3, 'b': 1, 'c': 2}",{'points': []},"{'formula': 'cos(sin(tan(x**2)))/(x - 1)', 'latex': '\\frac{\\cos{\\left(\\sin{\\left(\\tan{\\left(x^{2} \\right)} \\right)} \\right)}}{x - 1}', 'properties': {'error': 'Timeout', 'stage': 'metadata'}}",failed,3,1,2,False,1,[],False,False,True,7
MCM_312_b5f979d0,"{'a': 3, 'b': 1, 'c': 2}",{'points': []},"{'formula': 'log(4*x**6)/(x + 2)', 'latex': '\\frac{\\log{\\left(4 x^{6} \\right)}}{x + 2}', 'properties': {'singularities': ['-2', '0'], 'is_periodic': False, 'domain': 'Union(Interval.open(-oo, -2), Interval.open(-2, 0), Interval.open(0, oo))', 'error': 'Values out of bounds or non-finite'}}",failed,3,1,2,False,1,[],False,False,False,6
MCM_312_bc10f095,"{'a': 3, 'b': 1, 'c': 2}",{'points': []},"{'formula': '(log(x**2*tan(x)) + sin(2*x)**2)/(x + 2)', 'latex': '\\frac{\\log{\\left(x^{2} \\tan{\\left(x \\right)} \\right)} + \\sin^{2}{\\left(2 x \\right)}}{x + 2}', 'properties': {'singularities': ['complex_or_infinite'], 'is_periodic': False, 'domain': 'analysis_timeout', 'error': 'Values out of bounds or non-finite'}}",failed,3,1,2,False,1,[],False,False,False,11
MCM_312_4b675d38,"{'a': 3, 'b': 1, 'c': 2}",{'points': []},"{'formula': 'log(exp(sin(x)))/(2*(x + 1))', 'latex': '\\frac{\\log{\\left(e^{\\sin{\\left(x \\right)}} \\right)}}{2 \\left(x + 1\\right)}', 'properties': {'singularities': ['-1'], 'is_periodic': False, 'domain': 'Union(Interval.open(-oo, -1), Interval.open(-1, oo))', 'error': 'Values out of bounds or non-finite'}}",failed,3,1,2,False,1,[],False,False,False,5
MCM_312_31328654,"{'a': 3, 'b': 1, 'c': 2}",{'points': []},"{'formula': 'sin(x**2 + sin(x) + sin(sin(x)))/(x + 1)', 'latex': '\\frac{\\sin{\\left(x^{2} + \\sin{\\left(x \\right)} + \\sin{\\left(\\sin{\\left(x \\right)} \\right)} \\right)}}{x + 1}', 'properties': {'singularities': ['-1'], 'is_periodic': False, 'domain': 'Union(Interval.open(-oo, -1), Interval.open(-1, oo))', 'error': 'Values out of bounds or non-finite'}}",failed,3,1,2,False,1,[],False,False,False,8
MCM_312_56e2396f,"{'a': 3, 'b': 1, 'c': 2}",{'points': []},"{'formula': '(tan(x) + log(tan(tan(3))))/x', 'latex': '\\frac{\\tan{\\left(x \\right)} + \\log{\\left(\\tan{\\left(\\tan{\\left(3 \\right)} \\right)} \\right)}}{x}', 'properties': {'singularities': ['complex_or_infinite'], 'is_periodic': False, 'domain': 'EmptySet', 'error': 'Values out of bounds or non-finite'}}",failed,3,1,2,False,1,[],False,False,False,7
MCM_312_386ecc38,"{'a': 3, 'b': 1, 'c': 2}",{'points': []},"{'formula': 'exp(sqrt(sin(1)))*tan(cos(log(x)))/(x + 2)', 'latex': '\\frac{e^{\\sqrt{\\sin{\\left(1 \\right)}}} \\tan{\\left(\\cos{\\left(\\log{\\left(x \\right)} \\right)} \\right)}}{x + 2}', 'properties': {'singularities': ['complex_or_infinite'], 'is_periodic': False, 'domain': 'Complement(Interval.open(0, oo), ConditionSet(x, Eq(cos(cos(log(x))), 0), Reals))', 'error': 'Values out of bounds or non-finite'}}",failed,3,1,2,False,1,[],False,False,False,9
MCM_312_1c74c22d,"{'a': 3, 'b': 1, 'c': 2}",{'points': []},"{'formula': 'log(x**6*sin(x)**3)/(x + 2)', 'latex': '\\frac{\\log{\\left(x^{6} \\sin^{3}{\\left(x \\right)} \\right)}}{x + 2}', 'properties': {'singularities': ['complex_or_infinite'], 'is_periodic': False, 'domain': 'analysis_timeout', 'error': 'Values out of bounds or non-finite'}}",failed,3,1,2,False,1,[],False,False,False,8
MCM_312_285ead76,"{'a': 3, 'b': 1, 'c': 2}",{'points': []},"{'formula': '-9*x**2*sin(2*x)*tan(cos(2*x)/2 - 1/2)/(2*x - 2)', 'latex': '- \\frac{9 x^{2} \\sin{\\left(2 x \\right)} \\tan{\\left(\\frac{\\cos{\\left(2 x \\right)}}{2} - \\frac{1}{2} \\right)}}{2 x - 2}', 'properties': {'singularities': ['complex_or_infinite'], 'is_periodic': False, 'domain': 'Union(Complement(Interval.open(-oo, 1), ConditionSet(x, Eq(cos(cos(2*x)/2 - 1/2), 0), Reals)), Complement(Interval.open(1, oo), ConditionSet(x, Eq(cos(cos(2*x)/2 - 1/2), 0), Reals)))', 'error': 'Values out of bounds or non-finite'}}",failed,3,1,2,False,1,[],False,False,False,10
MCM_312_c9b2e538,"{'a': 3, 'b': 1, 'c': 2}",{'points': []},"{'formula': 'cos(log(x) + sin(x)**2 + sin(x))/x', 'latex': '\\frac{\\cos{\\left(\\log{\\left(x \\right)} + \\sin^{2}{\\left(x \\right)} + \\sin{\\left(x \\right)} \\right)}}{x}', 'properties': {'singularities': ['0'], 'is_periodic': False, 'domain': 'Interval.open(0, oo)', 'error': 'Values out of bounds or non-finite'}}",failed,3,1,2,False,1,[],False,False,False,7
MCM_312_53955584,"{'a': 3, 'b': 1, 'c': 2}",{'points': []},"{'formula': 'sin(log(sin(x**3)))/(x - 2)', 'latex': '\\frac{\\sin{\\left(\\log{\\left(\\sin{\\left(x^{3} \\right)} \\right)} \\right)}}{x - 2}', 'properties': {'singularities': ['complex_or_infinite'], 'is_periodic': False, 'domain': 'analysis_timeout', 'error': 'Values out of bounds or non-finite'}}",failed,3,1,2,False,1,[],False,False,False,7
MCM_313_5773da0f,"{'a': 3, 'b': 1, 'c': 3}",{'points': []},"{'formula': 'log(2*x + exp(x**3) + cos(2)) + sin(exp(2))', 'latex': '\\log{\\left(2 x + e^{x^{3}} + \\cos{\\left(2 \\right)} \\right)} + \\sin{\\left(e^{2} \\right)}', 'properties': {'singularities': ['complex_or_infinite'], 'is_periodic': False, 'domain': 'analysis_timeout', 'error': 'Values out of bounds or non-finite'}}",failed,3,1,3,False,1,[],False,False,False,9
MCM_313_4442f32c,"{'a': 3, 'b': 1, 'c': 3}",{'points': []},"{'formula': 'tan(sqrt(tan(cos(exp(x)))))', 'latex': '\\tan{\\left(\\sqrt{\\tan{\\left(\\cos{\\left(e^{x} \\right)} \\right)}} \\right)}', 'properties': {'singularities': ['complex_or_infinite'], 'is_periodic': False, 'domain': 'analysis_timeout', 'error': 'Values out of bounds or non-finite'}}",failed,3,1,3,False,1,[],False,False,False,5
MCM_313_b81bf674,"{'a': 3, 'b': 1, 'c': 3}",{'points': []},"{'formula': 'sin(sin(log(cos(x))/2))', 'latex': '\\sin{\\left(\\sin{\\left(\\frac{\\log{\\left(\\cos{\\left(x \\right)} \\right)}}{2} \\right)} \\right)}', 'properties': {'singularities': ['complex_or_infinite'], 'is_periodic': True, 'domain': 'Union(Complement(Interval.Ropen(0, pi/2), Union(ImageSet(Lambda(_n, 2*_n*pi + pi/2), Integers), ImageSet(Lambda(_n, 2*_n*pi + 3*pi/2), Integers))), Complement(Interval.open(3*pi/2, 2*pi), Union(ImageSet(Lambda(_n, 2*_n*pi + pi/2), Integers), ImageSet(Lambda(_n, 2*_n*pi + 3*pi/2), Integers))))', 'period_value': '2*pi', 'error': 'Values out of bounds or non-finite'}}",failed,3,1,3,False,1,[],False,False,False,5
MCM_322_e2f177cb,"{'a': 3, 'b': 2, 'c': 2}",{'points': []},"{'formula': 'floor(exp(x))/(x - 2.5)', 'latex': '\\frac{\\left\\lfloor{e^{x}}\\right\\rfloor}{x - 2.5}', 'properties': {'singularities': ['2.50000000000000'], 'is_periodic': False, 'domain': 'analysis_timeout', 'error': 'Values out of bounds or non-finite'}}",failed,3,2,2,False,2,[],False,False,False,5
MCM_322_f14abb48,"{'a': 3, 'b': 2, 'c': 2}",{'points': []},"{'formula': 'floor(sin(x))/(x - 1)', 'latex': '\\frac{\\left\\lfloor{\\sin{\\left(x \\right)}}\\right\\rfloor}{x - 1}', 'properties': {'singularities': ['1'], 'is_periodic': False, 'domain': 'analysis_timeout', 'error': 'Values out of bounds or non-finite'}}",failed,3,2,2,False,2,[],False,False,False,5
MCM_322_bad93d09,"{'a': 3, 'b': 2, 'c': 2}",{'points': []},"{'formula': 'exp(sin((re(x)**2 + im(x)**2)**(1/4)*cos(atan2(im(x), re(x))/2))*cosh((re(x)**2 + im(x)**2)**(1/4)*sin(atan2(im(x), re(x))/2)))/(x - 2)', 'latex': '\\frac{e^{\\sin{\\left(\\sqrt[4]{\\left(\\operatorname{re}{\\left(x\\right)}\\right)^{2} + \\left(\\operatorname{im}{\\left(x\\right)}\\right)^{2}} \\cos{\\left(\\frac{\\operatorname{atan}_{2}{\\left(\\operatorname{im}{\\left(x\\right)},\\operatorname{re}{\\left(x\\right)} \\right)}}{2} \\right)} \\right)} \\cosh{\\left(\\sqrt[4]{\\left(\\operatorname{re}{\\left(x\\right)}\\right)^{2} + \\left(\\operatorname{im}{\\left(x\\right)}\\right)^{2}} \\sin{\\left(\\frac{\\operatorname{atan}_{2}{\\left(\\operatorname{im}{\\left(x\\right)},\\operatorname{re}{\\left(x\\right)} \\right)}}{2} \\right)} \\right)}}}{x - 2}', 'properties': {'singularities': ['2'], 'is_periodic': False, 'domain': 'analysis_timeout', 'error': 'Values out of bounds or non-finite'}}",failed,3,2,2,False,2,[],False,False,False,15
MCM_322_1b256513,"{'a': 3, 'b': 2, 'c': 2}",{'points': []},"{'formula': 'log(x)/x', 'latex': '\\frac{\\log{\\left(x \\right)}}{x}', 'properties': {'singularities': ['0'], 'is_periodic': False, 'domain': 'Interval.open(0, oo)', 'error': 'Values out of bounds or non-finite'}}",failed,3,2,2,False,1,[],False,True,False,3
MCM_322_59072848,"{'a': 3, 'b': 2, 'c': 2}",{'points': []},"{'formula': 'sin(x**3)/(x - 1)', 'latex': '\\frac{\\sin{\\left(x^{3} \\right)}}{x - 1}', 'properties': {'singularities': ['1'], 'is_periodic': False, 'domain': 'Union(Interval.open(-oo, 1), Interval.open(1, oo))', 'error': 'Values out of bounds or non-finite'}}",failed,3,2,2,False,1,[],False,True,False,5
MCM_322_c79aae2d,"{'a': 3, 'b': 2, 'c': 2}",{'points': []},"{'formula': '(log(-cos(exp(5))) + I*pi)*cos(log(x))*tan(cos(x))/(x - 1)', 'latex': '\\frac{\\left(\\log{\\left(- \\cos{\\left(e^{5} \\right)} \\right)} + i \\pi\\right) \\cos{\\left(\\log{\\left(x \\right)} \\right)} \\tan{\\left(\\cos{\\left(x \\right)} \\right)}}{x - 1}', 'properties': {'singularities': ['complex_or_infinite'], 'is_periodic': False, 'domain': 'Union(Complement(Interval.open(0, 1), ConditionSet(x, Eq(cos(cos(x)), 0), Reals)), Complement(Interval.open(1, oo), ConditionSet(x, Eq(cos(cos(x)), 0), Reals)))', 'error': 'Values out of bounds or non-finite'}}",failed,3,2,2,False,1,[],False,True,False,13
MCM_323_7a148722,"{'a': 3, 'b': 2, 'c': 3}",{'points': []},"{'formula': 'Abs(gamma(Abs(log(sin(x))) + 1))', 'latex': '\\left|{\\Gamma\\left(\\left|{\\log{\\left(\\sin{\\left(x \\right)} \\right)}}\\right| + 1\\right)}\\right|', 'properties': {'singularities': ['complex_or_infinite'], 'is_periodic': True, 'domain': 'analysis_timeout', 'period_value': '2*pi', 'error': 'only length-1 arrays can be converted to Python scalars'}}",failed,3,2,3,False,3,['gamma'],True,False,False,5
MCM_323_693d179a,"{'a': 3, 'b': 2, 'c': 3}",{'points': []},"{'formula': 'log(Piecewise((log(x)*Abs(x), x > 3), (0, True)) + log(x) + Abs(x**3) + exp(4))', 'latex': '\\log{\\left(\\begin{cases} \\log{\\left(x \\right)} \\left|{x}\\right| & \\text{for}\\: x > 3 \\\\0 & \\text{otherwise} \\end{cases} + \\log{\\left(x \\right)} + \\left|{x^{3}}\\right| + e^{4} \\right)}', 'properties': {'singularities': ['analysis_error'], 'is_periodic': False, 'domain': 'analysis_timeout', 'error': 'Values out of bounds or non-finite'}}",failed,3,2,3,False,2,[],False,False,False,9
MCM_323_45d095fd,"{'a': 3, 'b': 2, 'c': 3}",{'points': []},"{'formula': 'log(log(Abs(x)))*tan(x) + floor(x)', 'latex': '\\log{\\left(\\log{\\left(\\left|{x}\\right| \\right)} \\right)} \\tan{\\left(x \\right)} + \\left\\lfloor{x}\\right\\rfloor', 'properties': {'singularities': ['analysis_error'], 'is_periodic': False, 'domain': 'analysis_timeout', 'error': 'Values out of bounds or non-finite'}}",failed,3,2,3,False,2,[],False,False,False,7
MCM_323_9e9b9487,"{'a': 3, 'b': 2, 'c': 3}",{'points': []},"{'formula': 'gamma(tan(x) + 1)', 'latex': '\\Gamma\\left(\\tan{\\left(x \\right)} + 1\\right)', 'properties': {'singularities': ['complex_or_infinite'], 'is_periodic': True, 'domain': 'analysis_timeout', 'period_value': 'pi', 'error': 'only length-1 arrays can be converted to Python scalars'}}",failed,3,2,3,False,3,['gamma'],True,False,False,3
MCM_323_cf166edb,"{'a': 3, 'b': 2, 'c': 3}",{'points': []},"{'formula': 'log((floor(sin(x)) + 4)*tan(log(exp(x))))', 'latex': '\\log{\\left(\\left(\\left\\lfloor{\\sin{\\left(x \\right)}}\\right\\rfloor + 4\\right) \\tan{\\left(\\log{\\left(e^{x} \\right)} \\right)} \\right)}', 'properties': {'singularities': ['complex_or_infinite'], 'is_periodic': True, 'domain': 'analysis_timeout', 'period_value': '2*pi', 'error': 'Values out of bounds or non-finite'}}",failed,3,2,3,False,2,[],False,False,False,6
MCM_323_fd467335,"{'a': 3, 'b': 2, 'c': 3}",{'points': []},"{'formula': 'log(log(exp(x)))', 'latex': '\\log{\\left(\\log{\\left(e^{x} \\right)} \\right)}', 'properties': {'singularities': ['complex_or_infinite'], 'is_periodic': False, 'domain': 'Interval.open(0, oo)', 'error': 'Values out of bounds or non-finite'}}",failed,3,2,3,False,1,[],False,True,False,1
MCM_323_b37403b8,"{'a': 3, 'b': 2, 'c': 3}",{'points': []},"{'formula': 'log(x*cos(floor(cos(x))))', 'latex': '\\log{\\left(x \\cos{\\left(\\left\\lfloor{\\cos{\\left(x \\right)}}\\right\\rfloor \\right)} \\right)}', 'properties': {'singularities': ['complex_or_infinite'], 'is_periodic': False, 'domain': 'analysis_timeout', 'error': 'Values out of bounds or non-finite'}}",failed,3,2,3,False,2,[],False,False,False,5
MCM_323_a69f8d59,"{'a': 3, 'b': 2, 'c': 3}",{'points': []},"{'formula': 'Abs(Piecewise((log(3*x)*log(x + 4) + tan(x), x > -2), (log(3*x)*log(x + 4), True)))', 'latex': '\\left|{\\begin{cases} \\log{\\left(3 x \\right)} \\log{\\left(x + 4 \\right)} + \\tan{\\left(x \\right)} & \\text{for}\\: x > -2 \\\\\\log{\\left(3 x \\right)} \\log{\\left(x + 4 \\right)} & \\text{otherwise} \\end{cases}}\\right|', 'properties': {'singularities': ['complex_or_infinite'], 'is_periodic': False, 'domain': 'analysis_timeout', 'error': 'Values out of bounds or non-finite'}}",failed,3,2,3,False,2,[],False,False,False,9
MCM_323_2c9e6cb3,"{'a': 3, 'b': 2, 'c': 3}",{'points': []},"{'formula': 'gamma(gamma(Piecewise((Piecewise((x, x > 2), (0, True)), x > 0), (0, True))*cos(x) + Piecewise((Piecewise((x, x > 2), (0, True)), x > 0), (0, True))*Abs(x) + 1) + 1)', 'latex': '\\Gamma\\left(\\Gamma\\left(\\left(\\begin{cases} \\begin{cases} x & \\text{for}\\: x > 2 \\\\0 & \\text{otherwise} \\end{cases} & \\text{for}\\: x > 0 \\\\0 & \\text{otherwise} \\end{cases}\\right) \\cos{\\left(x \\right)} + \\left(\\begin{cases} \\begin{cases} x & \\text{for}\\: x > 2 \\\\0 & \\text{otherwise} \\end{cases} & \\text{for}\\: x > 0 \\\\0 & \\text{otherwise} \\end{cases}\\right) \\left|{x}\\right| + 1\\right) + 1\\right)', 'properties': {'singularities': ['complex_or_infinite'], 'is_periodic': False, 'domain': 'analysis_timeout', 'error': 'only length-1 arrays can be converted to Python scalars'}}",failed,3,2,3,False,3,"['gamma', 'gamma']",True,False,False,10
MCM_323_84214197,"{'a': 3, 'b': 2, 'c': 3}",{'points': []},"{'formula': 'sqrt(exp(floor(sin(log(x)))))', 'latex': '\\sqrt{e^{\\left\\lfloor{\\sin{\\left(\\log{\\left(x \\right)} \\right)}}\\right\\rfloor}}', 'properties': {'error': 'Timeout', 'stage': 'metadata'}}",failed,3,2,3,False,2,[],False,False,False,5
MCM_331_4320a276,"{'a': 3, 'b': 3, 'c': 1}",{'points': []},"{'formula': 'x*tan(x)*Abs(log(besselj(0, x)))', 'latex': 'x \\tan{\\left(x \\right)} \\left|{\\log{\\left(J_{0}\\left(x\\right) \\right)}}\\right|', 'properties': {'singularities': ['complex_or_infinite'], 'is_periodic': False, 'domain': 'analysis_timeout', 'error': ""name 'besselj' is not defined""}}",failed,3,3,1,False,3,[],False,False,False,5
MCM_331_d2f3595e,"{'a': 3, 'b': 3, 'c': 1}",{'points': []},"{'formula': 'gamma(log(floor(cos(Abs(x)))))', 'latex': '\\Gamma\\left(\\log{\\left(\\left\\lfloor{\\cos{\\left(\\left|{x}\\right| \\right)}}\\right\\rfloor \\right)}\\right)', 'properties': {'singularities': ['analysis_error'], 'is_periodic': False, 'domain': 'analysis_timeout', 'error': 'only length-1 arrays can be converted to Python scalars'}}",failed,3,3,1,False,3,[],False,False,False,5
MCM_331_9c045387,"{'a': 3, 'b': 3, 'c': 1}",{'points': []},"{'formula': 'exp(besselj(1, exp(besselj(0, 1))))*log(besselj(2, floor(x)))', 'latex': 'e^{J_{1}\\left(e^{J_{0}\\left(1\\right)}\\right)} \\log{\\left(J_{2}\\left(\\left\\lfloor{x}\\right\\rfloor\\right) \\right)}', 'properties': {'singularities': ['complex_or_infinite'], 'is_periodic': True, 'domain': 'analysis_timeout', 'period_value': '0', 'error': ""name 'besselj' is not defined""}}",failed,3,3,1,False,3,[],False,False,False,8
MCM_331_8af2261e,"{'a': 3, 'b': 3, 'c': 1}",{'points': []},"{'formula': 'tan(gamma(log(tan(gamma(x)))))', 'latex': '\\tan{\\left(\\Gamma\\left(\\log{\\left(\\tan{\\left(\\Gamma\\left(x\\right) \\right)} \\right)}\\right) \\right)}', 'properties': {'singularities': ['complex_or_infinite'], 'is_periodic': False, 'domain': 'analysis_timeout', 'error': 'only length-1 arrays can be converted to Python scalars'}}",failed,3,3,1,False,3,[],False,False,False,5
MCM_331_fbe83d8d,"{'a': 3, 'b': 3, 'c': 1}",{'points': []},"{'formula': 'Piecewise((log(zeta(Piecewise((cos(4), x > -1), (0, True)))), x > -1), (0, True))', 'latex': '\\begin{cases} \\log{\\left(\\zeta\\left(\\begin{cases} \\cos{\\left(4 \\right)} & \\text{for}\\: x > -1 \\\\0 & \\text{otherwise} \\end{cases}\\right) \\right)} & \\text{for}\\: x > -1 \\\\0 & \\text{otherwise} \\end{cases}', 'properties': {'singularities': ['analysis_error'], 'is_periodic': False, 'domain': 'analysis_timeout', 'error': ""name 'zeta' is not defined""}}",failed,3,3,1,False,3,[],False,False,False,5
MCM_331_9842f67d,"{'a': 3, 'b': 3, 'c': 1}",{'points': []},"{'formula': 'gamma(gamma(exp(x) + 1))', 'latex': '\\Gamma\\left(\\Gamma\\left(e^{x} + 1\\right)\\right)', 'properties': {'singularities': ['complex_or_infinite'], 'is_periodic': False, 'domain': 'analysis_timeout', 'error': 'only length-1 arrays can be converted to Python scalars'}}",failed,3,3,1,False,3,[],False,False,False,4
MCM_331_194e1d86,"{'a': 3, 'b': 3, 'c': 1}",{'points': []},"{'formula': 'log(floor(floor(x) + zeta(x)))', 'latex': '\\log{\\left(\\left\\lfloor{\\left\\lfloor{x}\\right\\rfloor + \\zeta\\left(x\\right)}\\right\\rfloor \\right)}', 'properties': {'singularities': ['complex_or_infinite'], 'is_periodic': False, 'domain': 'analysis_timeout', 'error': ""name 'zeta' is not defined""}}",failed,3,3,1,False,3,[],False,False,False,5
MCM_331_8a9cf270,"{'a': 3, 'b': 3, 'c': 1}",{'points': []},"{'formula': 'Piecewise(((log(-gamma(tan(3) + 1)/tan(3)) + I*pi)*besselj(1, erf(erf(3))), x > 0), (0, True))', 'latex': '\\begin{cases} \\left(\\log{\\left(- \\frac{\\Gamma\\left(\\tan{\\left(3 \\right)} + 1\\right)}{\\tan{\\left(3 \\right)}} \\right)} + i \\pi\\right) J_{1}\\left(\\operatorname{erf}{\\left(\\operatorname{erf}{\\left(3 \\right)} \\right)}\\right) & \\text{for}\\: x > 0 \\\\0 & \\text{otherwise} \\end{cases}', 'properties': {'singularities': ['complex_or_infinite'], 'is_periodic': False, 'domain': 'analysis_timeout', 'error': ""name 'besselj' is not defined""}}",failed,3,3,1,False,3,[],False,False,False,13
MCM_331_d0468ca2,"{'a': 3, 'b': 3, 'c': 1}",{'points': []},"{'formula': 'Piecewise((exp(Abs(cos(besselj(0, x) - 2*besselj(1, x)/x) + exp(5))), x > 1), (exp(Abs(cos(besselj(0, x) - 2*besselj(1, x)/x))), True))', 'latex': '\\begin{cases} e^{\\left|{\\cos{\\left(J_{0}\\left(x\\right) - \\frac{2 J_{1}\\left(x\\right)}{x} \\right)} + e^{5}}\\right|} & \\text{for}\\: x > 1 \\\\e^{\\left|{\\cos{\\left(J_{0}\\left(x\\right) - \\frac{2 J_{1}\\left(x\\right)}{x} \\right)}}\\right|} & \\text{otherwise} \\end{cases}', 'properties': {'singularities': ['0'], 'is_periodic': False, 'domain': 'analysis_timeout', 'error': ""name 'besselj' is not defined""}}",failed,3,3,1,False,3,[],False,False,False,13
MCM_331_5f1ceb8f,"{'a': 3, 'b': 3, 'c': 1}",{'points': []},"{'formula': 'cos(Piecewise((log(exp(x))**3, x > -2), (log(-exp(x))**3, True)))', 'latex': '\\cos{\\left(\\begin{cases} \\log{\\left(e^{x} \\right)}^{3} & \\text{for}\\: x > -2 \\\\\\log{\\left(- e^{x} \\right)}^{3} & \\text{otherwise} \\end{cases} \\right)}', 'properties': {'singularities': ['complex_or_infinite'], 'is_periodic': False, 'domain': 'analysis_timeout', 'error': 'Values out of bounds or non-finite'}}",failed,3,3,1,False,2,[],False,True,False,7
MCM_331_70cb485b,"{'a': 3, 'b': 3, 'c': 1}",{'points': []},"{'formula': 'Abs(Piecewise((x - tan((x*besselj(0, x) - 2*besselj(1, x))*gamma(x)/x) + zeta(tan(x)), x > -1), (tan(besselj(2, x)*gamma(x)) + zeta(tan(x)), True)))', 'latex': '\\left|{\\begin{cases} x - \\tan{\\left(\\frac{\\left(x J_{0}\\left(x\\right) - 2 J_{1}\\left(x\\right)\\right) \\Gamma\\left(x\\right)}{x} \\right)} + \\zeta\\left(\\tan{\\left(x \\right)}\\right) & \\text{for}\\: x > -1 \\\\\\tan{\\left(J_{2}\\left(x\\right) \\Gamma\\left(x\\right) \\right)} + \\zeta\\left(\\tan{\\left(x \\right)}\\right) & \\text{otherwise} \\end{cases}}\\right|', 'properties': {'singularities': ['complex_or_infinite'], 'is_periodic': False, 'domain': 'analysis_timeout', 'error': ""name 'besselj' is not defined""}}",failed,3,3,1,False,3,[],False,False,False,19
MCM_332_ac39d286,"{'a': 3, 'b': 3, 'c': 2}",{'points': []},"{'formula': 'gamma(x)/(x - 2.5)', 'latex': '\\frac{\\Gamma\\left(x\\right)}{x - 2.5}', 'properties': {'singularities': ['2.50000000000000'], 'is_periodic': False, 'domain': 'analysis_timeout', 'error': 'only length-1 arrays can be converted to Python scalars'}}",failed,3,3,2,False,3,[],False,False,False,4
MCM_332_f574bd9e,"{'a': 3, 'b': 3, 'c': 2}",{'points': []},"{'formula': '1/zeta(Abs(x) + 1.1)', 'latex': '\\frac{1}{\\zeta\\left(\\left|{x}\\right| + 1.1\\right)}', 'properties': {'singularities': ['analysis_error'], 'is_periodic': False, 'domain': 'analysis_timeout', 'error': ""name 'zeta' is not defined""}}",failed,3,3,2,False,3,[],False,False,False,4
MCM_332_e0ef54cf,"{'a': 3, 'b': 3, 'c': 2}",{'points': []},"{'formula': 'floor(cos(Abs(x)))/(x + 1)', 'latex': '\\frac{\\left\\lfloor{\\cos{\\left(\\left|{x}\\right| \\right)}}\\right\\rfloor}{x + 1}', 'properties': {'singularities': ['-1'], 'is_periodic': False, 'domain': 'analysis_timeout', 'error': 'Values out of bounds or non-finite'}}",failed,3,3,2,False,2,[],False,True,False,6
MCM_332_159a4a3d,"{'a': 3, 'b': 3, 'c': 2}",{'points': []},"{'formula': '(x*exp(x) + (x + 1)**3)*tan(besselj(0, log(x)))/(x - 1)', 'latex': '\\frac{\\left(x e^{x} + \\left(x + 1\\right)^{3}\\right) \\tan{\\left(J_{0}\\left(\\log{\\left(x \\right)}\\right) \\right)}}{x - 1}', 'properties': {'singularities': ['complex_or_infinite'], 'is_periodic': False, 'domain': 'analysis_timeout', 'error': ""name 'besselj' is not defined""}}",failed,3,3,2,False,3,[],False,False,False,11
MCM_332_626569e5,"{'a': 3, 'b': 3, 'c': 2}",{'points': []},"{'formula': 'erf(log(floor(x)))/(x - 1)', 'latex': '\\frac{\\operatorname{erf}{\\left(\\log{\\left(\\left\\lfloor{x}\\right\\rfloor \\right)} \\right)}}{x - 1}', 'properties': {'singularities': ['complex_or_infinite'], 'is_periodic': False, 'domain': 'analysis_timeout', 'error': 'Timeout'}}",failed,3,3,2,False,3,[],False,False,False,6
MCM_332_56f5ed3d,"{'a': 3, 'b': 3, 'c': 2}",{'points': []},"{'formula': 'gamma(exp(cos(x)))**3/(x + 2)', 'latex': '\\frac{\\Gamma^{3}\\left(e^{\\cos{\\left(x \\right)}}\\right)}{x + 2}', 'properties': {'singularities': ['-2'], 'is_periodic': False, 'domain': 'analysis_timeout', 'error': 'only length-1 arrays can be converted to Python scalars'}}",failed,3,3,2,False,3,[],False,False,False,7
MCM_332_ccc2f3ff,"{'a': 3, 'b': 3, 'c': 2}",{'points': []},"{'formula': 'sin(exp(erf(exp(x))))/(x + 1)', 'latex': '\\frac{\\sin{\\left(e^{\\operatorname{erf}{\\left(e^{x} \\right)}} \\right)}}{x + 1}', 'properties': {'singularities': ['-1'], 'is_periodic': False, 'domain': 'analysis_timeout', 'error': 'only length-1 arrays can be converted to Python scalars'}}",failed,3,3,2,False,3,[],False,False,False,7
MCM_332_f938c408,"{'a': 3, 'b': 3, 'c': 2}",{'points': []},"{'formula': 'gamma(gamma(log(zeta(x))))/(x - 1)', 'latex': '\\frac{\\Gamma\\left(\\Gamma\\left(\\log{\\left(\\zeta\\left(x\\right) \\right)}\\right)\\right)}{x - 1}', 'properties': {'singularities': ['complex_or_infinite'], 'is_periodic': False, 'domain': 'analysis_timeout', 'error': ""name 'zeta' is not defined""}}",failed,3,3,2,False,3,[],False,False,False,7
MCM_101_c4bed0ae,"{'a': 1, 'b': 0, 'c': 1}",{'points': []},"{'formula': 'sqrt(x) + x**2', 'latex': '\\sqrt{x} + x^{2}', 'properties': {'singularities': [], 'is_periodic': False, 'domain': 'Interval(0, oo)', 'error': 'Values out of bounds'}}",failed,1,0,1,False,0,[],False,False,False,3
MCM_200_77f5146b,"{'a': 2, 'b': 0, 'c': 0}",{'points': []},"{'formula': 'x**12', 'latex': 'x^{12}', 'properties': {'singularities': [], 'is_periodic': False, 'domain': 'Reals', 'error': 'Values out of bounds'}}",failed,2,0,0,False,0,[],False,False,False,1
MCM_200_12156c31,"{'a': 2, 'b': 0, 'c': 0}",{'points': []},"{'formula': '2*x**9', 'latex': '2 x^{9}', 'properties': {'singularities': [], 'is_periodic': False, 'domain': 'Reals', 'error': 'Values out of bounds'}}",failed,2,0,0,False,0,[],False,False,False,2
MCM_222_01ae67ab,"{'a': 2, 'b': 2, 'c': 2}",{'points': []},"{'formula': 'factorial(floor(Abs(x)))/(x + 2)', 'latex': '\\frac{\\left(\\left\\lfloor{\\left|{x}\\right|}\\right\\rfloor\\right)!}{x + 2}', 'properties': {'singularities': ['-2'], 'is_periodic': False, 'domain': 'analysis_timeout', 'error': 'Values out of bounds'}}",failed,2,2,2,False,2,[],False,False,False,6
MCM_300_a9f6fc2b,"{'a': 3, 'b': 0, 'c': 0}",{'points': []},"{'formula': 'x**2*(2*x**2 + Abs(x))**2*sqrt(x**2 + x + 3)*Abs(x)', 'latex': 'x^{2} \\left(2 x^{2} + \\left|{x}\\right|\\right)^{2} \\sqrt{x^{2} + x + 3} \\left|{x}\\right|', 'properties': {'singularities': [], 'is_periodic': False, 'domain': 'Reals', 'error': 'Values out of bounds'}}",failed,3,0,0,False,2,['Abs'],True,False,False,8
MCM_300_2725e37e,"{'a': 3, 'b': 0, 'c': 0}",{'points': []},"{'formula': 'x**12*(4096*x**2 + x + 2)**3', 'latex': 'x^{12} \\left(4096 x^{2} + x + 2\\right)^{3}', 'properties': {'singularities': [], 'is_periodic': False, 'domain': 'Reals', 'error': 'Values out of bounds'}}",failed,3,0,0,False,0,[],False,False,False,6
MCM_300_d9fb901b,"{'a': 3, 'b': 0, 'c': 0}",{'points': []},"{'formula': '5764801*x**8', 'latex': '5764801 x^{8}', 'properties': {'singularities': [], 'is_periodic': False, 'domain': 'Reals', 'error': 'Values out of bounds'}}",failed,3,0,0,False,0,[],False,False,False,2
MCM_301_f83a8f2c,"{'a': 3, 'b': 0, 'c': 1}",{'points': []},"{'formula': 'x**4*(sqrt(x) + x**2)*(21650635094611*x**2 + 25000000000000*x + 75000000000000)**3/488281250000000000000000000000000000000', 'latex': '\\frac{x^{4} \\left(\\sqrt{x} + x^{2}\\right) \\left(21650635094611 x^{2} + 25000000000000 x + 75000000000000\\right)^{3}}{488281250000000000000000000000000000000}', 'properties': {'singularities': [], 'is_periodic': False, 'domain': 'Interval(0, oo)', 'error': 'Values out of bounds'}}",failed,3,0,1,False,0,[],False,False,False,9
MCM_301_484b80ff,"{'a': 3, 'b': 0, 'c': 1}",{'points': []},"{'formula': 'x**(5/2)*sqrt(x + 3) + x**(3/2) + sqrt(x) + x*(sqrt(x) + 2*x)*(x**2 + 2) + x + sqrt(x**(5/2)) + 5', 'latex': 'x^{\\frac{5}{2}} \\sqrt{x + 3} + x^{\\frac{3}{2}} + \\sqrt{x} + x \\left(\\sqrt{x} + 2 x\\right) \\left(x^{2} + 2\\right) + x + \\sqrt{x^{\\frac{5}{2}}} + 5', 'properties': {'singularities': [], 'is_periodic': False, 'domain': 'Interval(0, oo)', 'error': 'Values out of bounds'}}",failed,3,0,1,False,0,[],False,False,False,13
MCM_301_1f94283d,"{'a': 3, 'b': 0, 'c': 1}",{'points': []},"{'formula': '8*x**11*(x + 3)*(x**(3/2) + x**2 + 2*x)*(x**2 + x + 5)*Abs(x)', 'latex': '8 x^{11} \\left(x + 3\\right) \\left(x^{\\frac{3}{2}} + x^{2} + 2 x\\right) \\left(x^{2} + x + 5\\right) \\left|{x}\\right|', 'properties': {'singularities': [], 'is_periodic': False, 'domain': 'Interval(0, oo)', 'error': 'Values out of bounds'}}",failed,3,0,1,False,2,['Abs'],True,False,False,9
MCM_301_89835734,"{'a': 3, 'b': 0, 'c': 1}",{'points': []},"{'formula': '64*x**21*(x + 1)**6', 'latex': '64 x^{21} \\left(x + 1\\right)^{6}', 'properties': {'singularities': [], 'is_periodic': False, 'domain': 'Reals', 'error': 'Values out of bounds'}}",failed,3,0,1,False,0,[],False,False,False,4
MCM_301_2fcca226,"{'a': 3, 'b': 0, 'c': 1}",{'points': []},"{'formula': '512*x**11*(x + 2)**2*(4*x**2 + (x + 3)**3 + sqrt(Abs(x)))', 'latex': '512 x^{11} \\left(x + 2\\right)^{2} \\left(4 x^{2} + \\left(x + 3\\right)^{3} + \\sqrt{\\left|{x}\\right|}\\right)', 'properties': {'singularities': [], 'is_periodic': False, 'domain': 'Reals', 'error': 'Values out of bounds'}}",failed,3,0,1,False,2,['Abs'],True,False,False,11
MCM_301_cb444345,"{'a': 3, 'b': 0, 'c': 1}",{'points': []},"{'formula': '64*x**18*(x + 3)**3*(x**2 + 1)**9', 'latex': '64 x^{18} \\left(x + 3\\right)^{3} \\left(x^{2} + 1\\right)^{9}', 'properties': {'singularities': [], 'is_periodic': False, 'domain': 'Reals', 'error': 'Values out of bounds'}}",failed,3,0,1,False,0,[],False,False,False,7
MCM_301_6b33bff5,"{'a': 3, 'b': 0, 'c': 1}",{'points': []},"{'formula': 'sqrt(6*x + Abs(x))*(241421356237309*sqrt(x) + 100000000000000*x + 400000000000000)**3/1000000000000000000000000000000000000000000', 'latex': '\\frac{\\sqrt{6 x + \\left|{x}\\right|} \\left(241421356237309 \\sqrt{x} + 100000000000000 x + 400000000000000\\right)^{3}}{1000000000000000000000000000000000000000000}', 'properties': {'singularities': [], 'is_periodic': False, 'domain': 'Interval(0, oo)', 'error': 'Values out of bounds'}}",failed,3,0,1,False,2,['Abs'],True,False,False,10
MCM_301_986b5944,"{'a': 3, 'b': 0, 'c': 1}",{'points': []},"{'formula': '(2*x**(3/2) + (x + 4)**3)**6', 'latex': '\\left(2 x^{\\frac{3}{2}} + \\left(x + 4\\right)^{3}\\right)^{6}', 'properties': {'singularities': [], 'is_periodic': False, 'domain': 'Interval(0, oo)', 'error': 'Values out of bounds'}}",failed,3,0,1,False,0,[],False,False,False,6
MCM_301_3c363aef,"{'a': 3, 'b': 0, 'c': 1}",{'points': []},"{'formula': '(14142135623731*sqrt(x) + 10000000000000*x**6)**9/1000000000000000000000000000000000000000000000000000000000000000000000000000000000000000000000000000000000000000000000', 'latex': '\\frac{\\left(14142135623731 \\sqrt{x} + 10000000000000 x^{6}\\right)^{9}}{1000000000000000000000000000000000000000000000000000000000000000000000000000000000000000000000000000000000000000000000}', 'properties': {'singularities': [], 'is_periodic': False, 'domain': 'Interval(0, oo)', 'error': 'Values out of bounds'}}",failed,3,0,1,False,0,[],False,False,False,7
MCM_301_3b4fffa4,"{'a': 3, 'b': 0, 'c': 1}",{'points': []},"{'formula': '81*x**4 + x**2*(x + 1)*(x + 3)**3 + sqrt(sqrt(x) + x**2) + Abs(x + 3)', 'latex': '81 x^{4} + x^{2} \\left(x + 1\\right) \\left(x + 3\\right)^{3} + \\sqrt{\\sqrt{x} + x^{2}} + \\left|{x + 3}\\right|', 'properties': {'singularities': [], 'is_periodic': False, 'domain': 'Interval(0, oo)', 'error': 'Values out of bounds'}}",failed,3,0,1,False,2,['Abs'],True,False,False,12
MCM_301_10573284,"{'a': 3, 'b': 0, 'c': 1}",{'points': []},"{'formula': '64*x**54', 'latex': '64 x^{54}', 'properties': {'singularities': [], 'is_periodic': False, 'domain': 'Reals', 'error': 'Values out of bounds'}}",failed,3,0,1,False,0,[],False,False,False,2
MCM_301_f3818057,"{'a': 3, 'b': 0, 'c': 1}",{'points': []},"{'formula': 'x**16*(x + 1)**4', 'latex': 'x^{16} \\left(x + 1\\right)^{4}', 'properties': {'singularities': [], 'is_periodic': False, 'domain': 'Reals', 'error': 'Values out of bounds'}}",failed,3,0,1,False,0,[],False,False,False,4
MCM_303_1c7ce8e8,"{'a': 3, 'b': 0, 'c': 3}",{'points': []},"{'formula': 'x**8*(sqrt(x) + x**2)**3*(x + 21)**3*Abs(x)', 'latex': 'x^{8} \\left(\\sqrt{x} + x^{2}\\right)^{3} \\left(x + 21\\right)^{3} \\left|{x}\\right|', 'properties': {'singularities': [], 'is_periodic': False, 'domain': 'Interval(0, oo)', 'error': 'Values out of bounds'}}",failed,3,0,3,False,2,['Abs'],True,False,False,9
MCM_303_8fc18d9a,"{'a': 3, 'b': 0, 'c': 3}",{'points': []},"{'formula': '16*x**(23/2) + (x**3 + 3*x + 2)*(sqrt(x)*(x + 3) + x**3 + x + 4)', 'latex': '16 x^{\\frac{23}{2}} + \\left(x^{3} + 3 x + 2\\right) \\left(\\sqrt{x} \\left(x + 3\\right) + x^{3} + x + 4\\right)', 'properties': {'singularities': [], 'is_periodic': False, 'domain': 'Interval(0, oo)', 'error': 'Values out of bounds'}}",failed,3,0,3,False,0,[],False,False,False,11
MCM_303_5b776004,"{'a': 3, 'b': 0, 'c': 3}",{'points': []},"{'formula': 'x*(x**7 + 64*x**5 + 3*x + 10)', 'latex': 'x \\left(x^{7} + 64 x^{5} + 3 x + 10\\right)', 'properties': {'singularities': [], 'is_periodic': False, 'domain': 'Reals', 'error': 'Values out of bounds'}}",failed,3,0,3,False,0,[],False,False,False,6
MCM_303_f3f532bc,"{'a': 3, 'b': 0, 'c': 3}",{'points': []},"{'formula': 'x**2*(sqrt(x)*(x + 4) + 2*x**3)**2*(x**3 + x + 2)**2', 'latex': 'x^{2} \\left(\\sqrt{x} \\left(x + 4\\right) + 2 x^{3}\\right)^{2} \\left(x^{3} + x + 2\\right)^{2}', 'properties': {'singularities': [], 'is_periodic': False, 'domain': 'Interval(0, oo)', 'error': 'Values out of bounds'}}",failed,3,0,3,False,0,[],False,False,False,11
MCM_303_46a8419a,"{'a': 3, 'b': 0, 'c': 3}",{'points': []},"{'formula': 'x**2*(x + 1)*(10000000000000*x**3 + 14142135623731)*(sqrt(x) + x**2*(x + 3) + x + 4)/10000000000000 + (x**(5/2) + 2*x**2)**2', 'latex': '\\frac{x^{2} \\left(x + 1\\right) \\left(10000000000000 x^{3} + 14142135623731\\right) \\left(\\sqrt{x} + x^{2} \\left(x + 3\\right) + x + 4\\right)}{10000000000000} + \\left(x^{\\frac{5}{2}} + 2 x^{2}\\right)^{2}', 'properties': {'singularities': [], 'is_periodic': False, 'domain': 'Interval(0, oo)', 'error': 'Values out of bounds'}}",failed,3,0,3,False,0,[],False,False,False,15
MCM_303_34f039fa,"{'a': 3, 'b': 0, 'c': 3}",{'points': []},"{'formula': '512*x**(17/2) + x**10 + 9*x**2 + 3*x + 4', 'latex': '512 x^{\\frac{17}{2}} + x^{10} + 9 x^{2} + 3 x + 4', 'properties': {'singularities': [], 'is_periodic': False, 'domain': 'Interval(0, oo)', 'error': 'Values out of bounds'}}",failed,3,0,3,False,0,[],False,False,False,7
MCM_303_6def9307,"{'a': 3, 'b': 0, 'c': 3}",{'points': []},"{'formula': '282842712474619*x**2*sqrt(x**3*(x + 3)**3)*Abs(x)/100000000000000', 'latex': '\\frac{282842712474619 x^{2} \\sqrt{x^{3} \\left(x + 3\\right)^{3}} \\left|{x}\\right|}{100000000000000}', 'properties': {'singularities': [], 'is_periodic': False, 'domain': 'Union(Interval(-oo, -3), Interval(0, oo))', 'error': 'Values out of bounds'}}",failed,3,0,3,False,2,['Abs'],True,False,False,8
MCM_303_4113d75e,"{'a': 3, 'b': 0, 'c': 3}",{'points': []},"{'formula': '(22360679774997900000000000000*x**(3/2)*(x + 2) + (141421356237310*x + 282842712474619)**2)*(3*x**(3/2) + sqrt(sqrt(x) + x**3) + sqrt(x + 2))/10000000000000000000000000000', 'latex': '\\frac{\\left(22360679774997900000000000000 x^{\\frac{3}{2}} \\left(x + 2\\right) + \\left(141421356237310 x + 282842712474619\\right)^{2}\\right) \\left(3 x^{\\frac{3}{2}} + \\sqrt{\\sqrt{x} + x^{3}} + \\sqrt{x + 2}\\right)}{10000000000000000000000000000}', 'properties': {'singularities': [], 'is_periodic': False, 'domain': 'Interval(0, oo)', 'error': 'Values out of bounds'}}",failed,3,0,3,False,0,[],False,False,False,15
MCM_303_6e0bc3b8,"{'a': 3, 'b': 0, 'c': 3}",{'points': []},"{'formula': '2*x**18*(2*x**3 + sqrt(x**3))*(x**3 + x + 5)**3', 'latex': '2 x^{18} \\left(2 x^{3} + \\sqrt{x^{3}}\\right) \\left(x^{3} + x + 5\\right)^{3}', 'properties': {'singularities': [], 'is_periodic': False, 'domain': 'Interval(0, oo)', 'error': 'Values out of bounds'}}",failed,3,0,3,False,0,[],False,False,False,8
MCM_303_e41e399e,"{'a': 3, 'b': 0, 'c': 3}",{'points': []},"{'formula': '7432544468767*x**6*(x + 1)*(x**4 + Abs(x))*sqrt(x**(5/2))/1562500000000', 'latex': '\\frac{7432544468767 x^{6} \\left(x + 1\\right) \\left(x^{4} + \\left|{x}\\right|\\right) \\sqrt{x^{\\frac{5}{2}}}}{1562500000000}', 'properties': {'singularities': [], 'is_periodic': False, 'domain': 'Interval(0, oo)', 'error': 'Values out of bounds'}}",failed,3,0,3,False,2,['Abs'],True,False,False,8
MCM_303_d39e7c44,"{'a': 3, 'b': 0, 'c': 3}",{'points': []},"{'formula': 'x**(1/4) + x**5 + x**4 + x**3 + 5188*x**2 + 3888*x + 1296', 'latex': '\\sqrt[4]{x} + x^{5} + x^{4} + x^{3} + 5188 x^{2} + 3888 x + 1296', 'properties': {'singularities': [], 'is_periodic': False, 'domain': 'Interval(0, oo)', 'error': 'Values out of bounds'}}",failed,3,0,3,False,0,[],False,False,False,8
MCM_303_9b74092a,"{'a': 3, 'b': 0, 'c': 3}",{'points': []},"{'formula': '8*x**2*(2*x**(3/2) + sqrt(x) + 3*x)**2', 'latex': '8 x^{2} \\left(2 x^{\\frac{3}{2}} + \\sqrt{x} + 3 x\\right)^{2}', 'properties': {'singularities': [], 'is_periodic': False, 'domain': 'Interval(0, oo)', 'error': 'Values out of bounds'}}",failed,3,0,3,False,0,[],False,False,False,8
MCM_001_15ce8a00,"{'a': 0, 'b': 0, 'c': 1}",{'points': []},"{'formula': 'x**0.5', 'latex': 'x^{0.5}', 'properties': {'singularities': [], 'is_periodic': False, 'domain': 'Interval(0, oo)', 'error': 'Values out of bounds'}}",failed,0,0,1,False,0,[],False,False,False,1
MCM_100_b5dc1246,"{'a': 1, 'b': 0, 'c': 0}",{'points': []},"{'formula': '2*x + 1/x', 'latex': '2 x + \\frac{1}{x}', 'properties': {'singularities': ['0'], 'is_periodic': False, 'domain': 'Union(Interval.open(-oo, 0), Interval.open(0, oo))', 'error': 'Values out of bounds'}}",failed,1,0,0,False,0,[],False,False,True,3
MCM_103_c9ec5a07,"{'a': 1, 'b': 0, 'c': 3}",{'points': []},"{'formula': '(x + 1)**0.5', 'latex': '\\left(x + 1\\right)^{0.5}', 'properties': {'singularities': [], 'is_periodic': False, 'domain': 'Interval(-1, oo)', 'error': 'Values out of bounds'}}",failed,1,0,3,False,0,[],False,False,False,2
MCM_103_64591dd6,"{'a': 1, 'b': 0, 'c': 3}",{'points': []},"{'formula': '(x**3)**0.5', 'latex': '\\left(x^{3}\\right)^{0.5}', 'properties': {'singularities': [], 'is_periodic': False, 'domain': 'Interval(0, oo)', 'error': 'Values out of bounds'}}",failed,1,0,3,False,0,[],False,False,False,2
MCM_103_42e3b581,"{'a': 1, 'b': 0, 'c': 3}",{'points': []},"{'formula': '1/(x + 3)', 'latex': '\\frac{1}{x + 3}', 'properties': {'singularities': ['-3'], 'is_periodic': False, 'domain': 'Union(Interval.open(-oo, -3), Interval.open(-3, oo))', 'error': 'Values out of bounds'}}",failed,1,0,3,False,0,[],False,False,False,2
MCM_200_018ee4aa,"{'a': 2, 'b': 0, 'c': 0}",{'points': []},"{'formula': '(x**6 + 1)/x**2', 'latex': '\\frac{x^{6} + 1}{x^{2}}', 'properties': {'singularities': ['0'], 'is_periodic': False, 'domain': 'Union(Interval.open(-oo, 0), Interval.open(0, oo))', 'error': 'Values out of bounds'}}",failed,2,0,0,False,0,[],False,False,True,4
MCM_200_9576e65e,"{'a': 2, 'b': 0, 'c': 0}",{'points': []},"{'formula': '(x**2 + x + 5)/x**2', 'latex': '\\frac{x^{2} + x + 5}{x^{2}}', 'properties': {'singularities': ['0'], 'is_periodic': False, 'domain': 'Union(Interval.open(-oo, 0), Interval.open(0, oo))', 'error': 'Values out of bounds'}}",failed,2,0,0,False,0,[],False,False,True,4
MCM_201_6e8284b6,"{'a': 2, 'b': 0, 'c': 1}",{'points': []},"{'formula': '2*x**3 + x**2.5', 'latex': '2 x^{3} + x^{2.5}', 'properties': {'singularities': [], 'is_periodic': False, 'domain': 'Interval(0, oo)', 'error': 'Values out of bounds'}}",failed,2,0,1,False,0,[],False,False,False,4
MCM_201_79661ffe,"{'a': 2, 'b': 0, 'c': 1}",{'points': []},"{'formula': '1/(2*x**2)', 'latex': '\\frac{1}{2 x^{2}}', 'properties': {'singularities': ['0'], 'is_periodic': False, 'domain': 'Union(Interval.open(-oo, 0), Interval.open(0, oo))', 'error': 'Values out of bounds'}}",failed,2,0,1,False,0,[],False,False,False,2
MCM_222_9faaffa6,"{'a': 2, 'b': 2, 'c': 2}",{'points': []},"{'formula': 'factorial(floor(Abs(x)))/(x + 2)', 'latex': '\\frac{\\left(\\left\\lfloor{\\left|{x}\\right|}\\right\\rfloor\\right)!}{x + 2}', 'properties': {'singularities': ['-2'], 'is_periodic': False, 'domain': 'analysis_timeout', 'error': 'Values out of bounds'}}",failed,2,2,2,False,2,[],False,False,False,6
MCM_300_3e1ea7b2,"{'a': 3, 'b': 0, 'c': 0}",{'points': []},"{'formula': '629*x**8*(x + 2)**2*(x + 4)**2/16', 'latex': '\\frac{629 x^{8} \\left(x + 2\\right)^{2} \\left(x + 4\\right)^{2}}{16}', 'properties': {'singularities': [], 'is_periodic': False, 'domain': 'Reals', 'error': 'Values out of bounds'}}",failed,3,0,0,False,0,[],False,False,False,6
MCM_300_da2fe042,"{'a': 3, 'b': 0, 'c': 0}",{'points': []},"{'formula': '16*x**20', 'latex': '16 x^{20}', 'properties': {'singularities': [], 'is_periodic': False, 'domain': 'Reals', 'error': 'Values out of bounds'}}",failed,3,0,0,False,0,[],False,False,False,2
MCM_300_436cc19c,"{'a': 3, 'b': 0, 'c': 0}",{'points': []},"{'formula': '(x**18 + Abs(x)**2.0)**3', 'latex': '\\left(x^{18} + \\left|{x}\\right|^{2.0}\\right)^{3}', 'properties': {'singularities': [], 'is_periodic': False, 'domain': 'Reals', 'error': 'Values out of bounds'}}",failed,3,0,0,False,2,['Abs'],True,False,False,5
MCM_301_ed8faa08,"{'a': 3, 'b': 0, 'c': 1}",{'points': []},"{'formula': '8*x**18*(x + 1)**3*(x**2 + 2)**3', 'latex': '8 x^{18} \\left(x + 1\\right)^{3} \\left(x^{2} + 2\\right)^{3}', 'properties': {'singularities': [], 'is_periodic': False, 'domain': 'Reals', 'error': 'Values out of bounds'}}",failed,3,0,1,False,0,[],False,False,False,7
MCM_301_faeb0312,"{'a': 3, 'b': 0, 'c': 1}",{'points': []},"{'formula': '((x + 1)*(x**2 + x + 1))**0.25*Abs(x)**0.5', 'latex': '\\left(\\left(x + 1\\right) \\left(x^{2} + x + 1\\right)\\right)^{0.25} \\left|{x}\\right|^{0.5}', 'properties': {'singularities': [], 'is_periodic': False, 'domain': 'Interval(-1, oo)', 'error': 'Values out of bounds'}}",failed,3,0,1,False,2,['Abs'],True,False,False,8
MCM_301_4e32ef99,"{'a': 3, 'b': 0, 'c': 1}",{'points': []},"{'formula': '(x**4 + x**3 + 1)**3/(8*x**6)', 'latex': '\\frac{\\left(x^{4} + x^{3} + 1\\right)^{3}}{8 x^{6}}', 'properties': {'singularities': ['0'], 'is_periodic': False, 'domain': 'Union(Interval.open(-oo, 0), Interval.open(0, oo))', 'error': 'Values out of bounds'}}",failed,3,0,1,False,0,[],False,False,False,6
MCM_301_08a82117,"{'a': 3, 'b': 0, 'c': 1}",{'points': []},"{'formula': 'x**8*(x**2 + 3)*(x**3 + 2*x + 8) + (x + 1)**3', 'latex': 'x^{8} \\left(x^{2} + 3\\right) \\left(x^{3} + 2 x + 8\\right) + \\left(x + 1\\right)^{3}', 'properties': {'singularities': [], 'is_periodic': False, 'domain': 'Reals', 'error': 'Values out of bounds'}}",failed,3,0,1,False,0,[],False,False,False,10
MCM_301_56c755da,"{'a': 3, 'b': 0, 'c': 1}",{'points': []},"{'formula': '(1.4142135623731*x**0.5 + 24*x)*(x**4 + (x + 5)**2)*(x**3*(4*Abs(x)**1.0 + 3) + 1)/x', 'latex': '\\frac{\\left(1.4142135623731 x^{0.5} + 24 x\\right) \\left(x^{4} + \\left(x + 5\\right)^{2}\\right) \\left(x^{3} \\left(4 \\left|{x}\\right|^{1.0} + 3\\right) + 1\\right)}{x}', 'properties': {'singularities': ['0'], 'is_periodic': False, 'domain': 'Interval.open(0, oo)', 'error': 'Values out of bounds'}}",failed,3,0,1,False,2,['Abs'],True,False,False,17
MCM_301_04ae3dcf,"{'a': 3, 'b': 0, 'c': 1}",{'points': []},"{'formula': 'x**4.5*(x**4*Abs(x)**1.0 + 4*x**3.0)*(x**2 + x + 2)**3/2', 'latex': '\\frac{x^{4.5} \\left(x^{4} \\left|{x}\\right|^{1.0} + 4 x^{3.0}\\right) \\left(x^{2} + x + 2\\right)^{3}}{2}', 'properties': {'singularities': [], 'is_periodic': False, 'domain': 'Interval(0, oo)', 'error': 'Values out of bounds'}}",failed,3,0,1,False,2,['Abs'],True,False,False,12
MCM_301_3ee16255,"{'a': 3, 'b': 0, 'c': 1}",{'points': []},"{'formula': '2*x**3*(x + 4)*(x + 5)*(2*x**2 + Abs(x)**1.0)*((x**3)**0.5 + 3)*(x**2 + 2*x + 2)', 'latex': '2 x^{3} \\left(x + 4\\right) \\left(x + 5\\right) \\left(2 x^{2} + \\left|{x}\\right|^{1.0}\\right) \\left(\\left(x^{3}\\right)^{0.5} + 3\\right) \\left(x^{2} + 2 x + 2\\right)', 'properties': {'singularities': [], 'is_periodic': False, 'domain': 'Interval(0, oo)', 'error': 'Values out of bounds'}}",failed,3,0,1,False,2,['Abs'],True,False,False,13
MCM_301_8b42f2c4,"{'a': 3, 'b': 0, 'c': 1}",{'points': []},"{'formula': '(x**2 + 2)**2*(2*x**2 + 1)**2*(x**4*(x**6 + 2*x + 5) + 1)/x**4', 'latex': '\\frac{\\left(x^{2} + 2\\right)^{2} \\left(2 x^{2} + 1\\right)^{2} \\left(x^{4} \\left(x^{6} + 2 x + 5\\right) + 1\\right)}{x^{4}}', 'properties': {'singularities': ['0'], 'is_periodic': False, 'domain': 'Union(Interval.open(-oo, 0), Interval.open(0, oo))', 'error': 'Values out of bounds'}}",failed,3,0,1,False,0,[],False,False,False,14
MCM_301_bf4c084e,"{'a': 3, 'b': 0, 'c': 1}",{'points': []},"{'formula': '2.82842712474619*(x*(x + 2)*(x + 32))**0.5*Abs(x)**2.0', 'latex': '2.82842712474619 \\left(x \\left(x + 2\\right) \\left(x + 32\\right)\\right)^{0.5} \\left|{x}\\right|^{2.0}', 'properties': {'singularities': [], 'is_periodic': False, 'domain': 'Union(Interval(-32, -2), Interval(0, oo))', 'error': 'Values out of bounds'}}",failed,3,0,1,False,2,['Abs'],True,False,False,7
MCM_301_b3f65a44,"{'a': 3, 'b': 0, 'c': 1}",{'points': []},"{'formula': '1/(5*x*(x + 5)**3*(x**0.5 + x + 4)*(x**2 + x + 3))', 'latex': '\\frac{1}{5 x \\left(x + 5\\right)^{3} \\left(x^{0.5} + x + 4\\right) \\left(x^{2} + x + 3\\right)}', 'properties': {'singularities': ['-5.00000000000000', '0.0'], 'is_periodic': False, 'domain': 'Complement(Interval.open(0, oo), ConditionSet(x, Eq(x**0.5 + x + 4, 0), Reals))', 'error': 'Values out of bounds'}}",failed,3,0,1,False,0,[],False,False,False,10
MCM_301_e4730c53,"{'a': 3, 'b': 0, 'c': 1}",{'points': []},"{'formula': '(x**2 + 9*x + 5)**2*(x**1.0 + 8*x**3*(x + 4)**0.5 + x + 25)', 'latex': '\\left(x^{2} + 9 x + 5\\right)^{2} \\left(x^{1.0} + 8 x^{3} \\left(x + 4\\right)^{0.5} + x + 25\\right)', 'properties': {'singularities': [], 'is_periodic': False, 'domain': 'Interval(0, oo)', 'error': 'Values out of bounds'}}",failed,3,0,1,False,0,[],False,False,False,11
MCM_301_900e7dfa,"{'a': 3, 'b': 0, 'c': 1}",{'points': []},"{'formula': '8*(x + 3)**3/x**3.0 + 1/(2*x**0.5) + 2*x**1.5 + (x**0.5 + x**2)**2', 'latex': '\\frac{8 \\left(x + 3\\right)^{3}}{x^{3.0}} + \\frac{1}{2 x^{0.5}} + 2 x^{1.5} + \\left(x^{0.5} + x^{2}\\right)^{2}', 'properties': {'singularities': ['0'], 'is_periodic': False, 'domain': 'Interval.open(0, oo)', 'error': 'Values out of bounds'}}",failed,3,0,1,False,0,[],False,False,False,13
MCM_303_a0aa9aa0,"{'a': 3, 'b': 0, 'c': 3}",{'points': []},"{'formula': 'x**3.0/3 + (x**2 + 7)**1.0 + (1/x)**0.25', 'latex': '\\frac{x^{3.0}}{3} + \\left(x^{2} + 7\\right)^{1.0} + \\left(\\frac{1}{x}\\right)^{0.25}', 'properties': {'singularities': ['0'], 'is_periodic': False, 'domain': 'Interval.open(0, oo)', 'error': 'Values out of bounds'}}",failed,3,0,3,False,0,[],False,False,False,8
MCM_303_94d2c895,"{'a': 3, 'b': 0, 'c': 3}",{'points': []},"{'formula': '0.353553390593274/(x**3*(x + 5)**0.5)**0.5', 'latex': '\\frac{0.353553390593274}{\\left(x^{3} \\left(x + 5\\right)^{0.5}\\right)^{0.5}}', 'properties': {'singularities': [], 'is_periodic': False, 'domain': 'Complement(Interval.open(0, oo), ConditionSet(x, Eq((x + 5)**0.5, 0), Reals))', 'error': 'Values out of bounds'}}",failed,3,0,3,False,0,[],False,False,False,6
MCM_303_f50201a2,"{'a': 3, 'b': 0, 'c': 3}",{'points': []},"{'formula': 'x**3.5*(x**3 + x + 5)**2', 'latex': 'x^{3.5} \\left(x^{3} + x + 5\\right)^{2}', 'properties': {'singularities': [], 'is_periodic': False, 'domain': 'Interval(0, oo)', 'error': 'Values out of bounds'}}",failed,3,0,3,False,0,[],False,False,False,5
MCM_303_1f91d91d,"{'a': 3, 'b': 0, 'c': 3}",{'points': []},"{'formula': '(4*x**6 + (3*x + 5)**0.5)**2', 'latex': '\\left(4 x^{6} + \\left(3 x + 5\\right)^{0.5}\\right)^{2}', 'properties': {'singularities': [], 'is_periodic': False, 'domain': 'Interval(-5/3, oo)', 'error': 'Values out of bounds'}}",failed,3,0,3,False,0,[],False,False,False,7
MCM_303_8792f938,"{'a': 3, 'b': 0, 'c': 3}",{'points': []},"{'formula': '(8*x**3 + 3*x + 1)*(x**9 + 6*x*(x**3 + 8) + 25)*Abs(x)**0.5', 'latex': '\\left(8 x^{3} + 3 x + 1\\right) \\left(x^{9} + 6 x \\left(x^{3} + 8\\right) + 25\\right) \\left|{x}\\right|^{0.5}', 'properties': {'singularities': [], 'is_periodic': False, 'domain': 'Reals', 'error': 'Values out of bounds'}}",failed,3,0,3,False,2,['Abs'],True,False,False,11
MCM_303_0234dba5,"{'a': 3, 'b': 0, 'c': 3}",{'points': []},"{'formula': '(x + (x + 2)*(x**9*(x + 2)**3*(4*x + (x + 4)**2) + x**2 + 2*x + 4))/(x + 2)', 'latex': '\\frac{x + \\left(x + 2\\right) \\left(x^{9} \\left(x + 2\\right)^{3} \\left(4 x + \\left(x + 4\\right)^{2}\\right) + x^{2} + 2 x + 4\\right)}{x + 2}', 'properties': {'singularities': ['-2'], 'is_periodic': False, 'domain': 'Union(Interval.open(-oo, -2), Interval.open(-2, oo))', 'error': 'Values out of bounds'}}",failed,3,0,3,False,0,[],False,False,False,15
MCM_303_65653803,"{'a': 3, 'b': 0, 'c': 3}",{'points': []},"{'formula': 'x**(-1.0) + x**0.5 + 8*x**21.0', 'latex': 'x^{-1.0} + x^{0.5} + 8 x^{21.0}', 'properties': {'singularities': ['0'], 'is_periodic': False, 'domain': 'Interval.open(0, oo)', 'error': 'Values out of bounds'}}",failed,3,0,3,False,0,[],False,False,False,5
MCM_303_c2694c3e,"{'a': 3, 'b': 0, 'c': 3}",{'points': []},"{'formula': '(x + (4*x + Abs(x)**1.0)*(x**2*(x + 3) + x + 2)*((x + 1)**3)**0.5)/(x**2*(x + 3) + x + 2)', 'latex': '\\frac{x + \\left(4 x + \\left|{x}\\right|^{1.0}\\right) \\left(x^{2} \\left(x + 3\\right) + x + 2\\right) \\left(\\left(x + 1\\right)^{3}\\right)^{0.5}}{x^{2} \\left(x + 3\\right) + x + 2}', 'properties': {'singularities': ['-(3*sqrt(633)/2 + 81/2)**(1/3)/3 - 1 - 2/(3*sqrt(633)/2 + 81/2)**(1/3)'], 'is_periodic': False, 'domain': 'Interval(-1, oo)', 'error': 'Values out of bounds'}}",failed,3,0,3,False,2,['Abs'],True,False,False,15
MCM_303_8b63f8e6,"{'a': 3, 'b': 0, 'c': 3}",{'points': []},"{'formula': '2.0*((x + 1)**3*(x**3 + x + 4))**0.5*Abs(x)**4.0', 'latex': '2.0 \\left(\\left(x + 1\\right)^{3} \\left(x^{3} + x + 4\\right)\\right)^{0.5} \\left|{x}\\right|^{4.0}', 'properties': {'singularities': [], 'is_periodic': False, 'domain': 'Union(Interval(-oo, -3**(1/3)*(18 + sqrt(327))**(1/3)/3 + 3**(2/3)/(3*(18 + sqrt(327))**(1/3))), Interval(-1, oo))', 'error': 'Values out of bounds'}}",failed,3,0,3,False,2,['Abs'],True,False,False,9
MCM_303_1ecb83ea,"{'a': 3, 'b': 0, 'c': 3}",{'points': []},"{'formula': '(x*(x**0.5 + x**3 + 3*x**2 + x + 5) + 1)*(x**5 + x**2 + 6*x + 2)', 'latex': '\\left(x \\left(x^{0.5} + x^{3} + 3 x^{2} + x + 5\\right) + 1\\right) \\left(x^{5} + x^{2} + 6 x + 2\\right)', 'properties': {'singularities': [], 'is_periodic': False, 'domain': 'Interval(0, oo)', 'error': 'Values out of bounds'}}",failed,3,0,3,False,0,[],False,False,False,11
MCM_303_d8e61582,"{'a': 3, 'b': 0, 'c': 3}",{'points': []},"{'formula': '(x**12 + x**5 + x**3 + x + 4)*Abs(x)**2.0/(2*x**3)', 'latex': '\\frac{\\left(x^{12} + x^{5} + x^{3} + x + 4\\right) \\left|{x}\\right|^{2.0}}{2 x^{3}}', 'properties': {'singularities': ['0'], 'is_periodic': False, 'domain': 'Union(Interval.open(-oo, 0), Interval.open(0, oo))', 'error': 'Values out of bounds'}}",failed,3,0,3,False,2,['Abs'],True,False,False,8
MCM_303_1d8c4c3f,"{'a': 3, 'b': 0, 'c': 3}",{'points': []},"{'formula': '8*x**6*(x**0.5 + x + 4) + 30*x*(x + 5) + (x**2.5)**0.5', 'latex': '8 x^{6} \\left(x^{0.5} + x + 4\\right) + 30 x \\left(x + 5\\right) + \\left(x^{2.5}\\right)^{0.5}', 'properties': {'singularities': [], 'is_periodic': False, 'domain': 'analysis_timeout', 'error': 'Values out of bounds'}}",failed,3,0,3,False,0,[],False,False,False,9
MCM_000_d61ea04c,"{'a': 0, 'b': 0, 'c': 0}",{'points': []},"{'formula': '5*x + 2', 'latex': '5 x + 2', 'properties': {'singularities': [], 'is_periodic': False, 'domain': 'Reals', 'error': 'Timeout'}}",failed,0,0,0,False,0,[],False,False,False,2
MCM_003_24c25aa4,"{'a': 0, 'b': 0, 'c': 3}",{'points': []},"{'formula': 'x**(-1.5)', 'latex': 'x^{-1.5}', 'properties': {'singularities': ['0'], 'is_periodic': False, 'domain': 'Interval.open(0, oo)', 'error': 'Evaluation error: Values out of bounds'}}",failed,0,0,3,False,0,[],False,False,False,1
MCM_003_aadba6db,"{'a': 0, 'b': 0, 'c': 3}",{'points': []},"{'formula': '(x - 1)**(-2.5)', 'latex': '\\left(x - 1\\right)^{-2.5}', 'properties': {'singularities': ['1'], 'is_periodic': False, 'domain': 'Interval.open(1, oo)', 'error': 'Evaluation error: Values out of bounds'}}",failed,0,0,3,False,0,[],False,False,False,2
MCM_030_866fbc44,"{'a': 0, 'b': 3, 'c': 0}",{'points': []},"{'formula': 'besselj(0, x)', 'latex': 'J_{0}\\left(x\\right)', 'properties': {'singularities': [], 'is_periodic': True, 'domain': 'analysis_timeout', 'period_value': '0', 'error': ""Evaluation error: name 'besselj' is not defined""}}",failed,0,3,0,False,3,[],False,False,False,1
MCM_103_026d18df,"{'a': 1, 'b': 0, 'c': 3}",{'points': []},"{'formula': '(x**2 - 1.5*x)**(-1.2)', 'latex': '\\left(x^{2} - 1.5 x\\right)^{-1.2}', 'properties': {'singularities': ['1.50000000000000', '0'], 'is_periodic': False, 'domain': 'Union(Interval.open(-oo, 0), Interval.open(1.50000000000000, oo))', 'error': 'Evaluation error: Values out of bounds'}}",failed,1,0,3,False,0,[],False,False,False,4
MCM_103_fdbb38a1,"{'a': 1, 'b': 0, 'c': 3}",{'points': []},"{'formula': 'x**0.5 + 4', 'latex': 'x^{0.5} + 4', 'properties': {'singularities': [], 'is_periodic': False, 'domain': 'Interval(0, oo)', 'error': 'Evaluation error: Values out of bounds'}}",failed,1,0,3,False,0,[],False,False,False,2
MCM_103_f27bb911,"{'a': 1, 'b': 0, 'c': 3}",{'points': []},"{'formula': '(x - 4.1)**0.5', 'latex': '\\left(x - 4.1\\right)^{0.5}', 'properties': {'singularities': [], 'is_periodic': False, 'domain': 'Interval(4.10000000000000, oo)', 'error': 'Evaluation error: Values out of bounds'}}",failed,1,0,3,False,0,[],False,False,False,2
MCM_103_5254c043,"{'a': 1, 'b': 0, 'c': 3}",{'points': []},"{'formula': '(1/x)**0.5', 'latex': '\\left(\\frac{1}{x}\\right)^{0.5}', 'properties': {'singularities': ['0'], 'is_periodic': False, 'domain': 'Interval.open(0, oo)', 'error': 'Evaluation error: Values out of bounds'}}",failed,1,0,3,False,0,[],False,False,False,2
MCM_103_f3ce7954,"{'a': 1, 'b': 0, 'c': 3}",{'points': []},"{'formula': 'x**0.5 + x - 4', 'latex': 'x^{0.5} + x - 4', 'properties': {'singularities': [], 'is_periodic': False, 'domain': 'Interval(0, oo)', 'error': 'Evaluation error: Values out of bounds'}}",failed,1,0,3,False,0,[],False,False,False,2
MCM_130_e5a32cbb,"{'a': 1, 'b': 3, 'c': 0}",{'points': []},"{'formula': 'x*erf(x)', 'latex': 'x \\operatorname{erf}{\\left(x \\right)}', 'properties': {'singularities': [], 'is_periodic': False, 'domain': 'analysis_timeout', 'error': 'Evaluation error: only length-1 arrays can be converted to Python scalars'}}",failed,1,3,0,False,3,[],False,False,False,2
MCM_130_844017e3,"{'a': 1, 'b': 3, 'c': 0}",{'points': []},"{'formula': 'besselj(1, x**2)', 'latex': 'J_{1}\\left(x^{2}\\right)', 'properties': {'singularities': [], 'is_periodic': True, 'domain': 'analysis_timeout', 'period_value': '0', 'error': ""Evaluation error: name 'besselj' is not defined""}}",failed,1,3,0,False,3,[],False,False,False,2
MCM_203_cc5c4209,"{'a': 2, 'b': 0, 'c': 3}",{'points': []},"{'formula': '(x**3 - 2)**(-0.5)', 'latex': '\\left(x^{3} - 2\\right)^{-0.5}', 'properties': {'singularities': ['2**(1/3)'], 'is_periodic': False, 'domain': 'Interval.open(2**(1/3), oo)', 'error': 'Evaluation error: Values out of bounds'}}",failed,2,0,3,False,0,[],False,False,False,3
MCM_222_9c5b2c7d,"{'a': 2, 'b': 2, 'c': 2}",{'points': []},"{'formula': 'factorial(floor(Abs(x)))/(x + 2)', 'latex': '\\frac{\\left(\\left\\lfloor{\\left|{x}\\right|}\\right\\rfloor\\right)!}{x + 2}', 'properties': {'singularities': ['-2'], 'is_periodic': False, 'domain': 'analysis_timeout', 'error': 'Evaluation error: Values out of bounds'}}",failed,2,2,2,False,2,[],False,False,False,6
MCM_230_83454f1c,"{'a': 2, 'b': 3, 'c': 0}",{'points': []},"{'formula': 'erf(sin(x))', 'latex': '\\operatorname{erf}{\\left(\\sin{\\left(x \\right)} \\right)}', 'properties': {'singularities': [], 'is_periodic': True, 'domain': 'analysis_timeout', 'period_value': '2*pi', 'error': 'Evaluation error: only length-1 arrays can be converted to Python scalars'}}",failed,2,3,0,False,3,[],False,False,False,2
MCM_230_958ba4c0,"{'a': 2, 'b': 3, 'c': 0}",{'points': []},"{'formula': 'gamma(x**2 + 5)', 'latex': '\\Gamma\\left(x^{2} + 5\\right)', 'properties': {'singularities': [], 'is_periodic': False, 'domain': 'analysis_timeout', 'error': 'Evaluation error: only length-1 arrays can be converted to Python scalars'}}",failed,2,3,0,False,3,[],False,False,False,3
