task_id,complexity_vector,prompt_data,ground_truth,source
MCM_000_a5c86cf8,"{'a': 0, 'b': 0, 'c': 0}","{'points': [{'x': -3.0, 'y': 5.0}, {'x': -2.75, 'y': 5.0}, {'x': -2.5, 'y': 5.0}, {'x': -2.25, 'y': 5.0}, {'x': -2.0, 'y': 5.0}, {'x': -1.75, 'y': 5.0}, {'x': -1.5, 'y': 5.0}, {'x': -1.25, 'y': 5.0}, {'x': -1.0, 'y': 5.0}, {'x': -0.75, 'y': 5.0}, {'x': -0.5, 'y': 5.0}, {'x': -0.25, 'y': 5.0}, {'x': 0.0, 'y': 5.0}, {'x': 0.25, 'y': 5.0}, {'x': 0.5, 'y': 5.0}, {'x': 0.75, 'y': 5.0}, {'x': 1.0, 'y': 5.0}, {'x': 1.25, 'y': 5.0}, {'x': 1.5, 'y': 5.0}, {'x': 1.75, 'y': 5.0}, {'x': 2.0, 'y': 5.0}, {'x': 2.25, 'y': 5.0}, {'x': 2.5, 'y': 5.0}, {'x': 2.75, 'y': 5.0}, {'x': 3.0, 'y': 5.0}]}","{'formula': '5', 'latex': '5', 'properties': {'singularities': [], 'is_periodic': False, 'domain': 'R'}}",derivative_of_5*x + 2
MCM_000_cf10f9eb,"{'a': 0, 'b': 0, 'c': 0}","{'points': [{'x': -3.0, 'y': 1.0}, {'x': -2.75, 'y': 1.0}, {'x': -2.5, 'y': 1.0}, {'x': -2.25, 'y': 1.0}, {'x': -2.0, 'y': 1.0}, {'x': -1.75, 'y': 1.0}, {'x': -1.5, 'y': 1.0}, {'x': -1.25, 'y': 1.0}, {'x': -1.0, 'y': 1.0}, {'x': -0.75, 'y': 1.0}, {'x': -0.5, 'y': 1.0}, {'x': -0.25, 'y': 1.0}, {'x': 0.0, 'y': 1.0}, {'x': 0.25, 'y': 1.0}, {'x': 0.5, 'y': 1.0}, {'x': 0.75, 'y': 1.0}, {'x': 1.0, 'y': 1.0}, {'x': 1.25, 'y': 1.0}, {'x': 1.5, 'y': 1.0}, {'x': 1.75, 'y': 1.0}, {'x': 2.0, 'y': 1.0}, {'x': 2.25, 'y': 1.0}, {'x': 2.5, 'y': 1.0}, {'x': 2.75, 'y': 1.0}, {'x': 3.0, 'y': 1.0}]}","{'formula': '1', 'latex': '1', 'properties': {'singularities': [], 'is_periodic': False, 'domain': 'R'}}",derivative_of_x - 4
MCM_000_2bc1c289,"{'a': 0, 'b': 0, 'c': 0}","{'points': [{'x': -3.0, 'y': 10.0}, {'x': -2.75, 'y': 10.0}, {'x': -2.5, 'y': 10.0}, {'x': -2.25, 'y': 10.0}, {'x': -2.0, 'y': 10.0}, {'x': -1.75, 'y': 10.0}, {'x': -1.5, 'y': 10.0}, {'x': -1.25, 'y': 10.0}, {'x': -1.0, 'y': 10.0}, {'x': -0.75, 'y': 10.0}, {'x': -0.5, 'y': 10.0}, {'x': -0.25, 'y': 10.0}, {'x': 0.0, 'y': 10.0}, {'x': 0.25, 'y': 10.0}, {'x': 0.5, 'y': 10.0}, {'x': 0.75, 'y': 10.0}, {'x': 1.0, 'y': 10.0}, {'x': 1.25, 'y': 10.0}, {'x': 1.5, 'y': 10.0}, {'x': 1.75, 'y': 10.0}, {'x': 2.0, 'y': 10.0}, {'x': 2.25, 'y': 10.0}, {'x': 2.5, 'y': 10.0}, {'x': 2.75, 'y': 10.0}, {'x': 3.0, 'y': 10.0}]}","{'formula': '10', 'latex': '10', 'properties': {'singularities': [], 'is_periodic': False, 'domain': 'R'}}",derivative_of_10*x - 3
MCM_000_36e53f5a,"{'a': 0, 'b': 0, 'c': 0}","{'points': [{'x': -3.0, 'y': -0.5}, {'x': -2.75, 'y': -0.5}, {'x': -2.5, 'y': -0.5}, {'x': -2.25, 'y': -0.5}, {'x': -2.0, 'y': -0.5}, {'x': -1.75, 'y': -0.5}, {'x': -1.5, 'y': -0.5}, {'x': -1.25, 'y': -0.5}, {'x': -1.0, 'y': -0.5}, {'x': -0.75, 'y': -0.5}, {'x': -0.5, 'y': -0.5}, {'x': -0.25, 'y': -0.5}, {'x': 0.0, 'y': -0.5}, {'x': 0.25, 'y': -0.5}, {'x': 0.5, 'y': -0.5}, {'x': 0.75, 'y': -0.5}, {'x': 1.0, 'y': -0.5}, {'x': 1.25, 'y': -0.5}, {'x': 1.5, 'y': -0.5}, {'x': 1.75, 'y': -0.5}, {'x': 2.0, 'y': -0.5}, {'x': 2.25, 'y': -0.5}, {'x': 2.5, 'y': -0.5}, {'x': 2.75, 'y': -0.5}, {'x': 3.0, 'y': -0.5}]}","{'formula': '-0.500000000000000', 'latex': '-0.5', 'properties': {'singularities': [], 'is_periodic': False, 'domain': 'R'}}",derivative_of_1 - 0.5*x
MCM_000_be40f4b2,"{'a': 0, 'b': 0, 'c': 0}","{'points': [{'x': -3.0, 'y': 2.0}, {'x': -2.75, 'y': 2.0}, {'x': -2.5, 'y': 2.0}, {'x': -2.25, 'y': 2.0}, {'x': -2.0, 'y': 2.0}, {'x': -1.75, 'y': 2.0}, {'x': -1.5, 'y': 2.0}, {'x': -1.25, 'y': 2.0}, {'x': -1.0, 'y': 2.0}, {'x': -0.75, 'y': 2.0}, {'x': -0.5, 'y': 2.0}, {'x': -0.25, 'y': 2.0}, {'x': 0.0, 'y': 2.0}, {'x': 0.25, 'y': 2.0}, {'x': 0.5, 'y': 2.0}, {'x': 0.75, 'y': 2.0}, {'x': 1.0, 'y': 2.0}, {'x': 1.25, 'y': 2.0}, {'x': 1.5, 'y': 2.0}, {'x': 1.75, 'y': 2.0}, {'x': 2.0, 'y': 2.0}, {'x': 2.25, 'y': 2.0}, {'x': 2.5, 'y': 2.0}, {'x': 2.75, 'y': 2.0}, {'x': 3.0, 'y': 2.0}]}","{'formula': '2', 'latex': '2', 'properties': {'singularities': [], 'is_periodic': False, 'domain': 'R'}}",derivative_of_2*x
MCM_001_994306ff,"{'a': 0, 'b': 0, 'c': 1}","{'points': [{'x': -3.0, 'y': 0.9093}, {'x': -2.75, 'y': 0.984}, {'x': -2.5, 'y': 0.9975}, {'x': -2.25, 'y': 0.949}, {'x': -2.0, 'y': 0.8415}, {'x': -1.75, 'y': 0.6816}, {'x': -1.5, 'y': 0.4794}, {'x': -1.25, 'y': 0.2474}, {'x': -1.0, 'y': 0.0}, {'x': -0.75, 'y': -0.2474}, {'x': -0.5, 'y': -0.4794}, {'x': -0.25, 'y': -0.6816}, {'x': 0.0, 'y': -0.8415}, {'x': 0.25, 'y': -0.949}, {'x': 0.5, 'y': -0.9975}, {'x': 0.75, 'y': -0.984}, {'x': 1.0, 'y': -0.9093}, {'x': 1.25, 'y': -0.7781}, {'x': 1.5, 'y': -0.5985}, {'x': 1.75, 'y': -0.3817}, {'x': 2.0, 'y': -0.1411}, {'x': 2.25, 'y': 0.1082}, {'x': 2.5, 'y': 0.3508}, {'x': 2.75, 'y': 0.5716}, {'x': 3.0, 'y': 0.7568}]}","{'formula': '-sin(x + 1)', 'latex': '- \\sin{\\left(x + 1 \\right)}', 'properties': {'singularities': [], 'is_periodic': False, 'domain': 'R'}}",derivative_of_cos(x + 1)
MCM_001_28b6584a,"{'a': 0, 'b': 0, 'c': 1}","{'points': [{'x': -3.0, 'y': 0.1411}, {'x': -2.75, 'y': 0.3817}, {'x': -2.5, 'y': 0.5985}, {'x': -2.25, 'y': 0.7781}, {'x': -2.0, 'y': 0.9093}, {'x': -1.75, 'y': 0.984}, {'x': -1.5, 'y': 0.9975}, {'x': -1.25, 'y': 0.949}, {'x': -1.0, 'y': 0.8415}, {'x': -0.75, 'y': 0.6816}, {'x': -0.5, 'y': 0.4794}, {'x': -0.25, 'y': 0.2474}, {'x': 0.0, 'y': 0.0}, {'x': 0.25, 'y': -0.2474}, {'x': 0.5, 'y': -0.4794}, {'x': 0.75, 'y': -0.6816}, {'x': 1.0, 'y': -0.8415}, {'x': 1.25, 'y': -0.949}, {'x': 1.5, 'y': -0.9975}, {'x': 1.75, 'y': -0.984}, {'x': 2.0, 'y': -0.9093}, {'x': 2.25, 'y': -0.7781}, {'x': 2.5, 'y': -0.5985}, {'x': 2.75, 'y': -0.3817}, {'x': 3.0, 'y': -0.1411}]}","{'formula': '-sin(x)', 'latex': '- \\sin{\\left(x \\right)}', 'properties': {'singularities': [], 'is_periodic': False, 'domain': 'R'}}",derivative_of_cos(x)
MCM_001_6c969414,"{'a': 0, 'b': 0, 'c': 1}","{'points': [{'x': -3.0, 'y': 1.9203}, {'x': -2.75, 'y': 1.4173}, {'x': -2.5, 'y': 0.5673}, {'x': -2.25, 'y': -0.4216}, {'x': -2.0, 'y': -1.3073}, {'x': -1.75, 'y': -1.8729}, {'x': -1.5, 'y': -1.98}, {'x': -1.25, 'y': -1.6023}, {'x': -1.0, 'y': -0.8323}, {'x': -0.75, 'y': 0.1415}, {'x': -0.5, 'y': 1.0806}, {'x': -0.25, 'y': 1.7552}, {'x': 0.0, 'y': 2.0}, {'x': 0.25, 'y': 1.7552}, {'x': 0.5, 'y': 1.0806}, {'x': 0.75, 'y': 0.1415}, {'x': 1.0, 'y': -0.8323}, {'x': 1.25, 'y': -1.6023}, {'x': 1.5, 'y': -1.98}, {'x': 1.75, 'y': -1.8729}, {'x': 2.0, 'y': -1.3073}, {'x': 2.25, 'y': -0.4216}, {'x': 2.5, 'y': 0.5673}, {'x': 2.75, 'y': 1.4173}, {'x': 3.0, 'y': 1.9203}]}","{'formula': '2*cos(2*x)', 'latex': '2 \\cos{\\left(2 x \\right)}', 'properties': {'singularities': [], 'is_periodic': False, 'domain': 'R'}}",derivative_of_sin(2*x)
MCM_001_d6fa18fc,"{'a': 0, 'b': 0, 'c': 1}","{'points': [{'x': -3.0, 'y': -0.5588}, {'x': -2.75, 'y': -1.4111}, {'x': -2.5, 'y': -1.9178}, {'x': -2.25, 'y': -1.9551}, {'x': -2.0, 'y': -1.5136}, {'x': -1.75, 'y': -0.7016}, {'x': -1.5, 'y': 0.2822}, {'x': -1.25, 'y': 1.1969}, {'x': -1.0, 'y': 1.8186}, {'x': -0.75, 'y': 1.995}, {'x': -0.5, 'y': 1.6829}, {'x': -0.25, 'y': 0.9589}, {'x': 0.0, 'y': 0.0}, {'x': 0.25, 'y': -0.9589}, {'x': 0.5, 'y': -1.6829}, {'x': 0.75, 'y': -1.995}, {'x': 1.0, 'y': -1.8186}, {'x': 1.25, 'y': -1.1969}, {'x': 1.5, 'y': -0.2822}, {'x': 1.75, 'y': 0.7016}, {'x': 2.0, 'y': 1.5136}, {'x': 2.25, 'y': 1.9551}, {'x': 2.5, 'y': 1.9178}, {'x': 2.75, 'y': 1.4111}, {'x': 3.0, 'y': 0.5588}]}","{'formula': '-2*sin(2*x)', 'latex': '- 2 \\sin{\\left(2 x \\right)}', 'properties': {'singularities': [], 'is_periodic': False, 'domain': 'R'}}",derivative_of_cos(2*x)
MCM_002_e376b345,"{'a': 0, 'b': 0, 'c': 2}","{'points': [{'x': -3.0, 'y': -0.1041}, {'x': -2.75, 'y': -0.1231}, {'x': -2.5, 'y': -0.1479}, {'x': -2.25, 'y': -0.1811}, {'x': -2.0, 'y': -0.2268}, {'x': -1.75, 'y': -0.2922}, {'x': -1.5, 'y': -0.3906}, {'x': -1.25, 'y': -0.5487}, {'x': -1.0, 'y': -0.8264}, {'x': -0.75, 'y': -1.3841}, {'x': -0.5, 'y': -2.7778}, {'x': -0.25, 'y': -8.1633}, {'x': 0.0, 'y': -100.0}, {'x': 0.25, 'y': -44.4444}, {'x': 0.5, 'y': -6.25}, {'x': 0.75, 'y': -2.3669}, {'x': 1.0, 'y': -1.2346}, {'x': 1.25, 'y': -0.7561}, {'x': 1.5, 'y': -0.5102}, {'x': 1.75, 'y': -0.3673}, {'x': 2.0, 'y': -0.277}, {'x': 2.25, 'y': -0.2163}, {'x': 2.5, 'y': -0.1736}, {'x': 2.75, 'y': -0.1424}, {'x': 3.0, 'y': -0.1189}]}","{'formula': '-1/(x - 0.1)**2', 'latex': '- \\frac{1}{\\left(x - 0.1\\right)^{2}}', 'properties': {'singularities': [], 'is_periodic': False, 'domain': 'R'}}",derivative_of_1/(x - 0.1)
MCM_002_df101d0a,"{'a': 0, 'b': 0, 'c': 2}","{'points': [{'x': -3.0, 'y': -0.1276}, {'x': -2.75, 'y': -0.1538}, {'x': -2.5, 'y': -0.189}, {'x': -2.25, 'y': -0.238}, {'x': -2.0, 'y': -0.3086}, {'x': -1.75, 'y': -0.4162}, {'x': -1.5, 'y': -0.5917}, {'x': -1.25, 'y': -0.907}, {'x': -1.0, 'y': -1.5625}, {'x': -0.75, 'y': -3.3058}, {'x': -0.5, 'y': -11.1111}, {'x': -0.25, 'y': -400.0}, {'x': 0.0, 'y': -25.0}, {'x': 0.25, 'y': -4.9383}, {'x': 0.5, 'y': -2.0408}, {'x': 0.75, 'y': -1.108}, {'x': 1.0, 'y': -0.6944}, {'x': 1.25, 'y': -0.4756}, {'x': 1.5, 'y': -0.346}, {'x': 1.75, 'y': -0.263}, {'x': 2.0, 'y': -0.2066}, {'x': 2.25, 'y': -0.1666}, {'x': 2.5, 'y': -0.1372}, {'x': 2.75, 'y': -0.1149}, {'x': 3.0, 'y': -0.0977}]}","{'formula': '-1/(x + 0.2)**2', 'latex': '- \\frac{1}{\\left(x + 0.2\\right)^{2}}', 'properties': {'singularities': [], 'is_periodic': False, 'domain': 'R'}}",derivative_of_1/(x + 0.2)
MCM_002_71520788,"{'a': 0, 'b': 0, 'c': 2}","{'points': [{'x': -3.0, 'y': -0.0654}, {'x': -2.75, 'y': -0.0742}, {'x': -2.5, 'y': -0.0849}, {'x': -2.25, 'y': -0.098}, {'x': -2.0, 'y': -0.1145}, {'x': -1.75, 'y': -0.1354}, {'x': -1.5, 'y': -0.1627}, {'x': -1.25, 'y': -0.1992}, {'x': -1.0, 'y': -0.2494}, {'x': -0.75, 'y': -0.3214}, {'x': -0.5, 'y': -0.4297}, {'x': -0.25, 'y': -0.6036}, {'x': 0.0, 'y': -0.9091}, {'x': 0.25, 'y': -1.5225}, {'x': 0.5, 'y': -3.0556}, {'x': 0.75, 'y': -8.9796}, {'x': 1.0, 'y': -110.0}, {'x': 1.25, 'y': -48.8889}, {'x': 1.5, 'y': -6.875}, {'x': 1.75, 'y': -2.6036}, {'x': 2.0, 'y': -1.358}, {'x': 2.25, 'y': -0.8318}, {'x': 2.5, 'y': -0.5612}, {'x': 2.75, 'y': -0.404}, {'x': 3.0, 'y': -0.3047}]}","{'formula': '(1.21 - 1.1*x)/(x - 1.1)**3', 'latex': '\\frac{1.21 - 1.1 x}{\\left(x - 1.1\\right)^{3}}', 'properties': {'singularities': [], 'is_periodic': False, 'domain': 'R'}}",derivative_of_x/(x - 1.1)
MCM_002_d5f93f21,"{'a': 0, 'b': 0, 'c': 2}","{'points': [{'x': -3.0, 'y': -0.0104}, {'x': -2.75, 'y': -0.0123}, {'x': -2.5, 'y': -0.0148}, {'x': -2.25, 'y': -0.0181}, {'x': -2.0, 'y': -0.0227}, {'x': -1.75, 'y': -0.0292}, {'x': -1.5, 'y': -0.0391}, {'x': -1.25, 'y': -0.0549}, {'x': -1.0, 'y': -0.0826}, {'x': -0.75, 'y': -0.1384}, {'x': -0.5, 'y': -0.2778}, {'x': -0.25, 'y': -0.8163}, {'x': 0.0, 'y': -10.0}, {'x': 0.25, 'y': -4.4444}, {'x': 0.5, 'y': -0.625}, {'x': 0.75, 'y': -0.2367}, {'x': 1.0, 'y': -0.1235}, {'x': 1.25, 'y': -0.0756}, {'x': 1.5, 'y': -0.051}, {'x': 1.75, 'y': -0.0367}, {'x': 2.0, 'y': -0.0277}, {'x': 2.25, 'y': -0.0216}, {'x': 2.5, 'y': -0.0174}, {'x': 2.75, 'y': -0.0142}, {'x': 3.0, 'y': -0.0119}]}","{'formula': '(0.01 - 0.1*x)/(x - 0.1)**3', 'latex': '\\frac{0.01 - 0.1 x}{\\left(x - 0.1\\right)^{3}}', 'properties': {'singularities': [], 'is_periodic': False, 'domain': 'R'}}",derivative_of_x/(x - 0.1)
MCM_002_f6bd34ba,"{'a': 0, 'b': 0, 'c': 2}","{'points': [{'x': -3.0, 'y': -0.0391}, {'x': -2.75, 'y': -0.046}, {'x': -2.5, 'y': -0.0549}, {'x': -2.25, 'y': -0.0666}, {'x': -2.0, 'y': -0.0826}, {'x': -1.75, 'y': -0.1052}, {'x': -1.5, 'y': -0.1384}, {'x': -1.25, 'y': -0.1902}, {'x': -1.0, 'y': -0.2778}, {'x': -0.75, 'y': -0.4432}, {'x': -0.5, 'y': -0.8163}, {'x': -0.25, 'y': -1.9753}, {'x': 0.0, 'y': -10.0}, {'x': 0.25, 'y': -160.0}, {'x': 0.5, 'y': -4.4444}, {'x': 0.75, 'y': -1.3223}, {'x': 1.0, 'y': -0.625}, {'x': 1.25, 'y': -0.3628}, {'x': 1.5, 'y': -0.2367}, {'x': 1.75, 'y': -0.1665}, {'x': 2.0, 'y': -0.1235}, {'x': 2.25, 'y': -0.0952}, {'x': 2.5, 'y': -0.0756}, {'x': 2.75, 'y': -0.0615}, {'x': 3.0, 'y': -0.051}]}","{'formula': '(0.08 - 0.4*x)/(x - 0.2)**3', 'latex': '\\frac{0.08 - 0.4 x}{\\left(x - 0.2\\right)^{3}}', 'properties': {'singularities': [], 'is_periodic': False, 'domain': 'R'}}",derivative_of_2*x/(x - 0.2)
MCM_002_32470be9,"{'a': 0, 'b': 0, 'c': 2}","{'points': [{'x': -3.0, 'y': -0.1046}, {'x': -2.75, 'y': -0.1257}, {'x': -2.5, 'y': -0.1539}, {'x': -2.25, 'y': -0.1927}, {'x': -2.0, 'y': -0.2484}, {'x': -1.75, 'y': -0.332}, {'x': -1.5, 'y': -0.4664}, {'x': -1.25, 'y': -0.7025}, {'x': -1.0, 'y': -1.1765}, {'x': -0.75, 'y': -2.3611}, {'x': -0.5, 'y': -6.9388}, {'x': -0.25, 'y': -85.0}, {'x': 0.0, 'y': -37.7778}, {'x': 0.25, 'y': -5.3125}, {'x': 0.5, 'y': -2.0118}, {'x': 0.75, 'y': -1.0494}, {'x': 1.0, 'y': -0.6427}, {'x': 1.25, 'y': -0.4337}, {'x': 1.5, 'y': -0.3122}, {'x': 1.75, 'y': -0.2355}, {'x': 2.0, 'y': -0.1839}, {'x': 2.25, 'y': -0.1476}, {'x': 2.5, 'y': -0.121}, {'x': 2.75, 'y': -0.1011}, {'x': 3.0, 'y': -0.0857}]}","{'formula': '(-0.85*x - 0.1275)/(x + 0.15)**3', 'latex': '\\frac{- 0.85 x - 0.1275}{\\left(x + 0.15\\right)^{3}}', 'properties': {'singularities': [], 'is_periodic': False, 'domain': 'R'}}",derivative_of_(x + 1)/(x + 0.15)
MCM_003_341e2bf6,"{'a': 0, 'b': 0, 'c': 3}","{'points': [{'x': -3.0, 'y': -1458.0}, {'x': -2.75, 'y': -943.6582}, {'x': -2.5, 'y': -585.9375}, {'x': -2.25, 'y': -345.9902}, {'x': -2.0, 'y': -192.0}, {'x': -1.75, 'y': -98.4785}, {'x': -1.5, 'y': -45.5625}, {'x': -1.25, 'y': -18.3105}, {'x': -1.0, 'y': -6.0}, {'x': -0.75, 'y': -1.4238}, {'x': -0.5, 'y': -0.1875}, {'x': -0.25, 'y': -0.0059}, {'x': 0.0, 'y': 0.0}, {'x': 0.25, 'y': 0.0059}, {'x': 0.5, 'y': 0.1875}, {'x': 0.75, 'y': 1.4238}, {'x': 1.0, 'y': 6.0}, {'x': 1.25, 'y': 18.3105}, {'x': 1.5, 'y': 45.5625}, {'x': 1.75, 'y': 98.4785}, {'x': 2.0, 'y': 192.0}, {'x': 2.25, 'y': 345.9902}, {'x': 2.5, 'y': 585.9375}, {'x': 2.75, 'y': 943.6582}, {'x': 3.0, 'y': 1458.0}]}","{'formula': '6*x**5', 'latex': '6 x^{5}', 'properties': {'singularities': [], 'is_periodic': False, 'domain': 'R'}}",derivative_of_x**6
MCM_003_6253b74a,"{'a': 0, 'b': 0, 'c': 3}","{'points': [{'x': -3.0, 'y': -40.1711}, {'x': -2.75, 'y': -29.3299}, {'x': -2.5, 'y': -21.3194}, {'x': -2.25, 'y': -15.4176}, {'x': -2.0, 'y': -11.0836}, {'x': -1.75, 'y': -7.9126}, {'x': -1.5, 'y': -5.6021}, {'x': -1.25, 'y': -3.9266}, {'x': -1.0, 'y': -2.7183}, {'x': -0.75, 'y': -1.8524}, {'x': -0.5, 'y': -1.2365}, {'x': -0.25, 'y': -0.8025}, {'x': 0.0, 'y': -0.5}, {'x': 0.25, 'y': -0.8025}, {'x': 0.5, 'y': -1.2365}, {'x': 0.75, 'y': -1.8524}, {'x': 1.0, 'y': -2.7183}, {'x': 1.25, 'y': -3.9266}, {'x': 1.5, 'y': -5.6021}, {'x': 1.75, 'y': -7.9126}, {'x': 2.0, 'y': -11.0836}, {'x': 2.25, 'y': -15.4176}, {'x': 2.5, 'y': -21.3194}, {'x': 2.75, 'y': -29.3299}, {'x': 3.0, 'y': -40.1711}]}","{'formula': 'Piecewise((-0.5, Eq(x, 0)), ((-0.5*x**2 - 0.5*Abs(x))*exp(Abs(x))/Abs(x), True))', 'latex': '\\begin{cases} -0.5 & \\text{for}\\: x = 0 \\\\\\frac{\\left(- 0.5 x^{2} - 0.5 \\left|{x}\\right|\\right) e^{\\left|{x}\\right|}}{\\left|{x}\\right|} & \\text{otherwise} \\end{cases}', 'properties': {'singularities': [], 'is_periodic': False, 'domain': 'R'}}",derivative_of_-0.5*x*exp(Abs(x))
MCM_003_ef76f272,"{'a': 0, 'b': 0, 'c': 3}","{'points': [{'x': -3.0, 'y': 404.9426}, {'x': -2.75, 'y': 285.8923}, {'x': -2.5, 'y': 195.2381}, {'x': -2.25, 'y': 128.0569}, {'x': -2.0, 'y': 79.8928}, {'x': -1.75, 'y': 46.7557}, {'x': -1.5, 'y': 25.1125}, {'x': -1.25, 'y': 11.8338}, {'x': -1.0, 'y': 5.0}, {'x': -0.75, 'y': 1.9552}, {'x': -0.5, 'y': 0.5125}, {'x': -0.25, 'y': 0.1584}, {'x': 0.0, 'y': 0.1072}, {'x': 0.25, 'y': 0.1072}, {'x': 0.5, 'y': 0.3869}, {'x': 0.75, 'y': 1.6468}, {'x': 1.0, 'y': 5.0574}, {'x': 1.25, 'y': 12.2587}, {'x': 1.5, 'y': 25.3595}, {'x': 1.75, 'y': 46.9377}, {'x': 2.0, 'y': 80.0399}, {'x': 2.25, 'y': 128.1816}, {'x': 2.5, 'y': 195.3472}, {'x': 2.75, 'y': 285.9897}, {'x': 3.0, 'y': 405.0308}]}","{'formula': 'Piecewise((5, Eq(x, -1)), ((5*x**4*Abs((x + 1)**1.9) + 0.107177346253629*x + 0.107177346253629)/Abs((x + 1)**1.9), True))', 'latex': '\\begin{cases} 5 & \\text{for}\\: x = -1 \\\\\\frac{5 x^{4} \\left|{\\left(x + 1\\right)^{1.9}}\\right| + 0.107177346253629 x + 0.107177346253629}{\\left|{\\left(x + 1\\right)^{1.9}}\\right|} & \\text{otherwise} \\end{cases}', 'properties': {'singularities': [], 'is_periodic': False, 'domain': 'R'}}",derivative_of_x**5 + 1.07177346253629*Abs(x + 1)**0.1
MCM_003_edb526df,"{'a': 0, 'b': 0, 'c': 3}","{'points': [{'x': -3.0, 'y': -0.0287}, {'x': -2.75, 'y': -0.0345}, {'x': -2.5, 'y': -0.0423}, {'x': -2.25, 'y': -0.0529}, {'x': -2.0, 'y': -0.0678}, {'x': -1.75, 'y': -0.0896}, {'x': -1.5, 'y': -0.1231}, {'x': -1.25, 'y': -0.1776}, {'x': -1.0, 'y': -0.2732}, {'x': -0.75, 'y': -0.4571}, {'x': -0.5, 'y': -0.8453}, {'x': -0.25, 'y': -1.5438}, {'x': 0.0, 'y': 0.9589}, {'x': 0.25, 'y': -39.8953}, {'x': 0.5, 'y': 5.2632}, {'x': 0.75, 'y': 1.5767}, {'x': 1.0, 'y': 0.4563}, {'x': 1.25, 'y': 0.1575}, {'x': 1.5, 'y': 0.0579}, {'x': 1.75, 'y': 0.0193}, {'x': 2.0, 'y': 0.003}, {'x': 2.25, 'y': -0.0043}, {'x': 2.5, 'y': -0.0074}, {'x': 2.75, 'y': -0.0086}, {'x': 3.0, 'y': -0.0089}]}","{'formula': '-x*cos(1/(x - 0.2))/(x - 0.2)**2 + sin(1/(x - 0.2))', 'latex': '- \\frac{x \\cos{\\left(\\frac{1}{x - 0.2} \\right)}}{\\left(x - 0.2\\right)^{2}} + \\sin{\\left(\\frac{1}{x - 0.2} \\right)}', 'properties': {'singularities': [], 'is_periodic': False, 'domain': 'R'}}",derivative_of_x*sin(1/(x - 0.2))
MCM_003_0be07d0e,"{'a': 0, 'b': 0, 'c': 3}","{'points': [{'x': -3.0, 'y': 0.0062}, {'x': -2.75, 'y': 0.0038}, {'x': -2.5, 'y': -0.001}, {'x': -2.25, 'y': -0.0099}, {'x': -2.0, 'y': -0.0271}, {'x': -1.75, 'y': -0.0615}, {'x': -1.5, 'y': -0.1349}, {'x': -1.25, 'y': -0.3083}, {'x': -1.0, 'y': -0.783}, {'x': -0.75, 'y': -2.3897}, {'x': -0.5, 'y': -8.3965}, {'x': -0.25, 'y': -40.8655}, {'x': 0.0, 'y': 0.7483}, {'x': 0.25, 'y': 3.7005}, {'x': 0.5, 'y': 1.9224}, {'x': 0.75, 'y': 0.9708}, {'x': 1.0, 'y': 0.5524}, {'x': 1.25, 'y': 0.3464}, {'x': 1.5, 'y': 0.2336}, {'x': 1.75, 'y': 0.1664}, {'x': 2.0, 'y': 0.1236}, {'x': 2.25, 'y': 0.095}, {'x': 2.5, 'y': 0.075}, {'x': 2.75, 'y': 0.0606}, {'x': 3.0, 'y': 0.0498}]}","{'formula': '-2*x*cos(1/(x + 0.15))/(x + 0.15)**2 + 2*sin(1/(x + 0.15))', 'latex': '- \\frac{2 x \\cos{\\left(\\frac{1}{x + 0.15} \\right)}}{\\left(x + 0.15\\right)^{2}} + 2 \\sin{\\left(\\frac{1}{x + 0.15} \\right)}', 'properties': {'singularities': [], 'is_periodic': False, 'domain': 'R'}}",derivative_of_2*x*sin(1/(x + 0.15))
MCM_003_1be1be04,"{'a': 0, 'b': 0, 'c': 3}","{'points': [{'x': -3.0, 'y': -0.1062}, {'x': -2.75, 'y': -0.1293}, {'x': -2.5, 'y': -0.1606}, {'x': -2.25, 'y': -0.2042}, {'x': -2.0, 'y': -0.267}, {'x': -1.75, 'y': -0.3611}, {'x': -1.5, 'y': -0.5067}, {'x': -1.25, 'y': -0.7315}, {'x': -1.0, 'y': -0.9899}, {'x': -0.75, 'y': -0.0467}, {'x': -0.5, 'y': -2.5869}, {'x': -0.25, 'y': -121.5117}, {'x': 0.0, 'y': 10.7169}, {'x': 0.25, 'y': 1.9814}, {'x': 0.5, 'y': 0.2099}, {'x': 0.75, 'y': -0.1054}, {'x': 1.0, 'y': -0.1546}, {'x': 1.25, 'y': -0.147}, {'x': 1.5, 'y': -0.1281}, {'x': 1.75, 'y': -0.1094}, {'x': 2.0, 'y': -0.0931}, {'x': 2.25, 'y': -0.0797}, {'x': 2.5, 'y': -0.0687}, {'x': 2.75, 'y': -0.0596}, {'x': 3.0, 'y': -0.0522}]}","{'formula': '((x + 0.3)**2*sin(1/(x + 0.3)) - (x + 1)*cos(1/(x + 0.3)))/(x + 0.3)**2', 'latex': '\\frac{\\left(x + 0.3\\right)^{2} \\sin{\\left(\\frac{1}{x + 0.3} \\right)} - \\left(x + 1\\right) \\cos{\\left(\\frac{1}{x + 0.3} \\right)}}{\\left(x + 0.3\\right)^{2}}', 'properties': {'singularities': [], 'is_periodic': False, 'domain': 'R'}}",derivative_of_(x + 1)*sin(1/(x + 0.3))
MCM_010_02d40e3b,"{'a': 0, 'b': 1, 'c': 0}","{'points': [{'x': -3.0, 'y': -0.8589}, {'x': -2.75, 'y': -0.6183}, {'x': -2.5, 'y': -0.4015}, {'x': -2.25, 'y': -0.2219}, {'x': -2.0, 'y': -0.0907}, {'x': -1.75, 'y': -0.016}, {'x': -1.5, 'y': -0.0025}, {'x': -1.25, 'y': -0.051}, {'x': -1.0, 'y': -0.1585}, {'x': -0.75, 'y': -0.3184}, {'x': -0.5, 'y': -0.5206}, {'x': -0.25, 'y': -0.7526}, {'x': 0.0, 'y': -1.0}, {'x': 0.25, 'y': -1.2474}, {'x': 0.5, 'y': -1.4794}, {'x': 0.75, 'y': -1.6816}, {'x': 1.0, 'y': -1.8415}, {'x': 1.25, 'y': -1.949}, {'x': 1.5, 'y': -1.9975}, {'x': 1.75, 'y': -1.984}, {'x': 2.0, 'y': -1.9093}, {'x': 2.25, 'y': -1.7781}, {'x': 2.5, 'y': -1.5985}, {'x': 2.75, 'y': -1.3817}, {'x': 3.0, 'y': -1.1411}]}","{'formula': '-sin(x) - 1', 'latex': '- \\sin{\\left(x \\right)} - 1', 'properties': {'singularities': [], 'is_periodic': False, 'domain': 'R'}}",derivative_of_-x + cos(x)
MCM_010_e602b0ea,"{'a': 0, 'b': 1, 'c': 0}","{'points': [{'x': -3.0, 'y': -0.8489}, {'x': -2.75, 'y': -0.5426}, {'x': -2.5, 'y': -0.2027}, {'x': -2.25, 'y': 0.1499}, {'x': -2.0, 'y': 0.4932}, {'x': -1.75, 'y': 0.8057}, {'x': -1.5, 'y': 1.0682}, {'x': -1.25, 'y': 1.2643}, {'x': -1.0, 'y': 1.3818}, {'x': -0.75, 'y': 1.4133}, {'x': -0.5, 'y': 1.357}, {'x': -0.25, 'y': 1.2163}, {'x': 0.0, 'y': 1.0}, {'x': 0.25, 'y': 0.7215}, {'x': 0.5, 'y': 0.3982}, {'x': 0.75, 'y': 0.0501}, {'x': 1.0, 'y': -0.3012}, {'x': 1.25, 'y': -0.6337}, {'x': 1.5, 'y': -0.9268}, {'x': 1.75, 'y': -1.1622}, {'x': 2.0, 'y': -1.3254}, {'x': 2.25, 'y': -1.4062}, {'x': 2.5, 'y': -1.3996}, {'x': 2.75, 'y': -1.306}, {'x': 3.0, 'y': -1.1311}]}","{'formula': '-sin(x) + cos(x)', 'latex': '- \\sin{\\left(x \\right)} + \\cos{\\left(x \\right)}', 'properties': {'singularities': [], 'is_periodic': False, 'domain': 'R'}}",derivative_of_sin(x) + cos(x)
MCM_010_02d0e830,"{'a': 0, 'b': 1, 'c': 0}","{'points': [{'x': -3.0, 'y': -20.0855}, {'x': -2.75, 'y': -15.6426}, {'x': -2.5, 'y': -12.1825}, {'x': -2.25, 'y': -9.4877}, {'x': -2.0, 'y': -7.3891}, {'x': -1.75, 'y': -5.7546}, {'x': -1.5, 'y': -4.4817}, {'x': -1.25, 'y': -3.4903}, {'x': -1.0, 'y': -2.7183}, {'x': -0.75, 'y': -2.117}, {'x': -0.5, 'y': -1.6487}, {'x': -0.25, 'y': -1.284}, {'x': 0.0, 'y': -1.0}, {'x': 0.25, 'y': -0.7788}, {'x': 0.5, 'y': -0.6065}, {'x': 0.75, 'y': -0.4724}, {'x': 1.0, 'y': -0.3679}, {'x': 1.25, 'y': -0.2865}, {'x': 1.5, 'y': -0.2231}, {'x': 1.75, 'y': -0.1738}, {'x': 2.0, 'y': -0.1353}, {'x': 2.25, 'y': -0.1054}, {'x': 2.5, 'y': -0.0821}, {'x': 2.75, 'y': -0.0639}, {'x': 3.0, 'y': -0.0498}]}","{'formula': '-exp(-x)', 'latex': '- e^{- x}', 'properties': {'singularities': [], 'is_periodic': False, 'domain': 'R'}}",derivative_of_exp(-x)
MCM_010_079fe28a,"{'a': 0, 'b': 1, 'c': 0}","{'points': [{'x': -3.0, 'y': 0.0866}, {'x': -2.75, 'y': 0.103}, {'x': -2.5, 'y': 0.1225}, {'x': -2.25, 'y': 0.1457}, {'x': -2.0, 'y': 0.1733}, {'x': -1.75, 'y': 0.2061}, {'x': -1.5, 'y': 0.2451}, {'x': -1.25, 'y': 0.2914}, {'x': -1.0, 'y': 0.3466}, {'x': -0.75, 'y': 0.4121}, {'x': -0.5, 'y': 0.4901}, {'x': -0.25, 'y': 0.5829}, {'x': 0.0, 'y': 0.6931}, {'x': 0.25, 'y': 0.8243}, {'x': 0.5, 'y': 0.9803}, {'x': 0.75, 'y': 1.1657}, {'x': 1.0, 'y': 1.3863}, {'x': 1.25, 'y': 1.6486}, {'x': 1.5, 'y': 1.9605}, {'x': 1.75, 'y': 2.3315}, {'x': 2.0, 'y': 2.7726}, {'x': 2.25, 'y': 3.2972}, {'x': 2.5, 'y': 3.921}, {'x': 2.75, 'y': 4.6629}, {'x': 3.0, 'y': 5.5452}]}","{'formula': '2**x*log(2)', 'latex': '2^{x} \\log{\\left(2 \\right)}', 'properties': {'singularities': [], 'is_periodic': False, 'domain': 'R'}}",derivative_of_2**x
MCM_010_8541f9b8,"{'a': 0, 'b': 1, 'c': 0}","{'points': [{'x': -3.0, 'y': 0.0407}, {'x': -2.75, 'y': 0.0536}, {'x': -2.5, 'y': 0.0705}, {'x': -2.25, 'y': 0.0928}, {'x': -2.0, 'y': 0.1221}, {'x': -1.75, 'y': 0.1607}, {'x': -1.5, 'y': 0.2114}, {'x': -1.25, 'y': 0.2783}, {'x': -1.0, 'y': 0.3662}, {'x': -0.75, 'y': 0.482}, {'x': -0.5, 'y': 0.6343}, {'x': -0.25, 'y': 0.8348}, {'x': 0.0, 'y': 1.0986}, {'x': 0.25, 'y': 1.4459}, {'x': 0.5, 'y': 1.9029}, {'x': 0.75, 'y': 2.5043}, {'x': 1.0, 'y': 3.2958}, {'x': 1.25, 'y': 4.3376}, {'x': 1.5, 'y': 5.7086}, {'x': 1.75, 'y': 7.5129}, {'x': 2.0, 'y': 9.8875}, {'x': 2.25, 'y': 13.0127}, {'x': 2.5, 'y': 17.1257}, {'x': 2.75, 'y': 22.5387}, {'x': 3.0, 'y': 29.6625}]}","{'formula': '3**x*log(3)', 'latex': '3^{x} \\log{\\left(3 \\right)}', 'properties': {'singularities': [], 'is_periodic': False, 'domain': 'R'}}",derivative_of_3**x
MCM_010_6b03d59c,"{'a': 0, 'b': 1, 'c': 0}","{'points': [{'x': -3.0, 'y': -5.5452}, {'x': -2.75, 'y': -4.6629}, {'x': -2.5, 'y': -3.921}, {'x': -2.25, 'y': -3.2972}, {'x': -2.0, 'y': -2.7726}, {'x': -1.75, 'y': -2.3315}, {'x': -1.5, 'y': -1.9605}, {'x': -1.25, 'y': -1.6486}, {'x': -1.0, 'y': -1.3863}, {'x': -0.75, 'y': -1.1657}, {'x': -0.5, 'y': -0.9803}, {'x': -0.25, 'y': -0.8243}, {'x': 0.0, 'y': -0.6931}, {'x': 0.25, 'y': -0.5829}, {'x': 0.5, 'y': -0.4901}, {'x': 0.75, 'y': -0.4121}, {'x': 1.0, 'y': -0.3466}, {'x': 1.25, 'y': -0.2914}, {'x': 1.5, 'y': -0.2451}, {'x': 1.75, 'y': -0.2061}, {'x': 2.0, 'y': -0.1733}, {'x': 2.25, 'y': -0.1457}, {'x': 2.5, 'y': -0.1225}, {'x': 2.75, 'y': -0.103}, {'x': 3.0, 'y': -0.0866}]}","{'formula': '-0.693147180559945*0.5**x', 'latex': '- 0.693147180559945 {0.5}^{x}', 'properties': {'singularities': [], 'is_periodic': False, 'domain': 'R'}}",derivative_of_0.5**x
MCM_011_acedbeff,"{'a': 0, 'b': 1, 'c': 1}","{'points': [{'x': -3.0, 'y': 0.0547}, {'x': -2.75, 'y': 0.0551}, {'x': -2.5, 'y': 0.0554}, {'x': -2.25, 'y': 0.0557}, {'x': -2.0, 'y': 0.0559}, {'x': -1.75, 'y': 0.0561}, {'x': -1.5, 'y': 0.0561}, {'x': -1.25, 'y': 0.0561}, {'x': -1.0, 'y': 0.0559}, {'x': -0.75, 'y': 0.0556}, {'x': -0.5, 'y': 0.0552}, {'x': -0.25, 'y': 0.0547}, {'x': 0.0, 'y': 0.054}, {'x': 0.25, 'y': 0.0532}, {'x': 0.5, 'y': 0.0522}, {'x': 0.75, 'y': 0.051}, {'x': 1.0, 'y': 0.0496}, {'x': 1.25, 'y': 0.048}, {'x': 1.5, 'y': 0.0462}, {'x': 1.75, 'y': 0.0441}, {'x': 2.0, 'y': 0.0418}, {'x': 2.25, 'y': 0.0392}, {'x': 2.5, 'y': 0.0363}, {'x': 2.75, 'y': 0.0331}, {'x': 3.0, 'y': 0.0296}]}","{'formula': '0.1*exp(0.1*x)*cos(exp(0.1*x))', 'latex': '0.1 e^{0.1 x} \\cos{\\left(e^{0.1 x} \\right)}', 'properties': {'singularities': [], 'is_periodic': False, 'domain': 'R'}}",derivative_of_sin(exp(0.1*x))
MCM_011_8b69e4ac,"{'a': 0, 'b': 1, 'c': 1}","{'points': [{'x': -3.0, 'y': 0.1587}, {'x': -2.75, 'y': 0.1602}, {'x': -2.5, 'y': 0.1611}, {'x': -2.25, 'y': 0.161}, {'x': -2.0, 'y': 0.1597}, {'x': -1.75, 'y': 0.1568}, {'x': -1.5, 'y': 0.1517}, {'x': -1.25, 'y': 0.1436}, {'x': -1.0, 'y': 0.1315}, {'x': -0.75, 'y': 0.1139}, {'x': -0.5, 'y': 0.0885}, {'x': -0.25, 'y': 0.0522}, {'x': 0.0, 'y': 0.0}, {'x': 0.25, 'y': -0.0522}, {'x': 0.5, 'y': -0.0885}, {'x': 0.75, 'y': -0.1139}, {'x': 1.0, 'y': -0.1315}, {'x': 1.25, 'y': -0.1436}, {'x': 1.5, 'y': -0.1517}, {'x': 1.75, 'y': -0.1568}, {'x': 2.0, 'y': -0.1597}, {'x': 2.25, 'y': -0.161}, {'x': 2.5, 'y': -0.1611}, {'x': 2.75, 'y': -0.1602}, {'x': 3.0, 'y': -0.1587}]}","{'formula': 'Piecewise((0, Eq(x, 0)), (-0.5*x*sin(log(0.5*Abs(x) + 1))/(0.5*x**2 + Abs(x)), True))', 'latex': '\\begin{cases} 0 & \\text{for}\\: x = 0 \\\\- \\frac{0.5 x \\sin{\\left(\\log{\\left(0.5 \\left|{x}\\right| + 1 \\right)} \\right)}}{0.5 x^{2} + \\left|{x}\\right|} & \\text{otherwise} \\end{cases}', 'properties': {'singularities': [], 'is_periodic': False, 'domain': 'R'}}",derivative_of_cos(log(0.5*Abs(x) + 1))
MCM_011_eb0f6827,"{'a': 0, 'b': 1, 'c': 1}","{'points': [{'x': -3.0, 'y': -0.6536}, {'x': -2.75, 'y': -0.8206}, {'x': -2.5, 'y': -0.9365}, {'x': -2.25, 'y': -0.9941}, {'x': -2.0, 'y': -0.99}, {'x': -1.75, 'y': -0.9243}, {'x': -1.5, 'y': -0.8011}, {'x': -1.25, 'y': -0.6282}, {'x': -1.0, 'y': -0.4161}, {'x': -0.75, 'y': -0.1782}, {'x': -0.5, 'y': 0.0707}, {'x': -0.25, 'y': 0.3153}, {'x': 0.0, 'y': 0.5403}, {'x': 0.25, 'y': 0.7317}, {'x': 0.5, 'y': 0.8776}, {'x': 0.75, 'y': 0.9689}, {'x': 1.0, 'y': 1.0}, {'x': 1.25, 'y': 0.9689}, {'x': 1.5, 'y': 0.8776}, {'x': 1.75, 'y': 0.7317}, {'x': 2.0, 'y': 0.5403}, {'x': 2.25, 'y': 0.3153}, {'x': 2.5, 'y': 0.0707}, {'x': 2.75, 'y': -0.1782}, {'x': 3.0, 'y': -0.4161}]}","{'formula': 'cos(x - 1)', 'latex': '\\cos{\\left(x - 1 \\right)}', 'properties': {'singularities': [], 'is_periodic': False, 'domain': 'R'}}",derivative_of_sin(x - 1)
MCM_011_93e8892e,"{'a': 0, 'b': 1, 'c': 1}","{'points': [{'x': -3.0, 'y': -0.9802}, {'x': -2.75, 'y': -0.8578}, {'x': -2.5, 'y': -0.6619}, {'x': -2.25, 'y': -0.4474}, {'x': -2.0, 'y': -0.2556}, {'x': -1.75, 'y': -0.0987}, {'x': -1.5, 'y': 0.0384}, {'x': -1.25, 'y': 0.1837}, {'x': -1.0, 'y': 0.36}, {'x': -0.75, 'y': 0.5682}, {'x': -0.5, 'y': 0.7786}, {'x': -0.25, 'y': 0.9394}, {'x': 0.0, 'y': 1.0}, {'x': 0.25, 'y': 0.9394}, {'x': 0.5, 'y': 0.7786}, {'x': 0.75, 'y': 0.5682}, {'x': 1.0, 'y': 0.36}, {'x': 1.25, 'y': 0.1837}, {'x': 1.5, 'y': 0.0384}, {'x': 1.75, 'y': -0.0987}, {'x': 2.0, 'y': -0.2556}, {'x': 2.25, 'y': -0.4474}, {'x': 2.5, 'y': -0.6619}, {'x': 2.75, 'y': -0.8578}, {'x': 3.0, 'y': -0.9802}]}","{'formula': 'cos(x)*cos(sin(x))', 'latex': '\\cos{\\left(x \\right)} \\cos{\\left(\\sin{\\left(x \\right)} \\right)}', 'properties': {'singularities': [], 'is_periodic': False, 'domain': 'R'}}",derivative_of_sin(sin(x))
MCM_011_c4a420b0,"{'a': 0, 'b': 1, 'c': 1}","{'points': [{'x': -3.0, 'y': -0.1392}, {'x': -2.75, 'y': -0.3443}, {'x': -2.5, 'y': -0.4513}, {'x': -2.25, 'y': -0.4409}, {'x': -2.0, 'y': -0.3284}, {'x': -1.75, 'y': -0.1484}, {'x': -1.5, 'y': 0.0594}, {'x': -1.25, 'y': 0.2563}, {'x': -1.0, 'y': 0.4029}, {'x': -0.75, 'y': 0.461}, {'x': -0.5, 'y': 0.4048}, {'x': -0.25, 'y': 0.2373}, {'x': 0.0, 'y': 0.0}, {'x': 0.25, 'y': -0.2373}, {'x': 0.5, 'y': -0.4048}, {'x': 0.75, 'y': -0.461}, {'x': 1.0, 'y': -0.4029}, {'x': 1.25, 'y': -0.2563}, {'x': 1.5, 'y': -0.0594}, {'x': 1.75, 'y': 0.1484}, {'x': 2.0, 'y': 0.3284}, {'x': 2.25, 'y': 0.4409}, {'x': 2.5, 'y': 0.4513}, {'x': 2.75, 'y': 0.3443}, {'x': 3.0, 'y': 0.1392}]}","{'formula': '-sin(sin(x))*cos(x)', 'latex': '- \\sin{\\left(\\sin{\\left(x \\right)} \\right)} \\cos{\\left(x \\right)}', 'properties': {'singularities': [], 'is_periodic': False, 'domain': 'R'}}",derivative_of_cos(sin(x))
MCM_011_71f93c7f,"{'a': 0, 'b': 1, 'c': 1}","{'points': [{'x': -3.0, 'y': 0.0774}, {'x': -2.75, 'y': 0.2299}, {'x': -2.5, 'y': 0.4165}, {'x': -2.25, 'y': 0.6295}, {'x': -2.0, 'y': 0.8317}, {'x': -1.75, 'y': 0.9684}, {'x': -1.5, 'y': 0.995}, {'x': -1.25, 'y': 0.9022}, {'x': -1.0, 'y': 0.7216}, {'x': -0.75, 'y': 0.5072}, {'x': -0.5, 'y': 0.3064}, {'x': -0.25, 'y': 0.1401}, {'x': 0.0, 'y': 0.0}, {'x': 0.25, 'y': -0.1401}, {'x': 0.5, 'y': -0.3064}, {'x': 0.75, 'y': -0.5072}, {'x': 1.0, 'y': -0.7216}, {'x': 1.25, 'y': -0.9022}, {'x': 1.5, 'y': -0.995}, {'x': 1.75, 'y': -0.9684}, {'x': 2.0, 'y': -0.8317}, {'x': 2.25, 'y': -0.6295}, {'x': 2.5, 'y': -0.4165}, {'x': 2.75, 'y': -0.2299}, {'x': 3.0, 'y': -0.0774}]}","{'formula': '-sin(x)*cos(cos(x))', 'latex': '- \\sin{\\left(x \\right)} \\cos{\\left(\\cos{\\left(x \\right)} \\right)}', 'properties': {'singularities': [], 'is_periodic': False, 'domain': 'R'}}",derivative_of_sin(cos(x))
MCM_011_d20d2208,"{'a': 0, 'b': 1, 'c': 1}","{'points': [{'x': -3.0, 'y': 0.118}, {'x': -2.75, 'y': 0.3046}, {'x': -2.5, 'y': 0.4298}, {'x': -2.25, 'y': 0.4572}, {'x': -2.0, 'y': 0.3676}, {'x': -1.75, 'y': 0.1745}, {'x': -1.5, 'y': -0.0705}, {'x': -1.25, 'y': -0.2943}, {'x': -1.0, 'y': -0.4328}, {'x': -0.75, 'y': -0.4554}, {'x': -0.5, 'y': -0.3688}, {'x': -0.25, 'y': -0.2039}, {'x': 0.0, 'y': 0.0}, {'x': 0.25, 'y': 0.2039}, {'x': 0.5, 'y': 0.3688}, {'x': 0.75, 'y': 0.4554}, {'x': 1.0, 'y': 0.4328}, {'x': 1.25, 'y': 0.2943}, {'x': 1.5, 'y': 0.0705}, {'x': 1.75, 'y': -0.1745}, {'x': 2.0, 'y': -0.3676}, {'x': 2.25, 'y': -0.4572}, {'x': 2.5, 'y': -0.4298}, {'x': 2.75, 'y': -0.3046}, {'x': 3.0, 'y': -0.118}]}","{'formula': 'sin(x)*sin(cos(x))', 'latex': '\\sin{\\left(x \\right)} \\sin{\\left(\\cos{\\left(x \\right)} \\right)}', 'properties': {'singularities': [], 'is_periodic': False, 'domain': 'R'}}",derivative_of_cos(cos(x))
MCM_011_77aa5f49,"{'a': 0, 'b': 1, 'c': 1}","{'points': [{'x': -3.0, 'y': 0.0497}, {'x': -2.75, 'y': 0.0638}, {'x': -2.5, 'y': 0.0818}, {'x': -2.25, 'y': 0.1048}, {'x': -2.0, 'y': 0.1341}, {'x': -1.75, 'y': 0.1712}, {'x': -1.5, 'y': 0.2176}, {'x': -1.25, 'y': 0.2748}, {'x': -1.0, 'y': 0.3433}, {'x': -0.75, 'y': 0.4206}, {'x': -0.5, 'y': 0.4983}, {'x': -0.25, 'y': 0.5543}, {'x': 0.0, 'y': 0.5403}, {'x': 0.25, 'y': 0.3632}, {'x': 0.5, 'y': -0.1283}, {'x': 0.75, 'y': -1.0997}, {'x': 1.0, 'y': -2.4783}, {'x': 1.25, 'y': -3.2802}, {'x': 1.5, 'y': -1.0248}, {'x': 1.75, 'y': 4.9692}, {'x': 2.0, 'y': 3.3129}, {'x': 2.25, 'y': -9.4689}, {'x': 2.5, 'y': 11.2958}, {'x': 2.75, 'y': -15.6093}, {'x': 3.0, 'y': 6.6}]}","{'formula': 'exp(x)*cos(exp(x))', 'latex': 'e^{x} \\cos{\\left(e^{x} \\right)}', 'properties': {'singularities': [], 'is_periodic': False, 'domain': 'R'}}",derivative_of_sin(exp(x))
MCM_011_6a3eb178,"{'a': 0, 'b': 1, 'c': 1}","{'points': [{'x': -3.0, 'y': -0.0025}, {'x': -2.75, 'y': -0.0041}, {'x': -2.5, 'y': -0.0067}, {'x': -2.25, 'y': -0.0111}, {'x': -2.0, 'y': -0.0183}, {'x': -1.75, 'y': -0.03}, {'x': -1.5, 'y': -0.0494}, {'x': -1.25, 'y': -0.081}, {'x': -1.0, 'y': -0.1323}, {'x': -0.75, 'y': -0.2149}, {'x': -0.5, 'y': -0.3457}, {'x': -0.25, 'y': -0.5471}, {'x': 0.0, 'y': -0.8415}, {'x': 0.25, 'y': -1.2316}, {'x': 0.5, 'y': -1.6437}, {'x': 0.75, 'y': -1.809}, {'x': 1.0, 'y': -1.1166}, {'x': 1.25, 'y': 1.1927}, {'x': 1.5, 'y': 4.363}, {'x': 1.75, 'y': 2.9021}, {'x': 2.0, 'y': -6.6047}, {'x': 2.25, 'y': 0.5969}, {'x': 2.5, 'y': 4.5626}, {'x': 2.75, 'y': -1.0212}, {'x': 3.0, 'y': -18.9702}]}","{'formula': '-exp(x)*sin(exp(x))', 'latex': '- e^{x} \\sin{\\left(e^{x} \\right)}', 'properties': {'singularities': [], 'is_periodic': False, 'domain': 'R'}}",derivative_of_cos(exp(x))
MCM_011_08dbb503,"{'a': 0, 'b': 1, 'c': 1}","{'points': [{'x': -3.0, 'y': 0.086}, {'x': -2.75, 'y': 0.1019}, {'x': -2.5, 'y': 0.1206}, {'x': -2.25, 'y': 0.1425}, {'x': -2.0, 'y': 0.1679}, {'x': -1.75, 'y': 0.197}, {'x': -1.5, 'y': 0.2299}, {'x': -1.25, 'y': 0.2661}, {'x': -1.0, 'y': 0.3041}, {'x': -0.75, 'y': 0.3414}, {'x': -0.5, 'y': 0.3726}, {'x': -0.25, 'y': 0.3887}, {'x': 0.0, 'y': 0.3745}, {'x': 0.25, 'y': 0.307}, {'x': 0.5, 'y': 0.1529}, {'x': 0.75, 'y': -0.1291}, {'x': 1.0, 'y': -0.5769}, {'x': 1.25, 'y': -1.1913}, {'x': 1.5, 'y': -1.8652}, {'x': 1.75, 'y': -2.2742}, {'x': 2.0, 'y': -1.8123}, {'x': 2.25, 'y': 0.1465}, {'x': 2.5, 'y': 3.1768}, {'x': 2.75, 'y': 4.2108}, {'x': 3.0, 'y': -0.8068}]}","{'formula': '2**x*log(2)*cos(2**x)', 'latex': '2^{x} \\log{\\left(2 \\right)} \\cos{\\left(2^{x} \\right)}', 'properties': {'singularities': [], 'is_periodic': False, 'domain': 'R'}}",derivative_of_sin(2**x)
MCM_011_43a30a44,"{'a': 0, 'b': 1, 'c': 1}","{'points': [{'x': -3.0, 'y': -0.0108}, {'x': -2.75, 'y': -0.0153}, {'x': -2.5, 'y': -0.0215}, {'x': -2.25, 'y': -0.0304}, {'x': -2.0, 'y': -0.0429}, {'x': -1.75, 'y': -0.0604}, {'x': -1.5, 'y': -0.0848}, {'x': -1.25, 'y': -0.119}, {'x': -1.0, 'y': -0.1662}, {'x': -0.75, 'y': -0.2309}, {'x': -0.5, 'y': -0.3184}, {'x': -0.25, 'y': -0.4344}, {'x': 0.0, 'y': -0.5833}, {'x': 0.25, 'y': -0.765}, {'x': 0.5, 'y': -0.9683}, {'x': 0.75, 'y': -1.1586}, {'x': 1.0, 'y': -1.2606}, {'x': 1.25, 'y': -1.1395}, {'x': 1.5, 'y': -0.604}, {'x': 1.75, 'y': 0.5133}, {'x': 2.0, 'y': 2.0983}, {'x': 2.25, 'y': 3.2939}, {'x': 2.5, 'y': 2.2984}, {'x': 2.75, 'y': -2.0029}, {'x': 3.0, 'y': -5.4862}]}","{'formula': '-2**x*log(2)*sin(2**x)', 'latex': '- 2^{x} \\log{\\left(2 \\right)} \\sin{\\left(2^{x} \\right)}', 'properties': {'singularities': [], 'is_periodic': False, 'domain': 'R'}}",derivative_of_cos(2**x)
MCM_011_f34b1f9e,"{'a': 0, 'b': 1, 'c': 1}","{'points': [{'x': -3.0, 'y': 0.0407}, {'x': -2.75, 'y': 0.0535}, {'x': -2.5, 'y': 0.0703}, {'x': -2.25, 'y': 0.0924}, {'x': -2.0, 'y': 0.1213}, {'x': -1.75, 'y': 0.1589}, {'x': -1.5, 'y': 0.2075}, {'x': -1.25, 'y': 0.2694}, {'x': -1.0, 'y': 0.346}, {'x': -0.75, 'y': 0.4363}, {'x': -0.5, 'y': 0.5315}, {'x': -0.25, 'y': 0.6052}, {'x': 0.0, 'y': 0.5936}, {'x': 0.25, 'y': 0.3643}, {'x': 0.5, 'y': -0.3055}, {'x': 0.75, 'y': -1.6299}, {'x': 1.0, 'y': -3.2629}, {'x': 1.25, 'y': -3.0013}, {'x': 1.5, 'y': 2.6551}, {'x': 1.75, 'y': 6.3839}, {'x': 2.0, 'y': -9.0088}, {'x': 2.25, 'y': 9.7684}, {'x': 2.5, 'y': -17.0035}, {'x': 2.75, 'y': -2.1427}, {'x': 3.0, 'y': -8.6656}]}","{'formula': '3**x*log(3)*cos(3**x)', 'latex': '3^{x} \\log{\\left(3 \\right)} \\cos{\\left(3^{x} \\right)}', 'properties': {'singularities': [], 'is_periodic': False, 'domain': 'R'}}",derivative_of_sin(3**x)
MCM_011_06ba2868,"{'a': 0, 'b': 1, 'c': 1}","{'points': [{'x': -3.0, 'y': -0.0015}, {'x': -2.75, 'y': -0.0026}, {'x': -2.5, 'y': -0.0045}, {'x': -2.25, 'y': -0.0078}, {'x': -2.0, 'y': -0.0135}, {'x': -1.75, 'y': -0.0234}, {'x': -1.5, 'y': -0.0404}, {'x': -1.25, 'y': -0.0697}, {'x': -1.0, 'y': -0.1198}, {'x': -0.75, 'y': -0.2047}, {'x': -0.5, 'y': -0.3462}, {'x': -0.25, 'y': -0.575}, {'x': 0.0, 'y': -0.9245}, {'x': 0.25, 'y': -1.3992}, {'x': 0.5, 'y': -1.8782}, {'x': 0.75, 'y': -1.9013}, {'x': 1.0, 'y': -0.4651}, {'x': 1.25, 'y': 3.1315}, {'x': 1.5, 'y': 5.0535}, {'x': 1.75, 'y': -3.961}, {'x': 2.0, 'y': -4.0748}, {'x': 2.25, 'y': 8.597}, {'x': 2.5, 'y': -2.0418}, {'x': 2.75, 'y': -22.4366}, {'x': 3.0, 'y': -28.3685}]}","{'formula': '-3**x*log(3)*sin(3**x)', 'latex': '- 3^{x} \\log{\\left(3 \\right)} \\sin{\\left(3^{x} \\right)}', 'properties': {'singularities': [], 'is_periodic': False, 'domain': 'R'}}",derivative_of_cos(3**x)
MCM_011_60a2c68f,"{'a': 0, 'b': 1, 'c': 1}","{'points': [{'x': -3.0, 'y': 0.8068}, {'x': -2.75, 'y': -4.2108}, {'x': -2.5, 'y': -3.1768}, {'x': -2.25, 'y': -0.1465}, {'x': -2.0, 'y': 1.8123}, {'x': -1.75, 'y': 2.2742}, {'x': -1.5, 'y': 1.8652}, {'x': -1.25, 'y': 1.1913}, {'x': -1.0, 'y': 0.5769}, {'x': -0.75, 'y': 0.1291}, {'x': -0.5, 'y': -0.1529}, {'x': -0.25, 'y': -0.307}, {'x': 0.0, 'y': -0.3745}, {'x': 0.25, 'y': -0.3887}, {'x': 0.5, 'y': -0.3726}, {'x': 0.75, 'y': -0.3414}, {'x': 1.0, 'y': -0.3041}, {'x': 1.25, 'y': -0.2661}, {'x': 1.5, 'y': -0.2299}, {'x': 1.75, 'y': -0.197}, {'x': 2.0, 'y': -0.1679}, {'x': 2.25, 'y': -0.1425}, {'x': 2.5, 'y': -0.1206}, {'x': 2.75, 'y': -0.1019}, {'x': 3.0, 'y': -0.086}]}","{'formula': '-0.693147180559945*0.5**x*cos(0.5**x)', 'latex': '- 0.693147180559945 {0.5}^{x} \\cos{\\left({0.5}^{x} \\right)}', 'properties': {'singularities': [], 'is_periodic': False, 'domain': 'R'}}",derivative_of_sin(0.5**x)
MCM_011_1d727f5d,"{'a': 0, 'b': 1, 'c': 1}","{'points': [{'x': -3.0, 'y': 5.4862}, {'x': -2.75, 'y': 2.0029}, {'x': -2.5, 'y': -2.2984}, {'x': -2.25, 'y': -3.2939}, {'x': -2.0, 'y': -2.0983}, {'x': -1.75, 'y': -0.5133}, {'x': -1.5, 'y': 0.604}, {'x': -1.25, 'y': 1.1395}, {'x': -1.0, 'y': 1.2606}, {'x': -0.75, 'y': 1.1586}, {'x': -0.5, 'y': 0.9683}, {'x': -0.25, 'y': 0.765}, {'x': 0.0, 'y': 0.5833}, {'x': 0.25, 'y': 0.4344}, {'x': 0.5, 'y': 0.3184}, {'x': 0.75, 'y': 0.2309}, {'x': 1.0, 'y': 0.1662}, {'x': 1.25, 'y': 0.119}, {'x': 1.5, 'y': 0.0848}, {'x': 1.75, 'y': 0.0604}, {'x': 2.0, 'y': 0.0429}, {'x': 2.25, 'y': 0.0304}, {'x': 2.5, 'y': 0.0215}, {'x': 2.75, 'y': 0.0153}, {'x': 3.0, 'y': 0.0108}]}","{'formula': '0.693147180559945*0.5**x*sin(0.5**x)', 'latex': '0.693147180559945 {0.5}^{x} \\sin{\\left({0.5}^{x} \\right)}', 'properties': {'singularities': [], 'is_periodic': False, 'domain': 'R'}}",derivative_of_cos(0.5**x)
MCM_012_4537ccd3,"{'a': 0, 'b': 1, 'c': 2}","{'points': [{'x': -3.0, 'y': -0.101}, {'x': -2.75, 'y': -0.1202}, {'x': -2.5, 'y': -0.1452}, {'x': -2.25, 'y': -0.1786}, {'x': -2.0, 'y': -0.2246}, {'x': -1.75, 'y': -0.2907}, {'x': -1.5, 'y': -0.39}, {'x': -1.25, 'y': -0.5496}, {'x': -1.0, 'y': -0.8301}, {'x': -0.75, 'y': -1.3932}, {'x': -0.5, 'y': -2.8008}, {'x': -0.25, 'y': -8.2404}, {'x': 0.0, 'y': -101.0}, {'x': 0.25, 'y': -44.886}, {'x': 0.5, 'y': -6.3076}, {'x': 0.75, 'y': -2.3854}, {'x': 1.0, 'y': -1.2416}, {'x': 1.25, 'y': -0.7583}, {'x': 1.5, 'y': -0.5098}, {'x': 1.75, 'y': -0.3654}, {'x': 2.0, 'y': -0.2741}, {'x': 2.25, 'y': -0.2127}, {'x': 2.5, 'y': -0.1694}, {'x': 2.75, 'y': -0.1378}, {'x': 3.0, 'y': -0.114}]}","{'formula': '(-x + 0.1*(x - 0.1)**2 + 0.1)*exp(0.1*x)/(x - 0.1)**3', 'latex': '\\frac{\\left(- x + 0.1 \\left(x - 0.1\\right)^{2} + 0.1\\right) e^{0.1 x}}{\\left(x - 0.1\\right)^{3}}', 'properties': {'singularities': [], 'is_periodic': False, 'domain': 'R'}}",derivative_of_exp(0.1*x)/(x - 0.1)
MCM_012_34acdaf8,"{'a': 0, 'b': 1, 'c': 2}","{'points': [{'x': -3.0, 'y': -0.0454}, {'x': -2.75, 'y': -0.0505}, {'x': -2.5, 'y': -0.0567}, {'x': -2.25, 'y': -0.0646}, {'x': -2.0, 'y': -0.075}, {'x': -1.75, 'y': -0.0896}, {'x': -1.5, 'y': -0.1114}, {'x': -1.25, 'y': -0.1473}, {'x': -1.0, 'y': -0.2169}, {'x': -0.75, 'y': -0.3916}, {'x': -0.5, 'y': -1.146}, {'x': -0.25, 'y': -38.2243}, {'x': 0.0, 'y': 0.0}, {'x': 0.25, 'y': 0.406}, {'x': 0.5, 'y': 0.116}, {'x': 0.75, 'y': 0.0299}, {'x': 1.0, 'y': -0.0038}, {'x': 1.25, 'y': -0.0187}, {'x': 1.5, 'y': -0.0256}, {'x': 1.75, 'y': -0.0286}, {'x': 2.0, 'y': -0.0296}, {'x': 2.25, 'y': -0.0295}, {'x': 2.5, 'y': -0.0289}, {'x': 2.75, 'y': -0.028}, {'x': 3.0, 'y': -0.027}]}","{'formula': 'Piecewise((0, Eq(x, 0)), ((0.5*x*(x + 0.2) - (0.5*Abs(x) + 1)*log(0.5*Abs(x) + 1)*Abs(x))/((x + 0.2)**2*(0.5*Abs(x) + 1)*Abs(x)), True))', 'latex': '\\begin{cases} 0 & \\text{for}\\: x = 0 \\\\\\frac{0.5 x \\left(x + 0.2\\right) - \\left(0.5 \\left|{x}\\right| + 1\\right) \\log{\\left(0.5 \\left|{x}\\right| + 1 \\right)} \\left|{x}\\right|}{\\left(x + 0.2\\right)^{2} \\left(0.5 \\left|{x}\\right| + 1\\right) \\left|{x}\\right|} & \\text{otherwise} \\end{cases}', 'properties': {'singularities': [], 'is_periodic': False, 'domain': 'R'}}",derivative_of_log(0.5*Abs(x) + 1)/(x + 0.2)
MCM_012_f442c67e,"{'a': 0, 'b': 1, 'c': 2}","{'points': [{'x': -3.0, 'y': 0.163}, {'x': -2.75, 'y': 0.1038}, {'x': -2.5, 'y': 0.0344}, {'x': -2.25, 'y': -0.0429}, {'x': -2.0, 'y': -0.1258}, {'x': -1.75, 'y': -0.2121}, {'x': -1.5, 'y': -0.2997}, {'x': -1.25, 'y': -0.3876}, {'x': -1.0, 'y': -0.4762}, {'x': -0.75, 'y': -0.5683}, {'x': -0.5, 'y': -0.6714}, {'x': -0.25, 'y': -0.803}, {'x': 0.0, 'y': -1.0045}, {'x': 0.25, 'y': -1.388}, {'x': 0.5, 'y': -2.3432}, {'x': 0.75, 'y': -6.0795}, {'x': 1.0, 'y': -70.2954}, {'x': 1.25, 'y': -31.3718}, {'x': 1.5, 'y': -4.5894}, {'x': 1.75, 'y': -1.8109}, {'x': 2.0, 'y': -0.9556}, {'x': 2.25, 'y': -0.5587}, {'x': 2.5, 'y': -0.3276}, {'x': 2.75, 'y': -0.1737}, {'x': 3.0, 'y': -0.0634}]}","{'formula': '((x - 1.1)*(-0.090483741803596*sin(x + 1) + 0.90483741803596*cos(x + 1)) - 0.90483741803596*sin(x + 1))*exp(-0.1*x)/(x - 1.1)**2', 'latex': '\\frac{\\left(\\left(x - 1.1\\right) \\left(- 0.090483741803596 \\sin{\\left(x + 1 \\right)} + 0.90483741803596 \\cos{\\left(x + 1 \\right)}\\right) - 0.90483741803596 \\sin{\\left(x + 1 \\right)}\\right) e^{- 0.1 x}}{\\left(x - 1.1\\right)^{2}}', 'properties': {'singularities': [], 'is_periodic': False, 'domain': 'R'}}",derivative_of_0.90483741803596*exp(-0.1*x)*sin(x + 1)/(x - 1.1)
MCM_012_43a92228,"{'a': 0, 'b': 1, 'c': 2}","{'points': [{'x': -3.0, 'y': 0.334}, {'x': -2.75, 'y': 0.3713}, {'x': -2.5, 'y': 0.3967}, {'x': -2.25, 'y': 0.4082}, {'x': -2.0, 'y': 0.4044}, {'x': -1.75, 'y': 0.3839}, {'x': -1.5, 'y': 0.3454}, {'x': -1.25, 'y': 0.2871}, {'x': -1.0, 'y': 0.2042}, {'x': -0.75, 'y': 0.0826}, {'x': -0.5, 'y': -0.1309}, {'x': -0.25, 'y': -0.7487}, {'x': 0.0, 'y': -10.0}, {'x': 0.25, 'y': -4.5363}, {'x': 0.5, 'y': -0.8025}, {'x': 0.75, 'y': -0.4877}, {'x': 1.0, 'y': -0.4385}, {'x': 1.25, 'y': -0.4434}, {'x': 1.5, 'y': -0.4584}, {'x': 1.75, 'y': -0.4695}, {'x': 2.0, 'y': -0.4709}, {'x': 2.25, 'y': -0.4605}, {'x': 2.5, 'y': -0.4377}, {'x': 2.75, 'y': -0.4031}, {'x': 3.0, 'y': -0.3582}]}","{'formula': '((x - 0.1)*cos(x) - sin(x))/(x - 0.1)**2', 'latex': '\\frac{\\left(x - 0.1\\right) \\cos{\\left(x \\right)} - \\sin{\\left(x \\right)}}{\\left(x - 0.1\\right)^{2}}', 'properties': {'singularities': [], 'is_periodic': False, 'domain': 'R'}}",derivative_of_sin(x)/(x - 0.1)
MCM_012_63415b86,"{'a': 0, 'b': 1, 'c': 2}","{'points': [{'x': -3.0, 'y': 0.0526}, {'x': -2.75, 'y': -0.0232}, {'x': -2.5, 'y': -0.1118}, {'x': -2.25, 'y': -0.2129}, {'x': -2.0, 'y': -0.3273}, {'x': -1.75, 'y': -0.4577}, {'x': -1.5, 'y': -0.6112}, {'x': -1.25, 'y': -0.8044}, {'x': -1.0, 'y': -1.0764}, {'x': -0.75, 'y': -1.5283}, {'x': -0.5, 'y': -2.4759}, {'x': -0.25, 'y': -5.3345}, {'x': 0.0, 'y': -25.0}, {'x': 0.25, 'y': -392.513}, {'x': 0.5, 'y': -11.349}, {'x': 0.75, 'y': -3.6581}, {'x': 1.0, 'y': -1.8961}, {'x': 1.25, 'y': -1.1898}, {'x': 1.5, 'y': -0.8092}, {'x': 1.75, 'y': -0.5606}, {'x': 2.0, 'y': -0.3767}, {'x': 2.25, 'y': -0.2301}, {'x': 2.5, 'y': -0.1088}, {'x': 2.75, 'y': -0.0075}, {'x': 3.0, 'y': 0.0759}]}","{'formula': '((0.2 - x)*sin(x) - cos(x))/(x - 0.2)**2', 'latex': '\\frac{\\left(0.2 - x\\right) \\sin{\\left(x \\right)} - \\cos{\\left(x \\right)}}{\\left(x - 0.2\\right)^{2}}', 'properties': {'singularities': [], 'is_periodic': False, 'domain': 'R'}}",derivative_of_cos(x)/(x - 0.2)
MCM_012_2318b7e1,"{'a': 0, 'b': 1, 'c': 2}","{'points': [{'x': -3.0, 'y': -0.0236}, {'x': -2.75, 'y': -0.034}, {'x': -2.5, 'y': -0.0498}, {'x': -2.25, 'y': -0.0741}, {'x': -2.0, 'y': -0.1127}, {'x': -1.75, 'y': -0.1765}, {'x': -1.5, 'y': -0.2877}, {'x': -1.25, 'y': -0.4972}, {'x': -1.0, 'y': -0.942}, {'x': -0.75, 'y': -2.0994}, {'x': -0.5, 'y': -6.6842}, {'x': -0.25, 'y': -85.6681}, {'x': 0.0, 'y': -37.7778}, {'x': 0.25, 'y': -4.8151}, {'x': 0.5, 'y': -1.3658}, {'x': 0.75, 'y': -0.2614}, {'x': 1.0, 'y': 0.3083}, {'x': 1.25, 'y': 0.7123}, {'x': 1.5, 'y': 1.07}, {'x': 1.75, 'y': 1.4347}, {'x': 2.0, 'y': 1.8383}, {'x': 2.25, 'y': 2.306}, {'x': 2.5, 'y': 2.8624}, {'x': 2.75, 'y': 3.534}, {'x': 3.0, 'y': 4.3521}]}","{'formula': '(-x + (x + 0.15)**2 - 0.15)*exp(x)/(x + 0.15)**3', 'latex': '\\frac{\\left(- x + \\left(x + 0.15\\right)^{2} - 0.15\\right) e^{x}}{\\left(x + 0.15\\right)^{3}}', 'properties': {'singularities': [], 'is_periodic': False, 'domain': 'R'}}",derivative_of_exp(x)/(x + 0.15)
MCM_012_5a0dbf01,"{'a': 0, 'b': 1, 'c': 2}","{'points': [{'x': -3.0, 'y': -0.0492}, {'x': -2.75, 'y': -0.0668}, {'x': -2.5, 'y': -0.0922}, {'x': -2.25, 'y': -0.13}, {'x': -2.0, 'y': -0.1884}, {'x': -1.75, 'y': -0.2835}, {'x': -1.5, 'y': -0.4497}, {'x': -1.25, 'y': -0.7726}, {'x': -1.0, 'y': -1.5155}, {'x': -0.75, 'y': -3.8522}, {'x': -0.5, 'y': -20.1283}, {'x': -0.25, 'y': -324.7013}, {'x': 0.0, 'y': -8.8006}, {'x': 0.25, 'y': -2.4325}, {'x': 0.5, 'y': -0.9844}, {'x': 0.75, 'y': -0.4152}, {'x': 1.0, 'y': -0.1171}, {'x': 1.25, 'y': 0.0736}, {'x': 1.5, 'y': 0.2162}, {'x': 1.75, 'y': 0.3369}, {'x': 2.0, 'y': 0.4493}, {'x': 2.25, 'y': 0.5615}, {'x': 2.5, 'y': 0.6788}, {'x': 2.75, 'y': 0.8057}, {'x': 3.0, 'y': 0.9457}]}","{'formula': '2**x*(-x + (x + 0.3)**2*log(2) - 0.3)/(x + 0.3)**3', 'latex': '\\frac{2^{x} \\left(- x + \\left(x + 0.3\\right)^{2} \\log{\\left(2 \\right)} - 0.3\\right)}{\\left(x + 0.3\\right)^{3}}', 'properties': {'singularities': [], 'is_periodic': False, 'domain': 'R'}}",derivative_of_2**x/(x + 0.3)
MCM_012_23dae628,"{'a': 0, 'b': 1, 'c': 2}","{'points': [{'x': -3.0, 'y': -0.0121}, {'x': -2.75, 'y': -0.0172}, {'x': -2.5, 'y': -0.0245}, {'x': -2.25, 'y': -0.0352}, {'x': -2.0, 'y': -0.0509}, {'x': -1.75, 'y': -0.0744}, {'x': -1.5, 'y': -0.1098}, {'x': -1.25, 'y': -0.1643}, {'x': -1.0, 'y': -0.25}, {'x': -0.75, 'y': -0.3887}, {'x': -0.5, 'y': -0.622}, {'x': -0.25, 'y': -1.0353}, {'x': 0.0, 'y': -1.8252}, {'x': 0.25, 'y': -3.5226}, {'x': 0.5, 'y': -7.9827}, {'x': 0.75, 'y': -25.7633}, {'x': 1.0, 'y': -332.9584}, {'x': 1.25, 'y': -146.5594}, {'x': 1.5, 'y': -18.2046}, {'x': 1.75, 'y': -4.6276}, {'x': 2.0, 'y': -0.125}, {'x': 2.25, 'y': 2.3591}, {'x': 2.5, 'y': 4.2793}, {'x': 2.75, 'y': 6.1242}, {'x': 3.0, 'y': 8.1326}]}","{'formula': '3**x*(-x + (x - 1.1)**2*log(3) + 1.1)/(x - 1.1)**3', 'latex': '\\frac{3^{x} \\left(- x + \\left(x - 1.1\\right)^{2} \\log{\\left(3 \\right)} + 1.1\\right)}{\\left(x - 1.1\\right)^{3}}', 'properties': {'singularities': [], 'is_periodic': False, 'domain': 'R'}}",derivative_of_3**x/(x - 1.1)
MCM_013_e7521ca4,"{'a': 0, 'b': 1, 'c': 3}","{'points': [{'x': -3.0, 'y': 282.0295}, {'x': -2.75, 'y': 205.2587}, {'x': -2.5, 'y': 144.5041}, {'x': -2.25, 'y': 97.7208}, {'x': -2.0, 'y': 62.8785}, {'x': -1.75, 'y': 37.9881}, {'x': -1.5, 'y': 21.1331}, {'x': -1.25, 'y': 10.5034}, {'x': -1.0, 'y': 4.4337}, {'x': -0.75, 'y': 1.4457}, {'x': -0.5, 'y': 0.2943}, {'x': -0.25, 'y': 0.019}, {'x': 0.0, 'y': 0.0}, {'x': 0.25, 'y': 0.0201}, {'x': 0.5, 'y': 0.3318}, {'x': 0.75, 'y': 1.7308}, {'x': 1.0, 'y': 5.6364}, {'x': 1.25, 'y': 14.1782}, {'x': 1.5, 'y': 30.2912}, {'x': 1.75, 'y': 57.8181}, {'x': 2.0, 'y': 101.6207}, {'x': 2.25, 'y': 167.6998}, {'x': 2.5, 'y': 263.3255}, {'x': 2.75, 'y': 397.1771}, {'x': 3.0, 'y': 579.4944}]}","{'formula': 'x**4*(0.1*x + 5)*exp(0.1*x)', 'latex': 'x^{4} \\left(0.1 x + 5\\right) e^{0.1 x}', 'properties': {'singularities': [], 'is_periodic': False, 'domain': 'R'}}",derivative_of_x**5*exp(0.1*x)
MCM_013_e95d768f,"{'a': 0, 'b': 1, 'c': 3}","{'points': [{'x': -3.0, 'y': -22.4213}, {'x': -2.75, 'y': -16.824}, {'x': -2.5, 'y': -12.5864}, {'x': -2.25, 'y': -9.384}, {'x': -2.0, 'y': -6.969}, {'x': -1.75, 'y': -5.152}, {'x': -1.5, 'y': -3.7885}, {'x': -1.25, 'y': -2.7685}, {'x': -1.0, 'y': -2.0083}, {'x': -0.75, 'y': -1.444}, {'x': -0.5, 'y': -1.0274}, {'x': -0.25, 'y': -0.7219}, {'x': 0.0, 'y': 0.0}, {'x': 0.25, 'y': 0.7219}, {'x': 0.5, 'y': 1.0274}, {'x': 0.75, 'y': 1.444}, {'x': 1.0, 'y': 2.0083}, {'x': 1.25, 'y': 2.7685}, {'x': 1.5, 'y': 3.7885}, {'x': 1.75, 'y': 5.152}, {'x': 2.0, 'y': 6.969}, {'x': 2.25, 'y': 9.384}, {'x': 2.5, 'y': 12.5864}, {'x': 2.75, 'y': 16.824}, {'x': 3.0, 'y': 22.4213}]}","{'formula': 'Piecewise((0, Eq(x, 0)), (x*((0.5*Abs(x) + 1)*log(0.5*Abs(x) + 1) + 0.5)*exp(Abs(x))/((0.5*Abs(x) + 1)*Abs(x)), True))', 'latex': '\\begin{cases} 0 & \\text{for}\\: x = 0 \\\\\\frac{x \\left(\\left(0.5 \\left|{x}\\right| + 1\\right) \\log{\\left(0.5 \\left|{x}\\right| + 1 \\right)} + 0.5\\right) e^{\\left|{x}\\right|}}{\\left(0.5 \\left|{x}\\right| + 1\\right) \\left|{x}\\right|} & \\text{otherwise} \\end{cases}', 'properties': {'singularities': [], 'is_periodic': False, 'domain': 'R'}}",derivative_of_exp(Abs(x))*log(0.5*Abs(x) + 1)
MCM_013_34fb32c1,"{'a': 0, 'b': 1, 'c': 3}","{'points': [{'x': -3.0, 'y': 405.0361}, {'x': -2.75, 'y': 285.9653}, {'x': -2.5, 'y': 195.2952}, {'x': -2.25, 'y': 128.101}, {'x': -2.0, 'y': 79.9263}, {'x': -1.75, 'y': 46.7808}, {'x': -1.5, 'y': 25.1322}, {'x': -1.25, 'y': 11.8569}, {'x': -1.0, 'y': 5.0}, {'x': -0.75, 'y': 1.9131}, {'x': -0.5, 'y': 0.4725}, {'x': -0.25, 'y': 0.1125}, {'x': 0.0, 'y': 0.0528}, {'x': 0.25, 'y': 0.0424}, {'x': 0.5, 'y': 0.3096}, {'x': 0.75, 'y': 1.5544}, {'x': 1.0, 'y': 4.9459}, {'x': 1.25, 'y': 12.1205}, {'x': 1.5, 'y': 25.1792}, {'x': 1.75, 'y': 46.6717}, {'x': 2.0, 'y': 79.4323}, {'x': 2.25, 'y': 128.8489}, {'x': 2.5, 'y': 195.5359}, {'x': 2.75, 'y': 286.0787}, {'x': 3.0, 'y': 405.0714}]}","{'formula': 'Piecewise((5.0*x**4 - 0.00990049833749168*exp(-0.01*x)*Abs(sin(x + 1)**0.1), Eq(sin(x + 1), 0)), (5.0*x**4 + 0.0495024916874584*exp(-0.01*x)*sin(2*x + 2)/Abs(sin(x + 1)**1.9) - 0.00990049833749168*exp(-0.01*x)*Abs(sin(x + 1)**0.1), True))', 'latex': '\\begin{cases} 5.0 x^{4} - 0.00990049833749168 e^{- 0.01 x} \\left|{\\sin^{0.1}{\\left(x + 1 \\right)}}\\right| & \\text{for}\\: \\sin{\\left(x + 1 \\right)} = 0 \\\\5.0 x^{4} + \\frac{0.0495024916874584 e^{- 0.01 x} \\sin{\\left(2 x + 2 \\right)}}{\\left|{\\sin^{1.9}{\\left(x + 1 \\right)}}\\right|} - 0.00990049833749168 e^{- 0.01 x} \\left|{\\sin^{0.1}{\\left(x + 1 \\right)}}\\right| & \\text{otherwise} \\end{cases}', 'properties': {'singularities': [], 'is_periodic': False, 'domain': 'R'}}",derivative_of_x**5 + 0.990049833749168*exp(-0.01*x)*Abs(sin(x + 1))**0.1
MCM_013_ef06a82e,"{'a': 0, 'b': 1, 'c': 3}","{'points': [{'x': -3.0, 'y': 0.3175}, {'x': -2.75, 'y': 0.3487}, {'x': -2.5, 'y': 0.3665}, {'x': -2.25, 'y': 0.3683}, {'x': -2.0, 'y': 0.3515}, {'x': -1.75, 'y': 0.3129}, {'x': -1.5, 'y': 0.2479}, {'x': -1.25, 'y': 0.1476}, {'x': -1.0, 'y': -0.007}, {'x': -0.75, 'y': -0.2616}, {'x': -0.5, 'y': -0.73}, {'x': -0.25, 'y': -1.5113}, {'x': 0.0, 'y': 0.9589}, {'x': 0.25, 'y': -39.4999}, {'x': 0.5, 'y': 5.0621}, {'x': 0.75, 'y': 1.2612}, {'x': 1.0, 'y': 0.0982}, {'x': 1.25, 'y': -0.2421}, {'x': 1.5, 'y': -0.3748}, {'x': 1.75, 'y': -0.4344}, {'x': 2.0, 'y': -0.4579}, {'x': 2.25, 'y': -0.458}, {'x': 2.5, 'y': -0.4401}, {'x': 2.75, 'y': -0.4075}, {'x': 3.0, 'y': -0.363}]}","{'formula': 'sin(1/(x - 0.2))*cos(x) - sin(x)*cos(1/(x - 0.2))/(x - 0.2)**2', 'latex': '\\sin{\\left(\\frac{1}{x - 0.2} \\right)} \\cos{\\left(x \\right)} - \\frac{\\sin{\\left(x \\right)} \\cos{\\left(\\frac{1}{x - 0.2} \\right)}}{\\left(x - 0.2\\right)^{2}}', 'properties': {'singularities': [], 'is_periodic': False, 'domain': 'R'}}",derivative_of_sin(x)*sin(1/(x - 0.2))
MCM_013_7df3d7fd,"{'a': 0, 'b': 1, 'c': 3}","{'points': [{'x': -3.0, 'y': 0.066}, {'x': -2.75, 'y': -0.0165}, {'x': -2.5, 'y': -0.1149}, {'x': -2.25, 'y': -0.2301}, {'x': -2.0, 'y': -0.3637}, {'x': -1.75, 'y': -0.5193}, {'x': -1.5, 'y': -0.7018}, {'x': -1.25, 'y': -0.9088}, {'x': -1.0, 'y': -1.0642}, {'x': -0.75, 'y': -0.484}, {'x': -0.5, 'y': 6.7415}, {'x': -0.25, 'y': 81.4333}, {'x': 0.0, 'y': -41.2163}, {'x': 0.25, 'y': 4.7034}, {'x': 0.5, 'y': -0.5463}, {'x': 0.75, 'y': -1.0117}, {'x': 1.0, 'y': -0.9065}, {'x': 1.25, 'y': -0.7432}, {'x': 1.5, 'y': -0.5896}, {'x': 1.75, 'y': -0.4516}, {'x': 2.0, 'y': -0.3274}, {'x': 2.25, 'y': -0.2152}, {'x': 2.5, 'y': -0.1145}, {'x': 2.75, 'y': -0.0256}, {'x': 3.0, 'y': 0.0507}]}","{'formula': '-sin(x)*sin(1/(x + 0.15)) - cos(x)*cos(1/(x + 0.15))/(x + 0.15)**2', 'latex': '- \\sin{\\left(x \\right)} \\sin{\\left(\\frac{1}{x + 0.15} \\right)} - \\frac{\\cos{\\left(x \\right)} \\cos{\\left(\\frac{1}{x + 0.15} \\right)}}{\\left(x + 0.15\\right)^{2}}', 'properties': {'singularities': [], 'is_periodic': False, 'domain': 'R'}}",derivative_of_sin(1/(x + 0.15))*cos(x)
MCM_013_dda7fa6c,"{'a': 0, 'b': 1, 'c': 3}","{'points': [{'x': -3.0, 'y': -0.0244}, {'x': -2.75, 'y': -0.0351}, {'x': -2.5, 'y': -0.0513}, {'x': -2.25, 'y': -0.0759}, {'x': -2.0, 'y': -0.1141}, {'x': -1.75, 'y': -0.1743}, {'x': -1.5, 'y': -0.2693}, {'x': -1.25, 'y': -0.4061}, {'x': -1.0, 'y': -0.4706}, {'x': -0.75, 'y': 1.0387}, {'x': -0.5, 'y': -3.7196}, {'x': -0.25, 'y': -126.4148}, {'x': 0.0, 'y': 10.7169}, {'x': 0.25, 'y': 2.2843}, {'x': 0.5, 'y': 0.7523}, {'x': 0.75, 'y': 0.6117}, {'x': 1.0, 'y': 0.7352}, {'x': 1.25, 'y': 0.9381}, {'x': 1.5, 'y': 1.1885}, {'x': 1.75, 'y': 1.4875}, {'x': 2.0, 'y': 1.8455}, {'x': 2.25, 'y': 2.2777}, {'x': 2.5, 'y': 2.8031}, {'x': 2.75, 'y': 3.4454}, {'x': 3.0, 'y': 4.2334}]}","{'formula': 'exp(x)*sin(1/(x + 0.3)) - exp(x)*cos(1/(x + 0.3))/(x + 0.3)**2', 'latex': 'e^{x} \\sin{\\left(\\frac{1}{x + 0.3} \\right)} - \\frac{e^{x} \\cos{\\left(\\frac{1}{x + 0.3} \\right)}}{\\left(x + 0.3\\right)^{2}}', 'properties': {'singularities': [], 'is_periodic': False, 'domain': 'R'}}",derivative_of_exp(x)*sin(1/(x + 0.3))
MCM_013_f63bebda,"{'a': 0, 'b': 1, 'c': 3}","{'points': [{'x': -3.0, 'y': -0.0281}, {'x': -2.75, 'y': -0.0362}, {'x': -2.5, 'y': -0.0467}, {'x': -2.25, 'y': -0.0608}, {'x': -2.0, 'y': -0.0796}, {'x': -1.75, 'y': -0.1052}, {'x': -1.5, 'y': -0.1404}, {'x': -1.25, 'y': -0.1896}, {'x': -1.0, 'y': -0.2596}, {'x': -0.75, 'y': -0.3611}, {'x': -0.5, 'y': -0.5108}, {'x': -0.25, 'y': -0.7338}, {'x': 0.0, 'y': -1.0547}, {'x': 0.25, 'y': -1.3934}, {'x': 0.5, 'y': -0.5997}, {'x': 0.75, 'y': 12.8501}, {'x': 1.0, 'y': 168.5685}, {'x': 1.25, 'y': -97.4127}, {'x': 1.5, 'y': 15.3357}, {'x': 1.75, 'y': 2.0729}, {'x': 2.0, 'y': 0.2938}, {'x': 2.25, 'y': 0.1987}, {'x': 2.5, 'y': 0.3879}, {'x': 2.75, 'y': 0.6253}, {'x': 3.0, 'y': 0.8695}]}","{'formula': '2**x*log(2)*sin(1/(x - 1.1)) - 2**x*cos(1/(x - 1.1))/(x - 1.1)**2', 'latex': '2^{x} \\log{\\left(2 \\right)} \\sin{\\left(\\frac{1}{x - 1.1} \\right)} - \\frac{2^{x} \\cos{\\left(\\frac{1}{x - 1.1} \\right)}}{\\left(x - 1.1\\right)^{2}}', 'properties': {'singularities': [], 'is_periodic': False, 'domain': 'R'}}",derivative_of_2**x*sin(1/(x - 1.1))
MCM_013_72e87251,"{'a': 0, 'b': 1, 'c': 3}","{'points': [{'x': -3.0, 'y': -0.0312}, {'x': -2.75, 'y': -0.0484}, {'x': -2.5, 'y': -0.0763}, {'x': -2.25, 'y': -0.12}, {'x': -2.0, 'y': -0.1706}, {'x': -1.75, 'y': -0.0374}, {'x': -1.5, 'y': 2.1394}, {'x': -1.25, 'y': -41.5974}, {'x': -1.0, 'y': -2.715}, {'x': -0.75, 'y': 1.6968}, {'x': -0.5, 'y': 0.4609}, {'x': -0.25, 'y': 0.3082}, {'x': 0.0, 'y': 0.3462}, {'x': 0.25, 'y': 0.4371}, {'x': 0.5, 'y': 0.5573}, {'x': 0.75, 'y': 0.7063}, {'x': 1.0, 'y': 0.8902}, {'x': 1.25, 'y': 1.118}, {'x': 1.5, 'y': 1.4018}, {'x': 1.75, 'y': 1.7572}, {'x': 2.0, 'y': 2.2035}, {'x': 2.25, 'y': 2.7656}, {'x': 2.5, 'y': 3.4751}, {'x': 2.75, 'y': 4.3723}, {'x': 3.0, 'y': 5.5085}]}","{'formula': '3**x*log(3)*sin(1/(x + 1.2)) - 3**x*cos(1/(x + 1.2))/(x + 1.2)**2', 'latex': '3^{x} \\log{\\left(3 \\right)} \\sin{\\left(\\frac{1}{x + 1.2} \\right)} - \\frac{3^{x} \\cos{\\left(\\frac{1}{x + 1.2} \\right)}}{\\left(x + 1.2\\right)^{2}}', 'properties': {'singularities': [], 'is_periodic': False, 'domain': 'R'}}",derivative_of_3**x*sin(1/(x + 1.2))
MCM_013_f1318562,"{'a': 0, 'b': 1, 'c': 3}","{'points': [{'x': -3.0, 'y': 0.9684}, {'x': -2.75, 'y': 0.825}, {'x': -2.5, 'y': 0.6955}, {'x': -2.25, 'y': 0.5766}, {'x': -2.0, 'y': 0.4648}, {'x': -1.75, 'y': 0.3571}, {'x': -1.5, 'y': 0.2511}, {'x': -1.25, 'y': 0.1495}, {'x': -1.0, 'y': 0.0781}, {'x': -0.75, 'y': 0.182}, {'x': -0.5, 'y': 1.3518}, {'x': -0.25, 'y': 9.549}, {'x': 0.0, 'y': 83.5301}, {'x': 0.25, 'y': -34.8768}, {'x': 0.5, 'y': 3.2473}, {'x': 0.75, 'y': -0.4574}, {'x': 1.0, 'y': -0.5845}, {'x': 1.25, 'y': -0.4278}, {'x': 1.5, 'y': -0.2968}, {'x': 1.75, 'y': -0.2071}, {'x': 2.0, 'y': -0.1469}, {'x': 2.25, 'y': -0.106}, {'x': 2.5, 'y': -0.0777}, {'x': 2.75, 'y': -0.0576}, {'x': 3.0, 'y': -0.0433}]}","{'formula': '-0.693147180559945*0.5**x*sin(1/(x - 0.1)) - 0.5**x*cos(1/(x - 0.1))/(x - 0.1)**2', 'latex': '- 0.693147180559945 {0.5}^{x} \\sin{\\left(\\frac{1}{x - 0.1} \\right)} - \\frac{{0.5}^{x} \\cos{\\left(\\frac{1}{x - 0.1} \\right)}}{\\left(x - 0.1\\right)^{2}}', 'properties': {'singularities': [], 'is_periodic': False, 'domain': 'R'}}",derivative_of_0.5**x*sin(1/(x - 0.1))
MCM_020_47cd0893,"{'a': 0, 'b': 2, 'c': 0}","{'points': [{'x': -3.0, 'y': -1.0}, {'x': -2.75, 'y': -1.0}, {'x': -2.5, 'y': -1.0}, {'x': -2.25, 'y': -1.0}, {'x': -2.0, 'y': -1.0}, {'x': -1.75, 'y': -1.0}, {'x': -1.5, 'y': -1.0}, {'x': -1.25, 'y': -1.0}, {'x': -1.0, 'y': -1.0}, {'x': -0.75, 'y': -1.0}, {'x': -0.5, 'y': -1.0}, {'x': -0.25, 'y': -1.0}, {'x': 0.0, 'y': -1.0}, {'x': 0.25, 'y': 1.0}, {'x': 0.5, 'y': 1.0}, {'x': 0.75, 'y': 1.0}, {'x': 1.0, 'y': 1.0}, {'x': 1.25, 'y': 1.0}, {'x': 1.5, 'y': 1.0}, {'x': 1.75, 'y': 1.0}, {'x': 2.0, 'y': 1.0}, {'x': 2.25, 'y': 1.0}, {'x': 2.5, 'y': 1.0}, {'x': 2.75, 'y': 1.0}, {'x': 3.0, 'y': 1.0}]}","{'formula': 'Piecewise((1, x > 0), (-1, True))', 'latex': '\\begin{cases} 1 & \\text{for}\\: x > 0 \\\\-1 & \\text{otherwise} \\end{cases}', 'properties': {'singularities': [], 'is_periodic': False, 'domain': 'R'}}","derivative_of_Piecewise((x, x > 0), (-x, True))"
MCM_020_9e297005,"{'a': 0, 'b': 2, 'c': 0}","{'points': [{'x': -3.0, 'y': -1.0}, {'x': -2.75, 'y': -1.0}, {'x': -2.5, 'y': -1.0}, {'x': -2.25, 'y': -1.0}, {'x': -2.0, 'y': -1.0}, {'x': -1.75, 'y': -1.0}, {'x': -1.5, 'y': -1.0}, {'x': -1.25, 'y': -1.0}, {'x': -1.0, 'y': -1.0}, {'x': -0.75, 'y': -1.0}, {'x': -0.5, 'y': -1.0}, {'x': -0.25, 'y': -1.0}, {'x': 0.0, 'y': -1.0}, {'x': 0.25, 'y': -1.0}, {'x': 0.5, 'y': -1.0}, {'x': 0.75, 'y': -1.0}, {'x': 1.0, 'y': -1.0}, {'x': 1.25, 'y': -1.0}, {'x': 1.5, 'y': -1.0}, {'x': 1.75, 'y': -1.0}, {'x': 2.0, 'y': 0.0}, {'x': 2.25, 'y': 1.0}, {'x': 2.5, 'y': 1.0}, {'x': 2.75, 'y': 1.0}, {'x': 3.0, 'y': 1.0}]}","{'formula': 'sign(x - 2)', 'latex': '\\operatorname{sign}{\\left(x - 2 \\right)}', 'properties': {'singularities': [], 'is_periodic': False, 'domain': 'R'}}",derivative_of_Abs(x - 2)
MCM_021_2e4bac5f,"{'a': 0, 'b': 2, 'c': 1}","{'points': [{'x': -3.0, 'y': 0.99}, {'x': -2.75, 'y': 0.9243}, {'x': -2.5, 'y': 0.8011}, {'x': -2.25, 'y': 0.6282}, {'x': -2.0, 'y': 0.4161}, {'x': -1.75, 'y': 0.1782}, {'x': -1.5, 'y': -0.0707}, {'x': -1.25, 'y': -0.3153}, {'x': -1.0, 'y': -0.5403}, {'x': -0.75, 'y': -0.7317}, {'x': -0.5, 'y': -0.8776}, {'x': -0.25, 'y': -0.9689}, {'x': 0.0, 'y': 0.0}, {'x': 0.25, 'y': 0.9689}, {'x': 0.5, 'y': 0.8776}, {'x': 0.75, 'y': 0.7317}, {'x': 1.0, 'y': 0.5403}, {'x': 1.25, 'y': 0.3153}, {'x': 1.5, 'y': 0.0707}, {'x': 1.75, 'y': -0.1782}, {'x': 2.0, 'y': -0.4161}, {'x': 2.25, 'y': -0.6282}, {'x': 2.5, 'y': -0.8011}, {'x': 2.75, 'y': -0.9243}, {'x': 3.0, 'y': -0.99}]}","{'formula': 'Piecewise((0, Eq(x, 0)), (x*cos(Abs(x))/Abs(x), True))', 'latex': '\\begin{cases} 0 & \\text{for}\\: x = 0 \\\\\\frac{x \\cos{\\left(\\left|{x}\\right| \\right)}}{\\left|{x}\\right|} & \\text{otherwise} \\end{cases}', 'properties': {'singularities': [], 'is_periodic': False, 'domain': 'R'}}",derivative_of_sin(Abs(x))
MCM_021_81a6ca0a,"{'a': 0, 'b': 2, 'c': 1}","{'points': [{'x': -3.0, 'y': 0.1411}, {'x': -2.75, 'y': 0.3817}, {'x': -2.5, 'y': 0.5985}, {'x': -2.25, 'y': 0.7781}, {'x': -2.0, 'y': 0.9093}, {'x': -1.75, 'y': 0.984}, {'x': -1.5, 'y': 0.9975}, {'x': -1.25, 'y': 0.949}, {'x': -1.0, 'y': 0.8415}, {'x': -0.75, 'y': 0.6816}, {'x': -0.5, 'y': 0.4794}, {'x': -0.25, 'y': 0.2474}, {'x': 0.0, 'y': 0.0}, {'x': 0.25, 'y': -0.2474}, {'x': 0.5, 'y': -0.4794}, {'x': 0.75, 'y': -0.6816}, {'x': 1.0, 'y': -0.8415}, {'x': 1.25, 'y': -0.949}, {'x': 1.5, 'y': -0.9975}, {'x': 1.75, 'y': -0.984}, {'x': 2.0, 'y': -0.9093}, {'x': 2.25, 'y': -0.7781}, {'x': 2.5, 'y': -0.5985}, {'x': 2.75, 'y': -0.3817}, {'x': 3.0, 'y': -0.1411}]}","{'formula': 'Piecewise((0, Eq(x, 0)), (-x*sin(Abs(x))/Abs(x), True))', 'latex': '\\begin{cases} 0 & \\text{for}\\: x = 0 \\\\- \\frac{x \\sin{\\left(\\left|{x}\\right| \\right)}}{\\left|{x}\\right|} & \\text{otherwise} \\end{cases}', 'properties': {'singularities': [], 'is_periodic': False, 'domain': 'R'}}",derivative_of_cos(Abs(x))
MCM_021_8d6bc5a5,"{'a': 0, 'b': 2, 'c': 1}","{'points': [{'x': -3.0, 'y': 0.0}, {'x': -2.758, 'y': 0.0}, {'x': -2.517, 'y': 0.0}, {'x': -2.275, 'y': 0.0}, {'x': -2.033, 'y': 0.0}, {'x': -1.792, 'y': 0.0}, {'x': -1.55, 'y': 0.0}, {'x': -1.308, 'y': 0.0}, {'x': -1.067, 'y': 0.0}, {'x': -0.825, 'y': 0.0}, {'x': -0.583, 'y': 0.0}, {'x': -0.342, 'y': 0.0}, {'x': -0.1, 'y': 0.0}, {'x': 0.1, 'y': 0.0}, {'x': 0.364, 'y': 0.0}, {'x': 0.627, 'y': 0.0}, {'x': 0.891, 'y': 0.0}, {'x': 1.155, 'y': 0.0}, {'x': 1.418, 'y': 0.0}, {'x': 1.682, 'y': 0.0}, {'x': 1.945, 'y': 0.0}, {'x': 2.209, 'y': 0.0}, {'x': 2.473, 'y': 0.0}, {'x': 2.736, 'y': 0.0}, {'x': 3.0, 'y': 0.0}]}","{'formula': 'Piecewise((2*DiracDelta(0), Eq(x, 0)), (2*cos(x/Abs(x))*DiracDelta(x), True))', 'latex': '\\begin{cases} 2 \\delta\\left(0\\right) & \\text{for}\\: x = 0 \\\\2 \\cos{\\left(\\frac{x}{\\left|{x}\\right|} \\right)} \\delta\\left(x\\right) & \\text{otherwise} \\end{cases}', 'properties': {'singularities': [], 'is_periodic': False, 'domain': 'R'}}",derivative_of_sin(sign(x))
MCM_021_72ec1cde,"{'a': 0, 'b': 2, 'c': 1}","{'points': [{'x': -3.0, 'y': 0.0}, {'x': -2.75, 'y': 0.0}, {'x': -2.5, 'y': 0.0}, {'x': -2.25, 'y': 0.0}, {'x': -2.0, 'y': 0.0}, {'x': -1.75, 'y': 0.0}, {'x': -1.5, 'y': 0.0}, {'x': -1.25, 'y': 0.0}, {'x': -1.0, 'y': 0.0}, {'x': -0.75, 'y': 0.0}, {'x': -0.5, 'y': 0.0}, {'x': -0.25, 'y': 0.0}, {'x': 0.0, 'y': 0.0}, {'x': 0.25, 'y': 0.0}, {'x': 0.5, 'y': 0.0}, {'x': 0.75, 'y': 0.0}, {'x': 1.0, 'y': 0.0}, {'x': 1.25, 'y': 0.0}, {'x': 1.5, 'y': 0.0}, {'x': 1.75, 'y': 0.0}, {'x': 2.0, 'y': 0.0}, {'x': 2.25, 'y': 0.0}, {'x': 2.5, 'y': 0.0}, {'x': 2.75, 'y': 0.0}, {'x': 3.0, 'y': 0.0}]}","{'formula': 'Piecewise((0, Eq(x, 0)), (-2*sin(x/Abs(x))*DiracDelta(x), True))', 'latex': '\\begin{cases} 0 & \\text{for}\\: x = 0 \\\\- 2 \\sin{\\left(\\frac{x}{\\left|{x}\\right|} \\right)} \\delta\\left(x\\right) & \\text{otherwise} \\end{cases}', 'properties': {'singularities': [], 'is_periodic': False, 'domain': 'R'}}",derivative_of_cos(sign(x))
MCM_022_f7d7d8df,"{'a': 0, 'b': 2, 'c': 2}","{'points': [{'x': -3.0, 'y': 0.0104}, {'x': -2.75, 'y': 0.0123}, {'x': -2.5, 'y': 0.0148}, {'x': -2.25, 'y': 0.0181}, {'x': -2.0, 'y': 0.0227}, {'x': -1.75, 'y': 0.0292}, {'x': -1.5, 'y': 0.0391}, {'x': -1.25, 'y': 0.0549}, {'x': -1.0, 'y': 0.0826}, {'x': -0.75, 'y': 0.1384}, {'x': -0.5, 'y': 0.2778}, {'x': -0.25, 'y': 0.8163}, {'x': 0.0, 'y': 0.0}, {'x': 0.25, 'y': -4.4444}, {'x': 0.5, 'y': -0.625}, {'x': 0.75, 'y': -0.2367}, {'x': 1.0, 'y': -0.1235}, {'x': 1.25, 'y': -0.0756}, {'x': 1.5, 'y': -0.051}, {'x': 1.75, 'y': -0.0367}, {'x': 2.0, 'y': -0.0277}, {'x': 2.25, 'y': -0.0216}, {'x': 2.5, 'y': -0.0174}, {'x': 2.75, 'y': -0.0142}, {'x': 3.0, 'y': -0.0119}]}","{'formula': 'Piecewise((0, Eq(x, 0)), (-0.1*x/((x - 0.1)**2*Abs(x)), True))', 'latex': '\\begin{cases} 0 & \\text{for}\\: x = 0 \\\\- \\frac{0.1 x}{\\left(x - 0.1\\right)^{2} \\left|{x}\\right|} & \\text{otherwise} \\end{cases}', 'properties': {'singularities': [], 'is_periodic': False, 'domain': 'R'}}",derivative_of_Abs(x)/(x - 0.1)
MCM_022_52e21c1c,"{'a': 0, 'b': 2, 'c': 2}","{'points': [{'x': -3.0, 'y': 0.1249}, {'x': -2.75, 'y': 0.1417}, {'x': -2.5, 'y': 0.162}, {'x': -2.25, 'y': 0.1871}, {'x': -2.0, 'y': 0.2185}, {'x': -1.75, 'y': 0.2585}, {'x': -1.5, 'y': 0.3107}, {'x': -1.25, 'y': 0.3803}, {'x': -1.0, 'y': 0.4762}, {'x': -0.75, 'y': 0.6136}, {'x': -0.5, 'y': 0.8203}, {'x': -0.25, 'y': 1.1523}, {'x': 0.0, 'y': 1.7355}, {'x': 0.25, 'y': -2.9066}, {'x': 0.5, 'y': -5.8333}, {'x': 0.75, 'y': -17.1429}, {'x': 1.0, 'y': -210.0}, {'x': 1.25, 'y': -93.3333}, {'x': 1.5, 'y': -13.125}, {'x': 1.75, 'y': -4.9704}, {'x': 2.0, 'y': -2.5926}, {'x': 2.25, 'y': -1.5879}, {'x': 2.5, 'y': -1.0714}, {'x': 2.75, 'y': -0.7713}, {'x': 3.0, 'y': -0.5817}]}","{'formula': 'Piecewise(((2.31 - 2.1*x)/(x - 1.1)**3, x > 0), ((2.1*x - 2.31)/(x - 1.1)**3, True))', 'latex': '\\begin{cases} \\frac{2.31 - 2.1 x}{\\left(x - 1.1\\right)^{3}} & \\text{for}\\: x > 0 \\\\\\frac{2.1 x - 2.31}{\\left(x - 1.1\\right)^{3}} & \\text{otherwise} \\end{cases}', 'properties': {'singularities': [], 'is_periodic': False, 'domain': 'R'}}","derivative_of_Piecewise(((x + 1)/(x - 1.1), x > 0), ((-x - 1)/(x - 1.1), True))"
MCM_022_56194c76,"{'a': 0, 'b': 2, 'c': 2}","{'points': [{'x': -3.0, 'y': 0.0977}, {'x': -2.758, 'y': 0.1143}, {'x': -2.517, 'y': 0.1355}, {'x': -2.275, 'y': 0.1632}, {'x': -2.033, 'y': 0.2005}, {'x': -1.792, 'y': 0.2521}, {'x': -1.55, 'y': 0.3265}, {'x': -1.308, 'y': 0.4395}, {'x': -1.067, 'y': 0.6233}, {'x': -0.825, 'y': 0.9518}, {'x': -0.583, 'y': 1.6297}, {'x': -0.342, 'y': 3.4083}, {'x': -0.1, 'y': 11.1111}, {'x': 0.1, 'y': -100.0}, {'x': 0.364, 'y': -37.3457}, {'x': 0.627, 'y': -5.4776}, {'x': 0.891, 'y': -2.0949}, {'x': 1.155, 'y': -1.0975}, {'x': 1.418, 'y': -0.6739}, {'x': 1.682, 'y': -0.4554}, {'x': 1.945, 'y': -0.3282}, {'x': 2.209, 'y': -0.2477}, {'x': 2.473, 'y': -0.1936}, {'x': 2.736, 'y': -0.1554}, {'x': 3.0, 'y': -0.1276}]}","{'formula': 'Piecewise((-10.0*DiracDelta(0), Eq(x, 0)), ((-x + (2*x - 0.4)*Abs(x)*DiracDelta(x))/((x - 0.2)**2*Abs(x)), True))', 'latex': '\\begin{cases} - 10.0 \\delta\\left(0\\right) & \\text{for}\\: x = 0 \\\\\\frac{- x + \\left(2 x - 0.4\\right) \\left|{x}\\right| \\delta\\left(x\\right)}{\\left(x - 0.2\\right)^{2} \\left|{x}\\right|} & \\text{otherwise} \\end{cases}', 'properties': {'singularities': [], 'is_periodic': False, 'domain': 'R'}}",derivative_of_sign(x)/(x - 0.2)
MCM_023_596bfb80,"{'a': 0, 'b': 2, 'c': 3}","{'points': [{'x': -3.0, 'y': 1458.0}, {'x': -2.75, 'y': 943.6582}, {'x': -2.5, 'y': 585.9375}, {'x': -2.25, 'y': 345.9902}, {'x': -2.0, 'y': 192.0}, {'x': -1.75, 'y': 98.4785}, {'x': -1.5, 'y': 45.5625}, {'x': -1.25, 'y': 18.3105}, {'x': -1.0, 'y': 6.0}, {'x': -0.75, 'y': 1.4238}, {'x': -0.5, 'y': 0.1875}, {'x': -0.25, 'y': 0.0059}, {'x': 0.0, 'y': 0.0}, {'x': 0.25, 'y': 0.0059}, {'x': 0.5, 'y': 0.1875}, {'x': 0.75, 'y': 1.4238}, {'x': 1.0, 'y': 6.0}, {'x': 1.25, 'y': 18.3105}, {'x': 1.5, 'y': 45.5625}, {'x': 1.75, 'y': 98.4785}, {'x': 2.0, 'y': 192.0}, {'x': 2.25, 'y': 345.9902}, {'x': 2.5, 'y': 585.9375}, {'x': 2.75, 'y': 943.6582}, {'x': 3.0, 'y': 1458.0}]}","{'formula': 'Piecewise((0, Eq(x, 0)), (6*x**6/Abs(x), True))', 'latex': '\\begin{cases} 0 & \\text{for}\\: x = 0 \\\\\\frac{6 x^{6}}{\\left|{x}\\right|} & \\text{otherwise} \\end{cases}', 'properties': {'singularities': [], 'is_periodic': False, 'domain': 'R'}}",derivative_of_x**5*Abs(x)
MCM_023_5525d613,"{'a': 0, 'b': 2, 'c': 3}","{'points': [{'x': -3.0, 'y': 404.9464}, {'x': -2.75, 'y': 285.8966}, {'x': -2.5, 'y': 195.2431}, {'x': -2.25, 'y': 128.0627}, {'x': -2.0, 'y': 79.9}, {'x': -1.75, 'y': 46.765}, {'x': -1.5, 'y': 25.1259}, {'x': -1.25, 'y': 11.8588}, {'x': -1.0, 'y': 5.0}, {'x': -0.75, 'y': 1.9303}, {'x': -0.5, 'y': 0.4991}, {'x': -0.25, 'y': 0.1491}, {'x': 0.0, 'y': 0.1}, {'x': 0.25, 'y': 0.1013}, {'x': 0.5, 'y': 0.3819}, {'x': 0.75, 'y': 1.6425}, {'x': 1.0, 'y': 5.0536}, {'x': 1.25, 'y': 12.2552}, {'x': 1.5, 'y': 25.3563}, {'x': 1.75, 'y': 46.9348}, {'x': 2.0, 'y': 80.0372}, {'x': 2.25, 'y': 128.1791}, {'x': 2.5, 'y': 195.3449}, {'x': 2.75, 'y': 285.9875}, {'x': 3.0, 'y': 405.0287}]}","{'formula': 'Piecewise((5, Eq(x, -1)), ((5*x**4*Abs((x + 1)**1.9) + 0.1*x + 0.1)/Abs((x + 1)**1.9), True))', 'latex': '\\begin{cases} 5 & \\text{for}\\: x = -1 \\\\\\frac{5 x^{4} \\left|{\\left(x + 1\\right)^{1.9}}\\right| + 0.1 x + 0.1}{\\left|{\\left(x + 1\\right)^{1.9}}\\right|} & \\text{otherwise} \\end{cases}', 'properties': {'singularities': [], 'is_periodic': False, 'domain': 'R'}}",derivative_of_x**5 + Abs(x + 1)**0.1
MCM_023_84daa389,"{'a': 0, 'b': 2, 'c': 3}","{'points': [{'x': -3.0, 'y': 0.0287}, {'x': -2.75, 'y': 0.0345}, {'x': -2.5, 'y': 0.0423}, {'x': -2.25, 'y': 0.0529}, {'x': -2.0, 'y': 0.0678}, {'x': -1.75, 'y': 0.0896}, {'x': -1.5, 'y': 0.1231}, {'x': -1.25, 'y': 0.1776}, {'x': -1.0, 'y': 0.2732}, {'x': -0.75, 'y': 0.4571}, {'x': -0.5, 'y': 0.8453}, {'x': -0.25, 'y': 1.5438}, {'x': 0.0, 'y': 0.0}, {'x': 0.25, 'y': -39.8953}, {'x': 0.5, 'y': 5.2632}, {'x': 0.75, 'y': 1.5767}, {'x': 1.0, 'y': 0.4563}, {'x': 1.25, 'y': 0.1575}, {'x': 1.5, 'y': 0.0579}, {'x': 1.75, 'y': 0.0193}, {'x': 2.0, 'y': 0.003}, {'x': 2.25, 'y': -0.0043}, {'x': 2.5, 'y': -0.0074}, {'x': 2.75, 'y': -0.0086}, {'x': 3.0, 'y': -0.0089}]}","{'formula': 'Piecewise((0, Eq(x, 0)), (x*(-x*cos(1/(x - 0.2)) + (x - 0.2)**2*sin(1/(x - 0.2)))/((x - 0.2)**2*Abs(x)), True))', 'latex': '\\begin{cases} 0 & \\text{for}\\: x = 0 \\\\\\frac{x \\left(- x \\cos{\\left(\\frac{1}{x - 0.2} \\right)} + \\left(x - 0.2\\right)^{2} \\sin{\\left(\\frac{1}{x - 0.2} \\right)}\\right)}{\\left(x - 0.2\\right)^{2} \\left|{x}\\right|} & \\text{otherwise} \\end{cases}', 'properties': {'singularities': [], 'is_periodic': False, 'domain': 'R'}}",derivative_of_sin(1/(x - 0.2))*Abs(x)
MCM_023_aedca51d,"{'a': 0, 'b': 2, 'c': 3}","{'points': [{'x': -3.0, 'y': 0.1156}, {'x': -2.758, 'y': 0.1363}, {'x': -2.517, 'y': 0.1628}, {'x': -2.275, 'y': 0.1974}, {'x': -2.033, 'y': 0.2431}, {'x': -1.792, 'y': 0.3043}, {'x': -1.55, 'y': 0.3855}, {'x': -1.308, 'y': 0.4844}, {'x': -1.067, 'y': 0.5494}, {'x': -0.825, 'y': 0.1958}, {'x': -0.583, 'y': -3.5787}, {'x': -0.342, 'y': 13.1699}, {'x': -0.1, 'y': 163.2328}, {'x': 0.1, 'y': 10.4583}, {'x': 0.364, 'y': 1.3922}, {'x': 0.627, 'y': -0.4642}, {'x': 0.891, 'y': -0.5288}, {'x': 1.155, 'y': -0.4233}, {'x': 1.418, 'y': -0.3267}, {'x': 1.682, 'y': -0.2547}, {'x': 1.945, 'y': -0.2023}, {'x': 2.209, 'y': -0.1638}, {'x': 2.473, 'y': -0.1349}, {'x': 2.736, 'y': -0.1129}, {'x': 3.0, 'y': -0.0957}]}","{'formula': 'Piecewise((0.74830246114244*DiracDelta(0), Eq(x, 0)), (-x*cos(1/(x + 0.15))/((x + 0.15)**2*Abs(x)) + 2*sin(1/(x + 0.15))*DiracDelta(x), True))', 'latex': '\\begin{cases} 0.74830246114244 \\delta\\left(0\\right) & \\text{for}\\: x = 0 \\\\- \\frac{x \\cos{\\left(\\frac{1}{x + 0.15} \\right)}}{\\left(x + 0.15\\right)^{2} \\left|{x}\\right|} + 2 \\sin{\\left(\\frac{1}{x + 0.15} \\right)} \\delta\\left(x\\right) & \\text{otherwise} \\end{cases}', 'properties': {'singularities': [], 'is_periodic': False, 'domain': 'R'}}",derivative_of_sin(1/(x + 0.15))*sign(x)
MCM_030_aa856691,"{'a': 0, 'b': 3, 'c': 0}","{'points': [{'x': -3.0, 'y': -1.0004}, {'x': -2.75, 'y': -1.0015}, {'x': -2.5, 'y': -1.005}, {'x': -2.25, 'y': -1.0146}, {'x': -2.0, 'y': -1.0367}, {'x': -1.75, 'y': -1.079}, {'x': -1.5, 'y': -1.1445}, {'x': -1.25, 'y': -1.2186}, {'x': -1.0, 'y': -1.2578}, {'x': -0.75, 'y': -1.1934}, {'x': -0.5, 'y': -0.9599}, {'x': -0.25, 'y': -0.5413}, {'x': 0.0, 'y': 0.0}, {'x': 0.25, 'y': 0.5413}, {'x': 0.5, 'y': 0.9599}, {'x': 0.75, 'y': 1.1934}, {'x': 1.0, 'y': 1.2578}, {'x': 1.25, 'y': 1.2186}, {'x': 1.5, 'y': 1.1445}, {'x': 1.75, 'y': 1.079}, {'x': 2.0, 'y': 1.0367}, {'x': 2.25, 'y': 1.0146}, {'x': 2.5, 'y': 1.005}, {'x': 2.75, 'y': 1.0015}, {'x': 3.0, 'y': 1.0004}]}","{'formula': '2*x*exp(-x**2)/sqrt(pi) + erf(x)', 'latex': '\\frac{2 x e^{- x^{2}}}{\\sqrt{\\pi}} + \\operatorname{erf}{\\left(x \\right)}', 'properties': {'singularities': [], 'is_periodic': False, 'domain': 'R'}}",derivative_of_x*erf(x)
MCM_030_26985131,"{'a': 0, 'b': 3, 'c': 0}","{'points': [{'x': -3.0, 'y': 0.0001}, {'x': -2.75, 'y': 0.0006}, {'x': -2.5, 'y': 0.0022}, {'x': -2.25, 'y': 0.0071}, {'x': -2.0, 'y': 0.0207}, {'x': -1.75, 'y': 0.0528}, {'x': -1.5, 'y': 0.1189}, {'x': -1.25, 'y': 0.2365}, {'x': -1.0, 'y': 0.4151}, {'x': -0.75, 'y': 0.6429}, {'x': -0.5, 'y': 0.8788}, {'x': -0.25, 'y': 1.06}, {'x': 0.0, 'y': 1.1284}, {'x': 0.25, 'y': 1.06}, {'x': 0.5, 'y': 0.8788}, {'x': 0.75, 'y': 0.6429}, {'x': 1.0, 'y': 0.4151}, {'x': 1.25, 'y': 0.2365}, {'x': 1.5, 'y': 0.1189}, {'x': 1.75, 'y': 0.0528}, {'x': 2.0, 'y': 0.0207}, {'x': 2.25, 'y': 0.0071}, {'x': 2.5, 'y': 0.0022}, {'x': 2.75, 'y': 0.0006}, {'x': 3.0, 'y': 0.0001}]}","{'formula': '2*exp(-x**2)/sqrt(pi)', 'latex': '\\frac{2 e^{- x^{2}}}{\\sqrt{\\pi}}', 'properties': {'singularities': [], 'is_periodic': False, 'domain': 'R'}}",derivative_of_erf(x) + 1
MCM_030_51db4c93,"{'a': 0, 'b': 3, 'c': 0}","{'points': [{'x': -3.0, 'y': -1.0}, {'x': -2.75, 'y': -1.0}, {'x': -2.5, 'y': -1.0}, {'x': -2.25, 'y': -1.0001}, {'x': -2.0, 'y': -1.0003}, {'x': -1.75, 'y': -1.0009}, {'x': -1.5, 'y': -1.0029}, {'x': -1.25, 'y': -1.0075}, {'x': -1.0, 'y': -1.016}, {'x': -0.75, 'y': -1.0263}, {'x': -0.5, 'y': -1.0256}, {'x': -0.25, 'y': -0.982}, {'x': 0.0, 'y': -0.8427}, {'x': 0.25, 'y': -0.5504}, {'x': 0.5, 'y': -0.0811}, {'x': 0.75, 'y': 0.5187}, {'x': 1.0, 'y': 1.1284}, {'x': 1.25, 'y': 1.6013}, {'x': 1.5, 'y': 1.8387}, {'x': 1.75, 'y': 1.8363}, {'x': 2.0, 'y': 1.6729}, {'x': 2.25, 'y': 1.4551}, {'x': 2.5, 'y': 1.2634}, {'x': 2.75, 'y': 1.1318}, {'x': 3.0, 'y': 1.0573}]}","{'formula': '2*x*exp(-(x - 1)**2)/sqrt(pi) + erf(x - 1)', 'latex': '\\frac{2 x e^{- \\left(x - 1\\right)^{2}}}{\\sqrt{\\pi}} + \\operatorname{erf}{\\left(x - 1 \\right)}', 'properties': {'singularities': [], 'is_periodic': False, 'domain': 'R'}}",derivative_of_x*erf(x - 1)
MCM_030_f38e2c0d,"{'a': 0, 'b': 3, 'c': 0}","{'points': [{'x': -3.0, 'y': -8.7481}, {'x': -2.75, 'y': -6.0458}, {'x': -2.5, 'y': -4.2213}, {'x': -2.25, 'y': -2.9752}, {'x': -2.0, 'y': -2.1131}, {'x': -1.75, 'y': -1.5075}, {'x': -1.5, 'y': -1.0737}, {'x': -1.25, 'y': -0.7541}, {'x': -1.0, 'y': -0.5079}, {'x': -0.75, 'y': -0.3037}, {'x': -0.5, 'y': -0.1126}, {'x': -0.25, 'y': 0.1015}, {'x': 0.0, 'y': 0.0}, {'x': 0.25, 'y': -0.1015}, {'x': 0.5, 'y': 0.1126}, {'x': 0.75, 'y': 0.3037}, {'x': 1.0, 'y': 0.5079}, {'x': 1.25, 'y': 0.7541}, {'x': 1.5, 'y': 1.0737}, {'x': 1.75, 'y': 1.5075}, {'x': 2.0, 'y': 2.1131}, {'x': 2.25, 'y': 2.9752}, {'x': 2.5, 'y': 4.2213}, {'x': 2.75, 'y': 6.0458}, {'x': 3.0, 'y': 8.7481}]}","{'formula': 'Piecewise((0, Eq(x, 0)), (x*gamma(Abs(x) + 1.1)*polygamma(0, 1.0*Abs(x) + 1.1)/Abs(x), True))', 'latex': '\\begin{cases} 0 & \\text{for}\\: x = 0 \\\\\\frac{x \\Gamma\\left(\\left|{x}\\right| + 1.1\\right) \\operatorname{polygamma}{\\left(0,1.0 \\left|{x}\\right| + 1.1 \\right)}}{\\left|{x}\\right|} & \\text{otherwise} \\end{cases}', 'properties': {'singularities': [], 'is_periodic': False, 'domain': 'R'}}",derivative_of_gamma(Abs(x) + 1.1)
MCM_030_77b1b818,"{'a': 0, 'b': 3, 'c': 0}","{'points': [{'x': -3.0, 'y': 0.3391}, {'x': -2.75, 'y': 0.426}, {'x': -2.5, 'y': 0.4971}, {'x': -2.25, 'y': 0.5484}, {'x': -2.0, 'y': 0.5767}, {'x': -1.75, 'y': 0.5802}, {'x': -1.5, 'y': 0.5579}, {'x': -1.25, 'y': 0.5106}, {'x': -1.0, 'y': 0.4401}, {'x': -0.75, 'y': 0.3492}, {'x': -0.5, 'y': 0.2423}, {'x': -0.25, 'y': 0.124}, {'x': 0.0, 'y': 0.0}, {'x': 0.25, 'y': -0.124}, {'x': 0.5, 'y': -0.2423}, {'x': 0.75, 'y': -0.3492}, {'x': 1.0, 'y': -0.4401}, {'x': 1.25, 'y': -0.5106}, {'x': 1.5, 'y': -0.5579}, {'x': 1.75, 'y': -0.5802}, {'x': 2.0, 'y': -0.5767}, {'x': 2.25, 'y': -0.5484}, {'x': 2.5, 'y': -0.4971}, {'x': 2.75, 'y': -0.426}, {'x': 3.0, 'y': -0.3391}]}","{'formula': 'Piecewise((0, Eq(x, 0)), (-x*besselj(1, Abs(x))/Abs(x), True))', 'latex': '\\begin{cases} 0 & \\text{for}\\: x = 0 \\\\- \\frac{x J_{1}\\left(\\left|{x}\\right|\\right)}{\\left|{x}\\right|} & \\text{otherwise} \\end{cases}', 'properties': {'singularities': [], 'is_periodic': False, 'domain': 'R'}}","derivative_of_besselj(0, Abs(x))"
MCM_031_aa5b206b,"{'a': 0, 'b': 3, 'c': 1}","{'points': [{'x': -3.0, 'y': 0.0001}, {'x': -2.75, 'y': 0.0003}, {'x': -2.5, 'y': 0.0012}, {'x': -2.25, 'y': 0.0039}, {'x': -2.0, 'y': 0.0112}, {'x': -1.75, 'y': 0.0291}, {'x': -1.5, 'y': 0.0676}, {'x': -1.25, 'y': 0.1427}, {'x': -1.0, 'y': 0.2762}, {'x': -0.75, 'y': 0.4871}, {'x': -0.5, 'y': 0.7624}, {'x': -0.25, 'y': 1.0198}, {'x': 0.0, 'y': 1.1284}, {'x': 0.25, 'y': 1.0198}, {'x': 0.5, 'y': 0.7624}, {'x': 0.75, 'y': 0.4871}, {'x': 1.0, 'y': 0.2762}, {'x': 1.25, 'y': 0.1427}, {'x': 1.5, 'y': 0.0676}, {'x': 1.75, 'y': 0.0291}, {'x': 2.0, 'y': 0.0112}, {'x': 2.25, 'y': 0.0039}, {'x': 2.5, 'y': 0.0012}, {'x': 2.75, 'y': 0.0003}, {'x': 3.0, 'y': 0.0001}]}","{'formula': '2*exp(-x**2)*cos(erf(x))/sqrt(pi)', 'latex': '\\frac{2 e^{- x^{2}} \\cos{\\left(\\operatorname{erf}{\\left(x \\right)} \\right)}}{\\sqrt{\\pi}}', 'properties': {'singularities': [], 'is_periodic': False, 'domain': 'R'}}",derivative_of_sin(erf(x))
MCM_031_b99f70d6,"{'a': 0, 'b': 3, 'c': 1}","{'points': [{'x': -3.0, 'y': 0.8391}, {'x': -2.75, 'y': 0.7613}, {'x': -2.5, 'y': 0.6581}, {'x': -2.25, 'y': 0.552}, {'x': -2.0, 'y': 0.4538}, {'x': -1.75, 'y': 0.3676}, {'x': -1.5, 'y': 0.2938}, {'x': -1.25, 'y': 0.2312}, {'x': -1.0, 'y': 0.1779}, {'x': -0.75, 'y': 0.1317}, {'x': -0.5, 'y': 0.0904}, {'x': -0.25, 'y': 0.0516}, {'x': 0.0, 'y': 0.0}, {'x': 0.25, 'y': -0.0516}, {'x': 0.5, 'y': -0.0904}, {'x': 0.75, 'y': -0.1317}, {'x': 1.0, 'y': -0.1779}, {'x': 1.25, 'y': -0.2312}, {'x': 1.5, 'y': -0.2938}, {'x': 1.75, 'y': -0.3676}, {'x': 2.0, 'y': -0.4538}, {'x': 2.25, 'y': -0.552}, {'x': 2.5, 'y': -0.6581}, {'x': 2.75, 'y': -0.7613}, {'x': 3.0, 'y': -0.8391}]}","{'formula': 'Piecewise((0, Eq(x, 0)), (-0.5*x*sin(gamma(0.5*Abs(x) + 1.5))*gamma(0.5*Abs(x) + 1.5)*polygamma(0, 0.5*Abs(x) + 1.5)/Abs(x), True))', 'latex': '\\begin{cases} 0 & \\text{for}\\: x = 0 \\\\- \\frac{0.5 x \\sin{\\left(\\Gamma\\left(0.5 \\left|{x}\\right| + 1.5\\right) \\right)} \\Gamma\\left(0.5 \\left|{x}\\right| + 1.5\\right) \\operatorname{polygamma}{\\left(0,0.5 \\left|{x}\\right| + 1.5 \\right)}}{\\left|{x}\\right|} & \\text{otherwise} \\end{cases}', 'properties': {'singularities': [], 'is_periodic': False, 'domain': 'R'}}",derivative_of_cos(gamma(0.5*Abs(x) + 1.5))
MCM_031_6161b1f5,"{'a': 0, 'b': 3, 'c': 1}","{'points': [{'x': -3.0, 'y': -7.5504}, {'x': -2.75, 'y': -1.6321}, {'x': -2.5, 'y': 3.5415}, {'x': -2.25, 'y': 2.8293}, {'x': -2.0, 'y': 1.2395}, {'x': -1.75, 'y': 0.2678}, {'x': -1.5, 'y': -0.1511}, {'x': -1.25, 'y': -0.2711}, {'x': -1.0, 'y': -0.2543}, {'x': -0.75, 'y': -0.1778}, {'x': -0.5, 'y': -0.0706}, {'x': -0.25, 'y': 0.0638}, {'x': 0.0, 'y': 0.0}, {'x': 0.25, 'y': -0.0638}, {'x': 0.5, 'y': 0.0706}, {'x': 0.75, 'y': 0.1778}, {'x': 1.0, 'y': 0.2543}, {'x': 1.25, 'y': 0.2711}, {'x': 1.5, 'y': 0.1511}, {'x': 1.75, 'y': -0.2678}, {'x': 2.0, 'y': -1.2395}, {'x': 2.25, 'y': -2.8293}, {'x': 2.5, 'y': -3.5415}, {'x': 2.75, 'y': 1.6321}, {'x': 3.0, 'y': 7.5504}]}","{'formula': 'Piecewise((0, Eq(x, 0)), (x*cos(gamma(Abs(x) + 1.1))*gamma(Abs(x) + 1.1)*polygamma(0, 1.0*Abs(x) + 1.1)/Abs(x), True))', 'latex': '\\begin{cases} 0 & \\text{for}\\: x = 0 \\\\\\frac{x \\cos{\\left(\\Gamma\\left(\\left|{x}\\right| + 1.1\\right) \\right)} \\Gamma\\left(\\left|{x}\\right| + 1.1\\right) \\operatorname{polygamma}{\\left(0,1.0 \\left|{x}\\right| + 1.1 \\right)}}{\\left|{x}\\right|} & \\text{otherwise} \\end{cases}', 'properties': {'singularities': [], 'is_periodic': False, 'domain': 'R'}}",derivative_of_sin(gamma(Abs(x) + 1.1))
MCM_031_dac52c04,"{'a': 0, 'b': 3, 'c': 1}","{'points': [{'x': -3.0, 'y': 4.4182}, {'x': -2.75, 'y': -5.8213}, {'x': -2.5, 'y': -2.2972}, {'x': -2.25, 'y': 0.9201}, {'x': -2.0, 'y': 1.7114}, {'x': -1.75, 'y': 1.4835}, {'x': -1.5, 'y': 1.063}, {'x': -1.25, 'y': 0.7037}, {'x': -1.0, 'y': 0.4397}, {'x': -0.75, 'y': 0.2463}, {'x': -0.5, 'y': 0.0878}, {'x': -0.25, 'y': -0.079}, {'x': 0.0, 'y': 0.0}, {'x': 0.25, 'y': 0.079}, {'x': 0.5, 'y': -0.0878}, {'x': 0.75, 'y': -0.2463}, {'x': 1.0, 'y': -0.4397}, {'x': 1.25, 'y': -0.7037}, {'x': 1.5, 'y': -1.063}, {'x': 1.75, 'y': -1.4835}, {'x': 2.0, 'y': -1.7114}, {'x': 2.25, 'y': -0.9201}, {'x': 2.5, 'y': 2.2972}, {'x': 2.75, 'y': 5.8213}, {'x': 3.0, 'y': -4.4182}]}","{'formula': 'Piecewise((0, Eq(x, 0)), (-x*sin(gamma(Abs(x) + 1.1))*gamma(Abs(x) + 1.1)*polygamma(0, 1.0*Abs(x) + 1.1)/Abs(x), True))', 'latex': '\\begin{cases} 0 & \\text{for}\\: x = 0 \\\\- \\frac{x \\sin{\\left(\\Gamma\\left(\\left|{x}\\right| + 1.1\\right) \\right)} \\Gamma\\left(\\left|{x}\\right| + 1.1\\right) \\operatorname{polygamma}{\\left(0,1.0 \\left|{x}\\right| + 1.1 \\right)}}{\\left|{x}\\right|} & \\text{otherwise} \\end{cases}', 'properties': {'singularities': [], 'is_periodic': False, 'domain': 'R'}}",derivative_of_cos(gamma(Abs(x) + 1.1))
MCM_031_7d5e1e3c,"{'a': 0, 'b': 3, 'c': 1}","{'points': [{'x': -3.0, 'y': 0.3277}, {'x': -2.75, 'y': 0.4202}, {'x': -2.5, 'y': 0.4965}, {'x': -2.25, 'y': 0.5465}, {'x': -2.0, 'y': 0.5623}, {'x': -1.75, 'y': 0.5411}, {'x': -1.5, 'y': 0.4864}, {'x': -1.25, 'y': 0.4078}, {'x': -1.0, 'y': 0.3174}, {'x': -0.75, 'y': 0.2267}, {'x': -0.5, 'y': 0.1432}, {'x': -0.25, 'y': 0.0686}, {'x': 0.0, 'y': 0.0}, {'x': 0.25, 'y': -0.0686}, {'x': 0.5, 'y': -0.1432}, {'x': 0.75, 'y': -0.2267}, {'x': 1.0, 'y': -0.3174}, {'x': 1.25, 'y': -0.4078}, {'x': 1.5, 'y': -0.4864}, {'x': 1.75, 'y': -0.5411}, {'x': 2.0, 'y': -0.5623}, {'x': 2.25, 'y': -0.5465}, {'x': 2.5, 'y': -0.4965}, {'x': 2.75, 'y': -0.4202}, {'x': 3.0, 'y': -0.3277}]}","{'formula': 'Piecewise((0, Eq(x, 0)), (-x*cos(besselj(0, Abs(x)))*besselj(1, Abs(x))/Abs(x), True))', 'latex': '\\begin{cases} 0 & \\text{for}\\: x = 0 \\\\- \\frac{x \\cos{\\left(J_{0}\\left(\\left|{x}\\right|\\right) \\right)} J_{1}\\left(\\left|{x}\\right|\\right)}{\\left|{x}\\right|} & \\text{otherwise} \\end{cases}', 'properties': {'singularities': [], 'is_periodic': False, 'domain': 'R'}}","derivative_of_sin(besselj(0, Abs(x)))"
MCM_031_11b668c9,"{'a': 0, 'b': 3, 'c': 1}","{'points': [{'x': -3.0, 'y': 0.0872}, {'x': -2.75, 'y': 0.0696}, {'x': -2.5, 'y': 0.024}, {'x': -2.25, 'y': -0.0453}, {'x': -2.0, 'y': -0.128}, {'x': -1.75, 'y': -0.2093}, {'x': -1.5, 'y': -0.2733}, {'x': -1.25, 'y': -0.3074}, {'x': -1.0, 'y': -0.3048}, {'x': -0.75, 'y': -0.2656}, {'x': -0.5, 'y': -0.1954}, {'x': -0.25, 'y': -0.1033}, {'x': 0.0, 'y': 0.0}, {'x': 0.25, 'y': 0.1033}, {'x': 0.5, 'y': 0.1954}, {'x': 0.75, 'y': 0.2656}, {'x': 1.0, 'y': 0.3048}, {'x': 1.25, 'y': 0.3074}, {'x': 1.5, 'y': 0.2733}, {'x': 1.75, 'y': 0.2093}, {'x': 2.0, 'y': 0.128}, {'x': 2.25, 'y': 0.0453}, {'x': 2.5, 'y': -0.024}, {'x': 2.75, 'y': -0.0696}, {'x': 3.0, 'y': -0.0872}]}","{'formula': 'Piecewise((0, Eq(x, 0)), (x*sin(besselj(0, Abs(x)))*besselj(1, Abs(x))/Abs(x), True))', 'latex': '\\begin{cases} 0 & \\text{for}\\: x = 0 \\\\\\frac{x \\sin{\\left(J_{0}\\left(\\left|{x}\\right|\\right) \\right)} J_{1}\\left(\\left|{x}\\right|\\right)}{\\left|{x}\\right|} & \\text{otherwise} \\end{cases}', 'properties': {'singularities': [], 'is_periodic': False, 'domain': 'R'}}","derivative_of_cos(besselj(0, Abs(x)))"
MCM_031_d63eb2d1,"{'a': 0, 'b': 3, 'c': 1}","{'points': [{'x': -3.0, 'y': 0.0001}, {'x': -2.75, 'y': 0.0005}, {'x': -2.5, 'y': 0.0018}, {'x': -2.25, 'y': 0.006}, {'x': -2.0, 'y': 0.0173}, {'x': -1.75, 'y': 0.044}, {'x': -1.5, 'y': 0.0978}, {'x': -1.25, 'y': 0.1886}, {'x': -1.0, 'y': 0.3099}, {'x': -0.75, 'y': 0.4196}, {'x': -0.5, 'y': 0.437}, {'x': -0.25, 'y': 0.2892}, {'x': 0.0, 'y': 0.0}, {'x': 0.25, 'y': -0.2892}, {'x': 0.5, 'y': -0.437}, {'x': 0.75, 'y': -0.4196}, {'x': 1.0, 'y': -0.3099}, {'x': 1.25, 'y': -0.1886}, {'x': 1.5, 'y': -0.0978}, {'x': 1.75, 'y': -0.044}, {'x': 2.0, 'y': -0.0173}, {'x': 2.25, 'y': -0.006}, {'x': 2.5, 'y': -0.0018}, {'x': 2.75, 'y': -0.0005}, {'x': 3.0, 'y': -0.0001}]}","{'formula': '-2*exp(-x**2)*sin(erf(x))/sqrt(pi)', 'latex': '- \\frac{2 e^{- x^{2}} \\sin{\\left(\\operatorname{erf}{\\left(x \\right)} \\right)}}{\\sqrt{\\pi}}', 'properties': {'singularities': [], 'is_periodic': False, 'domain': 'R'}}",derivative_of_cos(erf(x))
MCM_032_0e8629f2,"{'a': 0, 'b': 3, 'c': 2}","{'points': [{'x': -3.0, 'y': 0.104}, {'x': -2.75, 'y': 0.1229}, {'x': -2.5, 'y': 0.147}, {'x': -2.25, 'y': 0.1778}, {'x': -2.0, 'y': 0.2159}, {'x': -1.75, 'y': 0.2598}, {'x': -1.5, 'y': 0.3031}, {'x': -1.25, 'y': 0.3312}, {'x': -1.0, 'y': 0.3191}, {'x': -0.75, 'y': 0.2279}, {'x': -0.5, 'y': -0.0188}, {'x': -0.25, 'y': -0.7729}, {'x': 0.0, 'y': -11.2838}, {'x': 0.25, 'y': -5.2144}, {'x': 0.5, 'y': -1.0562}, {'x': 0.75, 'y': -0.6941}, {'x': 1.0, 'y': -0.5791}, {'x': 1.25, 'y': -0.4922}, {'x': 1.5, 'y': -0.408}, {'x': 1.75, 'y': -0.3304}, {'x': 2.0, 'y': -0.2648}, {'x': 2.25, 'y': -0.2127}, {'x': 2.5, 'y': -0.1726}, {'x': 2.75, 'y': -0.1422}, {'x': 3.0, 'y': -0.1189}]}","{'formula': '(2*x - sqrt(pi)*exp(x**2)*erf(x) - 0.2)*exp(-x**2)/(sqrt(pi)*(x - 0.1)**2)', 'latex': '\\frac{\\left(2 x - \\sqrt{\\pi} e^{x^{2}} \\operatorname{erf}{\\left(x \\right)} - 0.2\\right) e^{- x^{2}}}{\\sqrt{\\pi} \\left(x - 0.1\\right)^{2}}', 'properties': {'singularities': [], 'is_periodic': False, 'domain': 'R'}}",derivative_of_erf(x)/(x - 0.1)
MCM_032_bed693c4,"{'a': 0, 'b': 3, 'c': 2}","{'points': [{'x': -3.0, 'y': 0.0745}, {'x': -2.75, 'y': 0.0308}, {'x': -2.5, 'y': -0.0177}, {'x': -2.25, 'y': -0.0757}, {'x': -2.0, 'y': -0.1506}, {'x': -1.75, 'y': -0.2564}, {'x': -1.5, 'y': -0.4209}, {'x': -1.25, 'y': -0.7085}, {'x': -1.0, 'y': -1.2983}, {'x': -0.75, 'y': -2.8582}, {'x': -0.5, 'y': -9.8327}, {'x': -0.25, 'y': -357.3091}, {'x': 0.0, 'y': -22.1557}, {'x': 0.25, 'y': -4.2808}, {'x': 0.5, 'y': -1.7132}, {'x': 0.75, 'y': -0.8864}, {'x': 1.0, 'y': -0.5183}, {'x': 1.25, 'y': -0.3211}, {'x': 1.5, 'y': -0.2012}, {'x': 1.75, 'y': -0.1209}, {'x': 2.0, 'y': -0.0622}, {'x': 2.25, 'y': -0.016}, {'x': 2.5, 'y': 0.0233}, {'x': 2.75, 'y': 0.0588}, {'x': 3.0, 'y': 0.0931}]}","{'formula': 'Piecewise((-22.1556731363189, Eq(x, 0)), ((0.5*x**2*polygamma(0, 0.5*Abs(x) + 1.5) + 0.1*x*polygamma(0, 0.5*Abs(x) + 1.5) - 1.0*Abs(x))*gamma(0.5*Abs(x) + 1.5)/((1.0*x + 0.2)**2*Abs(x)), True))', 'latex': '\\begin{cases} -22.1556731363189 & \\text{for}\\: x = 0 \\\\\\frac{\\left(0.5 x^{2} \\operatorname{polygamma}{\\left(0,0.5 \\left|{x}\\right| + 1.5 \\right)} + 0.1 x \\operatorname{polygamma}{\\left(0,0.5 \\left|{x}\\right| + 1.5 \\right)} - 1.0 \\left|{x}\\right|\\right) \\Gamma\\left(0.5 \\left|{x}\\right| + 1.5\\right)}{\\left(1.0 x + 0.2\\right)^{2} \\left|{x}\\right|} & \\text{otherwise} \\end{cases}', 'properties': {'singularities': [], 'is_periodic': False, 'domain': 'R'}}",derivative_of_1.0*gamma(0.5*Abs(x) + 1.5)/(1.0*x + 0.2)
MCM_032_c429d65b,"{'a': 0, 'b': 3, 'c': 2}","{'points': [{'x': -3.0, 'y': -0.154}, {'x': -2.75, 'y': -0.1756}, {'x': -2.5, 'y': -0.1945}, {'x': -2.25, 'y': -0.21}, {'x': -2.0, 'y': -0.2216}, {'x': -1.75, 'y': -0.2289}, {'x': -1.5, 'y': -0.232}, {'x': -1.25, 'y': -0.231}, {'x': -1.0, 'y': -0.2268}, {'x': -0.75, 'y': -0.2206}, {'x': -0.5, 'y': -0.2152}, {'x': -0.25, 'y': -0.2155}, {'x': 0.0, 'y': -0.2323}, {'x': 0.25, 'y': -0.2933}, {'x': 0.5, 'y': -0.4918}, {'x': 0.75, 'y': -1.3549}, {'x': 1.0, 'y': -16.6218}, {'x': 1.25, 'y': -7.3336}, {'x': 1.5, 'y': -0.9403}, {'x': 1.75, 'y': -0.2668}, {'x': 2.0, 'y': -0.0557}, {'x': 2.25, 'y': 0.0419}, {'x': 2.5, 'y': 0.0958}, {'x': 2.75, 'y': 0.1273}, {'x': 3.0, 'y': 0.1448}]}","{'formula': 'Piecewise((-0.226757369614512, Eq(x, -1)), (((1.1 - x)*(x + 1)*besselj(1, Abs(x + 1)) - Abs(x + 1)*besselj(0, Abs(x + 1)))/((x - 1.1)**2*Abs(x + 1)), True))', 'latex': '\\begin{cases} -0.226757369614512 & \\text{for}\\: x = -1 \\\\\\frac{\\left(1.1 - x\\right) \\left(x + 1\\right) J_{1}\\left(\\left|{x + 1}\\right|\\right) - \\left|{x + 1}\\right| J_{0}\\left(\\left|{x + 1}\\right|\\right)}{\\left(x - 1.1\\right)^{2} \\left|{x + 1}\\right|} & \\text{otherwise} \\end{cases}', 'properties': {'singularities': [], 'is_periodic': False, 'domain': 'R'}}","derivative_of_besselj(0, Abs(x + 1))/(x - 1.1)"
MCM_032_d7fbd228,"{'a': 0, 'b': 3, 'c': 2}","{'points': [{'x': -3.0, 'y': 2.1131}, {'x': -2.75, 'y': 1.5075}, {'x': -2.5, 'y': 1.0737}, {'x': -2.25, 'y': 0.7541}, {'x': -2.0, 'y': 0.5079}, {'x': -1.75, 'y': 0.3037}, {'x': -1.5, 'y': 0.1126}, {'x': -1.25, 'y': -0.1015}, {'x': -1.0, 'y': -0.4031}, {'x': -0.75, 'y': -0.9515}, {'x': -0.5, 'y': -2.2943}, {'x': -0.25, 'y': -7.5648}, {'x': 0.0, 'y': -95.1351}, {'x': 0.25, 'y': -40.2836}, {'x': 0.5, 'y': -5.3029}, {'x': 0.75, 'y': -1.7709}, {'x': 1.0, 'y': -0.7276}, {'x': 1.25, 'y': -0.254}, {'x': 1.5, 'y': 0.0375}, {'x': 1.75, 'y': 0.2711}, {'x': 2.0, 'y': 0.5034}, {'x': 2.25, 'y': 0.7722}, {'x': 2.5, 'y': 1.1136}, {'x': 2.75, 'y': 1.5715}, {'x': 3.0, 'y': 2.2065}]}","{'formula': 'Piecewise((-95.1350769866873, Eq(x, 0)), ((1.0*x**2*polygamma(0, 1.0*Abs(x) + 1.1) - 0.1*x*polygamma(0, 1.0*Abs(x) + 1.1) - 1.0*Abs(x))*gamma(Abs(x) + 1.1)/((1.0*x - 0.1)**2*Abs(x)), True))', 'latex': '\\begin{cases} -95.1350769866873 & \\text{for}\\: x = 0 \\\\\\frac{\\left(1.0 x^{2} \\operatorname{polygamma}{\\left(0,1.0 \\left|{x}\\right| + 1.1 \\right)} - 0.1 x \\operatorname{polygamma}{\\left(0,1.0 \\left|{x}\\right| + 1.1 \\right)} - 1.0 \\left|{x}\\right|\\right) \\Gamma\\left(\\left|{x}\\right| + 1.1\\right)}{\\left(1.0 x - 0.1\\right)^{2} \\left|{x}\\right|} & \\text{otherwise} \\end{cases}', 'properties': {'singularities': [], 'is_periodic': False, 'domain': 'R'}}",derivative_of_gamma(Abs(x) + 1.1)/(x - 0.1)
MCM_032_01dd761f,"{'a': 0, 'b': 3, 'c': 2}","{'points': [{'x': -3.0, 'y': -0.0806}, {'x': -2.75, 'y': -0.1255}, {'x': -2.5, 'y': -0.1775}, {'x': -2.25, 'y': -0.2376}, {'x': -2.0, 'y': -0.3084}, {'x': -1.75, 'y': -0.3946}, {'x': -1.5, 'y': -0.5053}, {'x': -1.25, 'y': -0.6594}, {'x': -1.0, 'y': -0.8981}, {'x': -0.75, 'y': -1.3252}, {'x': -0.5, 'y': -2.2613}, {'x': -0.25, 'y': -5.137}, {'x': 0.0, 'y': -25.0}, {'x': 0.25, 'y': -396.2549}, {'x': 0.5, 'y': -11.235}, {'x': 0.75, 'y': -3.492}, {'x': 1.0, 'y': -1.7457}, {'x': 1.25, 'y': -1.0722}, {'x': 1.5, 'y': -0.732}, {'x': 1.75, 'y': -0.5279}, {'x': 2.0, 'y': -0.3895}, {'x': 2.25, 'y': -0.2872}, {'x': 2.5, 'y': -0.207}, {'x': 2.75, 'y': -0.1418}, {'x': 3.0, 'y': -0.0879}]}","{'formula': 'Piecewise((-25.0, Eq(x, 0)), ((-x*(x - 0.2)*besselj(1, Abs(x)) - Abs(x)*besselj(0, Abs(x)))/((x - 0.2)**2*Abs(x)), True))', 'latex': '\\begin{cases} -25.0 & \\text{for}\\: x = 0 \\\\\\frac{- x \\left(x - 0.2\\right) J_{1}\\left(\\left|{x}\\right|\\right) - \\left|{x}\\right| J_{0}\\left(\\left|{x}\\right|\\right)}{\\left(x - 0.2\\right)^{2} \\left|{x}\\right|} & \\text{otherwise} \\end{cases}', 'properties': {'singularities': [], 'is_periodic': False, 'domain': 'R'}}","derivative_of_besselj(0, Abs(x))/(x - 0.2)"
MCM_032_ed87b419,"{'a': 0, 'b': 3, 'c': 2}","{'points': [{'x': -3.0, 'y': 0.1231}, {'x': -2.75, 'y': 0.1477}, {'x': -2.5, 'y': 0.1801}, {'x': -2.25, 'y': 0.223}, {'x': -2.0, 'y': 0.2796}, {'x': -1.75, 'y': 0.3524}, {'x': -1.5, 'y': 0.442}, {'x': -1.25, 'y': 0.5477}, {'x': -1.0, 'y': 0.678}, {'x': -0.75, 'y': 0.9039}, {'x': -0.5, 'y': 1.7382}, {'x': -0.25, 'y': 17.0325}, {'x': 0.0, 'y': 7.5225}, {'x': 0.25, 'y': 0.923}, {'x': 0.5, 'y': 0.12}, {'x': 0.75, 'y': -0.1636}, {'x': 1.0, 'y': -0.2762}, {'x': 1.25, 'y': -0.3019}, {'x': 1.5, 'y': -0.2828}, {'x': 1.75, 'y': -0.2455}, {'x': 2.0, 'y': -0.2057}, {'x': 2.25, 'y': -0.1704}, {'x': 2.5, 'y': -0.1415}, {'x': 2.75, 'y': -0.1187}, {'x': 3.0, 'y': -0.1007}]}","{'formula': '(2*x - sqrt(pi)*exp(x**2)*erf(x) + 0.3)*exp(-x**2)/(sqrt(pi)*(x + 0.15)**2)', 'latex': '\\frac{\\left(2 x - \\sqrt{\\pi} e^{x^{2}} \\operatorname{erf}{\\left(x \\right)} + 0.3\\right) e^{- x^{2}}}{\\sqrt{\\pi} \\left(x + 0.15\\right)^{2}}', 'properties': {'singularities': [], 'is_periodic': False, 'domain': 'R'}}",derivative_of_erf(x)/(x + 0.15)
MCM_033_9a894dac,"{'a': 0, 'b': 3, 'c': 3}","{'points': [{'x': -3.0, 'y': -405.0249}, {'x': -2.75, 'y': -286.0205}, {'x': -2.5, 'y': -195.4457}, {'x': -2.25, 'y': -128.369}, {'x': -2.0, 'y': -80.2871}, {'x': -1.75, 'y': -47.1357}, {'x': -1.5, 'y': -25.3577}, {'x': -1.25, 'y': -11.9877}, {'x': -1.0, 'y': -4.6286}, {'x': -0.75, 'y': -1.2776}, {'x': -0.5, 'y': -0.1901}, {'x': -0.25, 'y': -0.0064}, {'x': 0.0, 'y': 0.0}, {'x': 0.25, 'y': 0.0064}, {'x': 0.5, 'y': 0.1901}, {'x': 0.75, 'y': 1.2776}, {'x': 1.0, 'y': 4.6286}, {'x': 1.25, 'y': 11.9877}, {'x': 1.5, 'y': 25.3577}, {'x': 1.75, 'y': 47.1357}, {'x': 2.0, 'y': 80.2871}, {'x': 2.25, 'y': 128.369}, {'x': 2.5, 'y': 195.4457}, {'x': 2.75, 'y': 286.0205}, {'x': 3.0, 'y': 405.0249}]}","{'formula': '2*x**5*exp(-x**2)/sqrt(pi) + 5*x**4*erf(x)', 'latex': '\\frac{2 x^{5} e^{- x^{2}}}{\\sqrt{\\pi}} + 5 x^{4} \\operatorname{erf}{\\left(x \\right)}', 'properties': {'singularities': [], 'is_periodic': False, 'domain': 'R'}}",derivative_of_x**5*erf(x)
MCM_033_ccb8fa82,"{'a': 0, 'b': 3, 'c': 3}","{'points': [{'x': -3.0, 'y': -58.7057}, {'x': -2.75, 'y': -40.1595}, {'x': -2.5, 'y': -27.6165}, {'x': -2.25, 'y': -19.0942}, {'x': -2.0, 'y': -13.276}, {'x': -1.75, 'y': -9.2841}, {'x': -1.5, 'y': -6.5314}, {'x': -1.25, 'y': -4.6231}, {'x': -1.0, 'y': -3.2929}, {'x': -0.75, 'y': -2.3604}, {'x': -0.5, 'y': -1.7028}, {'x': -0.25, 'y': -1.236}, {'x': 0.0, 'y': 0.0}, {'x': 0.25, 'y': 1.236}, {'x': 0.5, 'y': 1.7028}, {'x': 0.75, 'y': 2.3604}, {'x': 1.0, 'y': 3.2929}, {'x': 1.25, 'y': 4.6231}, {'x': 1.5, 'y': 6.5314}, {'x': 1.75, 'y': 9.2841}, {'x': 2.0, 'y': 13.276}, {'x': 2.25, 'y': 19.0942}, {'x': 2.5, 'y': 27.6165}, {'x': 2.75, 'y': 40.1595}, {'x': 3.0, 'y': 58.7057}]}","{'formula': 'Piecewise((0, Eq(x, 0)), (1.0*x*(0.5*polygamma(0, 0.5*Abs(x) + 1.5) + 1.0)*exp(Abs(x))*gamma(0.5*Abs(x) + 1.5)/Abs(x), True))', 'latex': '\\begin{cases} 0 & \\text{for}\\: x = 0 \\\\\\frac{1.0 x \\left(0.5 \\operatorname{polygamma}{\\left(0,0.5 \\left|{x}\\right| + 1.5 \\right)} + 1.0\\right) e^{\\left|{x}\\right|} \\Gamma\\left(0.5 \\left|{x}\\right| + 1.5\\right)}{\\left|{x}\\right|} & \\text{otherwise} \\end{cases}', 'properties': {'singularities': [], 'is_periodic': False, 'domain': 'R'}}",derivative_of_exp(Abs(x))*gamma(0.5*Abs(x) + 1.5)
MCM_033_561d5fe1,"{'a': 0, 'b': 3, 'c': 3}","{'points': [{'x': -3.0, 'y': 405.2218}, {'x': -2.75, 'y': 286.0993}, {'x': -2.5, 'y': 195.4144}, {'x': -2.25, 'y': 128.2202}, {'x': -2.0, 'y': 80.056}, {'x': -1.75, 'y': 46.9344}, {'x': -1.5, 'y': 25.3382}, {'x': -1.25, 'y': 12.2196}, {'x': -1.0, 'y': 5.0}, {'x': -0.75, 'y': 1.5695}, {'x': -0.5, 'y': 0.2868}, {'x': -0.25, 'y': -0.0203}, {'x': 0.0, 'y': -0.056}, {'x': 0.25, 'y': -0.0561}, {'x': 0.5, 'y': 0.2106}, {'x': 0.75, 'y': 1.4397}, {'x': 1.0, 'y': 4.7782}, {'x': 1.25, 'y': 11.6905}, {'x': 1.5, 'y': 26.0714}, {'x': 1.75, 'y': 47.1111}, {'x': 2.0, 'y': 80.114}, {'x': 2.25, 'y': 128.2094}, {'x': 2.5, 'y': 195.3453}, {'x': 2.75, 'y': 285.9646}, {'x': 3.0, 'y': 404.9848}]}","{'formula': 'Piecewise((5*x**4, Eq(x, -1) | Eq(besselj(0, Abs(x + 1)), 0)), ((5*x**4*Abs((x + 1)*besselj(0, Abs(x + 1))**1.9) - (0.1*x + 0.1)*besselj(0, Abs(x + 1))*besselj(1, Abs(x + 1)))/Abs((x + 1)*besselj(0, Abs(x + 1))**1.9), True))', 'latex': '\\begin{cases} 5 x^{4} & \\text{for}\\: x = -1 \\vee J_{0}\\left(\\left|{x + 1}\\right|\\right) = 0 \\\\\\frac{5 x^{4} \\left|{\\left(x + 1\\right) J^{1.9}_{0}\\left(\\left|{x + 1}\\right|\\right)}\\right| - \\left(0.1 x + 0.1\\right) J_{0}\\left(\\left|{x + 1}\\right|\\right) J_{1}\\left(\\left|{x + 1}\\right|\\right)}{\\left|{\\left(x + 1\\right) J^{1.9}_{0}\\left(\\left|{x + 1}\\right|\\right)}\\right|} & \\text{otherwise} \\end{cases}', 'properties': {'singularities': [], 'is_periodic': False, 'domain': 'R'}}","derivative_of_x**5 + Abs(besselj(0, Abs(x + 1)))**0.1"
MCM_033_567116c2,"{'a': 0, 'b': 3, 'c': 3}","{'points': [{'x': -3.0, 'y': 2.0564}, {'x': -2.75, 'y': 1.4701}, {'x': -2.5, 'y': 1.0526}, {'x': -2.25, 'y': 0.7486}, {'x': -2.0, 'y': 0.5198}, {'x': -1.75, 'y': 0.3388}, {'x': -1.5, 'y': 0.1843}, {'x': -1.25, 'y': 0.0384}, {'x': -1.0, 'y': -0.1127}, {'x': -0.75, 'y': -0.2551}, {'x': -0.5, 'y': -0.147}, {'x': -0.25, 'y': 2.5875}, {'x': 0.0, 'y': -6.7466}, {'x': 0.25, 'y': -145.5579}, {'x': 0.5, 'y': 9.7245}, {'x': 0.75, 'y': 1.0599}, {'x': 1.0, 'y': -0.0336}, {'x': 1.25, 'y': -0.0182}, {'x': 1.5, 'y': 0.1391}, {'x': 1.75, 'y': 0.3247}, {'x': 2.0, 'y': 0.5382}, {'x': 2.25, 'y': 0.8002}, {'x': 2.5, 'y': 1.1408}, {'x': 2.75, 'y': 1.6021}, {'x': 3.0, 'y': 2.2442}]}","{'formula': 'Piecewise((-6.746555963064, Eq(x, 0)), ((x*(x - 0.2)**2*sin(1/(x - 0.2))*polygamma(0, Abs(x) + 1.1)/Abs(x) - cos(1/(x - 0.2)))*gamma(Abs(x) + 1.1)/(x - 0.2)**2, True))', 'latex': '\\begin{cases} -6.746555963064 & \\text{for}\\: x = 0 \\\\\\frac{\\left(\\frac{x \\left(x - 0.2\\right)^{2} \\sin{\\left(\\frac{1}{x - 0.2} \\right)} \\operatorname{polygamma}{\\left(0,\\left|{x}\\right| + 1.1 \\right)}}{\\left|{x}\\right|} - \\cos{\\left(\\frac{1}{x - 0.2} \\right)}\\right) \\Gamma\\left(\\left|{x}\\right| + 1.1\\right)}{\\left(x - 0.2\\right)^{2}} & \\text{otherwise} \\end{cases}', 'properties': {'singularities': [], 'is_periodic': False, 'domain': 'R'}}",derivative_of_sin(1/(x - 0.2))*gamma(Abs(x) + 1.1)
MCM_033_646586fa,"{'a': 0, 'b': 3, 'c': 3}","{'points': [{'x': -3.0, 'y': -0.0865}, {'x': -2.75, 'y': -0.1373}, {'x': -2.5, 'y': -0.1972}, {'x': -2.25, 'y': -0.2681}, {'x': -2.0, 'y': -0.3529}, {'x': -1.75, 'y': -0.4564}, {'x': -1.5, 'y': -0.5838}, {'x': -1.25, 'y': -0.7309}, {'x': -1.0, 'y': -0.8132}, {'x': -0.75, 'y': -0.1178}, {'x': -0.5, 'y': 7.2851}, {'x': -0.25, 'y': 82.6687}, {'x': 0.0, 'y': -41.2163}, {'x': 0.25, 'y': 4.855}, {'x': 0.5, 'y': -0.314}, {'x': 0.75, 'y': -0.7864}, {'x': 1.0, 'y': -0.7095}, {'x': 1.25, 'y': -0.5835}, {'x': 1.5, 'y': -0.4723}, {'x': 1.75, 'y': -0.3798}, {'x': 2.0, 'y': -0.302}, {'x': 2.25, 'y': -0.2351}, {'x': 2.5, 'y': -0.1768}, {'x': 2.75, 'y': -0.1256}, {'x': 3.0, 'y': -0.0809}]}","{'formula': 'Piecewise((-41.2163423578211, Eq(x, 0)), (-x*sin(1/(x + 0.15))*besselj(1, Abs(x))/Abs(x) - cos(1/(x + 0.15))*besselj(0, Abs(x))/(x + 0.15)**2, True))', 'latex': '\\begin{cases} -41.2163423578211 & \\text{for}\\: x = 0 \\\\- \\frac{x \\sin{\\left(\\frac{1}{x + 0.15} \\right)} J_{1}\\left(\\left|{x}\\right|\\right)}{\\left|{x}\\right|} - \\frac{\\cos{\\left(\\frac{1}{x + 0.15} \\right)} J_{0}\\left(\\left|{x}\\right|\\right)}{\\left(x + 0.15\\right)^{2}} & \\text{otherwise} \\end{cases}', 'properties': {'singularities': [], 'is_periodic': False, 'domain': 'R'}}","derivative_of_sin(1/(x + 0.15))*besselj(0, Abs(x))"
MCM_033_30fff7cd,"{'a': 0, 'b': 3, 'c': 3}","{'points': [{'x': -3.0, 'y': 0.1278}, {'x': -2.75, 'y': 0.1527}, {'x': -2.5, 'y': 0.1846}, {'x': -2.25, 'y': 0.2253}, {'x': -2.0, 'y': 0.275}, {'x': -1.75, 'y': 0.3285}, {'x': -1.5, 'y': 0.3631}, {'x': -1.25, 'y': 0.301}, {'x': -1.0, 'y': -0.1671}, {'x': -0.75, 'y': -2.6406}, {'x': -0.5, 'y': 4.5338}, {'x': -0.25, 'y': 46.0733}, {'x': 0.0, 'y': -0.215}, {'x': 0.25, 'y': 1.2514}, {'x': 0.5, 'y': 0.5775}, {'x': 0.75, 'y': 0.1499}, {'x': 1.0, 'y': -0.0695}, {'x': 1.25, 'y': -0.1647}, {'x': 1.5, 'y': -0.1906}, {'x': 1.75, 'y': -0.1827}, {'x': 2.0, 'y': -0.1619}, {'x': 2.25, 'y': -0.1392}, {'x': 2.5, 'y': -0.1187}, {'x': 2.75, 'y': -0.1016}, {'x': 3.0, 'y': -0.0876}]}","{'formula': '2*exp(-x**2)*sin(1/(x + 0.3))/sqrt(pi) - cos(1/(x + 0.3))*erf(x)/(x + 0.3)**2', 'latex': '\\frac{2 e^{- x^{2}} \\sin{\\left(\\frac{1}{x + 0.3} \\right)}}{\\sqrt{\\pi}} - \\frac{\\cos{\\left(\\frac{1}{x + 0.3} \\right)} \\operatorname{erf}{\\left(x \\right)}}{\\left(x + 0.3\\right)^{2}}', 'properties': {'singularities': [], 'is_periodic': False, 'domain': 'R'}}",derivative_of_sin(1/(x + 0.3))*erf(x)
MCM_100_2efa2d0a,"{'a': 1, 'b': 0, 'c': 0}","{'points': [{'x': -3.0, 'y': 6.0}, {'x': -2.75, 'y': 5.5}, {'x': -2.5, 'y': 5.0}, {'x': -2.25, 'y': 4.5}, {'x': -2.0, 'y': 4.0}, {'x': -1.75, 'y': 3.5}, {'x': -1.5, 'y': 3.0}, {'x': -1.25, 'y': 2.5}, {'x': -1.0, 'y': 2.0}, {'x': -0.75, 'y': 1.5}, {'x': -0.5, 'y': 1.0}, {'x': -0.25, 'y': 0.5}, {'x': 0.0, 'y': 0.0}, {'x': 0.25, 'y': -0.5}, {'x': 0.5, 'y': -1.0}, {'x': 0.75, 'y': -1.5}, {'x': 1.0, 'y': -2.0}, {'x': 1.25, 'y': -2.5}, {'x': 1.5, 'y': -3.0}, {'x': 1.75, 'y': -3.5}, {'x': 2.0, 'y': -4.0}, {'x': 2.25, 'y': -4.5}, {'x': 2.5, 'y': -5.0}, {'x': 2.75, 'y': -5.5}, {'x': 3.0, 'y': -6.0}]}","{'formula': '-2*x', 'latex': '- 2 x', 'properties': {'singularities': [], 'is_periodic': False, 'domain': 'R'}}",derivative_of_1 - x**2
MCM_100_e6531b19,"{'a': 1, 'b': 0, 'c': 0}","{'points': [{'x': -3.0, 'y': -4.0}, {'x': -2.75, 'y': -3.5}, {'x': -2.5, 'y': -3.0}, {'x': -2.25, 'y': -2.5}, {'x': -2.0, 'y': -2.0}, {'x': -1.75, 'y': -1.5}, {'x': -1.5, 'y': -1.0}, {'x': -1.25, 'y': -0.5}, {'x': -1.0, 'y': 0.0}, {'x': -0.75, 'y': 0.5}, {'x': -0.5, 'y': 1.0}, {'x': -0.25, 'y': 1.5}, {'x': 0.0, 'y': 2.0}, {'x': 0.25, 'y': 2.5}, {'x': 0.5, 'y': 3.0}, {'x': 0.75, 'y': 3.5}, {'x': 1.0, 'y': 4.0}, {'x': 1.25, 'y': 4.5}, {'x': 1.5, 'y': 5.0}, {'x': 1.75, 'y': 5.5}, {'x': 2.0, 'y': 6.0}, {'x': 2.25, 'y': 6.5}, {'x': 2.5, 'y': 7.0}, {'x': 2.75, 'y': 7.5}, {'x': 3.0, 'y': 8.0}]}","{'formula': '2.0*x + 2', 'latex': '2.0 x + 2', 'properties': {'singularities': [], 'is_periodic': False, 'domain': 'R'}}",derivative_of_x*(1.0*x + 2)
MCM_100_6d5627a0,"{'a': 1, 'b': 0, 'c': 0}","{'points': [{'x': -3.0, 'y': -7.0}, {'x': -2.75, 'y': -6.5}, {'x': -2.5, 'y': -6.0}, {'x': -2.25, 'y': -5.5}, {'x': -2.0, 'y': -5.0}, {'x': -1.75, 'y': -4.5}, {'x': -1.5, 'y': -4.0}, {'x': -1.25, 'y': -3.5}, {'x': -1.0, 'y': -3.0}, {'x': -0.75, 'y': -2.5}, {'x': -0.5, 'y': -2.0}, {'x': -0.25, 'y': -1.5}, {'x': 0.0, 'y': -1.0}, {'x': 0.25, 'y': -0.5}, {'x': 0.5, 'y': 0.0}, {'x': 0.75, 'y': 0.5}, {'x': 1.0, 'y': 1.0}, {'x': 1.25, 'y': 1.5}, {'x': 1.5, 'y': 2.0}, {'x': 1.75, 'y': 2.5}, {'x': 2.0, 'y': 3.0}, {'x': 2.25, 'y': 3.5}, {'x': 2.5, 'y': 4.0}, {'x': 2.75, 'y': 4.5}, {'x': 3.0, 'y': 5.0}]}","{'formula': '2*x - 1', 'latex': '2 x - 1', 'properties': {'singularities': [], 'is_periodic': False, 'domain': 'R'}}",derivative_of_x**2 - x
MCM_100_4bac675f,"{'a': 1, 'b': 0, 'c': 0}","{'points': [{'x': -3.0, 'y': -12.0}, {'x': -2.75, 'y': -11.0}, {'x': -2.5, 'y': -10.0}, {'x': -2.25, 'y': -9.0}, {'x': -2.0, 'y': -8.0}, {'x': -1.75, 'y': -7.0}, {'x': -1.5, 'y': -6.0}, {'x': -1.25, 'y': -5.0}, {'x': -1.0, 'y': -4.0}, {'x': -0.75, 'y': -3.0}, {'x': -0.5, 'y': -2.0}, {'x': -0.25, 'y': -1.0}, {'x': 0.0, 'y': 0.0}, {'x': 0.25, 'y': 1.0}, {'x': 0.5, 'y': 2.0}, {'x': 0.75, 'y': 3.0}, {'x': 1.0, 'y': 4.0}, {'x': 1.25, 'y': 5.0}, {'x': 1.5, 'y': 6.0}, {'x': 1.75, 'y': 7.0}, {'x': 2.0, 'y': 8.0}, {'x': 2.25, 'y': 9.0}, {'x': 2.5, 'y': 10.0}, {'x': 2.75, 'y': 11.0}, {'x': 3.0, 'y': 12.0}]}","{'formula': '4*x', 'latex': '4 x', 'properties': {'singularities': [], 'is_periodic': False, 'domain': 'R'}}",derivative_of_2*x**2 + 1
MCM_100_afa70783,"{'a': 1, 'b': 0, 'c': 0}","{'points': [{'x': -3.0, 'y': -3.0}, {'x': -2.75, 'y': -2.75}, {'x': -2.5, 'y': -2.5}, {'x': -2.25, 'y': -2.25}, {'x': -2.0, 'y': -2.0}, {'x': -1.75, 'y': -1.75}, {'x': -1.5, 'y': -1.5}, {'x': -1.25, 'y': -1.25}, {'x': -1.0, 'y': -1.0}, {'x': -0.75, 'y': -0.75}, {'x': -0.5, 'y': -0.5}, {'x': -0.25, 'y': -0.25}, {'x': 0.0, 'y': 0.0}, {'x': 0.25, 'y': 0.25}, {'x': 0.5, 'y': 0.5}, {'x': 0.75, 'y': 0.75}, {'x': 1.0, 'y': 1.0}, {'x': 1.25, 'y': 1.25}, {'x': 1.5, 'y': 1.5}, {'x': 1.75, 'y': 1.75}, {'x': 2.0, 'y': 2.0}, {'x': 2.25, 'y': 2.25}, {'x': 2.5, 'y': 2.5}, {'x': 2.75, 'y': 2.75}, {'x': 3.0, 'y': 3.0}]}","{'formula': '1.0*x', 'latex': '1.0 x', 'properties': {'singularities': [], 'is_periodic': False, 'domain': 'R'}}",derivative_of_0.5*x**2
MCM_101_fc10c3a7,"{'a': 1, 'b': 0, 'c': 1}","{'points': [{'x': -3.0, 'y': 5.4668}, {'x': -2.75, 'y': -1.5805}, {'x': -2.5, 'y': -4.9972}, {'x': -2.25, 'y': -1.5435}, {'x': -2.0, 'y': 2.6146}, {'x': -1.75, 'y': 3.4891}, {'x': -1.5, 'y': 1.8845}, {'x': -1.25, 'y': -0.0207}, {'x': -1.0, 'y': -1.0806}, {'x': -0.75, 'y': -1.2689}, {'x': -0.5, 'y': -0.9689}, {'x': -0.25, 'y': -0.499}, {'x': 0.0, 'y': 0.0}, {'x': 0.25, 'y': 0.499}, {'x': 0.5, 'y': 0.9689}, {'x': 0.75, 'y': 1.2689}, {'x': 1.0, 'y': 1.0806}, {'x': 1.25, 'y': 0.0207}, {'x': 1.5, 'y': -1.8845}, {'x': 1.75, 'y': -3.4891}, {'x': 2.0, 'y': -2.6146}, {'x': 2.25, 'y': 1.5435}, {'x': 2.5, 'y': 4.9972}, {'x': 2.75, 'y': 1.5805}, {'x': 3.0, 'y': -5.4668}]}","{'formula': '2*x*cos(x**2)', 'latex': '2 x \\cos{\\left(x^{2} \\right)}', 'properties': {'singularities': [], 'is_periodic': False, 'domain': 'R'}}",derivative_of_sin(x**2)
MCM_101_8a9c3ad7,"{'a': 1, 'b': 0, 'c': 1}","{'points': [{'x': -3.0, 'y': 5.9361}, {'x': -2.75, 'y': 1.5163}, {'x': -2.5, 'y': -4.2947}, {'x': -2.25, 'y': -3.5827}, {'x': -2.0, 'y': 0.5645}, {'x': -1.75, 'y': 3.0854}, {'x': -1.5, 'y': 2.847}, {'x': -1.25, 'y': 1.3333}, {'x': -1.0, 'y': 0.0}, {'x': -0.75, 'y': -0.6355}, {'x': -0.5, 'y': -0.6816}, {'x': -0.25, 'y': -0.403}, {'x': 0.0, 'y': 0.0}, {'x': 0.25, 'y': 0.403}, {'x': 0.5, 'y': 0.6816}, {'x': 0.75, 'y': 0.6355}, {'x': 1.0, 'y': 0.0}, {'x': 1.25, 'y': -1.3333}, {'x': 1.5, 'y': -2.847}, {'x': 1.75, 'y': -3.0854}, {'x': 2.0, 'y': -0.5645}, {'x': 2.25, 'y': 3.5827}, {'x': 2.5, 'y': 4.2947}, {'x': 2.75, 'y': -1.5163}, {'x': 3.0, 'y': -5.9361}]}","{'formula': '-2*x*sin(x**2 - 1)', 'latex': '- 2 x \\sin{\\left(x^{2} - 1 \\right)}', 'properties': {'singularities': [], 'is_periodic': False, 'domain': 'R'}}",derivative_of_cos(x**2 - 1)
MCM_101_c146c7cf,"{'a': 1, 'b': 0, 'c': 1}","{'points': [{'x': -3.0, 'y': 0.2726}, {'x': -2.75, 'y': -0.0641}, {'x': -2.5, 'y': -0.3153}, {'x': -2.25, 'y': -0.4768}, {'x': -2.0, 'y': -0.5574}, {'x': -1.75, 'y': -0.5727}, {'x': -1.5, 'y': -0.5403}, {'x': -1.25, 'y': -0.4758}, {'x': -1.0, 'y': -0.392}, {'x': -0.75, 'y': -0.2981}, {'x': -0.5, 'y': -0.1998}, {'x': -0.25, 'y': -0.1}, {'x': 0.0, 'y': 0.0}, {'x': 0.25, 'y': 0.1}, {'x': 0.5, 'y': 0.1998}, {'x': 0.75, 'y': 0.2981}, {'x': 1.0, 'y': 0.392}, {'x': 1.25, 'y': 0.4758}, {'x': 1.5, 'y': 0.5403}, {'x': 1.75, 'y': 0.5727}, {'x': 2.0, 'y': 0.5574}, {'x': 2.25, 'y': 0.4768}, {'x': 2.5, 'y': 0.3153}, {'x': 2.75, 'y': 0.0641}, {'x': 3.0, 'y': -0.2726}]}","{'formula': '0.4*x*cos(0.2*x**2)', 'latex': '0.4 x \\cos{\\left(0.2 x^{2} \\right)}', 'properties': {'singularities': [], 'is_periodic': False, 'domain': 'R'}}",derivative_of_sin(0.2*x**2)
MCM_101_0490260d,"{'a': 1, 'b': 0, 'c': 1}","{'points': [{'x': -3.0, 'y': 2.4727}, {'x': -2.75, 'y': 5.268}, {'x': -2.5, 'y': -0.1659}, {'x': -2.25, 'y': -4.227}, {'x': -2.0, 'y': -3.0272}, {'x': -1.75, 'y': 0.2765}, {'x': -1.5, 'y': 2.3342}, {'x': -1.25, 'y': 2.4999}, {'x': -1.0, 'y': 1.6829}, {'x': -0.75, 'y': 0.8}, {'x': -0.5, 'y': 0.2474}, {'x': -0.25, 'y': 0.0312}, {'x': 0.0, 'y': 0.0}, {'x': 0.25, 'y': -0.0312}, {'x': 0.5, 'y': -0.2474}, {'x': 0.75, 'y': -0.8}, {'x': 1.0, 'y': -1.6829}, {'x': 1.25, 'y': -2.4999}, {'x': 1.5, 'y': -2.3342}, {'x': 1.75, 'y': -0.2765}, {'x': 2.0, 'y': 3.0272}, {'x': 2.25, 'y': 4.227}, {'x': 2.5, 'y': 0.1659}, {'x': 2.75, 'y': -5.268}, {'x': 3.0, 'y': -2.4727}]}","{'formula': '-2*x*sin(x**2)', 'latex': '- 2 x \\sin{\\left(x^{2} \\right)}', 'properties': {'singularities': [], 'is_periodic': False, 'domain': 'R'}}",derivative_of_cos(x**2)
MCM_101_581baac0,"{'a': 1, 'b': 0, 'c': 1}","{'points': [{'x': -3.0, 'y': -5.907}, {'x': -2.75, 'y': 4.1027}, {'x': -2.5, 'y': 4.6851}, {'x': -2.25, 'y': -2.8347}, {'x': -2.0, 'y': -4.8009}, {'x': -1.75, 'y': -0.4497}, {'x': -1.5, 'y': 3.2822}, {'x': -1.25, 'y': 3.3122}, {'x': -1.0, 'y': 1.2484}, {'x': -0.75, 'y': -0.6386}, {'x': -0.5, 'y': -1.4634}, {'x': -0.25, 'y': -1.4274}, {'x': 0.0, 'y': -1.0}, {'x': 0.25, 'y': -0.4912}, {'x': 0.5, 'y': 0.0}, {'x': 0.75, 'y': 0.4912}, {'x': 1.0, 'y': 1.0}, {'x': 1.25, 'y': 1.4274}, {'x': 1.5, 'y': 1.4634}, {'x': 1.75, 'y': 0.6386}, {'x': 2.0, 'y': -1.2484}, {'x': 2.25, 'y': -3.3122}, {'x': 2.5, 'y': -3.2822}, {'x': 2.75, 'y': 0.4497}, {'x': 3.0, 'y': 4.8009}]}","{'formula': '(2*x - 1)*cos(x*(x - 1))', 'latex': '\\left(2 x - 1\\right) \\cos{\\left(x \\left(x - 1\\right) \\right)}', 'properties': {'singularities': [], 'is_periodic': False, 'domain': 'R'}}",derivative_of_sin(x**2 - x)
MCM_101_67df4c3f,"{'a': 1, 'b': 0, 'c': 1}","{'points': [{'x': -3.0, 'y': -3.756}, {'x': -2.75, 'y': -5.0416}, {'x': -2.5, 'y': 3.7483}, {'x': -2.25, 'y': 4.7132}, {'x': -2.0, 'y': -1.3971}, {'x': -1.75, 'y': -4.4775}, {'x': -1.5, 'y': -2.2862}, {'x': -1.25, 'y': 1.1311}, {'x': -1.0, 'y': 2.7279}, {'x': -0.75, 'y': 2.4171}, {'x': -0.5, 'y': 1.3633}, {'x': -0.25, 'y': 0.4612}, {'x': 0.0, 'y': 0.0}, {'x': 0.25, 'y': -0.0932}, {'x': 0.5, 'y': 0.0}, {'x': 0.75, 'y': 0.0932}, {'x': 1.0, 'y': 0.0}, {'x': 1.25, 'y': -0.4612}, {'x': 1.5, 'y': -1.3633}, {'x': 1.75, 'y': -2.4171}, {'x': 2.0, 'y': -2.7279}, {'x': 2.25, 'y': -1.1311}, {'x': 2.5, 'y': 2.2862}, {'x': 2.75, 'y': 4.4775}, {'x': 3.0, 'y': 1.3971}]}","{'formula': '(1 - 2*x)*sin(x*(x - 1))', 'latex': '\\left(1 - 2 x\\right) \\sin{\\left(x \\left(x - 1\\right) \\right)}', 'properties': {'singularities': [], 'is_periodic': False, 'domain': 'R'}}",derivative_of_cos(x**2 - x)
MCM_101_63a60efb,"{'a': 1, 'b': 0, 'c': 1}","{'points': [{'x': -3.0, 'y': -11.8645}, {'x': -2.75, 'y': 10.0572}, {'x': -2.5, 'y': -5.9492}, {'x': -2.25, 'y': -1.1616}, {'x': -2.0, 'y': 7.289}, {'x': -1.75, 'y': -4.6628}, {'x': -1.5, 'y': -4.252}, {'x': -1.25, 'y': 2.7709}, {'x': -1.0, 'y': 3.96}, {'x': -0.75, 'y': 1.5788}, {'x': -0.5, 'y': -0.1415}, {'x': -0.25, 'y': -0.4312}, {'x': 0.0, 'y': 0.0}, {'x': 0.25, 'y': 0.4312}, {'x': 0.5, 'y': 0.1415}, {'x': 0.75, 'y': -1.5788}, {'x': 1.0, 'y': -3.96}, {'x': 1.25, 'y': -2.7709}, {'x': 1.5, 'y': 4.252}, {'x': 1.75, 'y': 4.6628}, {'x': 2.0, 'y': -7.289}, {'x': 2.25, 'y': 1.1616}, {'x': 2.5, 'y': 5.9492}, {'x': 2.75, 'y': -10.0572}, {'x': 3.0, 'y': 11.8645}]}","{'formula': '4*x*cos(2*x**2 + 1)', 'latex': '4 x \\cos{\\left(2 x^{2} + 1 \\right)}', 'properties': {'singularities': [], 'is_periodic': False, 'domain': 'R'}}",derivative_of_sin(2*x**2 + 1)
MCM_101_f06e836a,"{'a': 1, 'b': 0, 'c': 1}","{'points': [{'x': -3.0, 'y': 1.7985}, {'x': -2.75, 'y': -4.4556}, {'x': -2.5, 'y': 8.0378}, {'x': -2.25, 'y': -8.9247}, {'x': -2.0, 'y': 3.2969}, {'x': -1.75, 'y': 5.221}, {'x': -1.5, 'y': -4.2332}, {'x': -1.25, 'y': -4.162}, {'x': -1.0, 'y': 0.5645}, {'x': -0.75, 'y': 2.551}, {'x': -0.5, 'y': 1.995}, {'x': -0.25, 'y': 0.9023}, {'x': 0.0, 'y': 0.0}, {'x': 0.25, 'y': -0.9023}, {'x': 0.5, 'y': -1.995}, {'x': 0.75, 'y': -2.551}, {'x': 1.0, 'y': -0.5645}, {'x': 1.25, 'y': 4.162}, {'x': 1.5, 'y': 4.2332}, {'x': 1.75, 'y': -5.221}, {'x': 2.0, 'y': -3.2969}, {'x': 2.25, 'y': 8.9247}, {'x': 2.5, 'y': -8.0378}, {'x': 2.75, 'y': 4.4556}, {'x': 3.0, 'y': -1.7985}]}","{'formula': '-4*x*sin(2*x**2 + 1)', 'latex': '- 4 x \\sin{\\left(2 x^{2} + 1 \\right)}', 'properties': {'singularities': [], 'is_periodic': False, 'domain': 'R'}}",derivative_of_cos(2*x**2 + 1)
MCM_101_5f0dafff,"{'a': 1, 'b': 0, 'c': 1}","{'points': [{'x': -3.0, 'y': 0.6324}, {'x': -2.75, 'y': 2.2063}, {'x': -2.5, 'y': 2.4997}, {'x': -2.25, 'y': 1.8438}, {'x': -2.0, 'y': 0.8323}, {'x': -1.75, 'y': -0.0692}, {'x': -1.5, 'y': -0.6468}, {'x': -1.25, 'y': -0.8875}, {'x': -1.0, 'y': -0.8776}, {'x': -0.75, 'y': -0.7205}, {'x': -0.5, 'y': -0.4961}, {'x': -0.25, 'y': -0.2499}, {'x': 0.0, 'y': 0.0}, {'x': 0.25, 'y': 0.2499}, {'x': 0.5, 'y': 0.4961}, {'x': 0.75, 'y': 0.7205}, {'x': 1.0, 'y': 0.8776}, {'x': 1.25, 'y': 0.8875}, {'x': 1.5, 'y': 0.6468}, {'x': 1.75, 'y': 0.0692}, {'x': 2.0, 'y': -0.8323}, {'x': 2.25, 'y': -1.8438}, {'x': 2.5, 'y': -2.4997}, {'x': 2.75, 'y': -2.2063}, {'x': 3.0, 'y': -0.6324}]}","{'formula': '1.0*x*cos(0.5*x**2)', 'latex': '1.0 x \\cos{\\left(0.5 x^{2} \\right)}', 'properties': {'singularities': [], 'is_periodic': False, 'domain': 'R'}}",derivative_of_sin(0.5*x**2)
MCM_101_fa91cf7d,"{'a': 1, 'b': 0, 'c': 1}","{'points': [{'x': -3.0, 'y': -2.9326}, {'x': -2.75, 'y': -1.6415}, {'x': -2.5, 'y': 0.0415}, {'x': -2.25, 'y': 1.2896}, {'x': -2.0, 'y': 1.8186}, {'x': -1.75, 'y': 1.7486}, {'x': -1.5, 'y': 1.3534}, {'x': -1.25, 'y': 0.8802}, {'x': -1.0, 'y': 0.4794}, {'x': -0.75, 'y': 0.2082}, {'x': -0.5, 'y': 0.0623}, {'x': -0.25, 'y': 0.0078}, {'x': 0.0, 'y': 0.0}, {'x': 0.25, 'y': -0.0078}, {'x': 0.5, 'y': -0.0623}, {'x': 0.75, 'y': -0.2082}, {'x': 1.0, 'y': -0.4794}, {'x': 1.25, 'y': -0.8802}, {'x': 1.5, 'y': -1.3534}, {'x': 1.75, 'y': -1.7486}, {'x': 2.0, 'y': -1.8186}, {'x': 2.25, 'y': -1.2896}, {'x': 2.5, 'y': -0.0415}, {'x': 2.75, 'y': 1.6415}, {'x': 3.0, 'y': 2.9326}]}","{'formula': '-1.0*x*sin(0.5*x**2)', 'latex': '- 1.0 x \\sin{\\left(0.5 x^{2} \\right)}', 'properties': {'singularities': [], 'is_periodic': False, 'domain': 'R'}}",derivative_of_cos(0.5*x**2)
MCM_102_eca447cf,"{'a': 1, 'b': 0, 'c': 2}","{'points': [{'x': -3.0, 'y': 0.999}, {'x': -2.75, 'y': 0.9988}, {'x': -2.5, 'y': 0.9985}, {'x': -2.25, 'y': 0.9982}, {'x': -2.0, 'y': 0.9977}, {'x': -1.75, 'y': 0.9971}, {'x': -1.5, 'y': 0.9961}, {'x': -1.25, 'y': 0.9945}, {'x': -1.0, 'y': 0.9917}, {'x': -0.75, 'y': 0.9862}, {'x': -0.5, 'y': 0.9722}, {'x': -0.25, 'y': 0.9184}, {'x': 0.0, 'y': 0.0}, {'x': 0.25, 'y': 0.5556}, {'x': 0.5, 'y': 0.9375}, {'x': 0.75, 'y': 0.9763}, {'x': 1.0, 'y': 0.9877}, {'x': 1.25, 'y': 0.9924}, {'x': 1.5, 'y': 0.9949}, {'x': 1.75, 'y': 0.9963}, {'x': 2.0, 'y': 0.9972}, {'x': 2.25, 'y': 0.9978}, {'x': 2.5, 'y': 0.9983}, {'x': 2.75, 'y': 0.9986}, {'x': 3.0, 'y': 0.9988}]}","{'formula': 'x*(1.0*x - 0.2)/(1.0*x**2 - 0.2*x + 0.01)', 'latex': '\\frac{x \\left(1.0 x - 0.2\\right)}{1.0 x^{2} - 0.2 x + 0.01}', 'properties': {'singularities': [], 'is_periodic': False, 'domain': 'R'}}",derivative_of_x**2/(x - 0.1)
MCM_102_ffa71b34,"{'a': 1, 'b': 0, 'c': 2}","{'points': [{'x': -3.0, 'y': -1.1224}, {'x': -2.75, 'y': -1.1476}, {'x': -2.5, 'y': -1.1815}, {'x': -2.25, 'y': -1.2284}, {'x': -2.0, 'y': -1.2963}, {'x': -1.75, 'y': -1.3996}, {'x': -1.5, 'y': -1.568}, {'x': -1.25, 'y': -1.8707}, {'x': -1.0, 'y': -2.5}, {'x': -0.75, 'y': -4.1736}, {'x': -0.5, 'y': -11.6667}, {'x': -0.25, 'y': -385.0}, {'x': 0.0, 'y': -25.0}, {'x': 0.25, 'y': -5.7407}, {'x': 0.5, 'y': -2.9592}, {'x': 0.75, 'y': -2.0637}, {'x': 1.0, 'y': -1.6667}, {'x': 1.25, 'y': -1.4566}, {'x': 1.5, 'y': -1.3322}, {'x': 1.75, 'y': -1.2525}, {'x': 2.0, 'y': -1.1983}, {'x': 2.25, 'y': -1.1599}, {'x': 2.5, 'y': -1.1317}, {'x': 2.75, 'y': -1.1103}, {'x': 3.0, 'y': -1.0938}]}","{'formula': '(x**2 - 2*x*(x + 0.2) - 1)/(x + 0.2)**2', 'latex': '\\frac{x^{2} - 2 x \\left(x + 0.2\\right) - 1}{\\left(x + 0.2\\right)^{2}}', 'properties': {'singularities': [], 'is_periodic': False, 'domain': 'R'}}",derivative_of_(1 - x**2)/(x + 0.2)
MCM_102_ff3e6062,"{'a': 1, 'b': 0, 'c': 2}","{'points': [{'x': -3.0, 'y': 0.7971}, {'x': -2.75, 'y': 0.7699}, {'x': -2.5, 'y': 0.7369}, {'x': -2.25, 'y': 0.6961}, {'x': -2.0, 'y': 0.6452}, {'x': -1.75, 'y': 0.5802}, {'x': -1.5, 'y': 0.4956}, {'x': -1.25, 'y': 0.3825}, {'x': -1.0, 'y': 0.2268}, {'x': -0.75, 'y': 0.0037}, {'x': -0.5, 'y': -0.332}, {'x': -0.25, 'y': -0.8711}, {'x': 0.0, 'y': -1.8182}, {'x': 0.25, 'y': -3.7197}, {'x': 0.5, 'y': -8.4722}, {'x': 0.75, 'y': -26.8367}, {'x': 1.0, 'y': -340.0}, {'x': 1.25, 'y': -150.5556}, {'x': 1.5, 'y': -20.3125}, {'x': 1.75, 'y': -7.071}, {'x': 2.0, 'y': -3.2099}, {'x': 2.25, 'y': -1.5784}, {'x': 2.5, 'y': -0.7398}, {'x': 2.75, 'y': -0.2525}, {'x': 3.0, 'y': 0.0554}]}","{'formula': '(-x*(1.0*x + 2) + (x - 1.1)*(2.0*x + 2))/(x - 1.1)**2', 'latex': '\\frac{- x \\left(1.0 x + 2\\right) + \\left(x - 1.1\\right) \\left(2.0 x + 2\\right)}{\\left(x - 1.1\\right)^{2}}', 'properties': {'singularities': [], 'is_periodic': False, 'domain': 'R'}}",derivative_of_x*(1.0*x + 2)/(x - 1.1)
MCM_102_76e6c2c1,"{'a': 1, 'b': 0, 'c': 2}","{'points': [{'x': -3.0, 'y': 1.0156}, {'x': -2.75, 'y': 1.0184}, {'x': -2.5, 'y': 1.0219}, {'x': -2.25, 'y': 1.0267}, {'x': -2.0, 'y': 1.0331}, {'x': -1.75, 'y': 1.0421}, {'x': -1.5, 'y': 1.0554}, {'x': -1.25, 'y': 1.0761}, {'x': -1.0, 'y': 1.1111}, {'x': -0.75, 'y': 1.1773}, {'x': -0.5, 'y': 1.3265}, {'x': -0.25, 'y': 1.7901}, {'x': 0.0, 'y': 5.0}, {'x': 0.25, 'y': 65.0}, {'x': 0.5, 'y': 2.7778}, {'x': 0.75, 'y': 1.5289}, {'x': 1.0, 'y': 1.25}, {'x': 1.25, 'y': 1.1451}, {'x': 1.5, 'y': 1.0947}, {'x': 1.75, 'y': 1.0666}, {'x': 2.0, 'y': 1.0494}, {'x': 2.25, 'y': 1.0381}, {'x': 2.5, 'y': 1.0302}, {'x': 2.75, 'y': 1.0246}, {'x': 3.0, 'y': 1.0204}]}","{'formula': '(x*(1 - x) + (x - 0.2)*(2*x - 1))/(x - 0.2)**2', 'latex': '\\frac{x \\left(1 - x\\right) + \\left(x - 0.2\\right) \\left(2 x - 1\\right)}{\\left(x - 0.2\\right)^{2}}', 'properties': {'singularities': [], 'is_periodic': False, 'domain': 'R'}}",derivative_of_(x**2 - x)/(x - 0.2)
MCM_102_f843d38a,"{'a': 1, 'b': 0, 'c': 2}","{'points': [{'x': -3.0, 'y': 1.8713}, {'x': -2.75, 'y': 1.8454}, {'x': -2.5, 'y': 1.8108}, {'x': -2.25, 'y': 1.763}, {'x': -2.0, 'y': 1.6947}, {'x': -1.75, 'y': 1.5918}, {'x': -1.5, 'y': 1.4266}, {'x': -1.25, 'y': 1.1364}, {'x': -1.0, 'y': 0.5536}, {'x': -0.75, 'y': -0.9028}, {'x': -0.5, 'y': -6.5306}, {'x': -0.25, 'y': -102.5}, {'x': 0.0, 'y': -44.4444}, {'x': 0.25, 'y': -4.5312}, {'x': 0.5, 'y': -0.4734}, {'x': 0.75, 'y': 0.7099}, {'x': 1.0, 'y': 1.2098}, {'x': 1.25, 'y': 1.4668}, {'x': 1.5, 'y': 1.6162}, {'x': 1.75, 'y': 1.7105}, {'x': 2.0, 'y': 1.7739}, {'x': 2.25, 'y': 1.8186}, {'x': 2.5, 'y': 1.8512}, {'x': 2.75, 'y': 1.8757}, {'x': 3.0, 'y': 1.8947}]}","{'formula': '(-2*x**2 + 4*x*(x + 0.15) - 1)/(x + 0.15)**2', 'latex': '\\frac{- 2 x^{2} + 4 x \\left(x + 0.15\\right) - 1}{\\left(x + 0.15\\right)^{2}}', 'properties': {'singularities': [], 'is_periodic': False, 'domain': 'R'}}",derivative_of_(2*x**2 + 1)/(x + 0.15)
MCM_102_c5236420,"{'a': 1, 'b': 0, 'c': 2}","{'points': [{'x': -3.0, 'y': 0.4938}, {'x': -2.75, 'y': 0.4925}, {'x': -2.5, 'y': 0.4907}, {'x': -2.25, 'y': 0.4882}, {'x': -2.0, 'y': 0.4844}, {'x': -1.75, 'y': 0.4786}, {'x': -1.5, 'y': 0.4687}, {'x': -1.25, 'y': 0.4501}, {'x': -1.0, 'y': 0.4082}, {'x': -0.75, 'y': 0.2778}, {'x': -0.5, 'y': -0.625}, {'x': -0.25, 'y': -17.5}, {'x': 0.0, 'y': 0.0}, {'x': 0.25, 'y': 0.3512}, {'x': 0.5, 'y': 0.4297}, {'x': 0.75, 'y': 0.4592}, {'x': 1.0, 'y': 0.4734}, {'x': 1.25, 'y': 0.4813}, {'x': 1.5, 'y': 0.4861}, {'x': 1.75, 'y': 0.4893}, {'x': 2.0, 'y': 0.4915}, {'x': 2.25, 'y': 0.4931}, {'x': 2.5, 'y': 0.4943}, {'x': 2.75, 'y': 0.4952}, {'x': 3.0, 'y': 0.4959}]}","{'formula': 'x*(0.5*x + 0.3)/(1.0*x**2 + 0.6*x + 0.09)', 'latex': '\\frac{x \\left(0.5 x + 0.3\\right)}{1.0 x^{2} + 0.6 x + 0.09}', 'properties': {'singularities': [], 'is_periodic': False, 'domain': 'R'}}",derivative_of_0.5*x**2/(x + 0.3)
MCM_103_024e2736,"{'a': 1, 'b': 0, 'c': 3}","{'points': [{'x': -3.0, 'y': 5103.0}, {'x': -2.75, 'y': 3027.5701}, {'x': -2.5, 'y': 1708.9844}, {'x': -2.25, 'y': 908.2244}, {'x': -2.0, 'y': 448.0}, {'x': -1.75, 'y': 201.0603}, {'x': -1.5, 'y': 79.7344}, {'x': -1.25, 'y': 26.7029}, {'x': -1.0, 'y': 7.0}, {'x': -0.75, 'y': 1.2458}, {'x': -0.5, 'y': 0.1094}, {'x': -0.25, 'y': 0.0017}, {'x': 0.0, 'y': 0.0}, {'x': 0.25, 'y': 0.0017}, {'x': 0.5, 'y': 0.1094}, {'x': 0.75, 'y': 1.2458}, {'x': 1.0, 'y': 7.0}, {'x': 1.25, 'y': 26.7029}, {'x': 1.5, 'y': 79.7344}, {'x': 1.75, 'y': 201.0603}, {'x': 2.0, 'y': 448.0}, {'x': 2.25, 'y': 908.2244}, {'x': 2.5, 'y': 1708.9844}, {'x': 2.75, 'y': 3027.5701}, {'x': 3.0, 'y': 5103.0}]}","{'formula': '7*x**6', 'latex': '7 x^{6}', 'properties': {'singularities': [], 'is_periodic': False, 'domain': 'R'}}",derivative_of_x**7
MCM_103_3244e7eb,"{'a': 1, 'b': 0, 'c': 3}","{'points': [{'x': -3.0, 'y': 281.1975}, {'x': -2.75, 'y': 188.6892}, {'x': -2.5, 'y': 124.8706}, {'x': -2.25, 'y': 81.2387}, {'x': -2.0, 'y': 51.7234}, {'x': -1.75, 'y': 32.01}, {'x': -1.5, 'y': 19.0472}, {'x': -1.25, 'y': 10.6892}, {'x': -1.0, 'y': 5.4366}, {'x': -0.75, 'y': 2.2493}, {'x': -0.5, 'y': 0.4122}, {'x': -0.25, 'y': -0.5618}, {'x': 0.0, 'y': 0.0}, {'x': 0.25, 'y': 0.5618}, {'x': 0.5, 'y': -0.4122}, {'x': 0.75, 'y': -2.2493}, {'x': 1.0, 'y': -5.4366}, {'x': 1.25, 'y': -10.6892}, {'x': 1.5, 'y': -19.0472}, {'x': 1.75, 'y': -32.01}, {'x': 2.0, 'y': -51.7234}, {'x': 2.25, 'y': -81.2387}, {'x': 2.5, 'y': -124.8706}, {'x': 2.75, 'y': -188.6892}, {'x': 3.0, 'y': -281.1975}]}","{'formula': 'Piecewise((0, Eq(x, 0)), (x*(-x**2 - 2*Abs(x) + 1)*exp(Abs(x))/Abs(x), True))', 'latex': '\\begin{cases} 0 & \\text{for}\\: x = 0 \\\\\\frac{x \\left(- x^{2} - 2 \\left|{x}\\right| + 1\\right) e^{\\left|{x}\\right|}}{\\left|{x}\\right|} & \\text{otherwise} \\end{cases}', 'properties': {'singularities': [], 'is_periodic': False, 'domain': 'R'}}",derivative_of_(1 - x**2)*exp(Abs(x))
MCM_103_09081487,"{'a': 1, 'b': 0, 'c': 3}","{'points': [{'x': -3.0, 'y': 404.8512}, {'x': -2.75, 'y': 285.7746}, {'x': -2.5, 'y': 195.0671}, {'x': -2.25, 'y': 127.7249}, {'x': -2.0, 'y': 80.0}, {'x': -1.75, 'y': 47.2102}, {'x': -1.5, 'y': 25.4421}, {'x': -1.25, 'y': 12.26}, {'x': -1.0, 'y': 5.0}, {'x': -0.75, 'y': 1.529}, {'x': -0.5, 'y': 0.1829}, {'x': -0.25, 'y': -0.2961}, {'x': 0.0, 'y': 0.0}, {'x': 0.25, 'y': 0.4391}, {'x': 0.5, 'y': 0.5579}, {'x': 0.75, 'y': 1.7645}, {'x': 1.0, 'y': 5.1488}, {'x': 1.25, 'y': 12.3345}, {'x': 1.5, 'y': 25.4249}, {'x': 1.75, 'y': 46.9957}, {'x': 2.0, 'y': 80.0923}, {'x': 2.25, 'y': 128.2297}, {'x': 2.5, 'y': 195.3918}, {'x': 2.75, 'y': 286.0313}, {'x': 3.0, 'y': 405.0699}]}","{'formula': 'Piecewise((5*x**4, Eq(x*(1.0*x + 2.0), 0)), (x*(5*x**3*Abs(x*(x*(1.0*x + 2))**0.9*(1.0*x + 2)) + (0.1*x + 0.2)*(2.0*x + 2))/Abs(x*(x*(1.0*x + 2))**0.9*(1.0*x + 2)), True))', 'latex': '\\begin{cases} 5 x^{4} & \\text{for}\\: x \\left(1.0 x + 2.0\\right) = 0 \\\\\\frac{x \\left(5 x^{3} \\left|{x \\left(x \\left(1.0 x + 2\\right)\\right)^{0.9} \\left(1.0 x + 2\\right)}\\right| + \\left(0.1 x + 0.2\\right) \\left(2.0 x + 2\\right)\\right)}{\\left|{x \\left(x \\left(1.0 x + 2\\right)\\right)^{0.9} \\left(1.0 x + 2\\right)}\\right|} & \\text{otherwise} \\end{cases}', 'properties': {'singularities': [], 'is_periodic': False, 'domain': 'R'}}",derivative_of_x**5 + Abs(x*(1.0*x + 2))**0.1
MCM_103_389a1eb0,"{'a': 1, 'b': 0, 'c': 3}","{'points': [{'x': -3.0, 'y': 1.0083}, {'x': -2.75, 'y': 1.0094}, {'x': -2.5, 'y': 1.0106}, {'x': -2.25, 'y': 1.012}, {'x': -2.0, 'y': 1.0137}, {'x': -1.75, 'y': 1.0154}, {'x': -1.5, 'y': 1.017}, {'x': -1.25, 'y': 1.0174}, {'x': -1.0, 'y': 1.0134}, {'x': -0.75, 'y': 0.9944}, {'x': -0.5, 'y': 0.9176}, {'x': -0.25, 'y': 0.5847}, {'x': 0.0, 'y': 0.0}, {'x': 0.25, 'y': -9.7456}, {'x': 0.5, 'y': 2.5363}, {'x': 0.75, 'y': 1.9097}, {'x': 1.0, 'y': 1.4053}, {'x': 1.25, 'y': 1.2154}, {'x': 1.5, 'y': 1.1302}, {'x': 1.75, 'y': 1.0861}, {'x': 2.0, 'y': 1.0608}, {'x': 2.25, 'y': 1.045}, {'x': 2.5, 'y': 1.0345}, {'x': 2.75, 'y': 1.0273}, {'x': 3.0, 'y': 1.0221}]}","{'formula': '-x**2*cos(1/(x - 0.2))/(x - 0.2)**2 + 2*x*sin(1/(x - 0.2))', 'latex': '- \\frac{x^{2} \\cos{\\left(\\frac{1}{x - 0.2} \\right)}}{\\left(x - 0.2\\right)^{2}} + 2 x \\sin{\\left(\\frac{1}{x - 0.2} \\right)}', 'properties': {'singularities': [], 'is_periodic': False, 'domain': 'R'}}",derivative_of_x**2*sin(1/(x - 0.2))
MCM_103_caff1cb6,"{'a': 1, 'b': 0, 'c': 3}","{'points': [{'x': -3.0, 'y': 1.0187}, {'x': -2.75, 'y': 1.0247}, {'x': -2.5, 'y': 1.0337}, {'x': -2.25, 'y': 1.0475}, {'x': -2.0, 'y': 1.0698}, {'x': -1.75, 'y': 1.1084}, {'x': -1.5, 'y': 1.1809}, {'x': -1.25, 'y': 1.3331}, {'x': -1.0, 'y': 1.7063}, {'x': -0.75, 'y': 2.8375}, {'x': -0.5, 'y': 6.4377}, {'x': -0.25, 'y': 25.405}, {'x': 0.0, 'y': -0.3742}, {'x': 0.25, 'y': -1.2381}, {'x': 0.5, 'y': 0.0191}, {'x': 0.75, 'y': 0.5508}, {'x': 1.0, 'y': 0.764}, {'x': 1.25, 'y': 0.8622}, {'x': 1.5, 'y': 0.9128}, {'x': 1.75, 'y': 0.9415}, {'x': 2.0, 'y': 0.9589}, {'x': 2.25, 'y': 0.97}, {'x': 2.5, 'y': 0.9774}, {'x': 2.75, 'y': 0.9826}, {'x': 3.0, 'y': 0.9863}]}","{'formula': '(-x*(x - 1)*cos(1/(x + 0.15)) + (x + 0.15)**2*(2*x - 1)*sin(1/(x + 0.15)))/(x + 0.15)**2', 'latex': '\\frac{- x \\left(x - 1\\right) \\cos{\\left(\\frac{1}{x + 0.15} \\right)} + \\left(x + 0.15\\right)^{2} \\left(2 x - 1\\right) \\sin{\\left(\\frac{1}{x + 0.15} \\right)}}{\\left(x + 0.15\\right)^{2}}', 'properties': {'singularities': [], 'is_periodic': False, 'domain': 'R'}}",derivative_of_(x**2 - x)*sin(1/(x + 0.15))
MCM_103_913c2cbe,"{'a': 1, 'b': 0, 'c': 3}","{'points': [{'x': -3.0, 'y': 1.9139}, {'x': -2.75, 'y': 1.9005}, {'x': -2.5, 'y': 1.8845}, {'x': -2.25, 'y': 1.8664}, {'x': -2.0, 'y': 1.8484}, {'x': -1.75, 'y': 1.8395}, {'x': -1.5, 'y': 1.8728}, {'x': -1.25, 'y': 2.0799}, {'x': -1.0, 'y': 3.0918}, {'x': -0.75, 'y': 8.7483}, {'x': -0.5, 'y': -12.5552}, {'x': -0.25, 'y': -184.5499}, {'x': 0.0, 'y': 10.9075}, {'x': 0.25, 'y': 1.8802}, {'x': 0.5, 'y': 1.1589}, {'x': 0.75, 'y': 1.327}, {'x': 1.0, 'y': 1.507}, {'x': 1.25, 'y': 1.6348}, {'x': 1.5, 'y': 1.7223}, {'x': 1.75, 'y': 1.7831}, {'x': 2.0, 'y': 1.8267}, {'x': 2.25, 'y': 1.8586}, {'x': 2.5, 'y': 1.8827}, {'x': 2.75, 'y': 1.9012}, {'x': 3.0, 'y': 1.9157}]}","{'formula': '(4*x*(x + 0.3)**2*sin(1/(x + 0.3)) - (2*x**2 + 1)*cos(1/(x + 0.3)))/(x + 0.3)**2', 'latex': '\\frac{4 x \\left(x + 0.3\\right)^{2} \\sin{\\left(\\frac{1}{x + 0.3} \\right)} - \\left(2 x^{2} + 1\\right) \\cos{\\left(\\frac{1}{x + 0.3} \\right)}}{\\left(x + 0.3\\right)^{2}}', 'properties': {'singularities': [], 'is_periodic': False, 'domain': 'R'}}",derivative_of_(2*x**2 + 1)*sin(1/(x + 0.3))
MCM_103_4a013e21,"{'a': 1, 'b': 0, 'c': 3}","{'points': [{'x': -3.0, 'y': 0.4647}, {'x': -2.75, 'y': 0.4597}, {'x': -2.5, 'y': 0.4537}, {'x': -2.25, 'y': 0.4461}, {'x': -2.0, 'y': 0.4366}, {'x': -1.75, 'y': 0.4245}, {'x': -1.5, 'y': 0.4085}, {'x': -1.25, 'y': 0.3872}, {'x': -1.0, 'y': 0.3576}, {'x': -0.75, 'y': 0.3155}, {'x': -0.5, 'y': 0.253}, {'x': -0.25, 'y': 0.1561}, {'x': 0.0, 'y': 0.0}, {'x': 0.25, 'y': -0.2474}, {'x': 0.5, 'y': -0.4645}, {'x': 0.75, 'y': 1.9932}, {'x': 1.0, 'y': 42.4976}, {'x': 1.25, 'y': -31.7326}, {'x': 1.5, 'y': 6.5307}, {'x': 1.75, 'y': 1.6319}, {'x': 2.0, 'y': 0.6969}, {'x': 2.25, 'y': 0.4843}, {'x': 2.5, 'y': 0.433}, {'x': 2.75, 'y': 0.425}, {'x': 3.0, 'y': 0.4292}]}","{'formula': '-0.5*x**2*cos(1/(x - 1.1))/(x - 1.1)**2 + 1.0*x*sin(1/(x - 1.1))', 'latex': '- \\frac{0.5 x^{2} \\cos{\\left(\\frac{1}{x - 1.1} \\right)}}{\\left(x - 1.1\\right)^{2}} + 1.0 x \\sin{\\left(\\frac{1}{x - 1.1} \\right)}', 'properties': {'singularities': [], 'is_periodic': False, 'domain': 'R'}}",derivative_of_0.5*x**2*sin(1/(x - 1.1))
MCM_110_f87c8a85,"{'a': 1, 'b': 1, 'c': 0}","{'points': [{'x': -3.0, 'y': -1.4758}, {'x': -2.75, 'y': -1.1716}, {'x': -2.5, 'y': -0.9341}, {'x': -2.25, 'y': -0.7466}, {'x': -2.0, 'y': -0.5967}, {'x': -1.75, 'y': -0.4754}, {'x': -1.5, 'y': -0.3757}, {'x': -1.25, 'y': -0.2923}, {'x': -1.0, 'y': -0.221}, {'x': -0.75, 'y': -0.1587}, {'x': -0.5, 'y': -0.1025}, {'x': -0.25, 'y': -0.0503}, {'x': 0.0, 'y': 0.0}, {'x': 0.25, 'y': 0.0503}, {'x': 0.5, 'y': 0.1025}, {'x': 0.75, 'y': 0.1587}, {'x': 1.0, 'y': 0.221}, {'x': 1.25, 'y': 0.2923}, {'x': 1.5, 'y': 0.3757}, {'x': 1.75, 'y': 0.4754}, {'x': 2.0, 'y': 0.5967}, {'x': 2.25, 'y': 0.7466}, {'x': 2.5, 'y': 0.9341}, {'x': 2.75, 'y': 1.1716}, {'x': 3.0, 'y': 1.4758}]}","{'formula': '0.2*x*exp(0.1*x**2)', 'latex': '0.2 x e^{0.1 x^{2}}', 'properties': {'singularities': [], 'is_periodic': False, 'domain': 'R'}}",derivative_of_exp(0.1*x**2)
MCM_110_a7cc37d2,"{'a': 1, 'b': 1, 'c': 0}","{'points': [{'x': -3.0, 'y': -0.6667}, {'x': -2.75, 'y': -0.7273}, {'x': -2.5, 'y': -0.8}, {'x': -2.25, 'y': -0.8889}, {'x': -2.0, 'y': -1.0}, {'x': -1.75, 'y': -1.1429}, {'x': -1.5, 'y': -1.3333}, {'x': -1.25, 'y': -1.6}, {'x': -1.0, 'y': 0.0}, {'x': -0.75, 'y': 1.0435}, {'x': -0.5, 'y': 0.5714}, {'x': -0.25, 'y': 0.2581}, {'x': 0.0, 'y': 0.0}, {'x': 0.25, 'y': -0.2581}, {'x': 0.5, 'y': -0.5714}, {'x': 0.75, 'y': -1.0435}, {'x': 1.0, 'y': 0.0}, {'x': 1.25, 'y': 1.6}, {'x': 1.5, 'y': 1.3333}, {'x': 1.75, 'y': 1.1429}, {'x': 2.0, 'y': 1.0}, {'x': 2.25, 'y': 0.8889}, {'x': 2.5, 'y': 0.8}, {'x': 2.75, 'y': 0.7273}, {'x': 3.0, 'y': 0.6667}]}","{'formula': 'Piecewise((0, Eq(x**2, 1)), (2*x*(x**2 - 1)/((Abs(x**2 - 1) + 1)*Abs(x**2 - 1)), True))', 'latex': '\\begin{cases} 0 & \\text{for}\\: x^{2} = 1 \\\\\\frac{2 x \\left(x^{2} - 1\\right)}{\\left(\\left|{x^{2} - 1}\\right| + 1\\right) \\left|{x^{2} - 1}\\right|} & \\text{otherwise} \\end{cases}', 'properties': {'singularities': [], 'is_periodic': False, 'domain': 'R'}}",derivative_of_log(Abs(x**2 - 1) + 1)
MCM_110_2f042dcd,"{'a': 1, 'b': 1, 'c': 0}","{'points': [{'x': -3.0, 'y': 0.0499}, {'x': -2.75, 'y': -0.6755}, {'x': -2.5, 'y': -1.0603}, {'x': -2.25, 'y': -1.1338}, {'x': -2.0, 'y': -1.0}, {'x': -1.75, 'y': -0.765}, {'x': -1.5, 'y': -0.502}, {'x': -1.25, 'y': -0.2456}, {'x': -1.0, 'y': 0.0}, {'x': -0.75, 'y': 0.2456}, {'x': -0.5, 'y': 0.502}, {'x': -0.25, 'y': 0.765}, {'x': 0.0, 'y': 1.0}, {'x': 0.25, 'y': 1.1338}, {'x': 0.5, 'y': 1.0603}, {'x': 0.75, 'y': 0.6755}, {'x': 1.0, 'y': -0.0499}, {'x': 1.25, 'y': -0.9805}, {'x': 1.5, 'y': -1.7669}, {'x': 1.75, 'y': -1.9339}, {'x': 2.0, 'y': -1.1623}, {'x': 2.25, 'y': 0.3396}, {'x': 2.5, 'y': 1.6996}, {'x': 2.75, 'y': 1.8439}, {'x': 3.0, 'y': 0.4777}]}","{'formula': '((-0.1*x - 0.1)*sin(x*(0.5*x + 1)) + (1.0*x + 1)*cos(x*(0.5*x + 1)))*exp(-x*(0.05*x + 0.1))', 'latex': '\\left(\\left(- 0.1 x - 0.1\\right) \\sin{\\left(x \\left(0.5 x + 1\\right) \\right)} + \\left(1.0 x + 1\\right) \\cos{\\left(x \\left(0.5 x + 1\\right) \\right)}\\right) e^{- x \\left(0.05 x + 0.1\\right)}', 'properties': {'singularities': [], 'is_periodic': False, 'domain': 'R'}}",derivative_of_exp(-x*(0.05*x + 0.1))*sin(x*(0.5*x + 1))
MCM_110_95dce1bd,"{'a': 1, 'b': 1, 'c': 0}","{'points': [{'x': -3.0, 'y': 2.8289}, {'x': -2.75, 'y': 2.1602}, {'x': -2.5, 'y': 1.4044}, {'x': -2.25, 'y': 0.6353}, {'x': -2.0, 'y': -0.077}, {'x': -1.75, 'y': -0.6721}, {'x': -1.5, 'y': -1.1036}, {'x': -1.25, 'y': -1.3431}, {'x': -1.0, 'y': -1.3818}, {'x': -0.75, 'y': -1.2304}, {'x': -0.5, 'y': -0.9182}, {'x': -0.25, 'y': -0.4896}, {'x': 0.0, 'y': 0.0}, {'x': 0.25, 'y': 0.4896}, {'x': 0.5, 'y': 0.9182}, {'x': 0.75, 'y': 1.2304}, {'x': 1.0, 'y': 1.3818}, {'x': 1.25, 'y': 1.3431}, {'x': 1.5, 'y': 1.1036}, {'x': 1.75, 'y': 0.6721}, {'x': 2.0, 'y': 0.077}, {'x': 2.25, 'y': -0.6353}, {'x': 2.5, 'y': -1.4044}, {'x': 2.75, 'y': -2.1602}, {'x': 3.0, 'y': -2.8289}]}","{'formula': 'x*cos(x) + sin(x)', 'latex': 'x \\cos{\\left(x \\right)} + \\sin{\\left(x \\right)}', 'properties': {'singularities': [], 'is_periodic': False, 'domain': 'R'}}",derivative_of_x*sin(x)
MCM_110_991e4bc2,"{'a': 1, 'b': 1, 'c': 0}","{'points': [{'x': -3.0, 'y': 7.21}, {'x': -2.75, 'y': 7.97}, {'x': -2.5, 'y': 7.7462}, {'x': -2.25, 'y': 6.7658}, {'x': -2.0, 'y': 5.3018}, {'x': -1.75, 'y': 3.6373}, {'x': -1.5, 'y': 2.0322}, {'x': -1.25, 'y': 0.6945}, {'x': -1.0, 'y': -0.2391}, {'x': -0.75, 'y': -0.7141}, {'x': -0.5, 'y': -0.7577}, {'x': -0.25, 'y': -0.469}, {'x': 0.0, 'y': 0.0}, {'x': 0.25, 'y': 0.469}, {'x': 0.5, 'y': 0.7577}, {'x': 0.75, 'y': 0.7141}, {'x': 1.0, 'y': 0.2391}, {'x': 1.25, 'y': -0.6945}, {'x': 1.5, 'y': -2.0322}, {'x': 1.75, 'y': -3.6373}, {'x': 2.0, 'y': -5.3018}, {'x': 2.25, 'y': -6.7658}, {'x': 2.5, 'y': -7.7462}, {'x': 2.75, 'y': -7.97}, {'x': 3.0, 'y': -7.21}]}","{'formula': 'x*(-x*sin(x) + 2*cos(x))', 'latex': 'x \\left(- x \\sin{\\left(x \\right)} + 2 \\cos{\\left(x \\right)}\\right)', 'properties': {'singularities': [], 'is_periodic': False, 'domain': 'R'}}",derivative_of_x**2*cos(x)
MCM_110_a8788a04,"{'a': 1, 'b': 1, 'c': 0}","{'points': [{'x': -3.0, 'y': -0.9502}, {'x': -2.75, 'y': -0.9361}, {'x': -2.5, 'y': -0.9179}, {'x': -2.25, 'y': -0.8946}, {'x': -2.0, 'y': -0.8647}, {'x': -1.75, 'y': -0.8262}, {'x': -1.5, 'y': -0.7769}, {'x': -1.25, 'y': -0.7135}, {'x': -1.0, 'y': -0.6321}, {'x': -0.75, 'y': -0.5276}, {'x': -0.5, 'y': -0.3935}, {'x': -0.25, 'y': -0.2212}, {'x': 0.0, 'y': 0.0}, {'x': 0.25, 'y': 0.284}, {'x': 0.5, 'y': 0.6487}, {'x': 0.75, 'y': 1.117}, {'x': 1.0, 'y': 1.7183}, {'x': 1.25, 'y': 2.4903}, {'x': 1.5, 'y': 3.4817}, {'x': 1.75, 'y': 4.7546}, {'x': 2.0, 'y': 6.3891}, {'x': 2.25, 'y': 8.4877}, {'x': 2.5, 'y': 11.1825}, {'x': 2.75, 'y': 14.6426}, {'x': 3.0, 'y': 19.0855}]}","{'formula': 'exp(x) - 1', 'latex': 'e^{x} - 1', 'properties': {'singularities': [], 'is_periodic': False, 'domain': 'R'}}",derivative_of_-x + exp(x)
MCM_110_180b279d,"{'a': 1, 'b': 1, 'c': 0}","{'points': [{'x': -3.0, 'y': -5.9134}, {'x': -2.75, 'y': -5.397}, {'x': -2.5, 'y': -4.8775}, {'x': -2.25, 'y': -4.3543}, {'x': -2.0, 'y': -3.8267}, {'x': -1.75, 'y': -3.2939}, {'x': -1.5, 'y': -2.7549}, {'x': -1.25, 'y': -2.2086}, {'x': -1.0, 'y': -1.6534}, {'x': -0.75, 'y': -1.0879}, {'x': -0.5, 'y': -0.5099}, {'x': -0.25, 'y': 0.0829}, {'x': 0.0, 'y': 0.6931}, {'x': 0.25, 'y': 1.3243}, {'x': 0.5, 'y': 1.9803}, {'x': 0.75, 'y': 2.6657}, {'x': 1.0, 'y': 3.3863}, {'x': 1.25, 'y': 4.1486}, {'x': 1.5, 'y': 4.9605}, {'x': 1.75, 'y': 5.8315}, {'x': 2.0, 'y': 6.7726}, {'x': 2.25, 'y': 7.7972}, {'x': 2.5, 'y': 8.921}, {'x': 2.75, 'y': 10.1629}, {'x': 3.0, 'y': 11.5452}]}","{'formula': '2**x*log(2) + 2*x', 'latex': '2^{x} \\log{\\left(2 \\right)} + 2 x', 'properties': {'singularities': [], 'is_periodic': False, 'domain': 'R'}}",derivative_of_2**x + x**2
MCM_111_4f5cbe79,"{'a': 1, 'b': 1, 'c': 1}","{'points': [{'x': -3.0, 'y': 1.1457}, {'x': -2.75, 'y': 0.6218}, {'x': -2.5, 'y': 0.2738}, {'x': -2.25, 'y': 0.0658}, {'x': -2.0, 'y': -0.0471}, {'x': -1.75, 'y': -0.1003}, {'x': -1.5, 'y': -0.1176}, {'x': -1.25, 'y': -0.1143}, {'x': -1.0, 'y': -0.0992}, {'x': -0.75, 'y': -0.0779}, {'x': -0.5, 'y': -0.0532}, {'x': -0.25, 'y': -0.0269}, {'x': 0.0, 'y': 0.0}, {'x': 0.25, 'y': 0.0269}, {'x': 0.5, 'y': 0.0532}, {'x': 0.75, 'y': 0.0779}, {'x': 1.0, 'y': 0.0992}, {'x': 1.25, 'y': 0.1143}, {'x': 1.5, 'y': 0.1176}, {'x': 1.75, 'y': 0.1003}, {'x': 2.0, 'y': 0.0471}, {'x': 2.25, 'y': -0.0658}, {'x': 2.5, 'y': -0.2738}, {'x': 2.75, 'y': -0.6218}, {'x': 3.0, 'y': -1.1457}]}","{'formula': '0.2*x*exp(0.1*x**2)*cos(exp(0.1*x**2))', 'latex': '0.2 x e^{0.1 x^{2}} \\cos{\\left(e^{0.1 x^{2}} \\right)}', 'properties': {'singularities': [], 'is_periodic': False, 'domain': 'R'}}",derivative_of_sin(exp(0.1*x**2))
MCM_111_efb309c0,"{'a': 1, 'b': 1, 'c': 1}","{'points': [{'x': -3.0, 'y': 0.5401}, {'x': -2.75, 'y': 0.6541}, {'x': -2.5, 'y': 0.7727}, {'x': -2.25, 'y': 0.8877}, {'x': -2.0, 'y': 0.983}, {'x': -1.75, 'y': 1.0283}, {'x': -1.5, 'y': 0.9666}, {'x': -1.25, 'y': 0.6906}, {'x': -1.0, 'y': 0.0}, {'x': -0.75, 'y': -0.3704}, {'x': -0.5, 'y': -0.3033}, {'x': -0.25, 'y': -0.1585}, {'x': 0.0, 'y': 0.0}, {'x': 0.25, 'y': 0.1585}, {'x': 0.5, 'y': 0.3033}, {'x': 0.75, 'y': 0.3704}, {'x': 1.0, 'y': 0.0}, {'x': 1.25, 'y': -0.6906}, {'x': 1.5, 'y': -0.9666}, {'x': 1.75, 'y': -1.0283}, {'x': 2.0, 'y': -0.983}, {'x': 2.25, 'y': -0.8877}, {'x': 2.5, 'y': -0.7727}, {'x': 2.75, 'y': -0.6541}, {'x': 3.0, 'y': -0.5401}]}","{'formula': 'Piecewise((0, Eq(x**2, 1)), (-2*x*(x**2 - 1)*sin(log(Abs(x**2 - 1) + 1))/((Abs(x**2 - 1) + 1)*Abs(x**2 - 1)), True))', 'latex': '\\begin{cases} 0 & \\text{for}\\: x^{2} = 1 \\\\- \\frac{2 x \\left(x^{2} - 1\\right) \\sin{\\left(\\log{\\left(\\left|{x^{2} - 1}\\right| + 1 \\right)} \\right)}}{\\left(\\left|{x^{2} - 1}\\right| + 1\\right) \\left|{x^{2} - 1}\\right|} & \\text{otherwise} \\end{cases}', 'properties': {'singularities': [], 'is_periodic': False, 'domain': 'R'}}",derivative_of_cos(log(Abs(x**2 - 1) + 1))
MCM_111_3f03f65e,"{'a': 1, 'b': 1, 'c': 1}","{'points': [{'x': -3.0, 'y': -0.3613}, {'x': -2.75, 'y': -0.142}, {'x': -2.5, 'y': -0.0345}, {'x': -2.25, 'y': 0.0246}, {'x': -2.0, 'y': 0.1198}, {'x': -1.75, 'y': 0.3201}, {'x': -1.5, 'y': 0.6414}, {'x': -1.25, 'y': 1.0189}, {'x': -1.0, 'y': 1.3196}, {'x': -0.75, 'y': 1.4116}, {'x': -0.5, 'y': 1.2509}, {'x': -0.25, 'y': 0.9132}, {'x': 0.0, 'y': 0.5403}, {'x': 0.25, 'y': 0.2504}, {'x': 0.5, 'y': 0.0845}, {'x': 0.75, 'y': 0.0078}, {'x': 1.0, 'y': -0.0566}, {'x': 1.25, 'y': -0.1912}, {'x': 1.5, 'y': -0.4464}, {'x': 1.75, 'y': -0.8049}, {'x': 2.0, 'y': -1.1675}, {'x': 2.25, 'y': -1.3905}, {'x': 2.5, 'y': -1.371}, {'x': 2.75, 'y': -1.1184}, {'x': 3.0, 'y': -0.7475}]}","{'formula': 'sqrt(2)*cos(sqrt(2)*sin(x + pi/4))*cos(x + pi/4)', 'latex': '\\sqrt{2} \\cos{\\left(\\sqrt{2} \\sin{\\left(x + \\frac{\\pi}{4} \\right)} \\right)} \\cos{\\left(x + \\frac{\\pi}{4} \\right)}', 'properties': {'singularities': [], 'is_periodic': False, 'domain': 'R'}}",derivative_of_sin(sin(x) + cos(x))
MCM_111_5e0d521b,"{'a': 1, 'b': 1, 'c': 1}","{'points': [{'x': -3.0, 'y': -0.7681}, {'x': -2.75, 'y': -0.5237}, {'x': -2.5, 'y': -0.1997}, {'x': -2.25, 'y': 0.1479}, {'x': -2.0, 'y': 0.4784}, {'x': -1.75, 'y': 0.7394}, {'x': -1.5, 'y': 0.8542}, {'x': -1.25, 'y': 0.7486}, {'x': -1.0, 'y': 0.4099}, {'x': -0.75, 'y': -0.0707}, {'x': -0.5, 'y': -0.5261}, {'x': -0.25, 'y': -0.8034}, {'x': 0.0, 'y': -0.8415}, {'x': 0.25, 'y': -0.6767}, {'x': 0.5, 'y': -0.3891}, {'x': 0.75, 'y': -0.0494}, {'x': 1.0, 'y': 0.2958}, {'x': 1.25, 'y': 0.6041}, {'x': 1.5, 'y': 0.8122}, {'x': 1.75, 'y': 0.8384}, {'x': 2.0, 'y': 0.6275}, {'x': 2.25, 'y': 0.21}, {'x': 2.5, 'y': -0.2817}, {'x': 2.75, 'y': -0.6744}, {'x': 3.0, 'y': -0.8489}]}","{'formula': '(sin(x) - cos(x))*sin(sin(x) + cos(x))', 'latex': '\\left(\\sin{\\left(x \\right)} - \\cos{\\left(x \\right)}\\right) \\sin{\\left(\\sin{\\left(x \\right)} + \\cos{\\left(x \\right)} \\right)}', 'properties': {'singularities': [], 'is_periodic': False, 'domain': 'R'}}",derivative_of_cos(sin(x) + cos(x))
MCM_111_aa51daa3,"{'a': 1, 'b': 1, 'c': 1}","{'points': [{'x': -3.0, 'y': 2.5791}, {'x': -2.75, 'y': 1.0756}, {'x': -2.5, 'y': 0.1047}, {'x': -2.25, 'y': -0.1137}, {'x': -2.0, 'y': 0.0189}, {'x': -1.75, 'y': 0.1012}, {'x': -1.5, 'y': -0.0822}, {'x': -1.25, 'y': -0.5039}, {'x': -1.0, 'y': -0.9208}, {'x': -0.75, 'y': -1.0731}, {'x': -0.5, 'y': -0.892}, {'x': -0.25, 'y': -0.4887}, {'x': 0.0, 'y': 0.0}, {'x': 0.25, 'y': 0.4887}, {'x': 0.5, 'y': 0.892}, {'x': 0.75, 'y': 1.0731}, {'x': 1.0, 'y': 0.9208}, {'x': 1.25, 'y': 0.5039}, {'x': 1.5, 'y': 0.0822}, {'x': 1.75, 'y': -0.1012}, {'x': 2.0, 'y': -0.0189}, {'x': 2.25, 'y': 0.1137}, {'x': 2.5, 'y': -0.1047}, {'x': 2.75, 'y': -1.0756}, {'x': 3.0, 'y': -2.5791}]}","{'formula': '(x*cos(x) + sin(x))*cos(x*sin(x))', 'latex': '\\left(x \\cos{\\left(x \\right)} + \\sin{\\left(x \\right)}\\right) \\cos{\\left(x \\sin{\\left(x \\right)} \\right)}', 'properties': {'singularities': [], 'is_periodic': False, 'domain': 'R'}}",derivative_of_sin(x*sin(x))
MCM_111_87e2b889,"{'a': 1, 'b': 1, 'c': 1}","{'points': [{'x': -3.0, 'y': -1.1622}, {'x': -2.75, 'y': -1.8733}, {'x': -2.5, 'y': -1.4005}, {'x': -2.25, 'y': -0.6251}, {'x': -2.0, 'y': 0.0747}, {'x': -1.75, 'y': 0.6644}, {'x': -1.5, 'y': 1.1005}, {'x': -1.25, 'y': 1.245}, {'x': -1.0, 'y': 1.0303}, {'x': -0.75, 'y': 0.602}, {'x': -0.5, 'y': 0.218}, {'x': -0.25, 'y': 0.0303}, {'x': 0.0, 'y': 0.0}, {'x': 0.25, 'y': -0.0303}, {'x': 0.5, 'y': -0.218}, {'x': 0.75, 'y': -0.602}, {'x': 1.0, 'y': -1.0303}, {'x': 1.25, 'y': -1.245}, {'x': 1.5, 'y': -1.1005}, {'x': 1.75, 'y': -0.6644}, {'x': 2.0, 'y': -0.0747}, {'x': 2.25, 'y': 0.6251}, {'x': 2.5, 'y': 1.4005}, {'x': 2.75, 'y': 1.8733}, {'x': 3.0, 'y': 1.1622}]}","{'formula': '(-x*cos(x) - sin(x))*sin(x*sin(x))', 'latex': '\\left(- x \\cos{\\left(x \\right)} - \\sin{\\left(x \\right)}\\right) \\sin{\\left(x \\sin{\\left(x \\right)} \\right)}', 'properties': {'singularities': [], 'is_periodic': False, 'domain': 'R'}}",derivative_of_cos(x*sin(x))
MCM_111_819766bf,"{'a': 1, 'b': 1, 'c': 1}","{'points': [{'x': -3.0, 'y': -6.2754}, {'x': -2.75, 'y': 6.0605}, {'x': -2.5, 'y': 2.2503}, {'x': -2.25, 'y': -6.7608}, {'x': -2.0, 'y': -0.4965}, {'x': -1.75, 'y': 3.1087}, {'x': -1.5, 'y': 2.0065}, {'x': -1.25, 'y': 0.6119}, {'x': -1.0, 'y': -0.2051}, {'x': -0.75, 'y': -0.6545}, {'x': -0.5, 'y': -0.7396}, {'x': -0.25, 'y': -0.4681}, {'x': 0.0, 'y': 0.0}, {'x': 0.25, 'y': 0.4681}, {'x': 0.5, 'y': 0.7396}, {'x': 0.75, 'y': 0.6545}, {'x': 1.0, 'y': 0.2051}, {'x': 1.25, 'y': -0.6119}, {'x': 1.5, 'y': -2.0065}, {'x': 1.75, 'y': -3.1087}, {'x': 2.0, 'y': 0.4965}, {'x': 2.25, 'y': 6.7608}, {'x': 2.5, 'y': -2.2503}, {'x': 2.75, 'y': -6.0605}, {'x': 3.0, 'y': 6.2754}]}","{'formula': 'x*(-x*sin(x) + 2*cos(x))*cos(x**2*cos(x))', 'latex': 'x \\left(- x \\sin{\\left(x \\right)} + 2 \\cos{\\left(x \\right)}\\right) \\cos{\\left(x^{2} \\cos{\\left(x \\right)} \\right)}', 'properties': {'singularities': [], 'is_periodic': False, 'domain': 'R'}}",derivative_of_sin(x**2*cos(x))
MCM_111_aa738032,"{'a': 1, 'b': 1, 'c': 1}","{'points': [{'x': -3.0, 'y': 3.5502}, {'x': -2.75, 'y': 5.176}, {'x': -2.5, 'y': -7.4121}, {'x': -2.25, 'y': -0.2607}, {'x': -2.0, 'y': 5.2785}, {'x': -1.75, 'y': 1.8884}, {'x': -1.5, 'y': -0.3221}, {'x': -1.25, 'y': -0.3285}, {'x': -1.0, 'y': 0.123}, {'x': -0.75, 'y': 0.2857}, {'x': -0.5, 'y': 0.1649}, {'x': -0.25, 'y': 0.0284}, {'x': 0.0, 'y': 0.0}, {'x': 0.25, 'y': -0.0284}, {'x': 0.5, 'y': -0.1649}, {'x': 0.75, 'y': -0.2857}, {'x': 1.0, 'y': -0.123}, {'x': 1.25, 'y': 0.3285}, {'x': 1.5, 'y': 0.3221}, {'x': 1.75, 'y': -1.8884}, {'x': 2.0, 'y': -5.2785}, {'x': 2.25, 'y': 0.2607}, {'x': 2.5, 'y': 7.4121}, {'x': 2.75, 'y': -5.176}, {'x': 3.0, 'y': -3.5502}]}","{'formula': 'x*(x*sin(x) - 2*cos(x))*sin(x**2*cos(x))', 'latex': 'x \\left(x \\sin{\\left(x \\right)} - 2 \\cos{\\left(x \\right)}\\right) \\sin{\\left(x^{2} \\cos{\\left(x \\right)} \\right)}', 'properties': {'singularities': [], 'is_periodic': False, 'domain': 'R'}}",derivative_of_cos(x**2*cos(x))
MCM_111_adc68a97,"{'a': 1, 'b': 1, 'c': 1}","{'points': [{'x': -3.0, 'y': 0.9462}, {'x': -2.75, 'y': 0.8863}, {'x': -2.5, 'y': 0.7779}, {'x': -2.25, 'y': 0.6321}, {'x': -2.0, 'y': 0.4626}, {'x': -1.75, 'y': 0.2856}, {'x': -1.5, 'y': 0.1179}, {'x': -1.25, 'y': -0.0245}, {'x': -1.0, 'y': -0.1274}, {'x': -0.75, 'y': -0.1801}, {'x': -0.5, 'y': -0.1762}, {'x': -0.25, 'y': -0.1141}, {'x': 0.0, 'y': 0.0}, {'x': 0.25, 'y': 0.1452}, {'x': 0.5, 'y': 0.2658}, {'x': 0.75, 'y': 0.2261}, {'x': 1.0, 'y': -0.2525}, {'x': 1.25, 'y': -1.5456}, {'x': 1.5, 'y': -3.4373}, {'x': 1.75, 'y': -3.0912}, {'x': 2.0, 'y': 4.0008}, {'x': 2.25, 'y': 4.9057}, {'x': 2.5, 'y': -10.8132}, {'x': 2.75, 'y': 13.8702}, {'x': 3.0, 'y': -3.6649}]}","{'formula': '(exp(x) - 1)*cos(x - exp(x))', 'latex': '\\left(e^{x} - 1\\right) \\cos{\\left(x - e^{x} \\right)}', 'properties': {'singularities': [], 'is_periodic': False, 'domain': 'R'}}",derivative_of_-sin(x - exp(x))
MCM_111_5e52f4bf,"{'a': 1, 'b': 1, 'c': 1}","{'points': [{'x': -3.0, 'y': 0.0871}, {'x': -2.75, 'y': 0.3013}, {'x': -2.5, 'y': 0.4872}, {'x': -2.25, 'y': 0.6331}, {'x': -2.0, 'y': 0.7305}, {'x': -1.75, 'y': 0.7753}, {'x': -1.5, 'y': 0.7679}, {'x': -1.25, 'y': 0.7131}, {'x': -1.0, 'y': 0.6192}, {'x': -0.75, 'y': 0.4959}, {'x': -0.5, 'y': 0.3518}, {'x': -0.25, 'y': 0.1895}, {'x': 0.0, 'y': 0.0}, {'x': 0.25, 'y': -0.2441}, {'x': 0.5, 'y': -0.5918}, {'x': 0.75, 'y': -1.0939}, {'x': 1.0, 'y': -1.6996}, {'x': 1.25, 'y': -1.9527}, {'x': 1.5, 'y': -0.5544}, {'x': 1.75, 'y': 3.6126}, {'x': 2.0, 'y': 4.9813}, {'x': 2.25, 'y': -6.9265}, {'x': 2.5, 'y': 2.8501}, {'x': 2.75, 'y': -4.693}, {'x': 3.0, 'y': 18.7304}]}","{'formula': '(exp(x) - 1)*sin(x - exp(x))', 'latex': '\\left(e^{x} - 1\\right) \\sin{\\left(x - e^{x} \\right)}', 'properties': {'singularities': [], 'is_periodic': False, 'domain': 'R'}}",derivative_of_cos(x - exp(x))
MCM_111_1ddc365c,"{'a': 1, 'b': 1, 'c': 1}","{'points': [{'x': -3.0, 'y': 5.6496}, {'x': -2.75, 'y': -0.7682}, {'x': -2.5, 'y': -4.8273}, {'x': -2.25, 'y': -2.3142}, {'x': -2.0, 'y': 1.707}, {'x': -1.75, 'y': 3.2158}, {'x': -1.5, 'y': 2.3657}, {'x': -1.25, 'y': 0.8847}, {'x': -1.0, 'y': -0.117}, {'x': -0.75, 'y': -0.4373}, {'x': -0.5, 'y': -0.2936}, {'x': -0.25, 'y': 0.0513}, {'x': 0.0, 'y': 0.3745}, {'x': 0.25, 'y': 0.4154}, {'x': 0.5, 'y': -0.1847}, {'x': 0.75, 'y': -1.6627}, {'x': 1.0, 'y': -3.3524}, {'x': 1.25, 'y': -2.8924}, {'x': 1.5, 'y': 1.7755}, {'x': 1.75, 'y': 5.772}, {'x': 2.0, 'y': -0.9854}, {'x': 2.25, 'y': -7.1981}, {'x': 2.5, 'y': 7.0502}, {'x': 2.75, 'y': -1.5439}, {'x': 3.0, 'y': -3.1768}]}","{'formula': '(2**x*log(2) + 2*x)*cos(2**x + x**2)', 'latex': '\\left(2^{x} \\log{\\left(2 \\right)} + 2 x\\right) \\cos{\\left(2^{x} + x^{2} \\right)}', 'properties': {'singularities': [], 'is_periodic': False, 'domain': 'R'}}",derivative_of_sin(2**x + x**2)
MCM_111_4736d3e8,"{'a': 1, 'b': 1, 'c': 1}","{'points': [{'x': -3.0, 'y': 1.7463}, {'x': -2.75, 'y': 5.342}, {'x': -2.5, 'y': 0.698}, {'x': -2.25, 'y': -3.6884}, {'x': -2.0, 'y': -3.4249}, {'x': -1.75, 'y': -0.7131}, {'x': -1.5, 'y': 1.4118}, {'x': -1.25, 'y': 2.0236}, {'x': -1.0, 'y': 1.6493}, {'x': -0.75, 'y': 0.9961}, {'x': -0.5, 'y': 0.4168}, {'x': -0.25, 'y': -0.0651}, {'x': 0.0, 'y': -0.5833}, {'x': 0.25, 'y': -1.2574}, {'x': 0.5, 'y': -1.9716}, {'x': 0.75, 'y': -2.0837}, {'x': 1.0, 'y': -0.4779}, {'x': 1.25, 'y': 2.9741}, {'x': 1.5, 'y': 4.6319}, {'x': 1.75, 'y': -0.8305}, {'x': 2.0, 'y': -6.7005}, {'x': 2.25, 'y': 2.9972}, {'x': 2.5, 'y': 5.4662}, {'x': 2.75, 'y': -10.045}, {'x': 3.0, 'y': 11.0995}]}","{'formula': '(-2**x*log(2) - 2*x)*sin(2**x + x**2)', 'latex': '\\left(- 2^{x} \\log{\\left(2 \\right)} - 2 x\\right) \\sin{\\left(2^{x} + x^{2} \\right)}', 'properties': {'singularities': [], 'is_periodic': False, 'domain': 'R'}}",derivative_of_cos(2**x + x**2)
MCM_112_2f21d028,"{'a': 1, 'b': 1, 'c': 2}","{'points': [{'x': -3.0, 'y': 0.2201}, {'x': -2.75, 'y': 0.1488}, {'x': -2.5, 'y': 0.0829}, {'x': -2.25, 'y': 0.0173}, {'x': -2.0, 'y': -0.0541}, {'x': -1.75, 'y': -0.1399}, {'x': -1.5, 'y': -0.2544}, {'x': -1.25, 'y': -0.425}, {'x': -1.0, 'y': -0.7124}, {'x': -0.75, 'y': -1.2775}, {'x': -0.5, 'y': -2.6772}, {'x': -0.25, 'y': -8.0707}, {'x': 0.0, 'y': -100.0}, {'x': 0.25, 'y': -44.3877}, {'x': 0.5, 'y': -6.1519}, {'x': 0.75, 'y': -2.2597}, {'x': 1.0, 'y': -1.1188}, {'x': 1.25, 'y': -0.6299}, {'x': 1.5, 'y': -0.3706}, {'x': 1.75, 'y': -0.2108}, {'x': 2.0, 'y': -0.0992}, {'x': 2.25, 'y': -0.0117}, {'x': 2.5, 'y': 0.0649}, {'x': 2.75, 'y': 0.1388}, {'x': 3.0, 'y': 0.2164}]}","{'formula': '(0.2*x*(x - 0.1)**2 - x + 0.1)*exp(0.1*x**2)/(x - 0.1)**3', 'latex': '\\frac{\\left(0.2 x \\left(x - 0.1\\right)^{2} - x + 0.1\\right) e^{0.1 x^{2}}}{\\left(x - 0.1\\right)^{3}}', 'properties': {'singularities': [], 'is_periodic': False, 'domain': 'R'}}",derivative_of_exp(0.1*x**2)/(x - 0.1)
MCM_112_55e1247b,"{'a': 1, 'b': 1, 'c': 2}","{'points': [{'x': -3.0, 'y': -0.0422}, {'x': -2.75, 'y': -0.0259}, {'x': -2.5, 'y': 0.0014}, {'x': -2.25, 'y': 0.0477}, {'x': -2.0, 'y': 0.1277}, {'x': -1.75, 'y': 0.2715}, {'x': -1.5, 'y': 0.5458}, {'x': -1.25, 'y': 1.119}, {'x': -1.0, 'y': 0.0}, {'x': -0.75, 'y': -3.0969}, {'x': -0.5, 'y': -8.1227}, {'x': -0.25, 'y': -269.7207}, {'x': 0.0, 'y': -17.3287}, {'x': 0.25, 'y': -3.8396}, {'x': 0.5, 'y': -1.9584}, {'x': 0.75, 'y': -1.5005}, {'x': 1.0, 'y': 0.0}, {'x': 1.25, 'y': 0.8912}, {'x': 1.5, 'y': 0.5037}, {'x': 1.75, 'y': 0.2917}, {'x': 2.0, 'y': 0.1681}, {'x': 2.25, 'y': 0.0926}, {'x': 2.5, 'y': 0.0449}, {'x': 2.75, 'y': 0.014}, {'x': 3.0, 'y': -0.0062}]}","{'formula': 'Piecewise((-log(Abs(x**2 - 1) + 1)/(x + 0.2)**2, Eq(x**2, 1)), ((2*x*(x + 0.2)*(x**2 - 1) - (Abs(x**2 - 1) + 1)*log(Abs(x**2 - 1) + 1)*Abs(x**2 - 1))/((x + 0.2)**2*(Abs(x**2 - 1) + 1)*Abs(x**2 - 1)), True))', 'latex': '\\begin{cases} - \\frac{\\log{\\left(\\left|{x^{2} - 1}\\right| + 1 \\right)}}{\\left(x + 0.2\\right)^{2}} & \\text{for}\\: x^{2} = 1 \\\\\\frac{2 x \\left(x + 0.2\\right) \\left(x^{2} - 1\\right) - \\left(\\left|{x^{2} - 1}\\right| + 1\\right) \\log{\\left(\\left|{x^{2} - 1}\\right| + 1 \\right)} \\left|{x^{2} - 1}\\right|}{\\left(x + 0.2\\right)^{2} \\left(\\left|{x^{2} - 1}\\right| + 1\\right) \\left|{x^{2} - 1}\\right|} & \\text{otherwise} \\end{cases}', 'properties': {'singularities': [], 'is_periodic': False, 'domain': 'R'}}",derivative_of_log(Abs(x**2 - 1) + 1)/(x + 0.2)
MCM_112_404759f4,"{'a': 1, 'b': 1, 'c': 2}","{'points': [{'x': -3.0, 'y': -0.0633}, {'x': -2.75, 'y': 0.1233}, {'x': -2.5, 'y': 0.2521}, {'x': -2.25, 'y': 0.3144}, {'x': -2.0, 'y': 0.3226}, {'x': -1.75, 'y': 0.2957}, {'x': -1.5, 'y': 0.2493}, {'x': -1.25, 'y': 0.1902}, {'x': -1.0, 'y': 0.1143}, {'x': -0.75, 'y': 0.0056}, {'x': -0.5, 'y': -0.1652}, {'x': -0.25, 'y': -0.4449}, {'x': 0.0, 'y': -0.9091}, {'x': 0.25, 'y': -1.7074}, {'x': 0.5, 'y': -3.294}, {'x': 0.75, 'y': -8.2474}, {'x': 1.0, 'y': -85.3558}, {'x': 1.25, 'y': -39.0334}, {'x': 1.5, 'y': -6.7915}, {'x': 1.75, 'y': -2.7379}, {'x': 2.0, 'y': -0.6651}, {'x': 2.25, 'y': 0.763}, {'x': 2.5, 'y': 1.3918}, {'x': 2.75, 'y': 1.0706}, {'x': 3.0, 'y': 0.1287}]}","{'formula': '((x - 1.1)*((-0.1*x - 0.1)*sin(x*(0.5*x + 1)) + (1.0*x + 1)*cos(x*(0.5*x + 1))) - sin(x*(0.5*x + 1)))*exp(-x*(0.05*x + 0.1))/(x - 1.1)**2', 'latex': '\\frac{\\left(\\left(x - 1.1\\right) \\left(\\left(- 0.1 x - 0.1\\right) \\sin{\\left(x \\left(0.5 x + 1\\right) \\right)} + \\left(1.0 x + 1\\right) \\cos{\\left(x \\left(0.5 x + 1\\right) \\right)}\\right) - \\sin{\\left(x \\left(0.5 x + 1\\right) \\right)}\\right) e^{- x \\left(0.05 x + 0.1\\right)}}{\\left(x - 1.1\\right)^{2}}', 'properties': {'singularities': [], 'is_periodic': False, 'domain': 'R'}}",derivative_of_exp(-x*(0.05*x + 0.1))*sin(x*(0.5*x + 1))/(x - 1.1)
MCM_112_fd0cd4c4,"{'a': 1, 'b': 1, 'c': 2}","{'points': [{'x': -3.0, 'y': 0.3915}, {'x': -2.75, 'y': 0.3512}, {'x': -2.5, 'y': 0.285}, {'x': -2.25, 'y': 0.1909}, {'x': -2.0, 'y': 0.0657}, {'x': -1.75, 'y': -0.0959}, {'x': -1.5, 'y': -0.3056}, {'x': -1.25, 'y': -0.5888}, {'x': -1.0, 'y': -1.0073}, {'x': -0.75, 'y': -1.732}, {'x': -0.5, 'y': -3.3677}, {'x': -0.25, 'y': -9.3651}, {'x': 0.0, 'y': -110.0}, {'x': 0.25, 'y': -49.2484}, {'x': 0.5, 'y': -7.4859}, {'x': 0.75, 'y': -3.2682}, {'x': 1.0, 'y': -2.0405}, {'x': 1.25, 'y': -1.507}, {'x': 1.5, 'y': -1.207}, {'x': 1.75, 'y': -1.0003}, {'x': 2.0, 'y': -0.8342}, {'x': 2.25, 'y': -0.6865}, {'x': 2.5, 'y': -0.548}, {'x': 2.75, 'y': -0.4155}, {'x': 3.0, 'y': -0.2891}]}","{'formula': '(sqrt(2)*(x - 0.1)*cos(x + pi/4) - sin(x) - cos(x))/(x - 0.1)**2', 'latex': '\\frac{\\sqrt{2} \\left(x - 0.1\\right) \\cos{\\left(x + \\frac{\\pi}{4} \\right)} - \\sin{\\left(x \\right)} - \\cos{\\left(x \\right)}}{\\left(x - 0.1\\right)^{2}}', 'properties': {'singularities': [], 'is_periodic': False, 'domain': 'R'}}",derivative_of_(sin(x) + cos(x))/(x - 0.1)
MCM_112_5a4cae41,"{'a': 1, 'b': 1, 'c': 2}","{'points': [{'x': -3.0, 'y': -0.9254}, {'x': -2.75, 'y': -0.8529}, {'x': -2.5, 'y': -0.7254}, {'x': -2.25, 'y': -0.551}, {'x': -2.0, 'y': -0.3407}, {'x': -1.75, 'y': -0.1082}, {'x': -1.5, 'y': 0.1314}, {'x': -1.25, 'y': 0.3621}, {'x': -1.0, 'y': 0.5671}, {'x': -0.75, 'y': 0.7287}, {'x': -0.5, 'y': 0.8225}, {'x': -0.25, 'y': 0.7826}, {'x': 0.0, 'y': 0.0}, {'x': 0.25, 'y': -14.9478}, {'x': 0.5, 'y': 0.3972}, {'x': 0.75, 'y': 0.5471}, {'x': 1.0, 'y': 0.4124}, {'x': 1.25, 'y': 0.2032}, {'x': 1.5, 'y': -0.0364}, {'x': 1.75, 'y': -0.2832}, {'x': 2.0, 'y': -0.5185}, {'x': 2.25, 'y': -0.7265}, {'x': 2.5, 'y': -0.8934}, {'x': 2.75, 'y': -1.0085}, {'x': 3.0, 'y': -1.0643}]}","{'formula': '(-x*sin(x) + (x - 0.2)*(x*cos(x) + sin(x)))/(x - 0.2)**2', 'latex': '\\frac{- x \\sin{\\left(x \\right)} + \\left(x - 0.2\\right) \\left(x \\cos{\\left(x \\right)} + \\sin{\\left(x \\right)}\\right)}{\\left(x - 0.2\\right)^{2}}', 'properties': {'singularities': [], 'is_periodic': False, 'domain': 'R'}}",derivative_of_x*sin(x)/(x - 0.2)
MCM_112_3309ed32,"{'a': 1, 'b': 1, 'c': 2}","{'points': [{'x': -3.0, 'y': -1.4329}, {'x': -2.75, 'y': -2.0313}, {'x': -2.5, 'y': -2.3896}, {'x': -2.25, 'y': -2.5007}, {'x': -2.0, 'y': -2.3795}, {'x': -1.75, 'y': -2.0601}, {'x': -1.5, 'y': -1.5926}, {'x': -1.25, 'y': -1.0385}, {'x': -1.0, 'y': -0.4665}, {'x': -0.75, 'y': 0.0469}, {'x': -0.5, 'y': 0.3739}, {'x': -0.25, 'y': -1.3658}, {'x': 0.0, 'y': 0.0}, {'x': 0.25, 'y': 0.794}, {'x': 0.5, 'y': 0.6465}, {'x': 0.75, 'y': 0.2853}, {'x': 1.0, 'y': -0.2006}, {'x': 1.25, 'y': -0.7474}, {'x': 1.5, 'y': -1.2901}, {'x': 1.75, 'y': -1.7632}, {'x': 2.0, 'y': -2.1058}, {'x': 2.25, 'y': -2.267}, {'x': 2.5, 'y': -2.2101}, {'x': 2.75, 'y': -1.9171}, {'x': 3.0, 'y': -1.3909}]}","{'formula': 'x*(-x*cos(x) + (x + 0.15)*(-x*sin(x) + 2*cos(x)))/(x + 0.15)**2', 'latex': '\\frac{x \\left(- x \\cos{\\left(x \\right)} + \\left(x + 0.15\\right) \\left(- x \\sin{\\left(x \\right)} + 2 \\cos{\\left(x \\right)}\\right)\\right)}{\\left(x + 0.15\\right)^{2}}', 'properties': {'singularities': [], 'is_periodic': False, 'domain': 'R'}}",derivative_of_x**2*cos(x)/(x + 0.15)
MCM_112_dfc0b743,"{'a': 1, 'b': 1, 'c': 2}","{'points': [{'x': -3.0, 'y': -0.0664}, {'x': -2.75, 'y': -0.0867}, {'x': -2.5, 'y': -0.1163}, {'x': -2.25, 'y': -0.1607}, {'x': -2.0, 'y': -0.2302}, {'x': -1.75, 'y': -0.3452}, {'x': -1.5, 'y': -0.5492}, {'x': -1.25, 'y': -0.9515}, {'x': -1.0, 'y': -1.8886}, {'x': -0.75, 'y': -4.8639}, {'x': -0.5, 'y': -25.6959}, {'x': -0.25, 'y': -415.9443}, {'x': 0.0, 'y': -11.1111}, {'x': 0.25, 'y': -2.9019}, {'x': 0.5, 'y': -0.984}, {'x': 0.75, 'y': -0.1761}, {'x': 1.0, 'y': 0.305}, {'x': 1.25, 'y': 0.6742}, {'x': 1.5, 'y': 1.014}, {'x': 1.75, 'y': 1.3664}, {'x': 2.0, 'y': 1.7591}, {'x': 2.25, 'y': 2.2155}, {'x': 2.5, 'y': 2.7587}, {'x': 2.75, 'y': 3.4149}, {'x': 3.0, 'y': 4.2146}]}","{'formula': '(x - (1 - exp(x))*(x + 0.3) - exp(x))/(x + 0.3)**2', 'latex': '\\frac{x - \\left(1 - e^{x}\\right) \\left(x + 0.3\\right) - e^{x}}{\\left(x + 0.3\\right)^{2}}', 'properties': {'singularities': [], 'is_periodic': False, 'domain': 'R'}}",derivative_of_(-x + exp(x))/(x + 0.3)
MCM_112_60745b8b,"{'a': 1, 'b': 1, 'c': 2}","{'points': [{'x': -3.0, 'y': 0.8995}, {'x': -2.75, 'y': 0.8816}, {'x': -2.5, 'y': 0.859}, {'x': -2.25, 'y': 0.83}, {'x': -2.0, 'y': 0.7922}, {'x': -1.75, 'y': 0.7421}, {'x': -1.5, 'y': 0.6744}, {'x': -1.25, 'y': 0.5807}, {'x': -1.0, 'y': 0.4472}, {'x': -0.75, 'y': 0.2499}, {'x': -0.5, 'y': -0.0552}, {'x': -0.25, 'y': -0.5571}, {'x': 0.0, 'y': -1.4566}, {'x': 0.25, 'y': -3.2905}, {'x': 0.5, 'y': -7.9232}, {'x': 0.75, 'y': -25.9371}, {'x': 1.0, 'y': -333.8629}, {'x': 1.25, 'y': -147.4945}, {'x': 1.5, 'y': -19.3389}, {'x': 1.75, 'y': -6.2382}, {'x': 2.0, 'y': -2.3514}, {'x': 2.25, 'y': -0.6447}, {'x': 2.5, 'y': 0.2972}, {'x': 2.75, 'y': 0.9106}, {'x': 3.0, 'y': 1.3673}]}","{'formula': '(-2**x - x**2 + (x - 1.1)*(2**x*log(2) + 2*x))/(x - 1.1)**2', 'latex': '\\frac{- 2^{x} - x^{2} + \\left(x - 1.1\\right) \\left(2^{x} \\log{\\left(2 \\right)} + 2 x\\right)}{\\left(x - 1.1\\right)^{2}}', 'properties': {'singularities': [], 'is_periodic': False, 'domain': 'R'}}",derivative_of_(2**x + x**2)/(x - 1.1)
MCM_113_1289cb96,"{'a': 1, 'b': 1, 'c': 3}","{'points': [{'x': -3.0, 'y': 1354.7494}, {'x': -2.75, 'y': 793.4393}, {'x': -2.5, 'y': 456.1147}, {'x': -2.25, 'y': 255.6506}, {'x': -2.0, 'y': 138.4413}, {'x': -1.75, 'y': 71.5009}, {'x': -1.5, 'y': 34.5524}, {'x': -1.25, 'y': 15.1634}, {'x': -1.0, 'y': 5.7469}, {'x': -0.75, 'y': 1.7112}, {'x': -0.5, 'y': 0.3236}, {'x': -0.25, 'y': 0.0197}, {'x': 0.0, 'y': 0.0}, {'x': 0.25, 'y': 0.0197}, {'x': 0.5, 'y': 0.3236}, {'x': 0.75, 'y': 1.7112}, {'x': 1.0, 'y': 5.7469}, {'x': 1.25, 'y': 15.1634}, {'x': 1.5, 'y': 34.5524}, {'x': 1.75, 'y': 71.5009}, {'x': 2.0, 'y': 138.4413}, {'x': 2.25, 'y': 255.6506}, {'x': 2.5, 'y': 456.1147}, {'x': 2.75, 'y': 793.4393}, {'x': 3.0, 'y': 1354.7494}]}","{'formula': 'x**4*(0.2*x**2 + 5)*exp(0.1*x**2)', 'latex': 'x^{4} \\left(0.2 x^{2} + 5\\right) e^{0.1 x^{2}}', 'properties': {'singularities': [], 'is_periodic': False, 'domain': 'R'}}",derivative_of_x**5*exp(0.1*x**2)
MCM_113_c06778f6,"{'a': 1, 'b': 1, 'c': 3}","{'points': [{'x': -3.0, 'y': -57.5228}, {'x': -2.75, 'y': -43.0247}, {'x': -2.5, 'y': -32.0714}, {'x': -2.25, 'y': -23.8213}, {'x': -2.0, 'y': -17.6325}, {'x': -1.75, 'y': -13.0174}, {'x': -1.5, 'y': -9.6099}, {'x': -1.25, 'y': -7.1422}, {'x': -1.0, 'y': 0.0}, {'x': -0.75, 'y': 1.4408}, {'x': -0.5, 'y': 0.0195}, {'x': -0.25, 'y': -0.5179}, {'x': 0.0, 'y': 0.0}, {'x': 0.25, 'y': 0.5179}, {'x': 0.5, 'y': -0.0195}, {'x': 0.75, 'y': -1.4408}, {'x': 1.0, 'y': 0.0}, {'x': 1.25, 'y': 7.1422}, {'x': 1.5, 'y': 9.6099}, {'x': 1.75, 'y': 13.0174}, {'x': 2.0, 'y': 17.6325}, {'x': 2.25, 'y': 23.8213}, {'x': 2.5, 'y': 32.0714}, {'x': 2.75, 'y': 43.0247}, {'x': 3.0, 'y': 57.5228}]}","{'formula': 'Piecewise((x*exp(Abs(x))*log(Abs(x**2 - 1) + 1)/Abs(x), Eq(x**2, 1)), (0, Eq(x, 0)), (x*((2*x**2 - 2)*Abs(x) + (Abs(x**2 - 1) + 1)*log(Abs(x**2 - 1) + 1)*Abs(x**2 - 1))*exp(Abs(x))/((Abs(x**2 - 1) + 1)*Abs(x)*Abs(x**2 - 1)), True))', 'latex': '\\begin{cases} \\frac{x e^{\\left|{x}\\right|} \\log{\\left(\\left|{x^{2} - 1}\\right| + 1 \\right)}}{\\left|{x}\\right|} & \\text{for}\\: x^{2} = 1 \\\\0 & \\text{for}\\: x = 0 \\\\\\frac{x \\left(\\left(2 x^{2} - 2\\right) \\left|{x}\\right| + \\left(\\left|{x^{2} - 1}\\right| + 1\\right) \\log{\\left(\\left|{x^{2} - 1}\\right| + 1 \\right)} \\left|{x^{2} - 1}\\right|\\right) e^{\\left|{x}\\right|}}{\\left(\\left|{x^{2} - 1}\\right| + 1\\right) \\left|{x}\\right| \\left|{x^{2} - 1}\\right|} & \\text{otherwise} \\end{cases}', 'properties': {'singularities': [], 'is_periodic': False, 'domain': 'R'}}",derivative_of_exp(Abs(x))*log(Abs(x**2 - 1) + 1)
MCM_113_491853fc,"{'a': 1, 'b': 1, 'c': 3}","{'points': [{'x': -3.0, 'y': 405.0057}, {'x': -2.758, 'y': 289.3568}, {'x': -2.517, 'y': 200.399}, {'x': -2.275, 'y': 133.5975}, {'x': -2.033, 'y': 83.3035}, {'x': -1.792, 'y': 51.8844}, {'x': -1.55, 'y': 29.0013}, {'x': -1.308, 'y': 14.7117}, {'x': -1.067, 'y': 6.4848}, {'x': -0.825, 'y': 2.2837}, {'x': -0.583, 'y': 0.488}, {'x': -0.342, 'y': -0.1373}, {'x': -0.1, 'y': -0.7536}, {'x': 0.1, 'y': 0.8239}, {'x': 0.364, 'y': 0.3464}, {'x': 0.627, 'y': 0.9033}, {'x': 0.891, 'y': 3.1854}, {'x': 1.155, 'y': 8.8091}, {'x': 1.418, 'y': 19.9436}, {'x': 1.682, 'y': 35.7925}, {'x': 1.945, 'y': 71.9206}, {'x': 2.209, 'y': 119.0648}, {'x': 2.473, 'y': 186.5592}, {'x': 2.736, 'y': 281.7878}, {'x': 3.0, 'y': 405.0994}]}","{'formula': 'Piecewise(((5*x**4*exp(x*(0.01*x + 0.02))*Abs(sin(x*(0.5*x + 1))**0.9) - (0.01*x + 0.01)*exp(x*(0.005*x + 0.01))*Abs(sin(x*(0.5*x + 1))**1.0))*exp(-x*(0.01*x + 0.02))/Abs(sin(x*(0.5*x + 1))**0.9), Eq(sin(x*(0.5*x + 1)), 0)), (((0.05*x + 0.05)*exp(x*(0.005*x + 0.01))*sin(x*(1.0*x + 2)) + (5*x**4*exp(x*(0.01*x + 0.02))*Abs(sin(x*(0.5*x + 1))**0.9) - (0.01*x + 0.01)*exp(x*(0.005*x + 0.01))*Abs(sin(x*(0.5*x + 1))**1.0))*Abs(sin(x*(0.5*x + 1))))*exp(-x*(0.01*x + 0.02))/Abs(sin(x*(0.5*x + 1))**1.9), True))', 'latex': '\\begin{cases} \\frac{\\left(5 x^{4} e^{x \\left(0.01 x + 0.02\\right)} \\left|{\\sin^{0.9}{\\left(x \\left(0.5 x + 1\\right) \\right)}}\\right| - \\left(0.01 x + 0.01\\right) e^{x \\left(0.005 x + 0.01\\right)} \\left|{\\sin^{1.0}{\\left(x \\left(0.5 x + 1\\right) \\right)}}\\right|\\right) e^{- x \\left(0.01 x + 0.02\\right)}}{\\left|{\\sin^{0.9}{\\left(x \\left(0.5 x + 1\\right) \\right)}}\\right|} & \\text{for}\\: \\sin{\\left(x \\left(0.5 x + 1\\right) \\right)} = 0 \\\\\\frac{\\left(\\left(0.05 x + 0.05\\right) e^{x \\left(0.005 x + 0.01\\right)} \\sin{\\left(x \\left(1.0 x + 2\\right) \\right)} + \\left(5 x^{4} e^{x \\left(0.01 x + 0.02\\right)} \\left|{\\sin^{0.9}{\\left(x \\left(0.5 x + 1\\right) \\right)}}\\right| - \\left(0.01 x + 0.01\\right) e^{x \\left(0.005 x + 0.01\\right)} \\left|{\\sin^{1.0}{\\left(x \\left(0.5 x + 1\\right) \\right)}}\\right|\\right) \\left|{\\sin{\\left(x \\left(0.5 x + 1\\right) \\right)}}\\right|\\right) e^{- x \\left(0.01 x + 0.02\\right)}}{\\left|{\\sin^{1.9}{\\left(x \\left(0.5 x + 1\\right) \\right)}}\\right|} & \\text{otherwise} \\end{cases}', 'properties': {'singularities': [], 'is_periodic': False, 'domain': 'R'}}",derivative_of_x**5 + exp(-0.005*x**2 - 0.01*x)*Abs(sin(0.5*x**2 + x))**0.1
MCM_113_aa59f13e,"{'a': 1, 'b': 1, 'c': 3}","{'points': [{'x': -3.0, 'y': 4.1121}, {'x': -2.75, 'y': 5.1901}, {'x': -2.5, 'y': 5.1548}, {'x': -2.25, 'y': 4.6076}, {'x': -2.0, 'y': 3.8845}, {'x': -1.75, 'y': 3.1616}, {'x': -1.5, 'y': 2.5222}, {'x': -1.25, 'y': 1.9989}, {'x': -1.0, 'y': 1.599}, {'x': -0.75, 'y': 1.3213}, {'x': -0.5, 'y': 1.1677}, {'x': -0.25, 'y': 1.1572}, {'x': 0.0, 'y': 0.9514}, {'x': 0.25, 'y': 0.5195}, {'x': 0.5, 'y': 0.5086}, {'x': 0.75, 'y': 0.4766}, {'x': 1.0, 'y': 0.3866}, {'x': 1.25, 'y': 0.1911}, {'x': 1.5, 'y': -0.1779}, {'x': 1.75, 'y': -0.8185}, {'x': 2.0, 'y': -1.8708}, {'x': 2.25, 'y': -3.5297}, {'x': 2.5, 'y': -6.0579}, {'x': 2.75, 'y': -9.7919}, {'x': 3.0, 'y': -15.1319}]}","{'formula': 'Piecewise((0.951350769866873, Eq(x, 0)), (sqrt(2)*(x*sin(x + pi/4)*polygamma(0, 1.0*Abs(x) + 1.1) + cos(x + pi/4)*Abs(x))*gamma(Abs(x) + 1.1)/Abs(x), True))', 'latex': '\\begin{cases} 0.951350769866873 & \\text{for}\\: x = 0 \\\\\\frac{\\sqrt{2} \\left(x \\sin{\\left(x + \\frac{\\pi}{4} \\right)} \\operatorname{polygamma}{\\left(0,1.0 \\left|{x}\\right| + 1.1 \\right)} + \\cos{\\left(x + \\frac{\\pi}{4} \\right)} \\left|{x}\\right|\\right) \\Gamma\\left(\\left|{x}\\right| + 1.1\\right)}{\\left|{x}\\right|} & \\text{otherwise} \\end{cases}', 'properties': {'singularities': [], 'is_periodic': False, 'domain': 'R'}}",derivative_of_(sin(x) + cos(x))*gamma(Abs(x) + 1.1)
MCM_113_6691a0cf,"{'a': 1, 'b': 1, 'c': 3}","{'points': [{'x': -3.0, 'y': -1.0213}, {'x': -2.75, 'y': -0.9544}, {'x': -2.5, 'y': -0.8265}, {'x': -2.25, 'y': -0.644}, {'x': -2.0, 'y': -0.416}, {'x': -1.75, 'y': -0.1523}, {'x': -1.5, 'y': 0.1389}, {'x': -1.25, 'y': 0.4573}, {'x': -1.0, 'y': 0.8283}, {'x': -0.75, 'y': 1.3607}, {'x': -0.5, 'y': 2.1359}, {'x': -0.25, 'y': 4.9234}, {'x': 0.0, 'y': 0.0}, {'x': 0.25, 'y': 0.6027}, {'x': 0.5, 'y': 0.8994}, {'x': 0.75, 'y': 0.8227}, {'x': 1.0, 'y': 0.6452}, {'x': 1.25, 'y': 0.4226}, {'x': 1.5, 'y': 0.1769}, {'x': 1.75, 'y': -0.0748}, {'x': 2.0, 'y': -0.3171}, {'x': 2.25, 'y': -0.5351}, {'x': 2.5, 'y': -0.7155}, {'x': 2.75, 'y': -0.8477}, {'x': 3.0, 'y': -0.9236}]}","{'formula': '(-x*sin(x)*cos(1/(x + 0.15)) + (x + 0.15)**2*(x*cos(x) + sin(x))*sin(1/(x + 0.15)))/(x + 0.15)**2', 'latex': '\\frac{- x \\sin{\\left(x \\right)} \\cos{\\left(\\frac{1}{x + 0.15} \\right)} + \\left(x + 0.15\\right)^{2} \\left(x \\cos{\\left(x \\right)} + \\sin{\\left(x \\right)}\\right) \\sin{\\left(\\frac{1}{x + 0.15} \\right)}}{\\left(x + 0.15\\right)^{2}}', 'properties': {'singularities': [], 'is_periodic': False, 'domain': 'R'}}",derivative_of_x*sin(x)*sin(1/(x + 0.15))
MCM_113_3ec37dbf,"{'a': 1, 'b': 1, 'c': 3}","{'points': [{'x': -3.0, 'y': 15.5683}, {'x': -2.75, 'y': 4.4246}, {'x': -2.5, 'y': -1.0957}, {'x': -2.25, 'y': -3.4124}, {'x': -2.0, 'y': -4.012}, {'x': -1.75, 'y': -3.7716}, {'x': -1.5, 'y': -3.1843}, {'x': -1.25, 'y': -2.5104}, {'x': -1.0, 'y': -1.8734}, {'x': -0.75, 'y': -1.3188}, {'x': -0.5, 'y': -0.8474}, {'x': -0.25, 'y': -0.4301}, {'x': 0.0, 'y': 0.0}, {'x': 0.25, 'y': 0.4301}, {'x': 0.5, 'y': 0.8474}, {'x': 0.75, 'y': 1.3188}, {'x': 1.0, 'y': 1.8734}, {'x': 1.25, 'y': 2.5104}, {'x': 1.5, 'y': 3.1843}, {'x': 1.75, 'y': 3.7716}, {'x': 2.0, 'y': 4.012}, {'x': 2.25, 'y': 3.4124}, {'x': 2.5, 'y': 1.0957}, {'x': 2.75, 'y': -4.4246}, {'x': 3.0, 'y': -15.5683}]}","{'formula': 'Piecewise((0, Eq(x, 0)), ((x**2*sin(x)*polygamma(0, 1.0*Abs(x) + 1.1) + x*cos(x)*Abs(x) + sin(x)*Abs(x))*gamma(Abs(x) + 1.1)/Abs(x), True))', 'latex': '\\begin{cases} 0 & \\text{for}\\: x = 0 \\\\\\frac{\\left(x^{2} \\sin{\\left(x \\right)} \\operatorname{polygamma}{\\left(0,1.0 \\left|{x}\\right| + 1.1 \\right)} + x \\cos{\\left(x \\right)} \\left|{x}\\right| + \\sin{\\left(x \\right)} \\left|{x}\\right|\\right) \\Gamma\\left(\\left|{x}\\right| + 1.1\\right)}{\\left|{x}\\right|} & \\text{otherwise} \\end{cases}', 'properties': {'singularities': [], 'is_periodic': False, 'domain': 'R'}}",derivative_of_x*sin(x)*gamma(Abs(x) + 1.1)
MCM_113_248dcd19,"{'a': 1, 'b': 1, 'c': 3}","{'points': [{'x': -3.0, 'y': -1.4704}, {'x': -2.75, 'y': -2.0946}, {'x': -2.5, 'y': -2.4715}, {'x': -2.25, 'y': -2.5908}, {'x': -2.0, 'y': -2.4628}, {'x': -1.75, 'y': -2.114}, {'x': -1.5, 'y': -1.5785}, {'x': -1.25, 'y': -0.8737}, {'x': -1.0, 'y': 0.0804}, {'x': -0.75, 'y': 1.8002}, {'x': -0.5, 'y': -2.2825}, {'x': -0.25, 'y': -10.3131}, {'x': 0.0, 'y': 0.0}, {'x': 0.25, 'y': 0.5037}, {'x': 0.5, 'y': 0.611}, {'x': 0.75, 'y': 0.3654}, {'x': 1.0, 'y': -0.0634}, {'x': 1.25, 'y': -0.5815}, {'x': 1.5, 'y': -1.1135}, {'x': 1.75, 'y': -1.59}, {'x': 2.0, 'y': -1.9478}, {'x': 2.25, 'y': -2.1338}, {'x': 2.5, 'y': -2.1097}, {'x': 2.75, 'y': -1.8552}, {'x': 3.0, 'y': -1.3707}]}","{'formula': 'x*(-x*cos(x)*cos(1/(x + 0.3)) + (x + 0.3)**2*(-x*sin(x) + 2*cos(x))*sin(1/(x + 0.3)))/(x + 0.3)**2', 'latex': '\\frac{x \\left(- x \\cos{\\left(x \\right)} \\cos{\\left(\\frac{1}{x + 0.3} \\right)} + \\left(x + 0.3\\right)^{2} \\left(- x \\sin{\\left(x \\right)} + 2 \\cos{\\left(x \\right)}\\right) \\sin{\\left(\\frac{1}{x + 0.3} \\right)}\\right)}{\\left(x + 0.3\\right)^{2}}', 'properties': {'singularities': [], 'is_periodic': False, 'domain': 'R'}}",derivative_of_x**2*sin(1/(x + 0.3))*cos(x)
MCM_113_bf255a16,"{'a': 1, 'b': 1, 'c': 3}","{'points': [{'x': -3.0, 'y': 127.0646}, {'x': -2.75, 'y': 81.9965}, {'x': -2.5, 'y': 49.9293}, {'x': -2.25, 'y': 28.5895}, {'x': -2.0, 'y': 15.1687}, {'x': -1.75, 'y': 7.186}, {'x': -1.5, 'y': 2.7343}, {'x': -1.25, 'y': 0.464}, {'x': -1.0, 'y': -0.5247}, {'x': -0.75, 'y': -0.8003}, {'x': -0.5, 'y': -0.7017}, {'x': -0.25, 'y': -0.4118}, {'x': 0.0, 'y': 0.0}, {'x': 0.25, 'y': 0.4118}, {'x': 0.5, 'y': 0.7017}, {'x': 0.75, 'y': 0.8003}, {'x': 1.0, 'y': 0.5247}, {'x': 1.25, 'y': -0.464}, {'x': 1.5, 'y': -2.7343}, {'x': 1.75, 'y': -7.186}, {'x': 2.0, 'y': -15.1687}, {'x': 2.25, 'y': -28.5895}, {'x': 2.5, 'y': -49.9293}, {'x': 2.75, 'y': -81.9965}, {'x': 3.0, 'y': -127.0646}]}","{'formula': 'Piecewise((0, Eq(x, 0)), (x*(x**2*cos(x)*polygamma(0, 1.0*Abs(x) + 1.1) - x*sin(x)*Abs(x) + 2*cos(x)*Abs(x))*gamma(Abs(x) + 1.1)/Abs(x), True))', 'latex': '\\begin{cases} 0 & \\text{for}\\: x = 0 \\\\\\frac{x \\left(x^{2} \\cos{\\left(x \\right)} \\operatorname{polygamma}{\\left(0,1.0 \\left|{x}\\right| + 1.1 \\right)} - x \\sin{\\left(x \\right)} \\left|{x}\\right| + 2 \\cos{\\left(x \\right)} \\left|{x}\\right|\\right) \\Gamma\\left(\\left|{x}\\right| + 1.1\\right)}{\\left|{x}\\right|} & \\text{otherwise} \\end{cases}', 'properties': {'singularities': [], 'is_periodic': False, 'domain': 'R'}}",derivative_of_x**2*cos(x)*gamma(Abs(x) + 1.1)
MCM_113_c8021bde,"{'a': 1, 'b': 1, 'c': 3}","{'points': [{'x': -3.0, 'y': 0.0534}, {'x': -2.75, 'y': 0.0569}, {'x': -2.5, 'y': 0.0601}, {'x': -2.25, 'y': 0.0625}, {'x': -2.0, 'y': 0.0634}, {'x': -1.75, 'y': 0.0616}, {'x': -1.5, 'y': 0.0552}, {'x': -1.25, 'y': 0.0411}, {'x': -1.0, 'y': 0.0141}, {'x': -0.75, 'y': -0.0347}, {'x': -0.5, 'y': -0.1203}, {'x': -0.25, 'y': -0.2673}, {'x': 0.0, 'y': -0.5078}, {'x': 0.25, 'y': -0.8121}, {'x': 0.5, 'y': -0.3403}, {'x': 0.75, 'y': 10.3973}, {'x': 1.0, 'y': 145.1109}, {'x': 1.25, 'y': -91.407}, {'x': 1.5, 'y': 17.0135}, {'x': 1.75, 'y': 4.4457}, {'x': 2.0, 'y': 2.774}, {'x': 2.25, 'y': 2.9542}, {'x': 2.5, 'y': 3.5929}, {'x': 2.75, 'y': 4.4488}, {'x': 3.0, 'y': 5.4953}]}","{'formula': '((x - 1.1)**2*(exp(x) - 1)*sin(1/(x - 1.1)) + (x - exp(x))*cos(1/(x - 1.1)))/(x - 1.1)**2', 'latex': '\\frac{\\left(x - 1.1\\right)^{2} \\left(e^{x} - 1\\right) \\sin{\\left(\\frac{1}{x - 1.1} \\right)} + \\left(x - e^{x}\\right) \\cos{\\left(\\frac{1}{x - 1.1} \\right)}}{\\left(x - 1.1\\right)^{2}}', 'properties': {'singularities': [], 'is_periodic': False, 'domain': 'R'}}",derivative_of_(-x + exp(x))*sin(1/(x - 1.1))
MCM_113_5b1f5af5,"{'a': 1, 'b': 1, 'c': 3}","{'points': [{'x': -3.0, 'y': -33.1534}, {'x': -2.75, 'y': -21.6794}, {'x': -2.5, 'y': -14.3116}, {'x': -2.25, 'y': -9.5369}, {'x': -2.0, 'y': -6.4123}, {'x': -1.75, 'y': -4.3455}, {'x': -1.5, 'y': -2.9608}, {'x': -1.25, 'y': -2.017}, {'x': -1.0, 'y': -1.3562}, {'x': -0.75, 'y': -0.8702}, {'x': -0.5, 'y': -0.4762}, {'x': -0.25, 'y': -0.0927}, {'x': 0.0, 'y': 0.0}, {'x': 0.25, 'y': 0.1481}, {'x': 0.5, 'y': 0.709}, {'x': 0.75, 'y': 1.4714}, {'x': 1.0, 'y': 2.6709}, {'x': 1.25, 'y': 4.6854}, {'x': 1.5, 'y': 8.179}, {'x': 1.75, 'y': 14.3546}, {'x': 2.0, 'y': 25.4282}, {'x': 2.25, 'y': 45.5298}, {'x': 2.5, 'y': 82.4382}, {'x': 2.75, 'y': 150.9504}, {'x': 3.0, 'y': 279.4892}]}","{'formula': 'Piecewise((0, Eq(x, 0)), ((-x**2*polygamma(0, 1.0*Abs(x) + 1.1) + x*exp(x)*polygamma(0, 1.0*Abs(x) + 1.1) + exp(x)*Abs(x) - Abs(x))*gamma(Abs(x) + 1.1)/Abs(x), True))', 'latex': '\\begin{cases} 0 & \\text{for}\\: x = 0 \\\\\\frac{\\left(- x^{2} \\operatorname{polygamma}{\\left(0,1.0 \\left|{x}\\right| + 1.1 \\right)} + x e^{x} \\operatorname{polygamma}{\\left(0,1.0 \\left|{x}\\right| + 1.1 \\right)} + e^{x} \\left|{x}\\right| - \\left|{x}\\right|\\right) \\Gamma\\left(\\left|{x}\\right| + 1.1\\right)}{\\left|{x}\\right|} & \\text{otherwise} \\end{cases}', 'properties': {'singularities': [], 'is_periodic': False, 'domain': 'R'}}",derivative_of_(-x + exp(x))*gamma(Abs(x) + 1.1)
MCM_113_ae932839,"{'a': 1, 'b': 1, 'c': 3}","{'points': [{'x': -3.0, 'y': 0.726}, {'x': -2.75, 'y': 0.6808}, {'x': -2.5, 'y': 0.6606}, {'x': -2.25, 'y': 0.7752}, {'x': -2.0, 'y': 1.5376}, {'x': -1.75, 'y': 5.9134}, {'x': -1.5, 'y': 27.8732}, {'x': -1.25, 'y': -321.6659}, {'x': -1.0, 'y': -9.0518}, {'x': -0.75, 'y': 2.5995}, {'x': -0.5, 'y': -0.7816}, {'x': -0.25, 'y': -0.4238}, {'x': 0.0, 'y': 0.0461}, {'x': 0.25, 'y': 0.3833}, {'x': 0.5, 'y': 0.6198}, {'x': 0.75, 'y': 0.7936}, {'x': 1.0, 'y': 0.9299}, {'x': 1.25, 'y': 1.0441}, {'x': 1.5, 'y': 1.1461}, {'x': 1.75, 'y': 1.2427}, {'x': 2.0, 'y': 1.3387}, {'x': 2.25, 'y': 1.438}, {'x': 2.5, 'y': 1.5437}, {'x': 2.75, 'y': 1.6588}, {'x': 3.0, 'y': 1.7864}]}","{'formula': '((-2**x - x**2)*cos(1/(x + 1.2)) + (x + 1.2)**2*(2**x*log(2) + 2*x)*sin(1/(x + 1.2)))/(x + 1.2)**2', 'latex': '\\frac{\\left(- 2^{x} - x^{2}\\right) \\cos{\\left(\\frac{1}{x + 1.2} \\right)} + \\left(x + 1.2\\right)^{2} \\left(2^{x} \\log{\\left(2 \\right)} + 2 x\\right) \\sin{\\left(\\frac{1}{x + 1.2} \\right)}}{\\left(x + 1.2\\right)^{2}}', 'properties': {'singularities': [], 'is_periodic': False, 'domain': 'R'}}",derivative_of_(2**x + x**2)*sin(1/(x + 1.2))
MCM_113_838f5af4,"{'a': 1, 'b': 1, 'c': 3}","{'points': [{'x': -3.0, 'y': -120.1122}, {'x': -2.75, 'y': -73.5278}, {'x': -2.5, 'y': -45.2589}, {'x': -2.25, 'y': -27.9976}, {'x': -2.0, 'y': -17.3902}, {'x': -1.75, 'y': -10.8273}, {'x': -1.5, 'y': -6.734}, {'x': -1.25, 'y': -4.1523}, {'x': -1.0, 'y': -2.4921}, {'x': -0.75, 'y': -1.3801}, {'x': -0.5, 'y': -0.5634}, {'x': -0.25, 'y': 0.1656}, {'x': 0.0, 'y': 0.6594}, {'x': 0.25, 'y': 1.0531}, {'x': 0.5, 'y': 1.9568}, {'x': 0.75, 'y': 3.2024}, {'x': 1.0, 'y': 5.0674}, {'x': 1.25, 'y': 7.9628}, {'x': 1.5, 'y': 12.5445}, {'x': 1.75, 'y': 19.8888}, {'x': 2.0, 'y': 31.7881}, {'x': 2.25, 'y': 51.2581}, {'x': 2.5, 'y': 83.4219}, {'x': 2.75, 'y': 137.062}, {'x': 3.0, 'y': 227.3713}]}","{'formula': 'Piecewise((0.951350769866873*log(2), Eq(x, 0)), ((2**x*x*polygamma(0, 1.0*Abs(x) + 1.1) + 2**x*log(2)*Abs(x) + x**3*polygamma(0, 1.0*Abs(x) + 1.1) + 2*x*Abs(x))*gamma(Abs(x) + 1.1)/Abs(x), True))', 'latex': '\\begin{cases} 0.951350769866873 \\log{\\left(2 \\right)} & \\text{for}\\: x = 0 \\\\\\frac{\\left(2^{x} x \\operatorname{polygamma}{\\left(0,1.0 \\left|{x}\\right| + 1.1 \\right)} + 2^{x} \\log{\\left(2 \\right)} \\left|{x}\\right| + x^{3} \\operatorname{polygamma}{\\left(0,1.0 \\left|{x}\\right| + 1.1 \\right)} + 2 x \\left|{x}\\right|\\right) \\Gamma\\left(\\left|{x}\\right| + 1.1\\right)}{\\left|{x}\\right|} & \\text{otherwise} \\end{cases}', 'properties': {'singularities': [], 'is_periodic': False, 'domain': 'R'}}",derivative_of_(2**x + x**2)*gamma(Abs(x) + 1.1)
MCM_120_47a9e9c2,"{'a': 1, 'b': 2, 'c': 0}","{'points': [{'x': -3.0, 'y': 2.0}, {'x': -2.75, 'y': 1.75}, {'x': -2.5, 'y': 1.5}, {'x': -2.25, 'y': 1.25}, {'x': -2.0, 'y': 1.0}, {'x': -1.75, 'y': 0.75}, {'x': -1.5, 'y': 0.5}, {'x': -1.25, 'y': 0.25}, {'x': -1.0, 'y': 0.0}, {'x': -0.75, 'y': -0.25}, {'x': -0.5, 'y': -0.5}, {'x': -0.25, 'y': -0.75}, {'x': 0.0, 'y': -1.0}, {'x': 0.25, 'y': 1.25}, {'x': 0.5, 'y': 1.5}, {'x': 0.75, 'y': 1.75}, {'x': 1.0, 'y': 2.0}, {'x': 1.25, 'y': 2.25}, {'x': 1.5, 'y': 2.5}, {'x': 1.75, 'y': 2.75}, {'x': 2.0, 'y': 3.0}, {'x': 2.25, 'y': 3.25}, {'x': 2.5, 'y': 3.5}, {'x': 2.75, 'y': 3.75}, {'x': 3.0, 'y': 4.0}]}","{'formula': 'Piecewise((1.0*x + 1, x > 0), (-1.0*x - 1, True))', 'latex': '\\begin{cases} 1.0 x + 1 & \\text{for}\\: x > 0 \\\\- 1.0 x - 1 & \\text{otherwise} \\end{cases}', 'properties': {'singularities': [], 'is_periodic': False, 'domain': 'R'}}","derivative_of_Piecewise((x*(0.5*x + 1), x > 0), (x*(-0.5*x - 1), True))"
MCM_120_329b5f8b,"{'a': 1, 'b': 2, 'c': 0}","{'points': [{'x': -3.0, 'y': 0.0}, {'x': -2.75, 'y': 0.0}, {'x': -2.5, 'y': 0.0}, {'x': -2.25, 'y': 0.0}, {'x': -2.0, 'y': 0.0}, {'x': -1.75, 'y': 0.0}, {'x': -1.5, 'y': 0.0}, {'x': -1.25, 'y': 0.0}, {'x': -1.0, 'y': 0.0}, {'x': -0.75, 'y': 0.0}, {'x': -0.5, 'y': 0.0}, {'x': -0.25, 'y': 0.0}, {'x': 0.0, 'y': 1.0}, {'x': 0.25, 'y': 2.0}, {'x': 0.5, 'y': 2.0}, {'x': 0.75, 'y': 2.0}, {'x': 1.0, 'y': 2.0}, {'x': 1.25, 'y': 2.0}, {'x': 1.5, 'y': 2.0}, {'x': 1.75, 'y': 2.0}, {'x': 2.0, 'y': 2.0}, {'x': 2.25, 'y': 2.0}, {'x': 2.5, 'y': 2.0}, {'x': 2.75, 'y': 2.0}, {'x': 3.0, 'y': 2.0}]}","{'formula': 'Piecewise((1, Eq(x, 0)), (x/Abs(x) + 1, True))', 'latex': '\\begin{cases} 1 & \\text{for}\\: x = 0 \\\\\\frac{x}{\\left|{x}\\right|} + 1 & \\text{otherwise} \\end{cases}', 'properties': {'singularities': [], 'is_periodic': False, 'domain': 'R'}}",derivative_of_x + Abs(x)
MCM_120_cae7cc28,"{'a': 1, 'b': 2, 'c': 0}","{'points': [{'x': -3.0, 'y': -1.0}, {'x': -2.75, 'y': -1.0}, {'x': -2.5, 'y': -1.0}, {'x': -2.25, 'y': -1.0}, {'x': -2.0, 'y': -1.0}, {'x': -1.75, 'y': -1.0}, {'x': -1.5, 'y': -1.0}, {'x': -1.25, 'y': -1.0}, {'x': -1.0, 'y': -1.0}, {'x': -0.75, 'y': -1.0}, {'x': -0.5, 'y': -1.0}, {'x': -0.25, 'y': -1.0}, {'x': 0.0, 'y': 0.0}, {'x': 0.25, 'y': 1.0}, {'x': 0.5, 'y': 1.0}, {'x': 0.75, 'y': 1.0}, {'x': 1.0, 'y': 1.0}, {'x': 1.25, 'y': 1.0}, {'x': 1.5, 'y': 1.0}, {'x': 1.75, 'y': 1.0}, {'x': 2.0, 'y': 1.0}, {'x': 2.25, 'y': 1.0}, {'x': 2.5, 'y': 1.0}, {'x': 2.75, 'y': 1.0}, {'x': 3.0, 'y': 1.0}]}","{'formula': 'Piecewise((0, Eq(x, 0)), (2*x*DiracDelta(x) + x/Abs(x), True))', 'latex': '\\begin{cases} 0 & \\text{for}\\: x = 0 \\\\2 x \\delta\\left(x\\right) + \\frac{x}{\\left|{x}\\right|} & \\text{otherwise} \\end{cases}', 'properties': {'singularities': [], 'is_periodic': False, 'domain': 'R'}}",derivative_of_x*sign(x)
MCM_120_32a15dbe,"{'a': 1, 'b': 2, 'c': 0}","{'points': [{'x': -3.0, 'y': -2.8289}, {'x': -2.75, 'y': -2.1602}, {'x': -2.5, 'y': -1.4044}, {'x': -2.25, 'y': -0.6353}, {'x': -2.0, 'y': 0.077}, {'x': -1.75, 'y': 0.6721}, {'x': -1.5, 'y': 1.1036}, {'x': -1.25, 'y': 1.3431}, {'x': -1.0, 'y': 1.3818}, {'x': -0.75, 'y': 1.2304}, {'x': -0.5, 'y': 0.9182}, {'x': -0.25, 'y': 0.4896}, {'x': 0.0, 'y': 0.0}, {'x': 0.25, 'y': 0.4896}, {'x': 0.5, 'y': 0.9182}, {'x': 0.75, 'y': 1.2304}, {'x': 1.0, 'y': 1.3818}, {'x': 1.25, 'y': 1.3431}, {'x': 1.5, 'y': 1.1036}, {'x': 1.75, 'y': 0.6721}, {'x': 2.0, 'y': 0.077}, {'x': 2.25, 'y': -0.6353}, {'x': 2.5, 'y': -1.4044}, {'x': 2.75, 'y': -2.1602}, {'x': 3.0, 'y': -2.8289}]}","{'formula': 'Piecewise((0, Eq(x, 0)), (x*(x*cos(x) + sin(x))/Abs(x), True))', 'latex': '\\begin{cases} 0 & \\text{for}\\: x = 0 \\\\\\frac{x \\left(x \\cos{\\left(x \\right)} + \\sin{\\left(x \\right)}\\right)}{\\left|{x}\\right|} & \\text{otherwise} \\end{cases}', 'properties': {'singularities': [], 'is_periodic': False, 'domain': 'R'}}",derivative_of_sin(x)*Abs(x)
MCM_120_2242909c,"{'a': 1, 'b': 2, 'c': 0}","{'points': [{'x': -3.0, 'y': 0.99}, {'x': -2.75, 'y': 0.9243}, {'x': -2.5, 'y': 0.8011}, {'x': -2.25, 'y': 0.6282}, {'x': -2.0, 'y': 0.4161}, {'x': -1.75, 'y': 0.1782}, {'x': -1.5, 'y': -0.0707}, {'x': -1.25, 'y': -0.3153}, {'x': -1.0, 'y': -0.5403}, {'x': -0.75, 'y': -0.7317}, {'x': -0.5, 'y': -0.8776}, {'x': -0.25, 'y': -0.9689}, {'x': 0.0, 'y': 0.0}, {'x': 0.25, 'y': 0.9689}, {'x': 0.5, 'y': 0.8776}, {'x': 0.75, 'y': 0.7317}, {'x': 1.0, 'y': 0.5403}, {'x': 1.25, 'y': 0.3153}, {'x': 1.5, 'y': 0.0707}, {'x': 1.75, 'y': -0.1782}, {'x': 2.0, 'y': -0.4161}, {'x': 2.25, 'y': -0.6282}, {'x': 2.5, 'y': -0.8011}, {'x': 2.75, 'y': -0.9243}, {'x': 3.0, 'y': -0.99}]}","{'formula': 'Piecewise((0, Eq(sin(x), 0)), (sin(2*x)/(2*Abs(sin(x))), True))', 'latex': '\\begin{cases} 0 & \\text{for}\\: \\sin{\\left(x \\right)} = 0 \\\\\\frac{\\sin{\\left(2 x \\right)}}{2 \\left|{\\sin{\\left(x \\right)}}\\right|} & \\text{otherwise} \\end{cases}', 'properties': {'singularities': [], 'is_periodic': False, 'domain': 'R'}}",derivative_of_Abs(sin(x))
MCM_121_3c67c083,"{'a': 1, 'b': 2, 'c': 1}","{'points': [{'x': -3.0, 'y': 0.0}, {'x': -2.75, 'y': 0.0}, {'x': -2.5, 'y': 0.0}, {'x': -2.25, 'y': 0.0}, {'x': -2.0, 'y': 0.0}, {'x': -1.75, 'y': 0.0}, {'x': -1.5, 'y': 0.0}, {'x': -1.25, 'y': 0.0}, {'x': -1.0, 'y': 0.0}, {'x': -0.75, 'y': 0.0}, {'x': -0.5, 'y': 0.0}, {'x': -0.25, 'y': 0.0}, {'x': 0.0, 'y': 1.0}, {'x': 0.25, 'y': 1.7552}, {'x': 0.5, 'y': 1.0806}, {'x': 0.75, 'y': 0.1415}, {'x': 1.0, 'y': -0.8323}, {'x': 1.25, 'y': -1.6023}, {'x': 1.5, 'y': -1.98}, {'x': 1.75, 'y': -1.8729}, {'x': 2.0, 'y': -1.3073}, {'x': 2.25, 'y': -0.4216}, {'x': 2.5, 'y': 0.5673}, {'x': 2.75, 'y': 1.4173}, {'x': 3.0, 'y': 1.9203}]}","{'formula': 'Piecewise((1, Eq(x, 0)), ((x + Abs(x))*cos(x + Abs(x))/Abs(x), True))', 'latex': '\\begin{cases} 1 & \\text{for}\\: x = 0 \\\\\\frac{\\left(x + \\left|{x}\\right|\\right) \\cos{\\left(x + \\left|{x}\\right| \\right)}}{\\left|{x}\\right|} & \\text{otherwise} \\end{cases}', 'properties': {'singularities': [], 'is_periodic': False, 'domain': 'R'}}",derivative_of_sin(x + Abs(x))
MCM_121_4b012d63,"{'a': 1, 'b': 2, 'c': 1}","{'points': [{'x': -3.0, 'y': 0.0}, {'x': -2.75, 'y': 0.0}, {'x': -2.5, 'y': 0.0}, {'x': -2.25, 'y': 0.0}, {'x': -2.0, 'y': 0.0}, {'x': -1.75, 'y': 0.0}, {'x': -1.5, 'y': 0.0}, {'x': -1.25, 'y': 0.0}, {'x': -1.0, 'y': 0.0}, {'x': -0.75, 'y': 0.0}, {'x': -0.5, 'y': 0.0}, {'x': -0.25, 'y': 0.0}, {'x': 0.0, 'y': 0.0}, {'x': 0.25, 'y': -0.9589}, {'x': 0.5, 'y': -1.6829}, {'x': 0.75, 'y': -1.995}, {'x': 1.0, 'y': -1.8186}, {'x': 1.25, 'y': -1.1969}, {'x': 1.5, 'y': -0.2822}, {'x': 1.75, 'y': 0.7016}, {'x': 2.0, 'y': 1.5136}, {'x': 2.25, 'y': 1.9551}, {'x': 2.5, 'y': 1.9178}, {'x': 2.75, 'y': 1.4111}, {'x': 3.0, 'y': 0.5588}]}","{'formula': 'Piecewise((0, Eq(x, 0)), ((-x - Abs(x))*sin(x + Abs(x))/Abs(x), True))', 'latex': '\\begin{cases} 0 & \\text{for}\\: x = 0 \\\\\\frac{\\left(- x - \\left|{x}\\right|\\right) \\sin{\\left(x + \\left|{x}\\right| \\right)}}{\\left|{x}\\right|} & \\text{otherwise} \\end{cases}', 'properties': {'singularities': [], 'is_periodic': False, 'domain': 'R'}}",derivative_of_cos(x + Abs(x))
MCM_121_af9b8678,"{'a': 1, 'b': 2, 'c': 1}","{'points': [{'x': -3.0, 'y': 0.99}, {'x': -2.75, 'y': 0.9243}, {'x': -2.5, 'y': 0.8011}, {'x': -2.25, 'y': 0.6282}, {'x': -2.0, 'y': 0.4161}, {'x': -1.75, 'y': 0.1782}, {'x': -1.5, 'y': -0.0707}, {'x': -1.25, 'y': -0.3153}, {'x': -1.0, 'y': -0.5403}, {'x': -0.75, 'y': -0.7317}, {'x': -0.5, 'y': -0.8776}, {'x': -0.25, 'y': -0.9689}, {'x': 0.0, 'y': 0.0}, {'x': 0.25, 'y': 0.9689}, {'x': 0.5, 'y': 0.8776}, {'x': 0.75, 'y': 0.7317}, {'x': 1.0, 'y': 0.5403}, {'x': 1.25, 'y': 0.3153}, {'x': 1.5, 'y': 0.0707}, {'x': 1.75, 'y': -0.1782}, {'x': 2.0, 'y': -0.4161}, {'x': 2.25, 'y': -0.6282}, {'x': 2.5, 'y': -0.8011}, {'x': 2.75, 'y': -0.9243}, {'x': 3.0, 'y': -0.99}]}","{'formula': 'Piecewise((0, Eq(x, 0)), (x*(2*Abs(x)*DiracDelta(x) + 1)*cos(x**2/Abs(x))/Abs(x), True))', 'latex': '\\begin{cases} 0 & \\text{for}\\: x = 0 \\\\\\frac{x \\left(2 \\left|{x}\\right| \\delta\\left(x\\right) + 1\\right) \\cos{\\left(\\frac{x^{2}}{\\left|{x}\\right|} \\right)}}{\\left|{x}\\right|} & \\text{otherwise} \\end{cases}', 'properties': {'singularities': [], 'is_periodic': False, 'domain': 'R'}}",derivative_of_sin(x*sign(x))
MCM_121_eee8a3a4,"{'a': 1, 'b': 2, 'c': 1}","{'points': [{'x': -3.0, 'y': 0.1411}, {'x': -2.75, 'y': 0.3817}, {'x': -2.5, 'y': 0.5985}, {'x': -2.25, 'y': 0.7781}, {'x': -2.0, 'y': 0.9093}, {'x': -1.75, 'y': 0.984}, {'x': -1.5, 'y': 0.9975}, {'x': -1.25, 'y': 0.949}, {'x': -1.0, 'y': 0.8415}, {'x': -0.75, 'y': 0.6816}, {'x': -0.5, 'y': 0.4794}, {'x': -0.25, 'y': 0.2474}, {'x': 0.0, 'y': 0.0}, {'x': 0.25, 'y': -0.2474}, {'x': 0.5, 'y': -0.4794}, {'x': 0.75, 'y': -0.6816}, {'x': 1.0, 'y': -0.8415}, {'x': 1.25, 'y': -0.949}, {'x': 1.5, 'y': -0.9975}, {'x': 1.75, 'y': -0.984}, {'x': 2.0, 'y': -0.9093}, {'x': 2.25, 'y': -0.7781}, {'x': 2.5, 'y': -0.5985}, {'x': 2.75, 'y': -0.3817}, {'x': 3.0, 'y': -0.1411}]}","{'formula': 'Piecewise((0, Eq(x, 0)), (-x*(2*Abs(x)*DiracDelta(x) + 1)*sin(x**2/Abs(x))/Abs(x), True))', 'latex': '\\begin{cases} 0 & \\text{for}\\: x = 0 \\\\- \\frac{x \\left(2 \\left|{x}\\right| \\delta\\left(x\\right) + 1\\right) \\sin{\\left(\\frac{x^{2}}{\\left|{x}\\right|} \\right)}}{\\left|{x}\\right|} & \\text{otherwise} \\end{cases}', 'properties': {'singularities': [], 'is_periodic': False, 'domain': 'R'}}",derivative_of_cos(x*sign(x))
MCM_121_3961f9c3,"{'a': 1, 'b': 2, 'c': 1}","{'points': [{'x': -3.0, 'y': -2.5791}, {'x': -2.75, 'y': -1.0756}, {'x': -2.5, 'y': -0.1047}, {'x': -2.25, 'y': 0.1137}, {'x': -2.0, 'y': -0.0189}, {'x': -1.75, 'y': -0.1012}, {'x': -1.5, 'y': 0.0822}, {'x': -1.25, 'y': 0.5039}, {'x': -1.0, 'y': 0.9208}, {'x': -0.75, 'y': 1.0731}, {'x': -0.5, 'y': 0.892}, {'x': -0.25, 'y': 0.4887}, {'x': 0.0, 'y': 0.0}, {'x': 0.25, 'y': 0.4887}, {'x': 0.5, 'y': 0.892}, {'x': 0.75, 'y': 1.0731}, {'x': 1.0, 'y': 0.9208}, {'x': 1.25, 'y': 0.5039}, {'x': 1.5, 'y': 0.0822}, {'x': 1.75, 'y': -0.1012}, {'x': 2.0, 'y': -0.0189}, {'x': 2.25, 'y': 0.1137}, {'x': 2.5, 'y': -0.1047}, {'x': 2.75, 'y': -1.0756}, {'x': 3.0, 'y': -2.5791}]}","{'formula': 'Piecewise((0, Eq(x, 0)), (x*(x*cos(x) + sin(x))*cos(sin(x)*Abs(x))/Abs(x), True))', 'latex': '\\begin{cases} 0 & \\text{for}\\: x = 0 \\\\\\frac{x \\left(x \\cos{\\left(x \\right)} + \\sin{\\left(x \\right)}\\right) \\cos{\\left(\\sin{\\left(x \\right)} \\left|{x}\\right| \\right)}}{\\left|{x}\\right|} & \\text{otherwise} \\end{cases}', 'properties': {'singularities': [], 'is_periodic': False, 'domain': 'R'}}",derivative_of_sin(sin(x)*Abs(x))
MCM_121_ca8e2497,"{'a': 1, 'b': 2, 'c': 1}","{'points': [{'x': -3.0, 'y': -1.1622}, {'x': -2.75, 'y': -1.8733}, {'x': -2.5, 'y': -1.4005}, {'x': -2.25, 'y': -0.6251}, {'x': -2.0, 'y': 0.0747}, {'x': -1.75, 'y': 0.6644}, {'x': -1.5, 'y': 1.1005}, {'x': -1.25, 'y': 1.245}, {'x': -1.0, 'y': 1.0303}, {'x': -0.75, 'y': 0.602}, {'x': -0.5, 'y': 0.218}, {'x': -0.25, 'y': 0.0303}, {'x': 0.0, 'y': 0.0}, {'x': 0.25, 'y': -0.0303}, {'x': 0.5, 'y': -0.218}, {'x': 0.75, 'y': -0.602}, {'x': 1.0, 'y': -1.0303}, {'x': 1.25, 'y': -1.245}, {'x': 1.5, 'y': -1.1005}, {'x': 1.75, 'y': -0.6644}, {'x': 2.0, 'y': -0.0747}, {'x': 2.25, 'y': 0.6251}, {'x': 2.5, 'y': 1.4005}, {'x': 2.75, 'y': 1.8733}, {'x': 3.0, 'y': 1.1622}]}","{'formula': 'Piecewise((0, Eq(x, 0)), (-x*(x*cos(x) + sin(x))*sin(sin(x)*Abs(x))/Abs(x), True))', 'latex': '\\begin{cases} 0 & \\text{for}\\: x = 0 \\\\- \\frac{x \\left(x \\cos{\\left(x \\right)} + \\sin{\\left(x \\right)}\\right) \\sin{\\left(\\sin{\\left(x \\right)} \\left|{x}\\right| \\right)}}{\\left|{x}\\right|} & \\text{otherwise} \\end{cases}', 'properties': {'singularities': [], 'is_periodic': False, 'domain': 'R'}}",derivative_of_cos(sin(x)*Abs(x))
MCM_121_d3175a58,"{'a': 1, 'b': 2, 'c': 1}","{'points': [{'x': -3.0, 'y': 0.9802}, {'x': -2.75, 'y': 0.8578}, {'x': -2.5, 'y': 0.6619}, {'x': -2.25, 'y': 0.4474}, {'x': -2.0, 'y': 0.2556}, {'x': -1.75, 'y': 0.0987}, {'x': -1.5, 'y': -0.0384}, {'x': -1.25, 'y': -0.1837}, {'x': -1.0, 'y': -0.36}, {'x': -0.75, 'y': -0.5682}, {'x': -0.5, 'y': -0.7786}, {'x': -0.25, 'y': -0.9394}, {'x': 0.0, 'y': 0.0}, {'x': 0.25, 'y': 0.9394}, {'x': 0.5, 'y': 0.7786}, {'x': 0.75, 'y': 0.5682}, {'x': 1.0, 'y': 0.36}, {'x': 1.25, 'y': 0.1837}, {'x': 1.5, 'y': 0.0384}, {'x': 1.75, 'y': -0.0987}, {'x': 2.0, 'y': -0.2556}, {'x': 2.25, 'y': -0.4474}, {'x': 2.5, 'y': -0.6619}, {'x': 2.75, 'y': -0.8578}, {'x': 3.0, 'y': -0.9802}]}","{'formula': 'Piecewise((0, Eq(sin(x), 0)), (sin(x)*cos(x)*cos(Abs(sin(x)))/Abs(sin(x)), True))', 'latex': '\\begin{cases} 0 & \\text{for}\\: \\sin{\\left(x \\right)} = 0 \\\\\\frac{\\sin{\\left(x \\right)} \\cos{\\left(x \\right)} \\cos{\\left(\\left|{\\sin{\\left(x \\right)}}\\right| \\right)}}{\\left|{\\sin{\\left(x \\right)}}\\right|} & \\text{otherwise} \\end{cases}', 'properties': {'singularities': [], 'is_periodic': False, 'domain': 'R'}}",derivative_of_sin(Abs(sin(x)))
MCM_121_893b8c98,"{'a': 1, 'b': 2, 'c': 1}","{'points': [{'x': -3.0, 'y': -0.1392}, {'x': -2.75, 'y': -0.3443}, {'x': -2.5, 'y': -0.4513}, {'x': -2.25, 'y': -0.4409}, {'x': -2.0, 'y': -0.3284}, {'x': -1.75, 'y': -0.1484}, {'x': -1.5, 'y': 0.0594}, {'x': -1.25, 'y': 0.2563}, {'x': -1.0, 'y': 0.4029}, {'x': -0.75, 'y': 0.461}, {'x': -0.5, 'y': 0.4048}, {'x': -0.25, 'y': 0.2373}, {'x': 0.0, 'y': 0.0}, {'x': 0.25, 'y': -0.2373}, {'x': 0.5, 'y': -0.4048}, {'x': 0.75, 'y': -0.461}, {'x': 1.0, 'y': -0.4029}, {'x': 1.25, 'y': -0.2563}, {'x': 1.5, 'y': -0.0594}, {'x': 1.75, 'y': 0.1484}, {'x': 2.0, 'y': 0.3284}, {'x': 2.25, 'y': 0.4409}, {'x': 2.5, 'y': 0.4513}, {'x': 2.75, 'y': 0.3443}, {'x': 3.0, 'y': 0.1392}]}","{'formula': 'Piecewise((0, Eq(sin(x), 0)), (-sin(x)*sin(Abs(sin(x)))*cos(x)/Abs(sin(x)), True))', 'latex': '\\begin{cases} 0 & \\text{for}\\: \\sin{\\left(x \\right)} = 0 \\\\- \\frac{\\sin{\\left(x \\right)} \\sin{\\left(\\left|{\\sin{\\left(x \\right)}}\\right| \\right)} \\cos{\\left(x \\right)}}{\\left|{\\sin{\\left(x \\right)}}\\right|} & \\text{otherwise} \\end{cases}', 'properties': {'singularities': [], 'is_periodic': False, 'domain': 'R'}}",derivative_of_cos(Abs(sin(x)))
MCM_122_87fa5246,"{'a': 1, 'b': 2, 'c': 2}","{'points': [{'x': -3.0, 'y': -0.3986}, {'x': -2.75, 'y': -0.385}, {'x': -2.5, 'y': -0.3684}, {'x': -2.25, 'y': -0.3481}, {'x': -2.0, 'y': -0.3226}, {'x': -1.75, 'y': -0.2901}, {'x': -1.5, 'y': -0.2478}, {'x': -1.25, 'y': -0.1913}, {'x': -1.0, 'y': -0.1134}, {'x': -0.75, 'y': -0.0018}, {'x': -0.5, 'y': 0.166}, {'x': -0.25, 'y': 0.4355}, {'x': 0.0, 'y': 0.9091}, {'x': 0.25, 'y': -1.8599}, {'x': 0.5, 'y': -4.2361}, {'x': 0.75, 'y': -13.4184}, {'x': 1.0, 'y': -170.0}, {'x': 1.25, 'y': -75.2778}, {'x': 1.5, 'y': -10.1563}, {'x': 1.75, 'y': -3.5355}, {'x': 2.0, 'y': -1.6049}, {'x': 2.25, 'y': -0.7892}, {'x': 2.5, 'y': -0.3699}, {'x': 2.75, 'y': -0.1263}, {'x': 3.0, 'y': 0.0277}]}","{'formula': 'Piecewise(((-x*(0.5*x + 1) + (1.0*x + 1)*(x - 1.1))/(x - 1.1)**2, x > 0), ((-0.5*x**2 + 1.1*x + 1.1)/(1.0*x**2 - 2.2*x + 1.21), True))', 'latex': '\\begin{cases} \\frac{- x \\left(0.5 x + 1\\right) + \\left(1.0 x + 1\\right) \\left(x - 1.1\\right)}{\\left(x - 1.1\\right)^{2}} & \\text{for}\\: x > 0 \\\\\\frac{- 0.5 x^{2} + 1.1 x + 1.1}{1.0 x^{2} - 2.2 x + 1.21} & \\text{otherwise} \\end{cases}', 'properties': {'singularities': [], 'is_periodic': False, 'domain': 'R'}}","derivative_of_Piecewise((x*(0.5*x + 1)/(x - 1.1), x > 0), (-x*(0.5*x + 1)/(x - 1.1), True))"
MCM_122_d028e67c,"{'a': 1, 'b': 2, 'c': 2}","{'points': [{'x': -3.0, 'y': 0.0}, {'x': -2.75, 'y': 0.0}, {'x': -2.5, 'y': 0.0}, {'x': -2.25, 'y': 0.0}, {'x': -2.0, 'y': 0.0}, {'x': -1.75, 'y': 0.0}, {'x': -1.5, 'y': 0.0}, {'x': -1.25, 'y': 0.0}, {'x': -1.0, 'y': 0.0}, {'x': -0.75, 'y': 0.0}, {'x': -0.5, 'y': 0.0}, {'x': -0.25, 'y': 0.0}, {'x': 0.0, 'y': -10.0}, {'x': 0.25, 'y': -8.8889}, {'x': 0.5, 'y': -1.25}, {'x': 0.75, 'y': -0.4734}, {'x': 1.0, 'y': -0.2469}, {'x': 1.25, 'y': -0.1512}, {'x': 1.5, 'y': -0.102}, {'x': 1.75, 'y': -0.0735}, {'x': 2.0, 'y': -0.0554}, {'x': 2.25, 'y': -0.0433}, {'x': 2.5, 'y': -0.0347}, {'x': 2.75, 'y': -0.0285}, {'x': 3.0, 'y': -0.0238}]}","{'formula': 'Piecewise((-10.0, Eq(x, 0)), ((x + Abs(x))*(x - Abs(x) - 0.1)/((x - 0.1)**2*Abs(x)), True))', 'latex': '\\begin{cases} -10.0 & \\text{for}\\: x = 0 \\\\\\frac{\\left(x + \\left|{x}\\right|\\right) \\left(x - \\left|{x}\\right| - 0.1\\right)}{\\left(x - 0.1\\right)^{2} \\left|{x}\\right|} & \\text{otherwise} \\end{cases}', 'properties': {'singularities': [], 'is_periodic': False, 'domain': 'R'}}",derivative_of_(x + Abs(x))/(x - 0.1)
MCM_122_c09b4249,"{'a': 1, 'b': 2, 'c': 2}","{'points': [{'x': -3.0, 'y': 0.0195}, {'x': -2.75, 'y': 0.023}, {'x': -2.5, 'y': 0.0274}, {'x': -2.25, 'y': 0.0333}, {'x': -2.0, 'y': 0.0413}, {'x': -1.75, 'y': 0.0526}, {'x': -1.5, 'y': 0.0692}, {'x': -1.25, 'y': 0.0951}, {'x': -1.0, 'y': 0.1389}, {'x': -0.75, 'y': 0.2216}, {'x': -0.5, 'y': 0.4082}, {'x': -0.25, 'y': 0.9877}, {'x': 0.0, 'y': 0.0}, {'x': 0.25, 'y': -80.0}, {'x': 0.5, 'y': -2.2222}, {'x': 0.75, 'y': -0.6612}, {'x': 1.0, 'y': -0.3125}, {'x': 1.25, 'y': -0.1814}, {'x': 1.5, 'y': -0.1183}, {'x': 1.75, 'y': -0.0832}, {'x': 2.0, 'y': -0.0617}, {'x': 2.25, 'y': -0.0476}, {'x': 2.5, 'y': -0.0378}, {'x': 2.75, 'y': -0.0308}, {'x': 3.0, 'y': -0.0255}]}","{'formula': 'Piecewise((0, Eq(x, 0)), (x*(-x + (x - 0.2)*(2*Abs(x)*DiracDelta(x) + 1))/((x - 0.2)**2*Abs(x)), True))', 'latex': '\\begin{cases} 0 & \\text{for}\\: x = 0 \\\\\\frac{x \\left(- x + \\left(x - 0.2\\right) \\left(2 \\left|{x}\\right| \\delta\\left(x\\right) + 1\\right)\\right)}{\\left(x - 0.2\\right)^{2} \\left|{x}\\right|} & \\text{otherwise} \\end{cases}', 'properties': {'singularities': [], 'is_periodic': False, 'domain': 'R'}}",derivative_of_x*sign(x)/(x - 0.2)
MCM_122_8e55f082,"{'a': 1, 'b': 2, 'c': 2}","{'points': [{'x': -3.0, 'y': 1.0447}, {'x': -2.75, 'y': 0.9861}, {'x': -2.5, 'y': 0.8685}, {'x': -2.25, 'y': 0.6995}, {'x': -2.0, 'y': 0.4897}, {'x': -1.75, 'y': 0.2526}, {'x': -1.5, 'y': 0.0035}, {'x': -1.25, 'y': -0.2407}, {'x': -1.0, 'y': -0.4609}, {'x': -0.75, 'y': -0.6306}, {'x': -0.5, 'y': -0.6666}, {'x': -0.25, 'y': 1.2888}, {'x': 0.0, 'y': 0.0}, {'x': 0.25, 'y': 0.8375}, {'x': 0.5, 'y': 0.8453}, {'x': 0.75, 'y': 0.736}, {'x': 1.0, 'y': 0.5653}, {'x': 1.25, 'y': 0.3542}, {'x': 1.5, 'y': 0.1193}, {'x': 1.75, 'y': -0.1233}, {'x': 2.0, 'y': -0.3576}, {'x': 2.25, 'y': -0.5687}, {'x': 2.5, 'y': -0.743}, {'x': 2.75, 'y': -0.8697}, {'x': 3.0, 'y': -0.9407}]}","{'formula': 'Piecewise((0, Eq(x, 0)), (x*(-x*sin(x) + (x + 0.15)*(x*cos(x) + sin(x)))/((x + 0.15)**2*Abs(x)), True))', 'latex': '\\begin{cases} 0 & \\text{for}\\: x = 0 \\\\\\frac{x \\left(- x \\sin{\\left(x \\right)} + \\left(x + 0.15\\right) \\left(x \\cos{\\left(x \\right)} + \\sin{\\left(x \\right)}\\right)\\right)}{\\left(x + 0.15\\right)^{2} \\left|{x}\\right|} & \\text{otherwise} \\end{cases}', 'properties': {'singularities': [], 'is_periodic': False, 'domain': 'R'}}",derivative_of_sin(x)*Abs(x)/(x + 0.15)
MCM_122_84d37c35,"{'a': 1, 'b': 2, 'c': 2}","{'points': [{'x': -3.0, 'y': -0.386}, {'x': -2.75, 'y': -0.4408}, {'x': -2.5, 'y': -0.4878}, {'x': -2.25, 'y': -0.5268}, {'x': -2.0, 'y': -0.5594}, {'x': -1.75, 'y': -0.5909}, {'x': -1.5, 'y': -0.6338}, {'x': -1.25, 'y': -0.7196}, {'x': -1.0, 'y': -0.9454}, {'x': -0.75, 'y': -1.7401}, {'x': -0.5, 'y': -7.5977}, {'x': -0.25, 'y': -118.3398}, {'x': 0.0, 'y': 0.0}, {'x': 0.25, 'y': 0.9438}, {'x': 0.5, 'y': 0.3479}, {'x': 0.75, 'y': 0.0786}, {'x': 1.0, 'y': -0.0823}, {'x': 1.25, 'y': -0.1916}, {'x': 1.5, 'y': -0.2686}, {'x': 1.75, 'y': -0.3211}, {'x': 2.0, 'y': -0.3528}, {'x': 2.25, 'y': -0.366}, {'x': 2.5, 'y': -0.3625}, {'x': 2.75, 'y': -0.3441}, {'x': 3.0, 'y': -0.313}]}","{'formula': 'Piecewise((-Abs(sin(x))/(x + 0.3)**2, Eq(sin(x), 0)), (((x + 0.3)*cos(x) - sin(x))*sin(x)/((x + 0.3)**2*Abs(sin(x))), True))', 'latex': '\\begin{cases} - \\frac{\\left|{\\sin{\\left(x \\right)}}\\right|}{\\left(x + 0.3\\right)^{2}} & \\text{for}\\: \\sin{\\left(x \\right)} = 0 \\\\\\frac{\\left(\\left(x + 0.3\\right) \\cos{\\left(x \\right)} - \\sin{\\left(x \\right)}\\right) \\sin{\\left(x \\right)}}{\\left(x + 0.3\\right)^{2} \\left|{\\sin{\\left(x \\right)}}\\right|} & \\text{otherwise} \\end{cases}', 'properties': {'singularities': [], 'is_periodic': False, 'domain': 'R'}}",derivative_of_Abs(sin(x))/(x + 0.3)
MCM_123_7f87c111,"{'a': 1, 'b': 2, 'c': 3}","{'points': [{'x': -3.0, 'y': 404.8611}, {'x': -2.75, 'y': 285.7868}, {'x': -2.5, 'y': 195.0835}, {'x': -2.25, 'y': 127.753}, {'x': -2.0, 'y': 80.0}, {'x': -1.75, 'y': 47.189}, {'x': -1.5, 'y': 25.4334}, {'x': -1.25, 'y': 12.2565}, {'x': -1.0, 'y': 5.0}, {'x': -0.75, 'y': 1.5326}, {'x': -0.5, 'y': 0.1916}, {'x': -0.25, 'y': -0.275}, {'x': 0.0, 'y': 0.0}, {'x': 0.25, 'y': 0.411}, {'x': 0.5, 'y': 0.5415}, {'x': 0.75, 'y': 1.7523}, {'x': 1.0, 'y': 5.1389}, {'x': 1.25, 'y': 12.3259}, {'x': 1.5, 'y': 25.4174}, {'x': 1.75, 'y': 46.9889}, {'x': 2.0, 'y': 80.0862}, {'x': 2.25, 'y': 128.224}, {'x': 2.5, 'y': 195.3865}, {'x': 2.75, 'y': 286.0263}, {'x': 3.0, 'y': 405.0652}]}","{'formula': 'Piecewise((5*x**4, Eq(x*(0.5*x + 1.0), 0)), (x*(5*x**3*Abs(x*(x*(0.5*x + 1))**0.9*(0.5*x + 1)) + (0.05*x + 0.1)*(1.0*x + 1))/Abs(x*(x*(0.5*x + 1))**0.9*(0.5*x + 1)), True))', 'latex': '\\begin{cases} 5 x^{4} & \\text{for}\\: x \\left(0.5 x + 1.0\\right) = 0 \\\\\\frac{x \\left(5 x^{3} \\left|{x \\left(x \\left(0.5 x + 1\\right)\\right)^{0.9} \\left(0.5 x + 1\\right)}\\right| + \\left(0.05 x + 0.1\\right) \\left(1.0 x + 1\\right)\\right)}{\\left|{x \\left(x \\left(0.5 x + 1\\right)\\right)^{0.9} \\left(0.5 x + 1\\right)}\\right|} & \\text{otherwise} \\end{cases}', 'properties': {'singularities': [], 'is_periodic': False, 'domain': 'R'}}",derivative_of_x**5 + Abs(x*(0.5*x + 1))**0.1
MCM_123_3112e23f,"{'a': 1, 'b': 2, 'c': 3}","{'points': [{'x': -3.0, 'y': 0.0}, {'x': -2.75, 'y': 0.0}, {'x': -2.5, 'y': 0.0}, {'x': -2.25, 'y': 0.0}, {'x': -2.0, 'y': 0.0}, {'x': -1.75, 'y': 0.0}, {'x': -1.5, 'y': 0.0}, {'x': -1.25, 'y': 0.0}, {'x': -1.0, 'y': 0.0}, {'x': -0.75, 'y': 0.0}, {'x': -0.5, 'y': 0.0}, {'x': -0.25, 'y': 0.0}, {'x': 0.0, 'y': 0.9589}, {'x': 0.25, 'y': -79.7905}, {'x': 0.5, 'y': 10.5264}, {'x': 0.75, 'y': 3.1533}, {'x': 1.0, 'y': 0.9126}, {'x': 1.25, 'y': 0.315}, {'x': 1.5, 'y': 0.1158}, {'x': 1.75, 'y': 0.0387}, {'x': 2.0, 'y': 0.0059}, {'x': 2.25, 'y': -0.0085}, {'x': 2.5, 'y': -0.0148}, {'x': 2.75, 'y': -0.0173}, {'x': 3.0, 'y': -0.0178}]}","{'formula': 'Piecewise((0.958924274663139, Eq(x, 0)), ((x + Abs(x))*((x - 0.2)**2*sin(1/(x - 0.2)) - cos(1/(x - 0.2))*Abs(x))/((x - 0.2)**2*Abs(x)), True))', 'latex': '\\begin{cases} 0.958924274663139 & \\text{for}\\: x = 0 \\\\\\frac{\\left(x + \\left|{x}\\right|\\right) \\left(\\left(x - 0.2\\right)^{2} \\sin{\\left(\\frac{1}{x - 0.2} \\right)} - \\cos{\\left(\\frac{1}{x - 0.2} \\right)} \\left|{x}\\right|\\right)}{\\left(x - 0.2\\right)^{2} \\left|{x}\\right|} & \\text{otherwise} \\end{cases}', 'properties': {'singularities': [], 'is_periodic': False, 'domain': 'R'}}",derivative_of_(x + Abs(x))*sin(1/(x - 0.2))
MCM_123_a130e34f,"{'a': 1, 'b': 2, 'c': 3}","{'points': [{'x': -3.0, 'y': 0.0}, {'x': -2.75, 'y': 0.0}, {'x': -2.5, 'y': 0.0}, {'x': -2.25, 'y': 0.0}, {'x': -2.0, 'y': 0.0}, {'x': -1.75, 'y': 0.0}, {'x': -1.5, 'y': 0.0}, {'x': -1.25, 'y': 0.0}, {'x': -1.0, 'y': 0.0}, {'x': -0.75, 'y': 0.0}, {'x': -0.5, 'y': 0.0}, {'x': -0.25, 'y': 0.0}, {'x': 0.0, 'y': 0.9514}, {'x': 0.25, 'y': 1.7315}, {'x': 0.5, 'y': 1.8997}, {'x': 0.75, 'y': 2.3468}, {'x': 1.0, 'y': 3.1088}, {'x': 1.25, 'y': 4.2913}, {'x': 1.5, 'y': 6.0804}, {'x': 1.75, 'y': 8.7751}, {'x': 2.0, 'y': 12.8475}, {'x': 2.25, 'y': 19.0426}, {'x': 2.5, 'y': 28.5405}, {'x': 2.75, 'y': 43.2233}, {'x': 3.0, 'y': 66.1141}]}","{'formula': 'Piecewise((0.951350769866873, Eq(x, 0)), ((x + Abs(x))*(x*polygamma(0, 1.0*Abs(x) + 1.1) + 1)*gamma(Abs(x) + 1.1)/Abs(x), True))', 'latex': '\\begin{cases} 0.951350769866873 & \\text{for}\\: x = 0 \\\\\\frac{\\left(x + \\left|{x}\\right|\\right) \\left(x \\operatorname{polygamma}{\\left(0,1.0 \\left|{x}\\right| + 1.1 \\right)} + 1\\right) \\Gamma\\left(\\left|{x}\\right| + 1.1\\right)}{\\left|{x}\\right|} & \\text{otherwise} \\end{cases}', 'properties': {'singularities': [], 'is_periodic': False, 'domain': 'R'}}",derivative_of_(x + Abs(x))*gamma(Abs(x) + 1.1)
MCM_123_5efe9e92,"{'a': 1, 'b': 2, 'c': 3}","{'points': [{'x': -3.0, 'y': -0.0031}, {'x': -2.75, 'y': -0.0019}, {'x': -2.5, 'y': 0.0005}, {'x': -2.25, 'y': 0.005}, {'x': -2.0, 'y': 0.0135}, {'x': -1.75, 'y': 0.0307}, {'x': -1.5, 'y': 0.0675}, {'x': -1.25, 'y': 0.1542}, {'x': -1.0, 'y': 0.3915}, {'x': -0.75, 'y': 1.1948}, {'x': -0.5, 'y': 4.1982}, {'x': -0.25, 'y': 20.4328}, {'x': 0.0, 'y': 0.0}, {'x': 0.25, 'y': 1.8503}, {'x': 0.5, 'y': 0.9612}, {'x': 0.75, 'y': 0.4854}, {'x': 1.0, 'y': 0.2762}, {'x': 1.25, 'y': 0.1732}, {'x': 1.5, 'y': 0.1168}, {'x': 1.75, 'y': 0.0832}, {'x': 2.0, 'y': 0.0618}, {'x': 2.25, 'y': 0.0475}, {'x': 2.5, 'y': 0.0375}, {'x': 2.75, 'y': 0.0303}, {'x': 3.0, 'y': 0.0249}]}","{'formula': 'Piecewise((0, Eq(x, 0)), (x*(-x*cos(1/(x + 0.15)) + (x + 0.15)**2*(2*Abs(x)*DiracDelta(x) + 1)*sin(1/(x + 0.15)))/((x + 0.15)**2*Abs(x)), True))', 'latex': '\\begin{cases} 0 & \\text{for}\\: x = 0 \\\\\\frac{x \\left(- x \\cos{\\left(\\frac{1}{x + 0.15} \\right)} + \\left(x + 0.15\\right)^{2} \\left(2 \\left|{x}\\right| \\delta\\left(x\\right) + 1\\right) \\sin{\\left(\\frac{1}{x + 0.15} \\right)}\\right)}{\\left(x + 0.15\\right)^{2} \\left|{x}\\right|} & \\text{otherwise} \\end{cases}', 'properties': {'singularities': [], 'is_periodic': False, 'domain': 'R'}}",derivative_of_x*sin(1/(x + 0.15))*sign(x)
MCM_123_297e9c1b,"{'a': 1, 'b': 2, 'c': 3}","{'points': [{'x': -3.0, 'y': -33.057}, {'x': -2.75, 'y': -21.6117}, {'x': -2.5, 'y': -14.2702}, {'x': -2.25, 'y': -9.5213}, {'x': -2.0, 'y': -6.4238}, {'x': -1.75, 'y': -4.3875}, {'x': -1.5, 'y': -3.0402}, {'x': -1.25, 'y': -2.1457}, {'x': -1.0, 'y': -1.5544}, {'x': -0.75, 'y': -1.1734}, {'x': -0.5, 'y': -0.9498}, {'x': -0.25, 'y': -0.8658}, {'x': 0.0, 'y': 0.0}, {'x': 0.25, 'y': 0.8658}, {'x': 0.5, 'y': 0.9498}, {'x': 0.75, 'y': 1.1734}, {'x': 1.0, 'y': 1.5544}, {'x': 1.25, 'y': 2.1457}, {'x': 1.5, 'y': 3.0402}, {'x': 1.75, 'y': 4.3875}, {'x': 2.0, 'y': 6.4238}, {'x': 2.25, 'y': 9.5213}, {'x': 2.5, 'y': 14.2702}, {'x': 2.75, 'y': 21.6117}, {'x': 3.0, 'y': 33.057}]}","{'formula': 'Piecewise((0, Eq(x, 0)), (x*(2*Abs(x)*DiracDelta(x) + Abs(x)*polygamma(0, 1.0*Abs(x) + 1.1) + 1)*gamma(Abs(x) + 1.1)/Abs(x), True))', 'latex': '\\begin{cases} 0 & \\text{for}\\: x = 0 \\\\\\frac{x \\left(2 \\left|{x}\\right| \\delta\\left(x\\right) + \\left|{x}\\right| \\operatorname{polygamma}{\\left(0,1.0 \\left|{x}\\right| + 1.1 \\right)} + 1\\right) \\Gamma\\left(\\left|{x}\\right| + 1.1\\right)}{\\left|{x}\\right|} & \\text{otherwise} \\end{cases}', 'properties': {'singularities': [], 'is_periodic': False, 'domain': 'R'}}",derivative_of_x*gamma(Abs(x) + 1.1)*sign(x)
MCM_123_116881e2,"{'a': 1, 'b': 2, 'c': 3}","{'points': [{'x': -3.0, 'y': 1.0781}, {'x': -2.75, 'y': 1.0179}, {'x': -2.5, 'y': 0.8943}, {'x': -2.25, 'y': 0.7129}, {'x': -2.0, 'y': 0.4808}, {'x': -1.75, 'y': 0.2042}, {'x': -1.5, 'y': -0.1182}, {'x': -1.25, 'y': -0.5158}, {'x': -1.0, 'y': -1.1244}, {'x': -0.75, 'y': -2.5092}, {'x': -0.5, 'y': 2.5804}, {'x': -0.25, 'y': 10.5431}, {'x': 0.0, 'y': 0.0}, {'x': 0.25, 'y': 0.5248}, {'x': 0.5, 'y': 0.7533}, {'x': 0.75, 'y': 0.7337}, {'x': 1.0, 'y': 0.6034}, {'x': 1.25, 'y': 0.4132}, {'x': 1.5, 'y': 0.1897}, {'x': 1.75, 'y': -0.047}, {'x': 2.0, 'y': -0.2794}, {'x': 2.25, 'y': -0.4916}, {'x': 2.5, 'y': -0.6698}, {'x': 2.75, 'y': -0.8024}, {'x': 3.0, 'y': -0.8813}]}","{'formula': 'Piecewise((0, Eq(x, 0)), (x*(-x*sin(x)*cos(1/(x + 0.3)) + (x + 0.3)**2*(x*cos(x) + sin(x))*sin(1/(x + 0.3)))/((x + 0.3)**2*Abs(x)), True))', 'latex': '\\begin{cases} 0 & \\text{for}\\: x = 0 \\\\\\frac{x \\left(- x \\sin{\\left(x \\right)} \\cos{\\left(\\frac{1}{x + 0.3} \\right)} + \\left(x + 0.3\\right)^{2} \\left(x \\cos{\\left(x \\right)} + \\sin{\\left(x \\right)}\\right) \\sin{\\left(\\frac{1}{x + 0.3} \\right)}\\right)}{\\left(x + 0.3\\right)^{2} \\left|{x}\\right|} & \\text{otherwise} \\end{cases}', 'properties': {'singularities': [], 'is_periodic': False, 'domain': 'R'}}",derivative_of_sin(x)*sin(1/(x + 0.3))*Abs(x)
MCM_123_d319a214,"{'a': 1, 'b': 2, 'c': 3}","{'points': [{'x': -3.0, 'y': -15.5683}, {'x': -2.75, 'y': -4.4246}, {'x': -2.5, 'y': 1.0957}, {'x': -2.25, 'y': 3.4124}, {'x': -2.0, 'y': 4.012}, {'x': -1.75, 'y': 3.7716}, {'x': -1.5, 'y': 3.1843}, {'x': -1.25, 'y': 2.5104}, {'x': -1.0, 'y': 1.8734}, {'x': -0.75, 'y': 1.3188}, {'x': -0.5, 'y': 0.8474}, {'x': -0.25, 'y': 0.4301}, {'x': 0.0, 'y': 0.0}, {'x': 0.25, 'y': 0.4301}, {'x': 0.5, 'y': 0.8474}, {'x': 0.75, 'y': 1.3188}, {'x': 1.0, 'y': 1.8734}, {'x': 1.25, 'y': 2.5104}, {'x': 1.5, 'y': 3.1843}, {'x': 1.75, 'y': 3.7716}, {'x': 2.0, 'y': 4.012}, {'x': 2.25, 'y': 3.4124}, {'x': 2.5, 'y': 1.0957}, {'x': 2.75, 'y': -4.4246}, {'x': 3.0, 'y': -15.5683}]}","{'formula': 'Piecewise((0, Eq(x, 0)), (x*(x*cos(x) + sin(x)*Abs(x)*polygamma(0, 1.0*Abs(x) + 1.1) + sin(x))*gamma(Abs(x) + 1.1)/Abs(x), True))', 'latex': '\\begin{cases} 0 & \\text{for}\\: x = 0 \\\\\\frac{x \\left(x \\cos{\\left(x \\right)} + \\sin{\\left(x \\right)} \\left|{x}\\right| \\operatorname{polygamma}{\\left(0,1.0 \\left|{x}\\right| + 1.1 \\right)} + \\sin{\\left(x \\right)}\\right) \\Gamma\\left(\\left|{x}\\right| + 1.1\\right)}{\\left|{x}\\right|} & \\text{otherwise} \\end{cases}', 'properties': {'singularities': [], 'is_periodic': False, 'domain': 'R'}}",derivative_of_sin(x)*Abs(x)*gamma(Abs(x) + 1.1)
MCM_123_9229eb76,"{'a': 1, 'b': 2, 'c': 3}","{'points': [{'x': -3.0, 'y': -0.2472}, {'x': -2.75, 'y': -0.2623}, {'x': -2.5, 'y': -0.2641}, {'x': -2.25, 'y': -0.251}, {'x': -2.0, 'y': -0.2217}, {'x': -1.75, 'y': -0.175}, {'x': -1.5, 'y': -0.1102}, {'x': -1.25, 'y': -0.0263}, {'x': -1.0, 'y': 0.0781}, {'x': -0.75, 'y': 0.2058}, {'x': -0.5, 'y': 0.3616}, {'x': -0.25, 'y': 0.5537}, {'x': 0.0, 'y': 0.0}, {'x': 0.25, 'y': -1.0261}, {'x': 0.5, 'y': -0.7461}, {'x': 0.75, 'y': 5.1355}, {'x': 1.0, 'y': 70.8994}, {'x': 1.25, 'y': -38.9957}, {'x': 1.5, 'y': 5.0369}, {'x': 1.75, 'y': -0.2534}, {'x': 2.0, 'y': -0.871}, {'x': 2.25, 'y': -0.8595}, {'x': 2.5, 'y': -0.7555}, {'x': 2.75, 'y': -0.6417}, {'x': 3.0, 'y': -0.5311}]}","{'formula': 'Piecewise((-cos(1/(x - 1.1))*Abs(sin(x))/(x - 1.1)**2, Eq(sin(x), 0)), (((x - 1.1)**2*sin(1/(x - 1.1))*cos(x) - sin(x)*cos(1/(x - 1.1)))*sin(x)/((x - 1.1)**2*Abs(sin(x))), True))', 'latex': '\\begin{cases} - \\frac{\\cos{\\left(\\frac{1}{x - 1.1} \\right)} \\left|{\\sin{\\left(x \\right)}}\\right|}{\\left(x - 1.1\\right)^{2}} & \\text{for}\\: \\sin{\\left(x \\right)} = 0 \\\\\\frac{\\left(\\left(x - 1.1\\right)^{2} \\sin{\\left(\\frac{1}{x - 1.1} \\right)} \\cos{\\left(x \\right)} - \\sin{\\left(x \\right)} \\cos{\\left(\\frac{1}{x - 1.1} \\right)}\\right) \\sin{\\left(x \\right)}}{\\left(x - 1.1\\right)^{2} \\left|{\\sin{\\left(x \\right)}}\\right|} & \\text{otherwise} \\end{cases}', 'properties': {'singularities': [], 'is_periodic': False, 'domain': 'R'}}",derivative_of_sin(1/(x - 1.1))*Abs(sin(x))
MCM_123_23494122,"{'a': 1, 'b': 2, 'c': 3}","{'points': [{'x': -3.0, 'y': 5.5099}, {'x': -2.75, 'y': 2.3009}, {'x': -2.5, 'y': 0.4515}, {'x': -2.25, 'y': -0.5389}, {'x': -2.0, 'y': -1.0069}, {'x': -1.75, 'y': -1.1716}, {'x': -1.5, 'y': -1.1722}, {'x': -1.25, 'y': -1.095}, {'x': -1.0, 'y': -0.9928}, {'x': -0.75, 'y': -0.8989}, {'x': -0.5, 'y': -0.8381}, {'x': -0.25, 'y': -0.8383}, {'x': 0.0, 'y': 0.0}, {'x': 0.25, 'y': 0.8383}, {'x': 0.5, 'y': 0.8381}, {'x': 0.75, 'y': 0.8989}, {'x': 1.0, 'y': 0.9928}, {'x': 1.25, 'y': 1.095}, {'x': 1.5, 'y': 1.1722}, {'x': 1.75, 'y': 1.1716}, {'x': 2.0, 'y': 1.0069}, {'x': 2.25, 'y': 0.5389}, {'x': 2.5, 'y': -0.4515}, {'x': 2.75, 'y': -2.3009}, {'x': 3.0, 'y': -5.5099}]}","{'formula': 'Piecewise((0, Eq(x, 0)), (x*Abs(sin(x)/x)*gamma(Abs(x) + 1.1)*polygamma(0, 1.0*Abs(x) + 1.1), Eq(sin(x), 0)), ((2*x*sin(x)**2*Abs(1/x)*polygamma(0, 1.0*Abs(x) + 1.1) + sin(2*x))*gamma(Abs(x) + 1.1)/(2*Abs(sin(x))), True))', 'latex': '\\begin{cases} 0 & \\text{for}\\: x = 0 \\\\x \\left|{\\frac{\\sin{\\left(x \\right)}}{x}}\\right| \\Gamma\\left(\\left|{x}\\right| + 1.1\\right) \\operatorname{polygamma}{\\left(0,1.0 \\left|{x}\\right| + 1.1 \\right)} & \\text{for}\\: \\sin{\\left(x \\right)} = 0 \\\\\\frac{\\left(2 x \\sin^{2}{\\left(x \\right)} \\left|{\\frac{1}{x}}\\right| \\operatorname{polygamma}{\\left(0,1.0 \\left|{x}\\right| + 1.1 \\right)} + \\sin{\\left(2 x \\right)}\\right) \\Gamma\\left(\\left|{x}\\right| + 1.1\\right)}{2 \\left|{\\sin{\\left(x \\right)}}\\right|} & \\text{otherwise} \\end{cases}', 'properties': {'singularities': [], 'is_periodic': False, 'domain': 'R'}}",derivative_of_Abs(sin(x))*gamma(Abs(x) + 1.1)
MCM_130_802ae379,"{'a': 1, 'b': 3, 'c': 0}","{'points': [{'x': -3.0, 'y': -0.0}, {'x': -2.75, 'y': -0.0}, {'x': -2.5, 'y': -0.0}, {'x': -2.25, 'y': -0.0}, {'x': -2.0, 'y': -0.0}, {'x': -1.75, 'y': -0.0003}, {'x': -1.5, 'y': -0.0214}, {'x': -1.25, 'y': -0.2455}, {'x': -1.0, 'y': -0.8302}, {'x': -0.75, 'y': -1.2335}, {'x': -0.5, 'y': -1.06}, {'x': -0.25, 'y': -0.562}, {'x': 0.0, 'y': 0.0}, {'x': 0.25, 'y': 0.562}, {'x': 0.5, 'y': 1.06}, {'x': 0.75, 'y': 1.2335}, {'x': 1.0, 'y': 0.8302}, {'x': 1.25, 'y': 0.2455}, {'x': 1.5, 'y': 0.0214}, {'x': 1.75, 'y': 0.0003}, {'x': 2.0, 'y': 0.0}, {'x': 2.25, 'y': 0.0}, {'x': 2.5, 'y': 0.0}, {'x': 2.75, 'y': 0.0}, {'x': 3.0, 'y': 0.0}]}","{'formula': '4*x*exp(-x**4)/sqrt(pi)', 'latex': '\\frac{4 x e^{- x^{4}}}{\\sqrt{\\pi}}', 'properties': {'singularities': [], 'is_periodic': False, 'domain': 'R'}}",derivative_of_erf(x**2)
MCM_130_59976182,"{'a': 1, 'b': 3, 'c': 0}","{'points': [{'x': -3.0, 'y': 1.1159}, {'x': -2.75, 'y': 0.7876}, {'x': -2.5, 'y': 0.4462}, {'x': -2.25, 'y': 0.174}, {'x': -2.0, 'y': 0.0}, {'x': -1.75, 'y': -0.0815}, {'x': -1.5, 'y': -0.0921}, {'x': -1.25, 'y': -0.057}, {'x': -1.0, 'y': 0.0}, {'x': -0.75, 'y': 0.057}, {'x': -0.5, 'y': 0.0921}, {'x': -0.25, 'y': 0.0815}, {'x': 0.0, 'y': 0.0}, {'x': 0.25, 'y': -0.174}, {'x': 0.5, 'y': -0.4462}, {'x': 0.75, 'y': -0.7876}, {'x': 1.0, 'y': -1.1159}, {'x': 1.25, 'y': -1.2927}, {'x': 1.5, 'y': -1.1594}, {'x': 1.75, 'y': -0.628}, {'x': 2.0, 'y': 0.1981}, {'x': 2.25, 'y': 0.9591}, {'x': 2.5, 'y': 1.1622}, {'x': 2.75, 'y': 0.5435}, {'x': 3.0, 'y': -0.541}]}","{'formula': 'Piecewise((0, Eq(x*(0.5*x + 1.0), 0)), (-x*(0.5*x + 1)*(1.0*x + 1)*besselj(1, Abs(x*(0.5*x + 1)))/Abs(x*(0.5*x + 1)), True))', 'latex': '\\begin{cases} 0 & \\text{for}\\: x \\left(0.5 x + 1.0\\right) = 0 \\\\- \\frac{x \\left(0.5 x + 1\\right) \\left(1.0 x + 1\\right) J_{1}\\left(\\left|{x \\left(0.5 x + 1\\right)}\\right|\\right)}{\\left|{x \\left(0.5 x + 1\\right)}\\right|} & \\text{otherwise} \\end{cases}', 'properties': {'singularities': [], 'is_periodic': False, 'domain': 'R'}}","derivative_of_besselj(0, Abs(0.5*x**2 + x))"
MCM_130_cdbc48f0,"{'a': 1, 'b': 3, 'c': 0}","{'points': [{'x': -3.0, 'y': -7.7481}, {'x': -2.75, 'y': -5.0458}, {'x': -2.5, 'y': -3.2213}, {'x': -2.25, 'y': -1.9752}, {'x': -2.0, 'y': -1.1131}, {'x': -1.75, 'y': -0.5075}, {'x': -1.5, 'y': -0.0737}, {'x': -1.25, 'y': 0.2459}, {'x': -1.0, 'y': 0.4921}, {'x': -0.75, 'y': 0.6963}, {'x': -0.5, 'y': 0.8874}, {'x': -0.25, 'y': 1.1015}, {'x': 0.0, 'y': 1.0}, {'x': 0.25, 'y': 0.8985}, {'x': 0.5, 'y': 1.1126}, {'x': 0.75, 'y': 1.3037}, {'x': 1.0, 'y': 1.5079}, {'x': 1.25, 'y': 1.7541}, {'x': 1.5, 'y': 2.0737}, {'x': 1.75, 'y': 2.5075}, {'x': 2.0, 'y': 3.1131}, {'x': 2.25, 'y': 3.9752}, {'x': 2.5, 'y': 5.2213}, {'x': 2.75, 'y': 7.0458}, {'x': 3.0, 'y': 9.7481}]}","{'formula': 'Piecewise((1, Eq(x, 0)), (x*gamma(Abs(x) + 1.1)*polygamma(0, 1.0*Abs(x) + 1.1)/Abs(x) + 1, True))', 'latex': '\\begin{cases} 1 & \\text{for}\\: x = 0 \\\\\\frac{x \\Gamma\\left(\\left|{x}\\right| + 1.1\\right) \\operatorname{polygamma}{\\left(0,1.0 \\left|{x}\\right| + 1.1 \\right)}}{\\left|{x}\\right|} + 1 & \\text{otherwise} \\end{cases}', 'properties': {'singularities': [], 'is_periodic': False, 'domain': 'R'}}",derivative_of_x + gamma(Abs(x) + 1.1)
MCM_130_eacb7957,"{'a': 1, 'b': 3, 'c': 0}","{'points': [{'x': -3.0, 'y': -1.2772}, {'x': -2.75, 'y': -1.3356}, {'x': -2.5, 'y': -1.2911}, {'x': -2.25, 'y': -1.1511}, {'x': -2.0, 'y': -0.9296}, {'x': -1.75, 'y': -0.6462}, {'x': -1.5, 'y': -0.3251}, {'x': -1.25, 'y': 0.0076}, {'x': -1.0, 'y': 0.3251}, {'x': -0.75, 'y': 0.6023}, {'x': -0.5, 'y': 0.8173}, {'x': -0.25, 'y': 0.9534}, {'x': 0.0, 'y': 1.0}, {'x': 0.25, 'y': 0.9534}, {'x': 0.5, 'y': 0.8173}, {'x': 0.75, 'y': 0.6023}, {'x': 1.0, 'y': 0.3251}, {'x': 1.25, 'y': 0.0076}, {'x': 1.5, 'y': -0.3251}, {'x': 1.75, 'y': -0.6462}, {'x': 2.0, 'y': -0.9296}, {'x': 2.25, 'y': -1.1511}, {'x': 2.5, 'y': -1.2911}, {'x': 2.75, 'y': -1.3356}, {'x': 3.0, 'y': -1.2772}]}","{'formula': 'Piecewise((1, Eq(x, 0)), (-x**2*besselj(1, Abs(x))/Abs(x) + besselj(0, Abs(x)), True))', 'latex': '\\begin{cases} 1 & \\text{for}\\: x = 0 \\\\- \\frac{x^{2} J_{1}\\left(\\left|{x}\\right|\\right)}{\\left|{x}\\right|} + J_{0}\\left(\\left|{x}\\right|\\right) & \\text{otherwise} \\end{cases}', 'properties': {'singularities': [], 'is_periodic': False, 'domain': 'R'}}","derivative_of_x*besselj(0, Abs(x))"
MCM_130_f281bf62,"{'a': 1, 'b': 3, 'c': 0}","{'points': [{'x': -3.0, 'y': 0.99}, {'x': -2.75, 'y': 0.924}, {'x': -2.5, 'y': 0.7995}, {'x': -2.25, 'y': 0.6217}, {'x': -2.0, 'y': 0.3954}, {'x': -1.75, 'y': 0.1239}, {'x': -1.5, 'y': -0.187}, {'x': -1.25, 'y': -0.5155}, {'x': -1.0, 'y': -0.8046}, {'x': -0.75, 'y': -0.9586}, {'x': -0.5, 'y': -0.8781}, {'x': -0.25, 'y': -0.53}, {'x': 0.0, 'y': 0.0}, {'x': 0.25, 'y': 0.53}, {'x': 0.5, 'y': 0.8781}, {'x': 0.75, 'y': 0.9586}, {'x': 1.0, 'y': 0.8046}, {'x': 1.25, 'y': 0.5155}, {'x': 1.5, 'y': 0.187}, {'x': 1.75, 'y': -0.1239}, {'x': 2.0, 'y': -0.3954}, {'x': 2.25, 'y': -0.6217}, {'x': 2.5, 'y': -0.7995}, {'x': 2.75, 'y': -0.924}, {'x': 3.0, 'y': -0.99}]}","{'formula': 'cos(x)*erf(x) + 2*exp(-x**2)*sin(x)/sqrt(pi)', 'latex': '\\cos{\\left(x \\right)} \\operatorname{erf}{\\left(x \\right)} + \\frac{2 e^{- x^{2}} \\sin{\\left(x \\right)}}{\\sqrt{\\pi}}', 'properties': {'singularities': [], 'is_periodic': False, 'domain': 'R'}}",derivative_of_sin(x)*erf(x)
MCM_131_36571228,"{'a': 1, 'b': 3, 'c': 1}","{'points': [{'x': -3.0, 'y': -0.0}, {'x': -2.75, 'y': -0.0}, {'x': -2.5, 'y': -0.0}, {'x': -2.25, 'y': -0.0}, {'x': -2.0, 'y': -0.0}, {'x': -1.75, 'y': -0.0002}, {'x': -1.5, 'y': -0.0116}, {'x': -1.25, 'y': -0.1382}, {'x': -1.0, 'y': -0.5525}, {'x': -0.75, 'y': -1.036}, {'x': -0.5, 'y': -1.0198}, {'x': -0.25, 'y': -0.5606}, {'x': 0.0, 'y': 0.0}, {'x': 0.25, 'y': 0.5606}, {'x': 0.5, 'y': 1.0198}, {'x': 0.75, 'y': 1.036}, {'x': 1.0, 'y': 0.5525}, {'x': 1.25, 'y': 0.1382}, {'x': 1.5, 'y': 0.0116}, {'x': 1.75, 'y': 0.0002}, {'x': 2.0, 'y': 0.0}, {'x': 2.25, 'y': 0.0}, {'x': 2.5, 'y': 0.0}, {'x': 2.75, 'y': 0.0}, {'x': 3.0, 'y': 0.0}]}","{'formula': '4*x*exp(-x**4)*cos(erf(x**2))/sqrt(pi)', 'latex': '\\frac{4 x e^{- x^{4}} \\cos{\\left(\\operatorname{erf}{\\left(x^{2} \\right)} \\right)}}{\\sqrt{\\pi}}', 'properties': {'singularities': [], 'is_periodic': False, 'domain': 'R'}}",derivative_of_sin(erf(x**2))
MCM_131_2261b723,"{'a': 1, 'b': 3, 'c': 1}","{'points': [{'x': -3.0, 'y': 6.0682}, {'x': -2.75, 'y': 3.1133}, {'x': -2.5, 'y': -1.116}, {'x': -2.25, 'y': -1.6552}, {'x': -2.0, 'y': -1.0914}, {'x': -1.75, 'y': -0.5075}, {'x': -1.5, 'y': -0.0735}, {'x': -1.25, 'y': 0.2456}, {'x': -1.0, 'y': 0.4916}, {'x': -0.75, 'y': 0.683}, {'x': -0.5, 'y': 0.8195}, {'x': -0.25, 'y': 0.8828}, {'x': 0.0, 'y': 0.5806}, {'x': 0.25, 'y': 0.3743}, {'x': 0.5, 'y': 0.1962}, {'x': 0.75, 'y': -0.1623}, {'x': 1.0, 'y': -0.6905}, {'x': 1.25, 'y': -1.3545}, {'x': 1.5, 'y': -2.0273}, {'x': 1.75, 'y': -2.3487}, {'x': 2.0, 'y': -1.5327}, {'x': 2.25, 'y': 1.4181}, {'x': 2.5, 'y': 5.2099}, {'x': 2.75, 'y': 0.8312}, {'x': 3.0, 'y': -9.0241}]}","{'formula': 'Piecewise((0.580583821981527, Eq(x, 0)), ((x*gamma(Abs(x) + 1.1)*polygamma(0, 1.0*Abs(x) + 1.1) + Abs(x))*cos(x + gamma(Abs(x) + 1.1))/Abs(x), True))', 'latex': '\\begin{cases} 0.580583821981527 & \\text{for}\\: x = 0 \\\\\\frac{\\left(x \\Gamma\\left(\\left|{x}\\right| + 1.1\\right) \\operatorname{polygamma}{\\left(0,1.0 \\left|{x}\\right| + 1.1 \\right)} + \\left|{x}\\right|\\right) \\cos{\\left(x + \\Gamma\\left(\\left|{x}\\right| + 1.1\\right) \\right)}}{\\left|{x}\\right|} & \\text{otherwise} \\end{cases}', 'properties': {'singularities': [], 'is_periodic': False, 'domain': 'R'}}",derivative_of_sin(x + gamma(Abs(x) + 1.1))
MCM_131_1163129a,"{'a': 1, 'b': 3, 'c': 1}","{'points': [{'x': -3.0, 'y': -4.8177}, {'x': -2.75, 'y': 3.9708}, {'x': -2.5, 'y': 3.0218}, {'x': -2.25, 'y': 1.0778}, {'x': -2.0, 'y': 0.2185}, {'x': -1.75, 'y': -0.0003}, {'x': -1.5, 'y': -0.0052}, {'x': -1.25, 'y': 0.0115}, {'x': -1.0, 'y': -0.0229}, {'x': -0.75, 'y': -0.1353}, {'x': -0.5, 'y': -0.3403}, {'x': -0.25, 'y': -0.6588}, {'x': 0.0, 'y': -0.8142}, {'x': 0.25, 'y': -0.8168}, {'x': 0.5, 'y': -1.0952}, {'x': 0.75, 'y': -1.2936}, {'x': 1.0, 'y': -1.3405}, {'x': 1.25, 'y': -1.1146}, {'x': 1.5, 'y': -0.4363}, {'x': 1.75, 'y': 0.8781}, {'x': 2.0, 'y': 2.7096}, {'x': 2.25, 'y': 3.7136}, {'x': 2.5, 'y': 0.3452}, {'x': 2.75, 'y': -6.9966}, {'x': 3.0, 'y': 3.6867}]}","{'formula': 'Piecewise((-0.81420048246935, Eq(x, 0)), ((-x*gamma(Abs(x) + 1.1)*polygamma(0, 1.0*Abs(x) + 1.1) - Abs(x))*sin(x + gamma(Abs(x) + 1.1))/Abs(x), True))', 'latex': '\\begin{cases} -0.81420048246935 & \\text{for}\\: x = 0 \\\\\\frac{\\left(- x \\Gamma\\left(\\left|{x}\\right| + 1.1\\right) \\operatorname{polygamma}{\\left(0,1.0 \\left|{x}\\right| + 1.1 \\right)} - \\left|{x}\\right|\\right) \\sin{\\left(x + \\Gamma\\left(\\left|{x}\\right| + 1.1\\right) \\right)}}{\\left|{x}\\right|} & \\text{otherwise} \\end{cases}', 'properties': {'singularities': [], 'is_periodic': False, 'domain': 'R'}}",derivative_of_cos(x + gamma(Abs(x) + 1.1))
MCM_131_393a74c8,"{'a': 1, 'b': 3, 'c': 1}","{'points': [{'x': -3.0, 'y': -0.9079}, {'x': -2.75, 'y': -1.2018}, {'x': -2.5, 'y': -1.2817}, {'x': -2.25, 'y': -1.1312}, {'x': -2.0, 'y': -0.8379}, {'x': -1.75, 'y': -0.5161}, {'x': -1.5, 'y': -0.2339}, {'x': -1.25, 'y': 0.0053}, {'x': -1.0, 'y': 0.2345}, {'x': -0.75, 'y': 0.4802}, {'x': -0.5, 'y': 0.729}, {'x': -0.25, 'y': 0.9247}, {'x': 0.0, 'y': 1.0}, {'x': 0.25, 'y': 0.9247}, {'x': 0.5, 'y': 0.729}, {'x': 0.75, 'y': 0.4802}, {'x': 1.0, 'y': 0.2345}, {'x': 1.25, 'y': 0.0053}, {'x': 1.5, 'y': -0.2339}, {'x': 1.75, 'y': -0.5161}, {'x': 2.0, 'y': -0.8379}, {'x': 2.25, 'y': -1.1312}, {'x': 2.5, 'y': -1.2817}, {'x': 2.75, 'y': -1.2018}, {'x': 3.0, 'y': -0.9079}]}","{'formula': 'Piecewise((1, Eq(x, 0)), ((-x**2*besselj(1, Abs(x)) + Abs(x)*besselj(0, Abs(x)))*cos(x*besselj(0, Abs(x)))/Abs(x), True))', 'latex': '\\begin{cases} 1 & \\text{for}\\: x = 0 \\\\\\frac{\\left(- x^{2} J_{1}\\left(\\left|{x}\\right|\\right) + \\left|{x}\\right| J_{0}\\left(\\left|{x}\\right|\\right)\\right) \\cos{\\left(x J_{0}\\left(\\left|{x}\\right|\\right) \\right)}}{\\left|{x}\\right|} & \\text{otherwise} \\end{cases}', 'properties': {'singularities': [], 'is_periodic': False, 'domain': 'R'}}","derivative_of_sin(x*besselj(0, Abs(x)))"
MCM_131_7f4fc256,"{'a': 1, 'b': 3, 'c': 1}","{'points': [{'x': -3.0, 'y': 0.8984}, {'x': -2.75, 'y': 0.5826}, {'x': -2.5, 'y': 0.1558}, {'x': -2.25, 'y': -0.2131}, {'x': -2.0, 'y': -0.4025}, {'x': -1.75, 'y': -0.3889}, {'x': -1.5, 'y': -0.2258}, {'x': -1.25, 'y': 0.0055}, {'x': -1.0, 'y': 0.2252}, {'x': -0.75, 'y': 0.3636}, {'x': -0.5, 'y': 0.3696}, {'x': -0.25, 'y': 0.2323}, {'x': 0.0, 'y': 0.0}, {'x': 0.25, 'y': -0.2323}, {'x': 0.5, 'y': -0.3696}, {'x': 0.75, 'y': -0.3636}, {'x': 1.0, 'y': -0.2252}, {'x': 1.25, 'y': -0.0055}, {'x': 1.5, 'y': 0.2258}, {'x': 1.75, 'y': 0.3889}, {'x': 2.0, 'y': 0.4025}, {'x': 2.25, 'y': 0.2131}, {'x': 2.5, 'y': -0.1558}, {'x': 2.75, 'y': -0.5826}, {'x': 3.0, 'y': -0.8984}]}","{'formula': 'Piecewise((0, Eq(x, 0)), ((x**2*besselj(1, Abs(x)) - Abs(x)*besselj(0, Abs(x)))*sin(x*besselj(0, Abs(x)))/Abs(x), True))', 'latex': '\\begin{cases} 0 & \\text{for}\\: x = 0 \\\\\\frac{\\left(x^{2} J_{1}\\left(\\left|{x}\\right|\\right) - \\left|{x}\\right| J_{0}\\left(\\left|{x}\\right|\\right)\\right) \\sin{\\left(x J_{0}\\left(\\left|{x}\\right|\\right) \\right)}}{\\left|{x}\\right|} & \\text{otherwise} \\end{cases}', 'properties': {'singularities': [], 'is_periodic': False, 'domain': 'R'}}","derivative_of_cos(x*besselj(0, Abs(x)))"
MCM_131_a054cd8c,"{'a': 1, 'b': 3, 'c': 1}","{'points': [{'x': -3.0, 'y': 0.9801}, {'x': -2.75, 'y': 0.8575}, {'x': -2.5, 'y': 0.6607}, {'x': -2.25, 'y': 0.4433}, {'x': -2.0, 'y': 0.2442}, {'x': -1.75, 'y': 0.07}, {'x': -1.5, 'y': -0.1067}, {'x': -1.25, 'y': -0.3301}, {'x': -1.0, 'y': -0.6107}, {'x': -0.75, 'y': -0.8482}, {'x': -0.5, 'y': -0.8509}, {'x': -0.25, 'y': -0.5287}, {'x': 0.0, 'y': 0.0}, {'x': 0.25, 'y': 0.5287}, {'x': 0.5, 'y': 0.8509}, {'x': 0.75, 'y': 0.8482}, {'x': 1.0, 'y': 0.6107}, {'x': 1.25, 'y': 0.3301}, {'x': 1.5, 'y': 0.1067}, {'x': 1.75, 'y': -0.07}, {'x': 2.0, 'y': -0.2442}, {'x': 2.25, 'y': -0.4433}, {'x': 2.5, 'y': -0.6607}, {'x': 2.75, 'y': -0.8575}, {'x': 3.0, 'y': -0.9801}]}","{'formula': 'cos(x)*cos(sin(x)*erf(x))*erf(x) + 2*exp(-x**2)*sin(x)*cos(sin(x)*erf(x))/sqrt(pi)', 'latex': '\\cos{\\left(x \\right)} \\cos{\\left(\\sin{\\left(x \\right)} \\operatorname{erf}{\\left(x \\right)} \\right)} \\operatorname{erf}{\\left(x \\right)} + \\frac{2 e^{- x^{2}} \\sin{\\left(x \\right)} \\cos{\\left(\\sin{\\left(x \\right)} \\operatorname{erf}{\\left(x \\right)} \\right)}}{\\sqrt{\\pi}}', 'properties': {'singularities': [], 'is_periodic': False, 'domain': 'R'}}",derivative_of_sin(sin(x)*erf(x))
MCM_131_47129cc3,"{'a': 1, 'b': 3, 'c': 1}","{'points': [{'x': -3.0, 'y': -0.1392}, {'x': -2.75, 'y': -0.3441}, {'x': -2.5, 'y': -0.4503}, {'x': -2.25, 'y': -0.4359}, {'x': -2.0, 'y': -0.311}, {'x': -1.75, 'y': -0.1023}, {'x': -1.5, 'y': 0.1536}, {'x': -1.25, 'y': 0.3959}, {'x': -1.0, 'y': 0.5239}, {'x': -0.75, 'y': 0.4467}, {'x': -0.5, 'y': 0.2169}, {'x': -0.25, 'y': 0.0362}, {'x': 0.0, 'y': 0.0}, {'x': 0.25, 'y': -0.0362}, {'x': 0.5, 'y': -0.2169}, {'x': 0.75, 'y': -0.4467}, {'x': 1.0, 'y': -0.5239}, {'x': 1.25, 'y': -0.3959}, {'x': 1.5, 'y': -0.1536}, {'x': 1.75, 'y': 0.1023}, {'x': 2.0, 'y': 0.311}, {'x': 2.25, 'y': 0.4359}, {'x': 2.5, 'y': 0.4503}, {'x': 2.75, 'y': 0.3441}, {'x': 3.0, 'y': 0.1392}]}","{'formula': '-sin(sin(x)*erf(x))*cos(x)*erf(x) - 2*exp(-x**2)*sin(x)*sin(sin(x)*erf(x))/sqrt(pi)', 'latex': '- \\sin{\\left(\\sin{\\left(x \\right)} \\operatorname{erf}{\\left(x \\right)} \\right)} \\cos{\\left(x \\right)} \\operatorname{erf}{\\left(x \\right)} - \\frac{2 e^{- x^{2}} \\sin{\\left(x \\right)} \\sin{\\left(\\sin{\\left(x \\right)} \\operatorname{erf}{\\left(x \\right)} \\right)}}{\\sqrt{\\pi}}', 'properties': {'singularities': [], 'is_periodic': False, 'domain': 'R'}}",derivative_of_cos(sin(x)*erf(x))
MCM_132_20583648,"{'a': 1, 'b': 3, 'c': 2}","{'points': [{'x': -3.0, 'y': -0.1041}, {'x': -2.75, 'y': -0.1231}, {'x': -2.5, 'y': -0.1479}, {'x': -2.25, 'y': -0.1811}, {'x': -2.0, 'y': -0.2268}, {'x': -1.75, 'y': -0.292}, {'x': -1.5, 'y': -0.3767}, {'x': -1.25, 'y': -0.3519}, {'x': -1.0, 'y': 0.0583}, {'x': -0.75, 'y': 0.6571}, {'x': -0.5, 'y': 0.9991}, {'x': -0.25, 'y': 1.0307}, {'x': 0.0, 'y': 0.0}, {'x': 0.25, 'y': 0.6163}, {'x': 0.5, 'y': 0.923}, {'x': 0.75, 'y': 0.5399}, {'x': 1.0, 'y': -0.1179}, {'x': 1.25, 'y': -0.5221}, {'x': 1.5, 'y': -0.4942}, {'x': 1.75, 'y': -0.3671}, {'x': 2.0, 'y': -0.277}, {'x': 2.25, 'y': -0.2163}, {'x': 2.5, 'y': -0.1736}, {'x': 2.75, 'y': -0.1424}, {'x': 3.0, 'y': -0.1189}]}","{'formula': '(4*x*(x - 0.1) - sqrt(pi)*exp(x**4)*erf(x**2))*exp(-x**4)/(sqrt(pi)*(x - 0.1)**2)', 'latex': '\\frac{\\left(4 x \\left(x - 0.1\\right) - \\sqrt{\\pi} e^{x^{4}} \\operatorname{erf}{\\left(x^{2} \\right)}\\right) e^{- x^{4}}}{\\sqrt{\\pi} \\left(x - 0.1\\right)^{2}}', 'properties': {'singularities': [], 'is_periodic': False, 'domain': 'R'}}",derivative_of_erf(x**2)/(x - 0.1)
MCM_132_37f90acb,"{'a': 1, 'b': 3, 'c': 2}","{'points': [{'x': -3.0, 'y': -0.3026}, {'x': -2.75, 'y': -0.2553}, {'x': -2.5, 'y': -0.1938}, {'x': -2.25, 'y': -0.1393}, {'x': -2.0, 'y': -0.1041}, {'x': -1.75, 'y': -0.093}, {'x': -1.5, 'y': -0.1073}, {'x': -1.25, 'y': -0.147}, {'x': -1.0, 'y': -0.2128}, {'x': -0.75, 'y': -0.3072}, {'x': -0.5, 'y': -0.4346}, {'x': -0.25, 'y': -0.6026}, {'x': 0.0, 'y': -0.8264}, {'x': 0.25, 'y': -1.1521}, {'x': 0.5, 'y': -1.7693}, {'x': 0.75, 'y': -3.8827}, {'x': 1.0, 'y': -40.024}, {'x': 1.25, 'y': -17.7689}, {'x': 1.5, 'y': -2.2206}, {'x': 1.75, 'y': -0.1612}, {'x': 2.0, 'y': 0.7105}, {'x': 2.25, 'y': 1.02}, {'x': 2.5, 'y': 0.8122}, {'x': 2.75, 'y': 0.2321}, {'x': 3.0, 'y': -0.3585}]}","{'formula': 'Piecewise((-besselj(0, Abs(x*(0.5*x + 1)))/(x - 1.1)**2, Eq(x*(0.5*x + 1.0), 0)), ((-x*(0.5*x + 1)*(1.0*x + 1)*(x - 1.1)*besselj(1, Abs(x*(0.5*x + 1))) - Abs(x*(0.5*x + 1))*besselj(0, Abs(x*(0.5*x + 1))))/((x - 1.1)**2*Abs(x*(0.5*x + 1))), True))', 'latex': '\\begin{cases} - \\frac{J_{0}\\left(\\left|{x \\left(0.5 x + 1\\right)}\\right|\\right)}{\\left(x - 1.1\\right)^{2}} & \\text{for}\\: x \\left(0.5 x + 1.0\\right) = 0 \\\\\\frac{- x \\left(0.5 x + 1\\right) \\left(1.0 x + 1\\right) \\left(x - 1.1\\right) J_{1}\\left(\\left|{x \\left(0.5 x + 1\\right)}\\right|\\right) - \\left|{x \\left(0.5 x + 1\\right)}\\right| J_{0}\\left(\\left|{x \\left(0.5 x + 1\\right)}\\right|\\right)}{\\left(x - 1.1\\right)^{2} \\left|{x \\left(0.5 x + 1\\right)}\\right|} & \\text{otherwise} \\end{cases}', 'properties': {'singularities': [], 'is_periodic': False, 'domain': 'R'}}","derivative_of_besselj(0, Abs(x*(0.5*x + 1)))/(x - 1.1)"
MCM_132_07fbc611,"{'a': 1, 'b': 3, 'c': 2}","{'points': [{'x': -3.0, 'y': 2.1027}, {'x': -2.75, 'y': 1.4952}, {'x': -2.5, 'y': 1.0589}, {'x': -2.25, 'y': 0.736}, {'x': -2.0, 'y': 0.4852}, {'x': -1.75, 'y': 0.2745}, {'x': -1.5, 'y': 0.0736}, {'x': -1.25, 'y': -0.1564}, {'x': -1.0, 'y': -0.4858}, {'x': -0.75, 'y': -1.0899}, {'x': -0.5, 'y': -2.5721}, {'x': -0.25, 'y': -8.3811}, {'x': 0.0, 'y': -105.1351}, {'x': 0.25, 'y': -44.728}, {'x': 0.5, 'y': -5.9279}, {'x': 0.75, 'y': -2.0075}, {'x': 1.0, 'y': -0.8511}, {'x': 1.25, 'y': -0.3296}, {'x': 1.5, 'y': -0.0135}, {'x': 1.75, 'y': 0.2343}, {'x': 2.0, 'y': 0.4757}, {'x': 2.25, 'y': 0.7506}, {'x': 2.5, 'y': 1.0962}, {'x': 2.75, 'y': 1.5572}, {'x': 3.0, 'y': 2.1946}]}","{'formula': 'Piecewise((-105.135076986687, Eq(x, 0)), ((1.0*x**2*gamma(Abs(x) + 1.1)*polygamma(0, 1.0*Abs(x) + 1.1) - 0.1*x*gamma(Abs(x) + 1.1)*polygamma(0, 1.0*Abs(x) + 1.1) - 1.0*Abs(x)*gamma(Abs(x) + 1.1) - 0.1*Abs(x))/((1.0*x - 0.1)**2*Abs(x)), True))', 'latex': '\\begin{cases} -105.135076986687 & \\text{for}\\: x = 0 \\\\\\frac{1.0 x^{2} \\Gamma\\left(\\left|{x}\\right| + 1.1\\right) \\operatorname{polygamma}{\\left(0,1.0 \\left|{x}\\right| + 1.1 \\right)} - 0.1 x \\Gamma\\left(\\left|{x}\\right| + 1.1\\right) \\operatorname{polygamma}{\\left(0,1.0 \\left|{x}\\right| + 1.1 \\right)} - 1.0 \\left|{x}\\right| \\Gamma\\left(\\left|{x}\\right| + 1.1\\right) - 0.1 \\left|{x}\\right|}{\\left(1.0 x - 0.1\\right)^{2} \\left|{x}\\right|} & \\text{otherwise} \\end{cases}', 'properties': {'singularities': [], 'is_periodic': False, 'domain': 'R'}}",derivative_of_(x + gamma(Abs(x) + 1.1))/(x - 0.1)
MCM_132_db41ff46,"{'a': 1, 'b': 3, 'c': 2}","{'points': [{'x': -3.0, 'y': 0.3229}, {'x': -2.75, 'y': 0.4009}, {'x': -2.5, 'y': 0.4616}, {'x': -2.25, 'y': 0.5009}, {'x': -2.0, 'y': 0.515}, {'x': -1.75, 'y': 0.5012}, {'x': -1.5, 'y': 0.4569}, {'x': -1.25, 'y': 0.3788}, {'x': -1.0, 'y': 0.2604}, {'x': -0.75, 'y': 0.0842}, {'x': -0.5, 'y': -0.21}, {'x': -0.25, 'y': -0.9034}, {'x': 0.0, 'y': -5.0}, {'x': 0.25, 'y': -79.375}, {'x': 0.5, 'y': -2.4893}, {'x': 0.75, 'y': -1.0476}, {'x': 1.0, 'y': -0.7892}, {'x': 1.25, 'y': -0.7251}, {'x': 1.5, 'y': -0.7043}, {'x': 1.75, 'y': -0.6857}, {'x': 2.0, 'y': -0.6546}, {'x': 2.25, 'y': -0.6058}, {'x': 2.5, 'y': -0.5385}, {'x': 2.75, 'y': -0.4543}, {'x': 3.0, 'y': -0.3566}]}","{'formula': 'Piecewise((-5.0, Eq(x, 0)), ((-x*Abs(x)*besselj(0, Abs(x)) - (x - 0.2)*(x**2*besselj(1, Abs(x)) - Abs(x)*besselj(0, Abs(x))))/((x - 0.2)**2*Abs(x)), True))', 'latex': '\\begin{cases} -5.0 & \\text{for}\\: x = 0 \\\\\\frac{- x \\left|{x}\\right| J_{0}\\left(\\left|{x}\\right|\\right) - \\left(x - 0.2\\right) \\left(x^{2} J_{1}\\left(\\left|{x}\\right|\\right) - \\left|{x}\\right| J_{0}\\left(\\left|{x}\\right|\\right)\\right)}{\\left(x - 0.2\\right)^{2} \\left|{x}\\right|} & \\text{otherwise} \\end{cases}', 'properties': {'singularities': [], 'is_periodic': False, 'domain': 'R'}}","derivative_of_x*besselj(0, Abs(x))/(x - 0.2)"
MCM_132_80e3893d,"{'a': 1, 'b': 3, 'c': 2}","{'points': [{'x': -3.0, 'y': -0.3647}, {'x': -2.75, 'y': -0.4118}, {'x': -2.5, 'y': -0.4485}, {'x': -2.25, 'y': -0.4722}, {'x': -2.0, 'y': -0.4782}, {'x': -1.75, 'y': -0.4567}, {'x': -1.5, 'y': -0.3903}, {'x': -1.25, 'y': -0.2552}, {'x': -1.0, 'y': -0.0349}, {'x': -0.75, 'y': 0.2511}, {'x': -0.5, 'y': 0.4718}, {'x': -0.25, 'y': -1.5365}, {'x': 0.0, 'y': 0.0}, {'x': 0.25, 'y': 0.8977}, {'x': 0.5, 'y': 0.7603}, {'x': 0.75, 'y': 0.4666}, {'x': 1.0, 'y': 0.1635}, {'x': 1.25, 'y': -0.0787}, {'x': 1.5, 'y': -0.2407}, {'x': 1.75, 'y': -0.3342}, {'x': 2.0, 'y': -0.3797}, {'x': 2.25, 'y': -0.3939}, {'x': 2.5, 'y': -0.3869}, {'x': 2.75, 'y': -0.364}, {'x': 3.0, 'y': -0.3285}]}","{'formula': '(sqrt(pi)*(x + 0.15)*exp(x**2)*cos(x)*erf(x) + (2*x + 0.3)*sin(x) - sqrt(pi)*exp(x**2)*sin(x)*erf(x))*exp(-x**2)/(sqrt(pi)*(x + 0.15)**2)', 'latex': '\\frac{\\left(\\sqrt{\\pi} \\left(x + 0.15\\right) e^{x^{2}} \\cos{\\left(x \\right)} \\operatorname{erf}{\\left(x \\right)} + \\left(2 x + 0.3\\right) \\sin{\\left(x \\right)} - \\sqrt{\\pi} e^{x^{2}} \\sin{\\left(x \\right)} \\operatorname{erf}{\\left(x \\right)}\\right) e^{- x^{2}}}{\\sqrt{\\pi} \\left(x + 0.15\\right)^{2}}', 'properties': {'singularities': [], 'is_periodic': False, 'domain': 'R'}}",derivative_of_sin(x)*erf(x)/(x + 0.15)
MCM_133_ca0fb536,"{'a': 1, 'b': 3, 'c': 3}","{'points': [{'x': -3.0, 'y': 405.0}, {'x': -2.75, 'y': 285.957}, {'x': -2.5, 'y': 195.3125}, {'x': -2.25, 'y': 128.1445}, {'x': -2.0, 'y': 80.0}, {'x': -1.75, 'y': 46.8993}, {'x': -1.5, 'y': 25.4382}, {'x': -1.25, 'y': 12.6252}, {'x': -1.0, 'y': 5.0437}, {'x': -0.75, 'y': 1.2003}, {'x': -0.5, 'y': 0.1195}, {'x': -0.25, 'y': 0.0019}, {'x': 0.0, 'y': 0.0}, {'x': 0.25, 'y': 0.0019}, {'x': 0.5, 'y': 0.1195}, {'x': 0.75, 'y': 1.2003}, {'x': 1.0, 'y': 5.0437}, {'x': 1.25, 'y': 12.6252}, {'x': 1.5, 'y': 25.4382}, {'x': 1.75, 'y': 46.8993}, {'x': 2.0, 'y': 80.0}, {'x': 2.25, 'y': 128.1445}, {'x': 2.5, 'y': 195.3125}, {'x': 2.75, 'y': 285.957}, {'x': 3.0, 'y': 405.0}]}","{'formula': '4*x**6*exp(-x**4)/sqrt(pi) + 5*x**4*erf(x**2)', 'latex': '\\frac{4 x^{6} e^{- x^{4}}}{\\sqrt{\\pi}} + 5 x^{4} \\operatorname{erf}{\\left(x^{2} \\right)}', 'properties': {'singularities': [], 'is_periodic': False, 'domain': 'R'}}",derivative_of_x**5*erf(x**2)
MCM_133_28baa4f9,"{'a': 1, 'b': 3, 'c': 3}","{'points': [{'x': -3.0, 'y': 405.2039}, {'x': -2.75, 'y': 286.0589}, {'x': -2.5, 'y': 195.3613}, {'x': -2.25, 'y': 128.1623}, {'x': -2.0, 'y': 80.0}, {'x': -1.75, 'y': 46.8863}, {'x': -1.5, 'y': 25.303}, {'x': -1.25, 'y': 12.201}, {'x': -1.0, 'y': 5.0}, {'x': -0.75, 'y': 1.588}, {'x': -0.5, 'y': 0.322}, {'x': -0.25, 'y': 0.0278}, {'x': 0.0, 'y': 0.0}, {'x': 0.25, 'y': 0.0018}, {'x': 0.5, 'y': 0.2637}, {'x': 0.75, 'y': 1.4802}, {'x': 1.0, 'y': 4.7961}, {'x': 1.25, 'y': 11.671}, {'x': 1.5, 'y': 26.1684}, {'x': 1.75, 'y': 47.0603}, {'x': 2.0, 'y': 79.9545}, {'x': 2.25, 'y': 127.8057}, {'x': 2.5, 'y': 197.6691}, {'x': 2.75, 'y': 286.1368}, {'x': 3.0, 'y': 404.822}]}","{'formula': 'Piecewise((5*x**4, Eq(x*(0.5*x + 1.0), 0) | Eq(besselj(0, Abs(x*(0.5*x + 1))), 0)), (x*(5*x**3*Abs(x*(0.5*x + 1)*besselj(0, Abs(x*(0.5*x + 1)))**1.9) - (0.05*x + 0.1)*(1.0*x + 1)*besselj(0, Abs(x*(0.5*x + 1)))*besselj(1, Abs(x*(0.5*x + 1))))/Abs(x*(0.5*x + 1)*besselj(0, Abs(x*(0.5*x + 1)))**1.9), True))', 'latex': '\\begin{cases} 5 x^{4} & \\text{for}\\: x \\left(0.5 x + 1.0\\right) = 0 \\vee J_{0}\\left(\\left|{x \\left(0.5 x + 1\\right)}\\right|\\right) = 0 \\\\\\frac{x \\left(5 x^{3} \\left|{x \\left(0.5 x + 1\\right) J^{1.9}_{0}\\left(\\left|{x \\left(0.5 x + 1\\right)}\\right|\\right)}\\right| - \\left(0.05 x + 0.1\\right) \\left(1.0 x + 1\\right) J_{0}\\left(\\left|{x \\left(0.5 x + 1\\right)}\\right|\\right) J_{1}\\left(\\left|{x \\left(0.5 x + 1\\right)}\\right|\\right)\\right)}{\\left|{x \\left(0.5 x + 1\\right) J^{1.9}_{0}\\left(\\left|{x \\left(0.5 x + 1\\right)}\\right|\\right)}\\right|} & \\text{otherwise} \\end{cases}', 'properties': {'singularities': [], 'is_periodic': False, 'domain': 'R'}}","derivative_of_x**5 + Abs(besselj(0, Abs(x*(0.5*x + 1))))**0.1"
MCM_133_301180bc,"{'a': 1, 'b': 3, 'c': 3}","{'points': [{'x': -3.0, 'y': 2.0278}, {'x': -2.75, 'y': 1.4356}, {'x': -2.5, 'y': 1.0104}, {'x': -2.25, 'y': 0.6957}, {'x': -2.0, 'y': 0.452}, {'x': -1.75, 'y': 0.2491}, {'x': -1.5, 'y': 0.0612}, {'x': -1.25, 'y': -0.1392}, {'x': -1.0, 'y': -0.3859}, {'x': -0.75, 'y': -0.7122}, {'x': -0.5, 'y': -0.9922}, {'x': -0.25, 'y': 1.0438}, {'x': 0.0, 'y': -5.7876}, {'x': 0.25, 'y': -185.4531}, {'x': 0.5, 'y': 14.9877}, {'x': 0.75, 'y': 2.6366}, {'x': 1.0, 'y': 0.4227}, {'x': 1.25, 'y': 0.1393}, {'x': 1.5, 'y': 0.197}, {'x': 1.75, 'y': 0.344}, {'x': 2.0, 'y': 0.5412}, {'x': 2.25, 'y': 0.7959}, {'x': 2.5, 'y': 1.1334}, {'x': 2.75, 'y': 1.5934}, {'x': 3.0, 'y': 2.2353}]}","{'formula': 'Piecewise((-5.78763168840086, Eq(x, 0)), (((x - 0.2)**2*(x*gamma(Abs(x) + 1.1)*polygamma(0, Abs(x) + 1.1)/Abs(x) + 1)*sin(1/(x - 0.2)) - (x + gamma(Abs(x) + 1.1))*cos(1/(x - 0.2)))/(x - 0.2)**2, True))', 'latex': '\\begin{cases} -5.78763168840086 & \\text{for}\\: x = 0 \\\\\\frac{\\left(x - 0.2\\right)^{2} \\left(\\frac{x \\Gamma\\left(\\left|{x}\\right| + 1.1\\right) \\operatorname{polygamma}{\\left(0,\\left|{x}\\right| + 1.1 \\right)}}{\\left|{x}\\right|} + 1\\right) \\sin{\\left(\\frac{1}{x - 0.2} \\right)} - \\left(x + \\Gamma\\left(\\left|{x}\\right| + 1.1\\right)\\right) \\cos{\\left(\\frac{1}{x - 0.2} \\right)}}{\\left(x - 0.2\\right)^{2}} & \\text{otherwise} \\end{cases}', 'properties': {'singularities': [], 'is_periodic': False, 'domain': 'R'}}",derivative_of_(x + gamma(Abs(x) + 1.1))*sin(1/(x - 0.2))
MCM_133_bcc48153,"{'a': 1, 'b': 3, 'c': 3}","{'points': [{'x': -3.0, 'y': -86.1385}, {'x': -2.75, 'y': -38.6738}, {'x': -2.5, 'y': -17.111}, {'x': -2.25, 'y': -7.3013}, {'x': -2.0, 'y': -2.8637}, {'x': -1.75, 'y': -0.8869}, {'x': -1.5, 'y': -0.0298}, {'x': -1.25, 'y': 0.3312}, {'x': -1.0, 'y': 0.4914}, {'x': -0.75, 'y': 0.599}, {'x': -0.5, 'y': 0.7486}, {'x': -0.25, 'y': 1.0467}, {'x': 0.0, 'y': 0.9514}, {'x': 0.25, 'y': 0.6848}, {'x': 0.5, 'y': 1.1511}, {'x': 0.75, 'y': 1.7478}, {'x': 1.0, 'y': 2.6174}, {'x': 1.25, 'y': 3.9601}, {'x': 1.5, 'y': 6.1102}, {'x': 1.75, 'y': 9.662}, {'x': 2.0, 'y': 15.7112}, {'x': 2.25, 'y': 26.3439}, {'x': 2.5, 'y': 45.6515}, {'x': 2.75, 'y': 81.8971}, {'x': 3.0, 'y': 152.2526}]}","{'formula': 'Piecewise((0.951350769866873, Eq(x, 0)), ((x**2*polygamma(0, 1.0*Abs(x) + 1.1) + 2*x*gamma(Abs(x) + 1.1)*polygamma(0, 1.0*Abs(x) + 1.1) + Abs(x))*gamma(Abs(x) + 1.1)/Abs(x), True))', 'latex': '\\begin{cases} 0.951350769866873 & \\text{for}\\: x = 0 \\\\\\frac{\\left(x^{2} \\operatorname{polygamma}{\\left(0,1.0 \\left|{x}\\right| + 1.1 \\right)} + 2 x \\Gamma\\left(\\left|{x}\\right| + 1.1\\right) \\operatorname{polygamma}{\\left(0,1.0 \\left|{x}\\right| + 1.1 \\right)} + \\left|{x}\\right|\\right) \\Gamma\\left(\\left|{x}\\right| + 1.1\\right)}{\\left|{x}\\right|} & \\text{otherwise} \\end{cases}', 'properties': {'singularities': [], 'is_periodic': False, 'domain': 'R'}}",derivative_of_(x + gamma(Abs(x) + 1.1))*gamma(Abs(x) + 1.1)
MCM_133_eb646700,"{'a': 1, 'b': 3, 'c': 3}","{'points': [{'x': -3.0, 'y': 0.3488}, {'x': -2.75, 'y': 0.4392}, {'x': -2.5, 'y': 0.513}, {'x': -2.25, 'y': 0.5652}, {'x': -2.0, 'y': 0.5905}, {'x': -1.75, 'y': 0.5827}, {'x': -1.5, 'y': 0.5302}, {'x': -1.25, 'y': 0.404}, {'x': -1.0, 'y': 0.1067}, {'x': -0.75, 'y': -0.7719}, {'x': -0.5, 'y': -3.9059}, {'x': -0.25, 'y': -20.1316}, {'x': 0.0, 'y': 0.3742}, {'x': 0.25, 'y': 1.8029}, {'x': 0.5, 'y': 0.781}, {'x': 0.75, 'y': 0.1848}, {'x': 1.0, 'y': -0.1249}, {'x': 1.25, 'y': -0.3062}, {'x': 1.5, 'y': -0.4169}, {'x': 1.75, 'y': -0.4793}, {'x': 2.0, 'y': -0.5035}, {'x': 2.25, 'y': -0.4954}, {'x': 2.5, 'y': -0.4597}, {'x': 2.75, 'y': -0.401}, {'x': 3.0, 'y': -0.324}]}","{'formula': 'Piecewise((0.37415123057122, Eq(x, 0)), (-x**2*sin(1/(x + 0.15))*besselj(1, Abs(x))/Abs(x) - x*cos(1/(x + 0.15))*besselj(0, Abs(x))/(x + 0.15)**2 + sin(1/(x + 0.15))*besselj(0, Abs(x)), True))', 'latex': '\\begin{cases} 0.37415123057122 & \\text{for}\\: x = 0 \\\\- \\frac{x^{2} \\sin{\\left(\\frac{1}{x + 0.15} \\right)} J_{1}\\left(\\left|{x}\\right|\\right)}{\\left|{x}\\right|} - \\frac{x \\cos{\\left(\\frac{1}{x + 0.15} \\right)} J_{0}\\left(\\left|{x}\\right|\\right)}{\\left(x + 0.15\\right)^{2}} + \\sin{\\left(\\frac{1}{x + 0.15} \\right)} J_{0}\\left(\\left|{x}\\right|\\right) & \\text{otherwise} \\end{cases}', 'properties': {'singularities': [], 'is_periodic': False, 'domain': 'R'}}","derivative_of_x*sin(1/(x + 0.15))*besselj(0, Abs(x))"
MCM_133_0863a392,"{'a': 1, 'b': 3, 'c': 3}","{'points': [{'x': -3.0, 'y': -15.5262}, {'x': -2.75, 'y': -9.3878}, {'x': -2.5, 'y': -5.3097}, {'x': -2.25, 'y': -2.7004}, {'x': -2.0, 'y': -1.0966}, {'x': -1.75, 'y': -0.157}, {'x': -1.5, 'y': 0.3596}, {'x': -1.25, 'y': 0.618}, {'x': -1.0, 'y': 0.7289}, {'x': -0.75, 'y': 0.7664}, {'x': -0.5, 'y': 0.7831}, {'x': -0.25, 'y': 0.8247}, {'x': 0.0, 'y': 0.9514}, {'x': 0.25, 'y': 0.8247}, {'x': 0.5, 'y': 0.7831}, {'x': 0.75, 'y': 0.7664}, {'x': 1.0, 'y': 0.7289}, {'x': 1.25, 'y': 0.618}, {'x': 1.5, 'y': 0.3596}, {'x': 1.75, 'y': -0.157}, {'x': 2.0, 'y': -1.0966}, {'x': 2.25, 'y': -2.7004}, {'x': 2.5, 'y': -5.3097}, {'x': 2.75, 'y': -9.3878}, {'x': 3.0, 'y': -15.5262}]}","{'formula': 'Piecewise((0.951350769866873, Eq(x, 0)), ((x**2*besselj(0, Abs(x))*polygamma(0, 1.0*Abs(x) + 1.1) - x**2*besselj(1, Abs(x)) + Abs(x)*besselj(0, Abs(x)))*gamma(Abs(x) + 1.1)/Abs(x), True))', 'latex': '\\begin{cases} 0.951350769866873 & \\text{for}\\: x = 0 \\\\\\frac{\\left(x^{2} J_{0}\\left(\\left|{x}\\right|\\right) \\operatorname{polygamma}{\\left(0,1.0 \\left|{x}\\right| + 1.1 \\right)} - x^{2} J_{1}\\left(\\left|{x}\\right|\\right) + \\left|{x}\\right| J_{0}\\left(\\left|{x}\\right|\\right)\\right) \\Gamma\\left(\\left|{x}\\right| + 1.1\\right)}{\\left|{x}\\right|} & \\text{otherwise} \\end{cases}', 'properties': {'singularities': [], 'is_periodic': False, 'domain': 'R'}}","derivative_of_x*besselj(0, Abs(x))*gamma(Abs(x) + 1.1)"
MCM_133_96fff671,"{'a': 1, 'b': 3, 'c': 3}","{'points': [{'x': -3.0, 'y': -0.3764}, {'x': -2.75, 'y': -0.4251}, {'x': -2.5, 'y': -0.4621}, {'x': -2.25, 'y': -0.4831}, {'x': -2.0, 'y': -0.4799}, {'x': -1.75, 'y': -0.4351}, {'x': -1.5, 'y': -0.3116}, {'x': -1.25, 'y': -0.0328}, {'x': -1.0, 'y': 0.5914}, {'x': -0.75, 'y': 2.2137}, {'x': -0.5, 'y': -2.6117}, {'x': -0.25, 'y': -11.6431}, {'x': 0.0, 'y': 0.0}, {'x': 0.25, 'y': 0.5692}, {'x': 0.5, 'y': 0.7103}, {'x': 0.75, 'y': 0.5262}, {'x': 1.0, 'y': 0.2582}, {'x': 1.25, 'y': 0.0187}, {'x': 1.5, 'y': -0.1541}, {'x': 1.75, 'y': -0.2622}, {'x': 2.0, 'y': -0.3217}, {'x': 2.25, 'y': -0.348}, {'x': 2.5, 'y': -0.351}, {'x': 2.75, 'y': -0.3364}, {'x': 3.0, 'y': -0.3078}]}","{'formula': 'sin(1/(x + 0.3))*cos(x)*erf(x) + 2*exp(-x**2)*sin(x)*sin(1/(x + 0.3))/sqrt(pi) - sin(x)*cos(1/(x + 0.3))*erf(x)/(x + 0.3)**2', 'latex': '\\sin{\\left(\\frac{1}{x + 0.3} \\right)} \\cos{\\left(x \\right)} \\operatorname{erf}{\\left(x \\right)} + \\frac{2 e^{- x^{2}} \\sin{\\left(x \\right)} \\sin{\\left(\\frac{1}{x + 0.3} \\right)}}{\\sqrt{\\pi}} - \\frac{\\sin{\\left(x \\right)} \\cos{\\left(\\frac{1}{x + 0.3} \\right)} \\operatorname{erf}{\\left(x \\right)}}{\\left(x + 0.3\\right)^{2}}', 'properties': {'singularities': [], 'is_periodic': False, 'domain': 'R'}}",derivative_of_sin(x)*sin(1/(x + 0.3))*erf(x)
MCM_133_07fd3356,"{'a': 1, 'b': 3, 'c': 3}","{'points': [{'x': -3.0, 'y': 5.5097}, {'x': -2.75, 'y': 2.2995}, {'x': -2.5, 'y': 0.4465}, {'x': -2.25, 'y': -0.5539}, {'x': -2.0, 'y': -1.0435}, {'x': -1.75, 'y': -1.2468}, {'x': -1.5, 'y': -1.302}, {'x': -1.25, 'y': -1.2806}, {'x': -1.0, 'y': -1.2022}, {'x': -0.75, 'y': -1.0537}, {'x': -0.5, 'y': -0.8127}, {'x': -0.25, 'y': -0.4654}, {'x': 0.0, 'y': 0.0}, {'x': 0.25, 'y': 0.4654}, {'x': 0.5, 'y': 0.8127}, {'x': 0.75, 'y': 1.0537}, {'x': 1.0, 'y': 1.2022}, {'x': 1.25, 'y': 1.2806}, {'x': 1.5, 'y': 1.302}, {'x': 1.75, 'y': 1.2468}, {'x': 2.0, 'y': 1.0435}, {'x': 2.25, 'y': 0.5539}, {'x': 2.5, 'y': -0.4465}, {'x': 2.75, 'y': -2.2995}, {'x': 3.0, 'y': -5.5097}]}","{'formula': 'Piecewise((0, Eq(x, 0)), ((x*sin(x)*erf(x)*polygamma(0, 1.0*Abs(x) + 1.1)/Abs(x) + cos(x)*erf(x) + 2*exp(-x**2)*sin(x)/sqrt(pi))*gamma(Abs(x) + 1.1), True))', 'latex': '\\begin{cases} 0 & \\text{for}\\: x = 0 \\\\\\left(\\frac{x \\sin{\\left(x \\right)} \\operatorname{erf}{\\left(x \\right)} \\operatorname{polygamma}{\\left(0,1.0 \\left|{x}\\right| + 1.1 \\right)}}{\\left|{x}\\right|} + \\cos{\\left(x \\right)} \\operatorname{erf}{\\left(x \\right)} + \\frac{2 e^{- x^{2}} \\sin{\\left(x \\right)}}{\\sqrt{\\pi}}\\right) \\Gamma\\left(\\left|{x}\\right| + 1.1\\right) & \\text{otherwise} \\end{cases}', 'properties': {'singularities': [], 'is_periodic': False, 'domain': 'R'}}",derivative_of_sin(x)*erf(x)*gamma(Abs(x) + 1.1)
MCM_200_15399bd1,"{'a': 2, 'b': 0, 'c': 0}","{'points': [{'x': -3.0, 'y': 27.0}, {'x': -2.75, 'y': 22.6875}, {'x': -2.5, 'y': 18.75}, {'x': -2.25, 'y': 15.1875}, {'x': -2.0, 'y': 12.0}, {'x': -1.75, 'y': 9.1875}, {'x': -1.5, 'y': 6.75}, {'x': -1.25, 'y': 4.6875}, {'x': -1.0, 'y': 3.0}, {'x': -0.75, 'y': 1.6875}, {'x': -0.5, 'y': 0.75}, {'x': -0.25, 'y': 0.1875}, {'x': 0.0, 'y': 0.0}, {'x': 0.25, 'y': 0.1875}, {'x': 0.5, 'y': 0.75}, {'x': 0.75, 'y': 1.6875}, {'x': 1.0, 'y': 3.0}, {'x': 1.25, 'y': 4.6875}, {'x': 1.5, 'y': 6.75}, {'x': 1.75, 'y': 9.1875}, {'x': 2.0, 'y': 12.0}, {'x': 2.25, 'y': 15.1875}, {'x': 2.5, 'y': 18.75}, {'x': 2.75, 'y': 22.6875}, {'x': 3.0, 'y': 27.0}]}","{'formula': '3*x**2', 'latex': '3 x^{2}', 'properties': {'singularities': [], 'is_periodic': False, 'domain': 'R'}}",derivative_of_x**3
MCM_200_0cd62d04,"{'a': 2, 'b': 0, 'c': 0}","{'points': [{'x': -3.0, 'y': -26.0}, {'x': -2.75, 'y': -21.6875}, {'x': -2.5, 'y': -17.75}, {'x': -2.25, 'y': -14.1875}, {'x': -2.0, 'y': -11.0}, {'x': -1.75, 'y': -8.1875}, {'x': -1.5, 'y': -5.75}, {'x': -1.25, 'y': -3.6875}, {'x': -1.0, 'y': -2.0}, {'x': -0.75, 'y': -0.6875}, {'x': -0.5, 'y': 0.25}, {'x': -0.25, 'y': 0.8125}, {'x': 0.0, 'y': 1.0}, {'x': 0.25, 'y': 0.8125}, {'x': 0.5, 'y': 0.25}, {'x': 0.75, 'y': -0.6875}, {'x': 1.0, 'y': -2.0}, {'x': 1.25, 'y': -3.6875}, {'x': 1.5, 'y': -5.75}, {'x': 1.75, 'y': -8.1875}, {'x': 2.0, 'y': -11.0}, {'x': 2.25, 'y': -14.1875}, {'x': 2.5, 'y': -17.75}, {'x': 2.75, 'y': -21.6875}, {'x': 3.0, 'y': -26.0}]}","{'formula': '1 - 3*x**2', 'latex': '1 - 3 x^{2}', 'properties': {'singularities': [], 'is_periodic': False, 'domain': 'R'}}",derivative_of_-x**3 + x
MCM_200_060a3e15,"{'a': 2, 'b': 0, 'c': 0}","{'points': [{'x': -3.0, 'y': 30.0}, {'x': -2.75, 'y': 23.375}, {'x': -2.5, 'y': 17.5}, {'x': -2.25, 'y': 12.375}, {'x': -2.0, 'y': 8.0}, {'x': -1.75, 'y': 4.375}, {'x': -1.5, 'y': 1.5}, {'x': -1.25, 'y': -0.625}, {'x': -1.0, 'y': -2.0}, {'x': -0.75, 'y': -2.625}, {'x': -0.5, 'y': -2.5}, {'x': -0.25, 'y': -1.625}, {'x': 0.0, 'y': 0.0}, {'x': 0.25, 'y': 2.375}, {'x': 0.5, 'y': 5.5}, {'x': 0.75, 'y': 9.375}, {'x': 1.0, 'y': 14.0}, {'x': 1.25, 'y': 19.375}, {'x': 1.5, 'y': 25.5}, {'x': 1.75, 'y': 32.375}, {'x': 2.0, 'y': 40.0}, {'x': 2.25, 'y': 48.375}, {'x': 2.5, 'y': 57.5}, {'x': 2.75, 'y': 67.375}, {'x': 3.0, 'y': 78.0}]}","{'formula': '2*x*(3*x + 4)', 'latex': '2 x \\left(3 x + 4\\right)', 'properties': {'singularities': [], 'is_periodic': False, 'domain': 'R'}}",derivative_of_2*x**2*(x + 2)
MCM_200_79950419,"{'a': 2, 'b': 0, 'c': 0}","{'points': [{'x': -3.0, 'y': -4.0}, {'x': -2.75, 'y': -3.5}, {'x': -2.5, 'y': -3.0}, {'x': -2.25, 'y': -2.5}, {'x': -2.0, 'y': -2.0}, {'x': -1.75, 'y': -1.5}, {'x': -1.5, 'y': -1.0}, {'x': -1.25, 'y': -0.5}, {'x': -1.0, 'y': 0.0}, {'x': -0.75, 'y': 0.5}, {'x': -0.5, 'y': 1.0}, {'x': -0.25, 'y': 1.5}, {'x': 0.0, 'y': 2.0}, {'x': 0.25, 'y': 2.5}, {'x': 0.5, 'y': 3.0}, {'x': 0.75, 'y': 3.5}, {'x': 1.0, 'y': 4.0}, {'x': 1.25, 'y': 4.5}, {'x': 1.5, 'y': 5.0}, {'x': 1.75, 'y': 5.5}, {'x': 2.0, 'y': 6.0}, {'x': 2.25, 'y': 6.5}, {'x': 2.5, 'y': 7.0}, {'x': 2.75, 'y': 7.5}, {'x': 3.0, 'y': 8.0}]}","{'formula': '2*x + 2', 'latex': '2 x + 2', 'properties': {'singularities': [], 'is_periodic': False, 'domain': 'R'}}",derivative_of_(x + 1)**2
MCM_200_c20f0593,"{'a': 2, 'b': 0, 'c': 0}","{'points': [{'x': -3.0, 'y': -7.0}, {'x': -2.75, 'y': -6.5}, {'x': -2.5, 'y': -6.0}, {'x': -2.25, 'y': -5.5}, {'x': -2.0, 'y': -5.0}, {'x': -1.75, 'y': -4.5}, {'x': -1.5, 'y': -4.0}, {'x': -1.25, 'y': -3.5}, {'x': -1.0, 'y': -3.0}, {'x': -0.75, 'y': -2.5}, {'x': -0.5, 'y': -2.0}, {'x': -0.25, 'y': -1.5}, {'x': 0.0, 'y': -1.0}, {'x': 0.25, 'y': -0.5}, {'x': 0.5, 'y': 0.0}, {'x': 0.75, 'y': 0.5}, {'x': 1.0, 'y': 1.0}, {'x': 1.25, 'y': 1.5}, {'x': 1.5, 'y': 2.0}, {'x': 1.75, 'y': 2.5}, {'x': 2.0, 'y': 3.0}, {'x': 2.25, 'y': 3.5}, {'x': 2.5, 'y': 4.0}, {'x': 2.75, 'y': 4.5}, {'x': 3.0, 'y': 5.0}]}","{'formula': '2*x - 1.0', 'latex': '2 x - 1.0', 'properties': {'singularities': [], 'is_periodic': False, 'domain': 'R'}}",derivative_of_(x - 0.5)**2
MCM_200_4578c9b4,"{'a': 2, 'b': 0, 'c': 0}","{'points': [{'x': -3.0, 'y': -20.0}, {'x': -2.75, 'y': -18.0}, {'x': -2.5, 'y': -16.0}, {'x': -2.25, 'y': -14.0}, {'x': -2.0, 'y': -12.0}, {'x': -1.75, 'y': -10.0}, {'x': -1.5, 'y': -8.0}, {'x': -1.25, 'y': -6.0}, {'x': -1.0, 'y': -4.0}, {'x': -0.75, 'y': -2.0}, {'x': -0.5, 'y': 0.0}, {'x': -0.25, 'y': 2.0}, {'x': 0.0, 'y': 4.0}, {'x': 0.25, 'y': 6.0}, {'x': 0.5, 'y': 8.0}, {'x': 0.75, 'y': 10.0}, {'x': 1.0, 'y': 12.0}, {'x': 1.25, 'y': 14.0}, {'x': 1.5, 'y': 16.0}, {'x': 1.75, 'y': 18.0}, {'x': 2.0, 'y': 20.0}, {'x': 2.25, 'y': 22.0}, {'x': 2.5, 'y': 24.0}, {'x': 2.75, 'y': 26.0}, {'x': 3.0, 'y': 28.0}]}","{'formula': '8*x + 4', 'latex': '8 x + 4', 'properties': {'singularities': [], 'is_periodic': False, 'domain': 'R'}}",derivative_of_(2*x + 1)**2
MCM_201_241efb91,"{'a': 2, 'b': 0, 'c': 1}","{'points': [{'x': -3.0, 'y': -7.8877}, {'x': -2.75, 'y': -8.3419}, {'x': -2.5, 'y': -18.6855}, {'x': -2.25, 'y': 5.845}, {'x': -2.0, 'y': -1.746}, {'x': -1.75, 'y': 5.5381}, {'x': -1.5, 'y': -6.567}, {'x': -1.25, 'y': -1.7488}, {'x': -1.0, 'y': 1.6209}, {'x': -0.75, 'y': 1.5395}, {'x': -0.5, 'y': 0.7441}, {'x': -0.25, 'y': 0.1875}, {'x': 0.0, 'y': 0.0}, {'x': 0.25, 'y': 0.1875}, {'x': 0.5, 'y': 0.7441}, {'x': 0.75, 'y': 1.5395}, {'x': 1.0, 'y': 1.6209}, {'x': 1.25, 'y': -1.7488}, {'x': 1.5, 'y': -6.567}, {'x': 1.75, 'y': 5.5381}, {'x': 2.0, 'y': -1.746}, {'x': 2.25, 'y': 5.845}, {'x': 2.5, 'y': -18.6855}, {'x': 2.75, 'y': -8.3419}, {'x': 3.0, 'y': -7.8877}]}","{'formula': '3*x**2*cos(x**3)', 'latex': '3 x^{2} \\cos{\\left(x^{3} \\right)}', 'properties': {'singularities': [], 'is_periodic': False, 'domain': 'R'}}",derivative_of_sin(x**3)
MCM_201_b37bbbc7,"{'a': 2, 'b': 0, 'c': 1}","{'points': [{'x': -3.0, 'y': -23.545}, {'x': -2.75, 'y': -15.5981}, {'x': -2.5, 'y': 9.4079}, {'x': -2.25, 'y': 3.9774}, {'x': -2.0, 'y': -3.0736}, {'x': -1.75, 'y': -3.6918}, {'x': -1.5, 'y': 5.486}, {'x': -1.25, 'y': 2.3844}, {'x': -1.0, 'y': 0.0}, {'x': -0.75, 'y': -0.2216}, {'x': -0.5, 'y': 0.0916}, {'x': -0.25, 'y': 0.1887}, {'x': 0.0, 'y': 0.0}, {'x': 0.25, 'y': -0.1887}, {'x': 0.5, 'y': -0.0916}, {'x': 0.75, 'y': 0.2216}, {'x': 1.0, 'y': 0.0}, {'x': 1.25, 'y': -2.3844}, {'x': 1.5, 'y': -5.486}, {'x': 1.75, 'y': 3.6918}, {'x': 2.0, 'y': 3.0736}, {'x': 2.25, 'y': -3.9774}, {'x': 2.5, 'y': -9.4079}, {'x': 2.75, 'y': 15.5981}, {'x': 3.0, 'y': 23.545}]}","{'formula': '(1 - 3*x**2)*sin(x**3 - x)', 'latex': '\\left(1 - 3 x^{2}\\right) \\sin{\\left(x^{3} - x \\right)}', 'properties': {'singularities': [], 'is_periodic': False, 'domain': 'R'}}",derivative_of_cos(x**3 - x)
MCM_201_c78e5ddb,"{'a': 2, 'b': 0, 'c': 1}","{'points': [{'x': -3.0, 'y': 2.6146}, {'x': -2.75, 'y': 3.4891}, {'x': -2.5, 'y': 1.8845}, {'x': -2.25, 'y': -0.0207}, {'x': -2.0, 'y': -1.0806}, {'x': -1.75, 'y': -1.2689}, {'x': -1.5, 'y': -0.9689}, {'x': -1.25, 'y': -0.499}, {'x': -1.0, 'y': 0.0}, {'x': -0.75, 'y': 0.499}, {'x': -0.5, 'y': 0.9689}, {'x': -0.25, 'y': 1.2689}, {'x': 0.0, 'y': 1.0806}, {'x': 0.25, 'y': 0.0207}, {'x': 0.5, 'y': -1.8845}, {'x': 0.75, 'y': -3.4891}, {'x': 1.0, 'y': -2.6146}, {'x': 1.25, 'y': 1.5435}, {'x': 1.5, 'y': 4.9972}, {'x': 1.75, 'y': 1.5805}, {'x': 2.0, 'y': -5.4668}, {'x': 2.25, 'y': -2.7278}, {'x': 2.5, 'y': 6.6526}, {'x': 2.75, 'y': 0.5595}, {'x': 3.0, 'y': -7.6613}]}","{'formula': '(2*x + 2)*cos((x + 1)**2)', 'latex': '\\left(2 x + 2\\right) \\cos{\\left(\\left(x + 1\\right)^{2} \\right)}', 'properties': {'singularities': [], 'is_periodic': False, 'domain': 'R'}}",derivative_of_sin((x + 1)**2)
MCM_201_c243d57d,"{'a': 2, 'b': 0, 'c': 1}","{'points': [{'x': -3.0, 'y': -3.0272}, {'x': -2.75, 'y': 0.2765}, {'x': -2.5, 'y': 2.3342}, {'x': -2.25, 'y': 2.4999}, {'x': -2.0, 'y': 1.6829}, {'x': -1.75, 'y': 0.8}, {'x': -1.5, 'y': 0.2474}, {'x': -1.25, 'y': 0.0312}, {'x': -1.0, 'y': 0.0}, {'x': -0.75, 'y': -0.0312}, {'x': -0.5, 'y': -0.2474}, {'x': -0.25, 'y': -0.8}, {'x': 0.0, 'y': -1.6829}, {'x': 0.25, 'y': -2.4999}, {'x': 0.5, 'y': -2.3342}, {'x': 0.75, 'y': -0.2765}, {'x': 1.0, 'y': 3.0272}, {'x': 1.25, 'y': 4.227}, {'x': 1.5, 'y': 0.1659}, {'x': 1.75, 'y': -5.268}, {'x': 2.0, 'y': -2.4727}, {'x': 2.25, 'y': 5.8999}, {'x': 2.5, 'y': 2.1778}, {'x': 2.75, 'y': -7.4791}, {'x': 3.0, 'y': 2.3032}]}","{'formula': '(-2*x - 2)*sin((x + 1)**2)', 'latex': '\\left(- 2 x - 2\\right) \\sin{\\left(\\left(x + 1\\right)^{2} \\right)}', 'properties': {'singularities': [], 'is_periodic': False, 'domain': 'R'}}",derivative_of_cos((x + 1)**2)
MCM_201_c5b9698e,"{'a': 2, 'b': 0, 'c': 1}","{'points': [{'x': -3.0, 'y': -6.6526}, {'x': -2.75, 'y': 2.7278}, {'x': -2.5, 'y': 5.4668}, {'x': -2.25, 'y': -1.5805}, {'x': -2.0, 'y': -4.9972}, {'x': -1.75, 'y': -1.5435}, {'x': -1.5, 'y': 2.6146}, {'x': -1.25, 'y': 3.4891}, {'x': -1.0, 'y': 1.8845}, {'x': -0.75, 'y': -0.0207}, {'x': -0.5, 'y': -1.0806}, {'x': -0.25, 'y': -1.2689}, {'x': 0.0, 'y': -0.9689}, {'x': 0.25, 'y': -0.499}, {'x': 0.5, 'y': 0.0}, {'x': 0.75, 'y': 0.499}, {'x': 1.0, 'y': 0.9689}, {'x': 1.25, 'y': 1.2689}, {'x': 1.5, 'y': 1.0806}, {'x': 1.75, 'y': 0.0207}, {'x': 2.0, 'y': -1.8845}, {'x': 2.25, 'y': -3.4891}, {'x': 2.5, 'y': -2.6146}, {'x': 2.75, 'y': 1.5435}, {'x': 3.0, 'y': 4.9972}]}","{'formula': '(2*x - 1.0)*cos((x - 0.5)**2)', 'latex': '\\left(2 x - 1.0\\right) \\cos{\\left(\\left(x - 0.5\\right)^{2} \\right)}', 'properties': {'singularities': [], 'is_periodic': False, 'domain': 'R'}}",derivative_of_sin((x - 0.5)**2)
MCM_201_bf0a8c1a,"{'a': 2, 'b': 0, 'c': 1}","{'points': [{'x': -3.0, 'y': -2.1778}, {'x': -2.75, 'y': -5.8999}, {'x': -2.5, 'y': 2.4727}, {'x': -2.25, 'y': 5.268}, {'x': -2.0, 'y': -0.1659}, {'x': -1.75, 'y': -4.227}, {'x': -1.5, 'y': -3.0272}, {'x': -1.25, 'y': 0.2765}, {'x': -1.0, 'y': 2.3342}, {'x': -0.75, 'y': 2.4999}, {'x': -0.5, 'y': 1.6829}, {'x': -0.25, 'y': 0.8}, {'x': 0.0, 'y': 0.2474}, {'x': 0.25, 'y': 0.0312}, {'x': 0.5, 'y': 0.0}, {'x': 0.75, 'y': -0.0312}, {'x': 1.0, 'y': -0.2474}, {'x': 1.25, 'y': -0.8}, {'x': 1.5, 'y': -1.6829}, {'x': 1.75, 'y': -2.4999}, {'x': 2.0, 'y': -2.3342}, {'x': 2.25, 'y': -0.2765}, {'x': 2.5, 'y': 3.0272}, {'x': 2.75, 'y': 4.227}, {'x': 3.0, 'y': 0.1659}]}","{'formula': '(1.0 - 2*x)*sin((x - 0.5)**2)', 'latex': '\\left(1.0 - 2 x\\right) \\sin{\\left(\\left(x - 0.5\\right)^{2} \\right)}', 'properties': {'singularities': [], 'is_periodic': False, 'domain': 'R'}}",derivative_of_cos((x - 0.5)**2)
MCM_201_9e30b2f9,"{'a': 2, 'b': 0, 'c': 1}","{'points': [{'x': -3.0, 'y': -19.8241}, {'x': -2.75, 'y': -3.0515}, {'x': -2.5, 'y': 15.3226}, {'x': -2.25, 'y': -13.3052}, {'x': -2.0, 'y': 10.9336}, {'x': -1.75, 'y': -9.9945}, {'x': -1.5, 'y': 5.2291}, {'x': -1.25, 'y': 3.769}, {'x': -1.0, 'y': -2.1612}, {'x': -0.75, 'y': -1.9378}, {'x': -0.5, 'y': 0.0}, {'x': -0.25, 'y': 1.9378}, {'x': 0.0, 'y': 2.1612}, {'x': 0.25, 'y': -3.769}, {'x': 0.5, 'y': -5.2291}, {'x': 0.75, 'y': 9.9945}, {'x': 1.0, 'y': -10.9336}, {'x': 1.25, 'y': 13.3052}, {'x': 1.5, 'y': -15.3226}, {'x': 1.75, 'y': 3.0515}, {'x': 2.0, 'y': 19.8241}, {'x': 2.25, 'y': 8.6658}, {'x': 2.5, 'y': -3.0711}, {'x': 2.75, 'y': -4.1808}, {'x': 3.0, 'y': 8.4166}]}","{'formula': '(8*x + 4)*cos((2*x + 1)**2)', 'latex': '\\left(8 x + 4\\right) \\cos{\\left(\\left(2 x + 1\\right)^{2} \\right)}', 'properties': {'singularities': [], 'is_periodic': False, 'domain': 'R'}}",derivative_of_sin((2*x + 1)**2)
MCM_201_ebb99b75,"{'a': 2, 'b': 0, 'c': 1}","{'points': [{'x': -3.0, 'y': -2.647}, {'x': -2.75, 'y': 17.7395}, {'x': -2.5, 'y': -4.6065}, {'x': -2.25, 'y': -4.3557}, {'x': -2.0, 'y': 4.9454}, {'x': -1.75, 'y': -0.3318}, {'x': -1.5, 'y': -6.0544}, {'x': -1.25, 'y': 4.6684}, {'x': -1.0, 'y': 3.3659}, {'x': -0.75, 'y': 0.4948}, {'x': -0.5, 'y': 0.0}, {'x': -0.25, 'y': -0.4948}, {'x': 0.0, 'y': -3.3659}, {'x': 0.25, 'y': -4.6684}, {'x': 0.5, 'y': 6.0544}, {'x': 0.75, 'y': 0.3318}, {'x': 1.0, 'y': -4.9454}, {'x': 1.25, 'y': 4.3557}, {'x': 1.5, 'y': 4.6065}, {'x': 1.75, 'y': -17.7395}, {'x': 2.0, 'y': 2.647}, {'x': 2.25, 'y': 20.2214}, {'x': 2.5, 'y': 23.8027}, {'x': 2.75, 'y': 25.6617}, {'x': 3.0, 'y': 26.7051}]}","{'formula': '(-8*x - 4)*sin((2*x + 1)**2)', 'latex': '\\left(- 8 x - 4\\right) \\sin{\\left(\\left(2 x + 1\\right)^{2} \\right)}', 'properties': {'singularities': [], 'is_periodic': False, 'domain': 'R'}}",derivative_of_cos((2*x + 1)**2)
MCM_202_798798cd,"{'a': 2, 'b': 0, 'c': 2}","{'points': [{'x': -3.0, 'y': -5.9001}, {'x': -2.75, 'y': -5.4001}, {'x': -2.5, 'y': -4.9001}, {'x': -2.25, 'y': -4.4002}, {'x': -2.0, 'y': -3.9002}, {'x': -1.75, 'y': -3.4003}, {'x': -1.5, 'y': -2.9004}, {'x': -1.25, 'y': -2.4005}, {'x': -1.0, 'y': -1.9008}, {'x': -0.75, 'y': -1.4014}, {'x': -0.5, 'y': -0.9028}, {'x': -0.25, 'y': -0.4082}, {'x': 0.0, 'y': 0.0}, {'x': 0.25, 'y': 0.5556}, {'x': 0.5, 'y': 1.0938}, {'x': 0.75, 'y': 1.5976}, {'x': 1.0, 'y': 2.0988}, {'x': 1.25, 'y': 2.5992}, {'x': 1.5, 'y': 3.0995}, {'x': 1.75, 'y': 3.5996}, {'x': 2.0, 'y': 4.0997}, {'x': 2.25, 'y': 4.5998}, {'x': 2.5, 'y': 5.0998}, {'x': 2.75, 'y': 5.5999}, {'x': 3.0, 'y': 6.0999}]}","{'formula': 'x**2*(2.0*x - 0.3)/(1.0*x**2 - 0.2*x + 0.01)', 'latex': '\\frac{x^{2} \\left(2.0 x - 0.3\\right)}{1.0 x^{2} - 0.2 x + 0.01}', 'properties': {'singularities': [], 'is_periodic': False, 'domain': 'R'}}",derivative_of_x**3/(x - 0.1)
MCM_202_faa259c1,"{'a': 2, 'b': 0, 'c': 2}","{'points': [{'x': -3.0, 'y': 6.2245}, {'x': -2.75, 'y': 5.7295}, {'x': -2.5, 'y': 5.2363}, {'x': -2.25, 'y': 4.7457}, {'x': -2.0, 'y': 4.2593}, {'x': -1.75, 'y': 3.7799}, {'x': -1.5, 'y': 3.3136}, {'x': -1.25, 'y': 2.8741}, {'x': -1.0, 'y': 2.5}, {'x': -0.75, 'y': 2.3347}, {'x': -0.5, 'y': 3.3333}, {'x': -0.25, 'y': 77.5}, {'x': 0.0, 'y': 5.0}, {'x': 0.25, 'y': 0.6481}, {'x': 0.5, 'y': -0.4082}, {'x': 0.75, 'y': -1.0873}, {'x': 1.0, 'y': -1.6667}, {'x': 1.25, 'y': -2.2087}, {'x': 1.5, 'y': -2.7336}, {'x': 1.75, 'y': -3.2495}, {'x': 2.0, 'y': -3.7603}, {'x': 2.25, 'y': -4.268}, {'x': 2.5, 'y': -4.7737}, {'x': 2.75, 'y': -5.2779}, {'x': 3.0, 'y': -5.7812}]}","{'formula': '(x*(x**2 - 1) + (1 - 3*x**2)*(x + 0.2))/(x + 0.2)**2', 'latex': '\\frac{x \\left(x^{2} - 1\\right) + \\left(1 - 3 x^{2}\\right) \\left(x + 0.2\\right)}{\\left(x + 0.2\\right)^{2}}', 'properties': {'singularities': [], 'is_periodic': False, 'domain': 'R'}}",derivative_of_x*(1 - x**2)/(x + 0.2)
MCM_202_8955d0b0,"{'a': 2, 'b': 0, 'c': 2}","{'points': [{'x': -3.0, 'y': -6.2463}, {'x': -2.75, 'y': -5.3061}, {'x': -2.5, 'y': -4.3789}, {'x': -2.25, 'y': -3.4685}, {'x': -2.0, 'y': -2.5806}, {'x': -1.75, 'y': -1.7236}, {'x': -1.5, 'y': -0.9098}, {'x': -1.25, 'y': -0.1584}, {'x': -1.0, 'y': 0.4989}, {'x': -0.75, 'y': 1.008}, {'x': -0.5, 'y': 1.2695}, {'x': -0.25, 'y': 1.0837}, {'x': 0.0, 'y': 0.0}, {'x': 0.25, 'y': -3.1834}, {'x': 0.5, 'y': -12.6389}, {'x': 0.75, 'y': -52.0408}, {'x': 1.0, 'y': -740.0}, {'x': 1.25, 'y': -322.2222}, {'x': 1.5, 'y': -34.6875}, {'x': 1.75, 'y': -4.5562}, {'x': 2.0, 'y': 4.9383}, {'x': 2.25, 'y': 9.5274}, {'x': 2.5, 'y': 12.3724}, {'x': 2.75, 'y': 14.4444}, {'x': 3.0, 'y': 16.1219}]}","{'formula': '2*x*(-x*(x + 2) + (x - 1.1)*(3*x + 4))/(x - 1.1)**2', 'latex': '\\frac{2 x \\left(- x \\left(x + 2\\right) + \\left(x - 1.1\\right) \\left(3 x + 4\\right)\\right)}{\\left(x - 1.1\\right)^{2}}', 'properties': {'singularities': [], 'is_periodic': False, 'domain': 'R'}}",derivative_of_2*x**2*(x + 2)/(x - 1.1)
MCM_202_ec8fda2a,"{'a': 2, 'b': 0, 'c': 2}","{'points': [{'x': -3.0, 'y': 0.8741}, {'x': -2.75, 'y': 0.851}, {'x': -2.5, 'y': 0.821}, {'x': -2.25, 'y': 0.7809}, {'x': -2.0, 'y': 0.7256}, {'x': -1.75, 'y': 0.6465}, {'x': -1.5, 'y': 0.5273}, {'x': -1.25, 'y': 0.3361}, {'x': -1.0, 'y': 0.0}, {'x': -0.75, 'y': -0.6747}, {'x': -0.5, 'y': -2.3611}, {'x': -0.25, 'y': -8.8776}, {'x': 0.0, 'y': -120.0}, {'x': 0.25, 'y': -52.7778}, {'x': 0.5, 'y': -6.5625}, {'x': 0.75, 'y': -1.8639}, {'x': 1.0, 'y': -0.4938}, {'x': 1.25, 'y': 0.0851}, {'x': 1.5, 'y': 0.3827}, {'x': 1.75, 'y': 0.5556}, {'x': 2.0, 'y': 0.6648}, {'x': 2.25, 'y': 0.7382}, {'x': 2.5, 'y': 0.7899}, {'x': 2.75, 'y': 0.8277}, {'x': 3.0, 'y': 0.8561}]}","{'formula': '(1.0*x**2 - 0.2*x - 1.2)/(1.0*x**2 - 0.2*x + 0.01)', 'latex': '\\frac{1.0 x^{2} - 0.2 x - 1.2}{1.0 x^{2} - 0.2 x + 0.01}', 'properties': {'singularities': [], 'is_periodic': False, 'domain': 'R'}}",derivative_of_(x + 1)**2/(x - 0.1)
MCM_202_319db05d,"{'a': 2, 'b': 0, 'c': 2}","{'points': [{'x': -3.0, 'y': 0.9912}, {'x': -2.75, 'y': 0.9897}, {'x': -2.5, 'y': 0.9877}, {'x': -2.25, 'y': 0.985}, {'x': -2.0, 'y': 0.9814}, {'x': -1.75, 'y': 0.9763}, {'x': -1.5, 'y': 0.9689}, {'x': -1.25, 'y': 0.9572}, {'x': -1.0, 'y': 0.9375}, {'x': -0.75, 'y': 0.9003}, {'x': -0.5, 'y': 0.8163}, {'x': -0.25, 'y': 0.5556}, {'x': 0.0, 'y': -1.25}, {'x': 0.25, 'y': -35.0}, {'x': 0.5, 'y': 0.0}, {'x': 0.75, 'y': 0.7025}, {'x': 1.0, 'y': 0.8594}, {'x': 1.25, 'y': 0.9184}, {'x': 1.5, 'y': 0.9467}, {'x': 1.75, 'y': 0.9625}, {'x': 2.0, 'y': 0.9722}, {'x': 2.25, 'y': 0.9786}, {'x': 2.5, 'y': 0.983}, {'x': 2.75, 'y': 0.9862}, {'x': 3.0, 'y': 0.9885}]}","{'formula': '(1.0*x**2 - 0.4*x - 0.05)/(1.0*x**2 - 0.4*x + 0.04)', 'latex': '\\frac{1.0 x^{2} - 0.4 x - 0.05}{1.0 x^{2} - 0.4 x + 0.04}', 'properties': {'singularities': [], 'is_periodic': False, 'domain': 'R'}}",derivative_of_(x - 0.5)**2/(x - 0.2)
MCM_202_b7b1e988,"{'a': 2, 'b': 0, 'c': 2}","{'points': [{'x': -3.0, 'y': 3.9397}, {'x': -2.75, 'y': 3.9275}, {'x': -2.5, 'y': 3.9113}, {'x': -2.25, 'y': 3.8889}, {'x': -2.0, 'y': 3.8568}, {'x': -1.75, 'y': 3.8086}, {'x': -1.5, 'y': 3.7311}, {'x': -1.25, 'y': 3.595}, {'x': -1.0, 'y': 3.3218}, {'x': -0.75, 'y': 2.6389}, {'x': -0.5, 'y': 0.0}, {'x': -0.25, 'y': -45.0}, {'x': 0.0, 'y': -17.7778}, {'x': 0.25, 'y': 0.9375}, {'x': 0.5, 'y': 2.8402}, {'x': 0.75, 'y': 3.3951}, {'x': 1.0, 'y': 3.6295}, {'x': 1.25, 'y': 3.75}, {'x': 1.5, 'y': 3.82}, {'x': 1.75, 'y': 3.8643}, {'x': 2.0, 'y': 3.894}, {'x': 2.25, 'y': 3.9149}, {'x': 2.5, 'y': 3.9302}, {'x': 2.75, 'y': 3.9417}, {'x': 3.0, 'y': 3.9506}]}","{'formula': '(4.0*x**2 + 1.2*x - 0.4)/(1.0*x**2 + 0.3*x + 0.0225)', 'latex': '\\frac{4.0 x^{2} + 1.2 x - 0.4}{1.0 x^{2} + 0.3 x + 0.0225}', 'properties': {'singularities': [], 'is_periodic': False, 'domain': 'R'}}",derivative_of_(2*x + 1)**2/(x + 0.15)
MCM_203_b4e5691f,"{'a': 2, 'b': 0, 'c': 3}","{'points': [{'x': -3.0, 'y': -17496.0}, {'x': -2.75, 'y': -9515.2202}, {'x': -2.5, 'y': -4882.8125}, {'x': -2.25, 'y': -2335.4341}, {'x': -2.0, 'y': -1024.0}, {'x': -1.75, 'y': -402.1206}, {'x': -1.5, 'y': -136.6875}, {'x': -1.25, 'y': -38.147}, {'x': -1.0, 'y': -8.0}, {'x': -0.75, 'y': -1.0679}, {'x': -0.5, 'y': -0.0625}, {'x': -0.25, 'y': -0.0005}, {'x': 0.0, 'y': 0.0}, {'x': 0.25, 'y': 0.0005}, {'x': 0.5, 'y': 0.0625}, {'x': 0.75, 'y': 1.0679}, {'x': 1.0, 'y': 8.0}, {'x': 1.25, 'y': 38.147}, {'x': 1.5, 'y': 136.6875}, {'x': 1.75, 'y': 402.1206}, {'x': 2.0, 'y': 1024.0}, {'x': 2.25, 'y': 2335.4341}, {'x': 2.5, 'y': 4882.8125}, {'x': 2.75, 'y': 9515.2202}, {'x': 3.0, 'y': 17496.0}]}","{'formula': '8*x**7', 'latex': '8 x^{7}', 'properties': {'singularities': [], 'is_periodic': False, 'domain': 'R'}}",derivative_of_x**8
MCM_203_5ad6373c,"{'a': 2, 'b': 0, 'c': 3}","{'points': [{'x': -3.0, 'y': -1004.2768}, {'x': -2.75, 'y': -621.5502}, {'x': -2.5, 'y': -376.1345}, {'x': -2.25, 'y': -221.3311}, {'x': -2.0, 'y': -125.614}, {'x': -1.75, 'y': -67.8863}, {'x': -1.5, 'y': -34.1729}, {'x': -1.25, 'y': -15.3248}, {'x': -1.0, 'y': -5.4366}, {'x': -0.75, 'y': -0.7608}, {'x': -0.5, 'y': 1.0305}, {'x': -0.25, 'y': 1.3442}, {'x': 0.0, 'y': 1.0}, {'x': 0.25, 'y': 1.3442}, {'x': 0.5, 'y': 1.0305}, {'x': 0.75, 'y': -0.7608}, {'x': 1.0, 'y': -5.4366}, {'x': 1.25, 'y': -15.3248}, {'x': 1.5, 'y': -34.1729}, {'x': 1.75, 'y': -67.8863}, {'x': 2.0, 'y': -125.614}, {'x': 2.25, 'y': -221.3311}, {'x': 2.5, 'y': -376.1345}, {'x': 2.75, 'y': -621.5502}, {'x': 3.0, 'y': -1004.2768}]}","{'formula': 'Piecewise((1, Eq(x, 0)), ((-x**4 - 3*x**2*Abs(x) + x**2 + Abs(x))*exp(Abs(x))/Abs(x), True))', 'latex': '\\begin{cases} 1 & \\text{for}\\: x = 0 \\\\\\frac{\\left(- x^{4} - 3 x^{2} \\left|{x}\\right| + x^{2} + \\left|{x}\\right|\\right) e^{\\left|{x}\\right|}}{\\left|{x}\\right|} & \\text{otherwise} \\end{cases}', 'properties': {'singularities': [], 'is_periodic': False, 'domain': 'R'}}",derivative_of_x*(1 - x**2)*exp(Abs(x))
MCM_203_39536715,"{'a': 2, 'b': 0, 'c': 3}","{'points': [{'x': -3.0, 'y': 0.858}, {'x': -2.75, 'y': 0.832}, {'x': -2.5, 'y': 0.7982}, {'x': -2.25, 'y': 0.7534}, {'x': -2.0, 'y': 0.6925}, {'x': -1.75, 'y': 0.6071}, {'x': -1.5, 'y': 0.4829}, {'x': -1.25, 'y': 0.2952}, {'x': -1.0, 'y': 0.0}, {'x': -0.75, 'y': -0.4687}, {'x': -0.5, 'y': -1.0622}, {'x': -0.25, 'y': 0.4914}, {'x': 0.0, 'y': -5.1737}, {'x': 0.25, 'y': -252.7689}, {'x': 0.5, 'y': 23.9701}, {'x': 0.75, 'y': 5.8725}, {'x': 1.0, 'y': 1.8252}, {'x': 1.25, 'y': 1.0045}, {'x': 1.5, 'y': 0.8209}, {'x': 1.75, 'y': 0.7922}, {'x': 2.0, 'y': 0.8045}, {'x': 2.25, 'y': 0.8262}, {'x': 2.5, 'y': 0.8483}, {'x': 2.75, 'y': 0.8679}, {'x': 3.0, 'y': 0.8848}]}","{'formula': '(x + 1)*(2*(x - 0.2)**2*sin(1/(x - 0.2)) - (x + 1)*cos(1/(x - 0.2)))/(x - 0.2)**2', 'latex': '\\frac{\\left(x + 1\\right) \\left(2 \\left(x - 0.2\\right)^{2} \\sin{\\left(\\frac{1}{x - 0.2} \\right)} - \\left(x + 1\\right) \\cos{\\left(\\frac{1}{x - 0.2} \\right)}\\right)}{\\left(x - 0.2\\right)^{2}}', 'properties': {'singularities': [], 'is_periodic': False, 'domain': 'R'}}",derivative_of_(x + 1)**2*sin(1/(x - 0.2))
MCM_203_8ff9fdf3,"{'a': 2, 'b': 0, 'c': 3}","{'points': [{'x': -3.0, 'y': 0.9898}, {'x': -2.75, 'y': 0.9905}, {'x': -2.5, 'y': 0.9925}, {'x': -2.25, 'y': 0.9971}, {'x': -2.0, 'y': 1.0072}, {'x': -1.75, 'y': 1.0292}, {'x': -1.5, 'y': 1.0797}, {'x': -1.25, 'y': 1.2061}, {'x': -1.0, 'y': 1.5733}, {'x': -0.75, 'y': 2.904}, {'x': -0.5, 'y': 8.3965}, {'x': -0.25, 'y': 46.3817}, {'x': 0.0, 'y': -10.6782}, {'x': 0.25, 'y': 0.0137}, {'x': 0.5, 'y': 0.0}, {'x': 0.75, 'y': 0.4139}, {'x': 1.0, 'y': 0.6421}, {'x': 1.25, 'y': 0.7658}, {'x': 1.5, 'y': 0.8374}, {'x': 1.75, 'y': 0.8816}, {'x': 2.0, 'y': 0.9105}, {'x': 2.25, 'y': 0.9303}, {'x': 2.5, 'y': 0.9443}, {'x': 2.75, 'y': 0.9546}, {'x': 3.0, 'y': 0.9624}]}","{'formula': '(-(x - 0.5)**2*cos(1/(x + 0.15)) + (x + 0.15)**2*(2*x - 1.0)*sin(1/(x + 0.15)))/(x + 0.15)**2', 'latex': '\\frac{- \\left(x - 0.5\\right)^{2} \\cos{\\left(\\frac{1}{x + 0.15} \\right)} + \\left(x + 0.15\\right)^{2} \\left(2 x - 1.0\\right) \\sin{\\left(\\frac{1}{x + 0.15} \\right)}}{\\left(x + 0.15\\right)^{2}}', 'properties': {'singularities': [], 'is_periodic': False, 'domain': 'R'}}",derivative_of_(x - 0.5)**2*sin(1/(x + 0.15))
MCM_203_fb956da9,"{'a': 2, 'b': 0, 'c': 3}","{'points': [{'x': -3.0, 'y': 4.0424}, {'x': -2.75, 'y': 4.0482}, {'x': -2.5, 'y': 4.0547}, {'x': -2.25, 'y': 4.0618}, {'x': -2.0, 'y': 4.068}, {'x': -1.75, 'y': 4.0694}, {'x': -1.5, 'y': 4.0536}, {'x': -1.25, 'y': 3.9776}, {'x': -1.0, 'y': 3.6703}, {'x': -0.75, 'y': 2.339}, {'x': -0.5, 'y': 0.0}, {'x': -0.25, 'y': -38.9823}, {'x': 0.0, 'y': 10.1452}, {'x': 0.25, 'y': 7.6387}, {'x': 0.5, 'y': 5.6211}, {'x': 0.75, 'y': 4.8614}, {'x': 1.0, 'y': 4.521}, {'x': 1.25, 'y': 4.3446}, {'x': 1.5, 'y': 4.2431}, {'x': 1.75, 'y': 4.1798}, {'x': 2.0, 'y': 4.1381}, {'x': 2.25, 'y': 4.1091}, {'x': 2.5, 'y': 4.0883}, {'x': 2.75, 'y': 4.0728}, {'x': 3.0, 'y': 4.0611}]}","{'formula': '(2*x + 1)*(4*(x + 0.3)**2*sin(1/(x + 0.3)) - (2*x + 1)*cos(1/(x + 0.3)))/(x + 0.3)**2', 'latex': '\\frac{\\left(2 x + 1\\right) \\left(4 \\left(x + 0.3\\right)^{2} \\sin{\\left(\\frac{1}{x + 0.3} \\right)} - \\left(2 x + 1\\right) \\cos{\\left(\\frac{1}{x + 0.3} \\right)}\\right)}{\\left(x + 0.3\\right)^{2}}', 'properties': {'singularities': [], 'is_periodic': False, 'domain': 'R'}}",derivative_of_(2*x + 1)**2*sin(1/(x + 0.3))
MCM_210_35099e9a,"{'a': 2, 'b': 1, 'c': 0}","{'points': [{'x': -3.0, 'y': 0.1815}, {'x': -2.75, 'y': 0.2835}, {'x': -2.5, 'y': 0.393}, {'x': -2.25, 'y': 0.4862}, {'x': -2.0, 'y': 0.5392}, {'x': -1.75, 'y': 0.5376}, {'x': -1.5, 'y': 0.4816}, {'x': -1.25, 'y': 0.3856}, {'x': -1.0, 'y': 0.2715}, {'x': -0.75, 'y': 0.1618}, {'x': -0.5, 'y': 0.0741}, {'x': -0.25, 'y': 0.0187}, {'x': 0.0, 'y': 0.0}, {'x': 0.25, 'y': 0.0188}, {'x': 0.5, 'y': 0.0759}, {'x': 0.75, 'y': 0.176}, {'x': 1.0, 'y': 0.3316}, {'x': 1.25, 'y': 0.5699}, {'x': 1.5, 'y': 0.946}, {'x': 1.75, 'y': 1.5702}, {'x': 2.0, 'y': 2.6706}, {'x': 2.25, 'y': 4.7443}, {'x': 2.5, 'y': 8.9451}, {'x': 2.75, 'y': 18.1545}, {'x': 3.0, 'y': 40.1753}]}","{'formula': '0.3*x**2*exp(0.1*x**3)', 'latex': '0.3 x^{2} e^{0.1 x^{3}}', 'properties': {'singularities': [], 'is_periodic': False, 'domain': 'R'}}",derivative_of_exp(0.1*x**3)
MCM_210_8a70daaa,"{'a': 2, 'b': 1, 'c': 0}","{'points': [{'x': -3.0, 'y': -32.0948}, {'x': -2.75, 'y': 15.6935}, {'x': -2.5, 'y': -11.9383}, {'x': -2.25, 'y': 2.7797}, {'x': -2.0, 'y': 4.0}, {'x': -1.75, 'y': 1.3204}, {'x': -1.5, 'y': 0.2285}, {'x': -1.25, 'y': -0.0823}, {'x': -1.0, 'y': -0.4127}, {'x': -0.75, 'y': -0.8541}, {'x': -0.5, 'y': -1.0762}, {'x': -0.25, 'y': -0.7901}, {'x': 0.0, 'y': 0.0}, {'x': 0.25, 'y': 1.1429}, {'x': 0.5, 'y': 1.9439}, {'x': 0.75, 'y': -0.3054}, {'x': 1.0, 'y': -5.207}, {'x': 1.25, 'y': 2.6295}, {'x': 1.5, 'y': -0.7019}, {'x': 1.75, 'y': 2.8638}, {'x': 2.0, 'y': -3.7507}, {'x': 2.25, 'y': -2.6297}, {'x': 2.5, 'y': -1.733}, {'x': 2.75, 'y': -0.0994}, {'x': 3.0, 'y': 0.1907}]}","{'formula': 'x*((-0.3*x - 0.4)*sin(x**2*(x + 2)) + (3*x + 4)*cos(x**2*(x + 2)))*exp(-x**2*(0.1*x + 0.2))', 'latex': 'x \\left(\\left(- 0.3 x - 0.4\\right) \\sin{\\left(x^{2} \\left(x + 2\\right) \\right)} + \\left(3 x + 4\\right) \\cos{\\left(x^{2} \\left(x + 2\\right) \\right)}\\right) e^{- x^{2} \\left(0.1 x + 0.2\\right)}', 'properties': {'singularities': [], 'is_periodic': False, 'domain': 'R'}}",derivative_of_exp(-x**2*(0.1*x + 0.2))*sin(x**2*(x + 2))
MCM_210_a65ca97b,"{'a': 2, 'b': 1, 'c': 0}","{'points': [{'x': -3.0, 'y': 0.0007}, {'x': -2.75, 'y': 0.0029}, {'x': -2.5, 'y': 0.0097}, {'x': -2.25, 'y': 0.0285}, {'x': -2.0, 'y': 0.0733}, {'x': -1.75, 'y': 0.1637}, {'x': -1.5, 'y': 0.3162}, {'x': -1.25, 'y': 0.524}, {'x': -1.0, 'y': 0.7358}, {'x': -0.75, 'y': 0.8547}, {'x': -0.5, 'y': 0.7788}, {'x': -0.25, 'y': 0.4697}, {'x': 0.0, 'y': 0.0}, {'x': 0.25, 'y': -0.4697}, {'x': 0.5, 'y': -0.7788}, {'x': 0.75, 'y': -0.8547}, {'x': 1.0, 'y': -0.7358}, {'x': 1.25, 'y': -0.524}, {'x': 1.5, 'y': -0.3162}, {'x': 1.75, 'y': -0.1637}, {'x': 2.0, 'y': -0.0733}, {'x': 2.25, 'y': -0.0285}, {'x': 2.5, 'y': -0.0097}, {'x': 2.75, 'y': -0.0029}, {'x': 3.0, 'y': -0.0007}]}","{'formula': '-2*x*exp(-x**2)', 'latex': '- 2 x e^{- x^{2}}', 'properties': {'singularities': [], 'is_periodic': False, 'domain': 'R'}}",derivative_of_exp(-x**2)
MCM_210_78ca2a10,"{'a': 2, 'b': 1, 'c': 0}","{'points': [{'x': -3.0, 'y': 0.0433}, {'x': -2.75, 'y': 0.0515}, {'x': -2.5, 'y': 0.0613}, {'x': -2.25, 'y': 0.0729}, {'x': -2.0, 'y': 0.0866}, {'x': -1.75, 'y': 0.103}, {'x': -1.5, 'y': 0.1225}, {'x': -1.25, 'y': 0.1457}, {'x': -1.0, 'y': 0.1733}, {'x': -0.75, 'y': 0.2061}, {'x': -0.5, 'y': 0.2451}, {'x': -0.25, 'y': 0.2914}, {'x': 0.0, 'y': 0.3466}, {'x': 0.25, 'y': 0.4121}, {'x': 0.5, 'y': 0.4901}, {'x': 0.75, 'y': 0.5829}, {'x': 1.0, 'y': 0.6931}, {'x': 1.25, 'y': 0.8243}, {'x': 1.5, 'y': 0.9803}, {'x': 1.75, 'y': 1.1657}, {'x': 2.0, 'y': 1.3863}, {'x': 2.25, 'y': 1.6486}, {'x': 2.5, 'y': 1.9605}, {'x': 2.75, 'y': 2.3315}, {'x': 3.0, 'y': 2.7726}]}","{'formula': '2**(x - 1)*log(2)', 'latex': '2^{x - 1} \\log{\\left(2 \\right)}', 'properties': {'singularities': [], 'is_periodic': False, 'domain': 'R'}}",derivative_of_2**(x - 1)
MCM_211_c8ecae2c,"{'a': 2, 'b': 1, 'c': 1}","{'points': [{'x': -3.0, 'y': 0.181}, {'x': -2.75, 'y': 0.2813}, {'x': -2.5, 'y': 0.3844}, {'x': -2.25, 'y': 0.4615}, {'x': -2.0, 'y': 0.4857}, {'x': -1.75, 'y': 0.4482}, {'x': -1.5, 'y': 0.3641}, {'x': -1.25, 'y': 0.2623}, {'x': -1.0, 'y': 0.1677}, {'x': -0.75, 'y': 0.093}, {'x': -0.5, 'y': 0.0408}, {'x': -0.25, 'y': 0.0101}, {'x': 0.0, 'y': 0.0}, {'x': 0.25, 'y': 0.0101}, {'x': 0.5, 'y': 0.0402}, {'x': 0.75, 'y': 0.0886}, {'x': 1.0, 'y': 0.1489}, {'x': 1.25, 'y': 0.1981}, {'x': 1.5, 'y': 0.1594}, {'x': 1.75, 'y': -0.2164}, {'x': 2.0, 'y': -1.6263}, {'x': 2.25, 'y': -4.7436}, {'x': 2.5, 'y': 0.5216}, {'x': 2.75, 'y': -2.6768}, {'x': 3.0, 'y': -27.1657}]}","{'formula': '0.3*x**2*exp(0.1*x**3)*cos(exp(0.1*x**3))', 'latex': '0.3 x^{2} e^{0.1 x^{3}} \\cos{\\left(e^{0.1 x^{3}} \\right)}', 'properties': {'singularities': [], 'is_periodic': False, 'domain': 'R'}}",derivative_of_sin(exp(0.1*x**3))
MCM_211_34f41227,"{'a': 2, 'b': 1, 'c': 1}","{'points': [{'x': -3.0, 'y': 5.0091}, {'x': -2.75, 'y': -0.9093}, {'x': -2.5, 'y': -4.9945}, {'x': -2.25, 'y': -0.9112}, {'x': -2.0, 'y': 1.9009}, {'x': -1.75, 'y': 3.4782}, {'x': -1.5, 'y': 1.3423}, {'x': -1.25, 'y': -0.0112}, {'x': -1.0, 'y': -0.7201}, {'x': -0.75, 'y': -1.0927}, {'x': -0.5, 'y': -0.9394}, {'x': -0.25, 'y': -0.4981}, {'x': 0.0, 'y': 0.0}, {'x': 0.25, 'y': 0.4981}, {'x': 0.5, 'y': 0.9394}, {'x': 0.75, 'y': 1.0927}, {'x': 1.0, 'y': 0.7201}, {'x': 1.25, 'y': 0.0112}, {'x': 1.5, 'y': -1.3423}, {'x': 1.75, 'y': -3.4782}, {'x': 2.0, 'y': -1.9009}, {'x': 2.25, 'y': 0.9112}, {'x': 2.5, 'y': 4.9945}, {'x': 2.75, 'y': 0.9093}, {'x': 3.0, 'y': -5.0091}]}","{'formula': '2*x*cos(x**2)*cos(sin(x**2))', 'latex': '2 x \\cos{\\left(x^{2} \\right)} \\cos{\\left(\\sin{\\left(x^{2} \\right)} \\right)}', 'properties': {'singularities': [], 'is_periodic': False, 'domain': 'R'}}",derivative_of_sin(sin(x**2))
MCM_211_d7120199,"{'a': 2, 'b': 1, 'c': 1}","{'points': [{'x': -3.0, 'y': -2.1897}, {'x': -2.75, 'y': 1.2928}, {'x': -2.5, 'y': -0.1658}, {'x': -2.25, 'y': -1.2459}, {'x': -2.0, 'y': 1.7952}, {'x': -1.75, 'y': -0.2754}, {'x': -1.5, 'y': -1.3228}, {'x': -1.25, 'y': 0.0175}, {'x': -1.0, 'y': 0.8057}, {'x': -0.75, 'y': 0.6451}, {'x': -0.5, 'y': 0.2373}, {'x': -0.25, 'y': 0.0311}, {'x': 0.0, 'y': 0.0}, {'x': 0.25, 'y': -0.0311}, {'x': 0.5, 'y': -0.2373}, {'x': 0.75, 'y': -0.6451}, {'x': 1.0, 'y': -0.8057}, {'x': 1.25, 'y': -0.0175}, {'x': 1.5, 'y': 1.3228}, {'x': 1.75, 'y': 0.2754}, {'x': 2.0, 'y': -1.7952}, {'x': 2.25, 'y': 1.2459}, {'x': 2.5, 'y': 0.1658}, {'x': 2.75, 'y': -1.2928}, {'x': 3.0, 'y': 2.1897}]}","{'formula': '-2*x*sin(sin(x**2))*cos(x**2)', 'latex': '- 2 x \\sin{\\left(\\sin{\\left(x^{2} \\right)} \\right)} \\cos{\\left(x^{2} \\right)}', 'properties': {'singularities': [], 'is_periodic': False, 'domain': 'R'}}",derivative_of_cos(sin(x**2))
MCM_211_df0130ac,"{'a': 2, 'b': 1, 'c': 1}","{'points': [{'x': -3.0, 'y': 0.8317}, {'x': -2.75, 'y': 0.9684}, {'x': -2.5, 'y': 0.995}, {'x': -2.25, 'y': 0.9022}, {'x': -2.0, 'y': 0.7216}, {'x': -1.75, 'y': 0.5072}, {'x': -1.5, 'y': 0.3064}, {'x': -1.25, 'y': 0.1401}, {'x': -1.0, 'y': 0.0}, {'x': -0.75, 'y': -0.1401}, {'x': -0.5, 'y': -0.3064}, {'x': -0.25, 'y': -0.5072}, {'x': 0.0, 'y': -0.7216}, {'x': 0.25, 'y': -0.9022}, {'x': 0.5, 'y': -0.995}, {'x': 0.75, 'y': -0.9684}, {'x': 1.0, 'y': -0.8317}, {'x': 1.25, 'y': -0.6295}, {'x': 1.5, 'y': -0.4165}, {'x': 1.75, 'y': -0.2299}, {'x': 2.0, 'y': -0.0774}, {'x': 2.25, 'y': 0.059}, {'x': 2.5, 'y': 0.2079}, {'x': 2.75, 'y': 0.3897}, {'x': 3.0, 'y': 0.6008}]}","{'formula': '-sin(x + 1)*cos(cos(x + 1))', 'latex': '- \\sin{\\left(x + 1 \\right)} \\cos{\\left(\\cos{\\left(x + 1 \\right)} \\right)}', 'properties': {'singularities': [], 'is_periodic': False, 'domain': 'R'}}",derivative_of_sin(cos(x + 1))
MCM_211_92084923,"{'a': 2, 'b': 1, 'c': 1}","{'points': [{'x': -3.0, 'y': 0.3676}, {'x': -2.75, 'y': 0.1745}, {'x': -2.5, 'y': -0.0705}, {'x': -2.25, 'y': -0.2943}, {'x': -2.0, 'y': -0.4328}, {'x': -1.75, 'y': -0.4554}, {'x': -1.5, 'y': -0.3688}, {'x': -1.25, 'y': -0.2039}, {'x': -1.0, 'y': 0.0}, {'x': -0.75, 'y': 0.2039}, {'x': -0.5, 'y': 0.3688}, {'x': -0.25, 'y': 0.4554}, {'x': 0.0, 'y': 0.4328}, {'x': 0.25, 'y': 0.2943}, {'x': 0.5, 'y': 0.0705}, {'x': 0.75, 'y': -0.1745}, {'x': 1.0, 'y': -0.3676}, {'x': 1.25, 'y': -0.4572}, {'x': 1.5, 'y': -0.4298}, {'x': 1.75, 'y': -0.3046}, {'x': 2.0, 'y': -0.118}, {'x': 2.25, 'y': 0.0907}, {'x': 2.5, 'y': 0.2825}, {'x': 2.75, 'y': 0.4181}, {'x': 3.0, 'y': 0.4602}]}","{'formula': 'sin(x + 1)*sin(cos(x + 1))', 'latex': '\\sin{\\left(x + 1 \\right)} \\sin{\\left(\\cos{\\left(x + 1 \\right)} \\right)}', 'properties': {'singularities': [], 'is_periodic': False, 'domain': 'R'}}",derivative_of_cos(cos(x + 1))
MCM_211_946981dc,"{'a': 2, 'b': 1, 'c': 1}","{'points': [{'x': -3.0, 'y': 0.0007}, {'x': -2.75, 'y': 0.0029}, {'x': -2.5, 'y': 0.0097}, {'x': -2.25, 'y': 0.0285}, {'x': -2.0, 'y': 0.0733}, {'x': -1.75, 'y': 0.1635}, {'x': -1.5, 'y': 0.3144}, {'x': -1.25, 'y': 0.5126}, {'x': -1.0, 'y': 0.6865}, {'x': -0.75, 'y': 0.7197}, {'x': -0.5, 'y': 0.5543}, {'x': -0.25, 'y': 0.2772}, {'x': 0.0, 'y': 0.0}, {'x': 0.25, 'y': -0.2772}, {'x': 0.5, 'y': -0.5543}, {'x': 0.75, 'y': -0.7197}, {'x': 1.0, 'y': -0.6865}, {'x': 1.25, 'y': -0.5126}, {'x': 1.5, 'y': -0.3144}, {'x': 1.75, 'y': -0.1635}, {'x': 2.0, 'y': -0.0733}, {'x': 2.25, 'y': -0.0285}, {'x': 2.5, 'y': -0.0097}, {'x': 2.75, 'y': -0.0029}, {'x': 3.0, 'y': -0.0007}]}","{'formula': '-2*x*exp(-x**2)*cos(exp(-x**2))', 'latex': '- 2 x e^{- x^{2}} \\cos{\\left(e^{- x^{2}} \\right)}', 'properties': {'singularities': [], 'is_periodic': False, 'domain': 'R'}}",derivative_of_sin(exp(-x**2))
MCM_211_800c3954,"{'a': 2, 'b': 1, 'c': 1}","{'points': [{'x': -3.0, 'y': -0.0}, {'x': -2.75, 'y': -0.0}, {'x': -2.5, 'y': -0.0}, {'x': -2.25, 'y': -0.0002}, {'x': -2.0, 'y': -0.0013}, {'x': -1.75, 'y': -0.0077}, {'x': -1.5, 'y': -0.0333}, {'x': -1.25, 'y': -0.109}, {'x': -1.0, 'y': -0.2646}, {'x': -0.75, 'y': -0.4611}, {'x': -0.5, 'y': -0.5471}, {'x': -0.25, 'y': -0.3792}, {'x': 0.0, 'y': 0.0}, {'x': 0.25, 'y': 0.3792}, {'x': 0.5, 'y': 0.5471}, {'x': 0.75, 'y': 0.4611}, {'x': 1.0, 'y': 0.2646}, {'x': 1.25, 'y': 0.109}, {'x': 1.5, 'y': 0.0333}, {'x': 1.75, 'y': 0.0077}, {'x': 2.0, 'y': 0.0013}, {'x': 2.25, 'y': 0.0002}, {'x': 2.5, 'y': 0.0}, {'x': 2.75, 'y': 0.0}, {'x': 3.0, 'y': 0.0}]}","{'formula': '2*x*exp(-x**2)*sin(exp(-x**2))', 'latex': '2 x e^{- x^{2}} \\sin{\\left(e^{- x^{2}} \\right)}', 'properties': {'singularities': [], 'is_periodic': False, 'domain': 'R'}}",derivative_of_cos(exp(-x**2))
MCM_211_c715ceca,"{'a': 2, 'b': 1, 'c': 1}","{'points': [{'x': -3.0, 'y': 0.0432}, {'x': -2.75, 'y': 0.0514}, {'x': -2.5, 'y': 0.061}, {'x': -2.25, 'y': 0.0725}, {'x': -2.0, 'y': 0.086}, {'x': -1.75, 'y': 0.1019}, {'x': -1.5, 'y': 0.1206}, {'x': -1.25, 'y': 0.1425}, {'x': -1.0, 'y': 0.1679}, {'x': -0.75, 'y': 0.197}, {'x': -0.5, 'y': 0.2299}, {'x': -0.25, 'y': 0.2661}, {'x': 0.0, 'y': 0.3041}, {'x': 0.25, 'y': 0.3414}, {'x': 0.5, 'y': 0.3726}, {'x': 0.75, 'y': 0.3887}, {'x': 1.0, 'y': 0.3745}, {'x': 1.25, 'y': 0.307}, {'x': 1.5, 'y': 0.1529}, {'x': 1.75, 'y': -0.1291}, {'x': 2.0, 'y': -0.5769}, {'x': 2.25, 'y': -1.1913}, {'x': 2.5, 'y': -1.8652}, {'x': 2.75, 'y': -2.2742}, {'x': 3.0, 'y': -1.8123}]}","{'formula': '2**(x - 1)*log(2)*cos(2**(x - 1))', 'latex': '2^{x - 1} \\log{\\left(2 \\right)} \\cos{\\left(2^{x - 1} \\right)}', 'properties': {'singularities': [], 'is_periodic': False, 'domain': 'R'}}",derivative_of_sin(2**(x - 1))
MCM_211_6a2e6418,"{'a': 2, 'b': 1, 'c': 1}","{'points': [{'x': -3.0, 'y': -0.0027}, {'x': -2.75, 'y': -0.0038}, {'x': -2.5, 'y': -0.0054}, {'x': -2.25, 'y': -0.0076}, {'x': -2.0, 'y': -0.0108}, {'x': -1.75, 'y': -0.0153}, {'x': -1.5, 'y': -0.0215}, {'x': -1.25, 'y': -0.0304}, {'x': -1.0, 'y': -0.0429}, {'x': -0.75, 'y': -0.0604}, {'x': -0.5, 'y': -0.0848}, {'x': -0.25, 'y': -0.119}, {'x': 0.0, 'y': -0.1662}, {'x': 0.25, 'y': -0.2309}, {'x': 0.5, 'y': -0.3184}, {'x': 0.75, 'y': -0.4344}, {'x': 1.0, 'y': -0.5833}, {'x': 1.25, 'y': -0.765}, {'x': 1.5, 'y': -0.9683}, {'x': 1.75, 'y': -1.1586}, {'x': 2.0, 'y': -1.2606}, {'x': 2.25, 'y': -1.1395}, {'x': 2.5, 'y': -0.604}, {'x': 2.75, 'y': 0.5133}, {'x': 3.0, 'y': 2.0983}]}","{'formula': '-2**(x - 1)*log(2)*sin(2**(x - 1))', 'latex': '- 2^{x - 1} \\log{\\left(2 \\right)} \\sin{\\left(2^{x - 1} \\right)}', 'properties': {'singularities': [], 'is_periodic': False, 'domain': 'R'}}",derivative_of_cos(2**(x - 1))
MCM_211_57c5d65f,"{'a': 2, 'b': 1, 'c': 1}","{'points': [{'x': -3.0, 'y': 0.0519}, {'x': -2.75, 'y': 0.1605}, {'x': -2.5, 'y': 0.3136}, {'x': -2.25, 'y': 0.5239}, {'x': -2.0, 'y': 0.7647}, {'x': -1.75, 'y': 0.9532}, {'x': -1.5, 'y': 0.9925}, {'x': -1.25, 'y': 0.8592}, {'x': -1.0, 'y': 0.6282}, {'x': -0.75, 'y': 0.3981}, {'x': -0.5, 'y': 0.2201}, {'x': -0.25, 'y': 0.0951}, {'x': 0.0, 'y': 0.0}, {'x': 0.25, 'y': -0.0951}, {'x': 0.5, 'y': -0.2201}, {'x': 0.75, 'y': -0.3981}, {'x': 1.0, 'y': -0.6282}, {'x': 1.25, 'y': -0.8592}, {'x': 1.5, 'y': -0.9925}, {'x': 1.75, 'y': -0.9532}, {'x': 2.0, 'y': -0.7647}, {'x': 2.25, 'y': -0.5239}, {'x': 2.5, 'y': -0.3136}, {'x': 2.75, 'y': -0.1605}, {'x': 3.0, 'y': -0.0519}]}","{'formula': '-sin(x)*cos(sin(cos(x)))*cos(cos(x))', 'latex': '- \\sin{\\left(x \\right)} \\cos{\\left(\\sin{\\left(\\cos{\\left(x \\right)} \\right)} \\right)} \\cos{\\left(\\cos{\\left(x \\right)} \\right)}', 'properties': {'singularities': [], 'is_periodic': False, 'domain': 'R'}}",derivative_of_sin(sin(cos(x)))
MCM_211_da42d79a,"{'a': 2, 'b': 1, 'c': 1}","{'points': [{'x': -3.0, 'y': 0.0575}, {'x': -2.75, 'y': 0.1646}, {'x': -2.5, 'y': 0.274}, {'x': -2.25, 'y': 0.349}, {'x': -2.0, 'y': 0.3271}, {'x': -1.75, 'y': 0.1708}, {'x': -1.5, 'y': -0.0703}, {'x': -1.25, 'y': -0.2753}, {'x': -1.0, 'y': -0.355}, {'x': -0.75, 'y': -0.3142}, {'x': -0.5, 'y': -0.2131}, {'x': -0.25, 'y': -0.1028}, {'x': 0.0, 'y': 0.0}, {'x': 0.25, 'y': 0.1028}, {'x': 0.5, 'y': 0.2131}, {'x': 0.75, 'y': 0.3142}, {'x': 1.0, 'y': 0.355}, {'x': 1.25, 'y': 0.2753}, {'x': 1.5, 'y': 0.0703}, {'x': 1.75, 'y': -0.1708}, {'x': 2.0, 'y': -0.3271}, {'x': 2.25, 'y': -0.349}, {'x': 2.5, 'y': -0.274}, {'x': 2.75, 'y': -0.1646}, {'x': 3.0, 'y': -0.0575}]}","{'formula': 'sin(x)*sin(sin(cos(x)))*cos(cos(x))', 'latex': '\\sin{\\left(x \\right)} \\sin{\\left(\\sin{\\left(\\cos{\\left(x \\right)} \\right)} \\right)} \\cos{\\left(\\cos{\\left(x \\right)} \\right)}', 'properties': {'singularities': [], 'is_periodic': False, 'domain': 'R'}}",derivative_of_cos(sin(cos(x)))
MCM_212_e22697a8,"{'a': 2, 'b': 1, 'c': 2}","{'points': [{'x': -3.0, 'y': -0.0655}, {'x': -2.75, 'y': -0.1149}, {'x': -2.5, 'y': -0.1822}, {'x': -2.25, 'y': -0.2649}, {'x': -2.0, 'y': -0.3586}, {'x': -1.75, 'y': -0.4615}, {'x': -1.5, 'y': -0.5798}, {'x': -1.25, 'y': -0.737}, {'x': -1.0, 'y': -0.9946}, {'x': -0.75, 'y': -1.5172}, {'x': -0.5, 'y': -2.8667}, {'x': -0.25, 'y': -8.204}, {'x': 0.0, 'y': -100.0}, {'x': 0.25, 'y': -44.3887}, {'x': 0.5, 'y': -6.1388}, {'x': 0.75, 'y': -2.198}, {'x': 1.0, 'y': -0.996}, {'x': 1.25, 'y': -0.4237}, {'x': 1.5, 'y': -0.0393}, {'x': 1.75, 'y': 0.3239}, {'x': 2.0, 'y': 0.7891}, {'x': 2.25, 'y': 1.5309}, {'x': 2.5, 'y': 2.8989}, {'x': 2.75, 'y': 5.7113}, {'x': 3.0, 'y': 12.0843}]}","{'formula': '(0.3*x**2*(x - 0.1)**2 - x + 0.1)*exp(0.1*x**3)/(x - 0.1)**3', 'latex': '\\frac{\\left(0.3 x^{2} \\left(x - 0.1\\right)^{2} - x + 0.1\\right) e^{0.1 x^{3}}}{\\left(x - 0.1\\right)^{3}}', 'properties': {'singularities': [], 'is_periodic': False, 'domain': 'R'}}",derivative_of_exp(0.1*x**3)/(x - 0.1)
MCM_212_d4be2546,"{'a': 2, 'b': 1, 'c': 2}","{'points': [{'x': -3.0, 'y': 7.8883}, {'x': -2.75, 'y': -4.1445}, {'x': -2.5, 'y': 3.318}, {'x': -2.25, 'y': -0.7333}, {'x': -2.0, 'y': -1.2903}, {'x': -1.75, 'y': -0.5423}, {'x': -1.5, 'y': -0.2072}, {'x': -1.25, 'y': -0.1134}, {'x': -1.0, 'y': 0.0239}, {'x': -0.75, 'y': 0.2856}, {'x': -0.5, 'y': 0.5348}, {'x': -0.25, 'y': 0.526}, {'x': 0.0, 'y': 0.0}, {'x': 0.25, 'y': -1.5359}, {'x': 0.5, 'y': -4.7666}, {'x': 0.75, 'y': -6.1187}, {'x': 1.0, 'y': 41.6157}, {'x': 1.25, 'y': 42.508}, {'x': 1.5, 'y': -4.5977}, {'x': 1.75, 'y': 5.0686}, {'x': 2.0, 'y': -4.0957}, {'x': 2.25, 'y': -2.327}, {'x': 2.5, 'y': -1.2424}, {'x': 2.75, 'y': -0.0503}, {'x': 3.0, 'y': 0.0978}]}","{'formula': '(x*(x - 1.1)*((-0.3*x - 0.4)*sin(x**2*(x + 2)) + (3*x + 4)*cos(x**2*(x + 2))) - sin(x**2*(x + 2)))*exp(-x**2*(0.1*x + 0.2))/(x - 1.1)**2', 'latex': '\\frac{\\left(x \\left(x - 1.1\\right) \\left(\\left(- 0.3 x - 0.4\\right) \\sin{\\left(x^{2} \\left(x + 2\\right) \\right)} + \\left(3 x + 4\\right) \\cos{\\left(x^{2} \\left(x + 2\\right) \\right)}\\right) - \\sin{\\left(x^{2} \\left(x + 2\\right) \\right)}\\right) e^{- x^{2} \\left(0.1 x + 0.2\\right)}}{\\left(x - 1.1\\right)^{2}}', 'properties': {'singularities': [], 'is_periodic': False, 'domain': 'R'}}",derivative_of_exp(-x**2*(0.1*x + 0.2))*sin(x**2*(x + 2))/(x - 1.1)
MCM_212_9478aaa4,"{'a': 2, 'b': 1, 'c': 2}","{'points': [{'x': -3.0, 'y': -1.8064}, {'x': -2.75, 'y': 0.4367}, {'x': -2.5, 'y': 1.9269}, {'x': -2.25, 'y': 0.8269}, {'x': -2.0, 'y': -1.0734}, {'x': -1.75, 'y': -1.9091}, {'x': -1.5, 'y': -1.4818}, {'x': -1.25, 'y': -0.5333}, {'x': -1.0, 'y': 0.2869}, {'x': -0.75, 'y': 0.7547}, {'x': -0.5, 'y': 0.9276}, {'x': -0.25, 'y': 0.9159}, {'x': 0.0, 'y': 0.0}, {'x': 0.25, 'y': 0.5509}, {'x': 0.5, 'y': 0.876}, {'x': 0.75, 'y': 0.6899}, {'x': 1.0, 'y': 0.1618}, {'x': 1.25, 'y': -0.7381}, {'x': 1.5, 'y': -1.7431}, {'x': 1.75, 'y': -2.1436}, {'x': 2.0, 'y': -1.1665}, {'x': 2.25, 'y': 0.9211}, {'x': 2.5, 'y': 2.0879}, {'x': 2.75, 'y': 0.46}, {'x': 3.0, 'y': -1.9341}]}","{'formula': '(2*x*(x - 0.1)*cos(x**2) - sin(x**2))/(x - 0.1)**2', 'latex': '\\frac{2 x \\left(x - 0.1\\right) \\cos{\\left(x^{2} \\right)} - \\sin{\\left(x^{2} \\right)}}{\\left(x - 0.1\\right)^{2}}', 'properties': {'singularities': [], 'is_periodic': False, 'domain': 'R'}}",derivative_of_sin(x**2)/(x - 0.1)
MCM_212_0fdddd61,"{'a': 2, 'b': 1, 'c': 2}","{'points': [{'x': -3.0, 'y': -0.2435}, {'x': -2.75, 'y': -0.3131}, {'x': -2.5, 'y': -0.3791}, {'x': -2.25, 'y': -0.4399}, {'x': -2.0, 'y': -0.4941}, {'x': -1.75, 'y': -0.542}, {'x': -1.5, 'y': -0.5857}, {'x': -1.25, 'y': -0.6315}, {'x': -1.0, 'y': -0.6944}, {'x': -0.75, 'y': -0.8132}, {'x': -0.5, 'y': -1.1061}, {'x': -0.25, 'y': -2.0985}, {'x': 0.0, 'y': -9.3002}, {'x': 0.25, 'y': -145.1086}, {'x': 0.5, 'y': -4.111}, {'x': 0.75, 'y': -1.1998}, {'x': 1.0, 'y': -0.4864}, {'x': 1.25, 'y': -0.1713}, {'x': 1.5, 'y': 0.0137}, {'x': 1.75, 'y': 0.1385}, {'x': 2.0, 'y': 0.2272}, {'x': 2.25, 'y': 0.2893}, {'x': 2.5, 'y': 0.3295}, {'x': 2.75, 'y': 0.3503}, {'x': 3.0, 'y': 0.3537}]}","{'formula': '((0.2 - x)*sin(x + 1) - cos(x + 1))/(x - 0.2)**2', 'latex': '\\frac{\\left(0.2 - x\\right) \\sin{\\left(x + 1 \\right)} - \\cos{\\left(x + 1 \\right)}}{\\left(x - 0.2\\right)^{2}}', 'properties': {'singularities': [], 'is_periodic': False, 'domain': 'R'}}",derivative_of_cos(x + 1)/(x - 0.2)
MCM_212_f34d1bdb,"{'a': 2, 'b': 1, 'c': 2}","{'points': [{'x': -3.0, 'y': -0.0003}, {'x': -2.75, 'y': -0.0012}, {'x': -2.5, 'y': -0.0045}, {'x': -2.25, 'y': -0.015}, {'x': -2.0, 'y': -0.045}, {'x': -1.75, 'y': -0.1206}, {'x': -1.5, 'y': -0.2921}, {'x': -1.25, 'y': -0.6496}, {'x': -1.0, 'y': -1.3748}, {'x': -0.75, 'y': -3.0072}, {'x': -0.5, 'y': -8.5827}, {'x': -0.25, 'y': -98.6384}, {'x': 0.0, 'y': -44.4444}, {'x': 0.25, 'y': -7.0456}, {'x': 0.5, 'y': -3.0415}, {'x': 0.75, 'y': -1.6531}, {'x': 1.0, 'y': -0.918}, {'x': 1.25, 'y': -0.4813}, {'x': 1.5, 'y': -0.2303}, {'x': 1.75, 'y': -0.0991}, {'x': 2.0, 'y': -0.038}, {'x': 2.25, 'y': -0.013}, {'x': 2.5, 'y': -0.0039}, {'x': 2.75, 'y': -0.001}, {'x': 3.0, 'y': -0.0002}]}","{'formula': '(-2*x*(x + 0.15)**2 - x - 0.15)*exp(-x**2)/(x + 0.15)**3', 'latex': '\\frac{\\left(- 2 x \\left(x + 0.15\\right)^{2} - x - 0.15\\right) e^{- x^{2}}}{\\left(x + 0.15\\right)^{3}}', 'properties': {'singularities': [], 'is_periodic': False, 'domain': 'R'}}",derivative_of_exp(-x**2)/(x + 0.15)
MCM_212_42b86479,"{'a': 2, 'b': 1, 'c': 2}","{'points': [{'x': -3.0, 'y': -0.0246}, {'x': -2.75, 'y': -0.0334}, {'x': -2.5, 'y': -0.0461}, {'x': -2.25, 'y': -0.065}, {'x': -2.0, 'y': -0.0942}, {'x': -1.75, 'y': -0.1418}, {'x': -1.5, 'y': -0.2249}, {'x': -1.25, 'y': -0.3863}, {'x': -1.0, 'y': -0.7578}, {'x': -0.75, 'y': -1.9261}, {'x': -0.5, 'y': -10.0642}, {'x': -0.25, 'y': -162.3506}, {'x': 0.0, 'y': -4.4003}, {'x': 0.25, 'y': -1.2163}, {'x': 0.5, 'y': -0.4922}, {'x': 0.75, 'y': -0.2076}, {'x': 1.0, 'y': -0.0585}, {'x': 1.25, 'y': 0.0368}, {'x': 1.5, 'y': 0.1081}, {'x': 1.75, 'y': 0.1685}, {'x': 2.0, 'y': 0.2247}, {'x': 2.25, 'y': 0.2807}, {'x': 2.5, 'y': 0.3394}, {'x': 2.75, 'y': 0.4028}, {'x': 3.0, 'y': 0.4729}]}","{'formula': '2**(x - 1)*(-x + (x + 0.3)**2*log(2) - 0.3)/(x + 0.3)**3', 'latex': '\\frac{2^{x - 1} \\left(- x + \\left(x + 0.3\\right)^{2} \\log{\\left(2 \\right)} - 0.3\\right)}{\\left(x + 0.3\\right)^{3}}', 'properties': {'singularities': [], 'is_periodic': False, 'domain': 'R'}}",derivative_of_2**(x - 1)/(x + 0.3)
MCM_212_4b7628cb,"{'a': 2, 'b': 1, 'c': 2}","{'points': [{'x': -3.0, 'y': 0.0308}, {'x': -2.75, 'y': -0.0059}, {'x': -2.5, 'y': -0.0603}, {'x': -2.25, 'y': -0.1356}, {'x': -2.0, 'y': -0.2262}, {'x': -1.75, 'y': -0.318}, {'x': -1.5, 'y': -0.3931}, {'x': -1.25, 'y': -0.4401}, {'x': -1.0, 'y': -0.4603}, {'x': -0.75, 'y': -0.4694}, {'x': -0.5, 'y': -0.4919}, {'x': -0.25, 'y': -0.556}, {'x': 0.0, 'y': -0.6954}, {'x': 0.25, 'y': -0.9761}, {'x': 0.5, 'y': -1.6261}, {'x': 0.75, 'y': -4.005}, {'x': 1.0, 'y': -44.2235}, {'x': 1.25, 'y': -19.7979}, {'x': 1.5, 'y': -2.9292}, {'x': 1.75, 'y': -1.0702}, {'x': 2.0, 'y': -0.425}, {'x': 2.25, 'y': -0.1031}, {'x': 2.5, 'y': 0.0689}, {'x': 2.75, 'y': 0.1538}, {'x': 3.0, 'y': 0.1908}]}","{'formula': '((1.1 - x)*sin(x)*cos(cos(x)) - sin(cos(x)))/(x - 1.1)**2', 'latex': '\\frac{\\left(1.1 - x\\right) \\sin{\\left(x \\right)} \\cos{\\left(\\cos{\\left(x \\right)} \\right)} - \\sin{\\left(\\cos{\\left(x \\right)} \\right)}}{\\left(x - 1.1\\right)^{2}}', 'properties': {'singularities': [], 'is_periodic': False, 'domain': 'R'}}",derivative_of_sin(cos(x))/(x - 1.1)
MCM_213_a39c97dd,"{'a': 2, 'b': 1, 'c': 3}","{'points': [{'x': -3.0, 'y': -16.8753}, {'x': -2.75, 'y': -8.8558}, {'x': -2.5, 'y': 2.5587}, {'x': -2.25, 'y': 12.9859}, {'x': -2.0, 'y': 18.6921}, {'x': -1.75, 'y': 18.6156}, {'x': -1.5, 'y': 14.4043}, {'x': -1.25, 'y': 8.8645}, {'x': -1.0, 'y': 4.2527}, {'x': -0.75, 'y': 1.4783}, {'x': -0.5, 'y': 0.3063}, {'x': -0.25, 'y': 0.0195}, {'x': 0.0, 'y': 0.0}, {'x': 0.25, 'y': 0.0196}, {'x': 0.5, 'y': 0.3188}, {'x': 0.75, 'y': 1.692}, {'x': 1.0, 'y': 5.8574}, {'x': 1.25, 'y': 16.579}, {'x': 1.5, 'y': 42.6574}, {'x': 1.75, 'y': 105.9167}, {'x': 2.0, 'y': 263.504}, {'x': 2.25, 'y': 673.8848}, {'x': 2.5, 'y': 1805.3312}, {'x': 2.75, 'y': 5143.4872}, {'x': 3.0, 'y': 15788.8833}]}","{'formula': 'x**4*(0.3*x**3 + 5)*exp(0.1*x**3)', 'latex': 'x^{4} \\left(0.3 x^{3} + 5\\right) e^{0.1 x^{3}}', 'properties': {'singularities': [], 'is_periodic': False, 'domain': 'R'}}",derivative_of_x**5*exp(0.1*x**3)
MCM_213_4f833a4d,"{'a': 2, 'b': 1, 'c': 3}","{'points': [{'x': -3.0, 'y': 408.1706}, {'x': -2.758, 'y': 291.3858}, {'x': -2.517, 'y': 194.7727}, {'x': -2.275, 'y': 133.7736}, {'x': -2.033, 'y': 82.9052}, {'x': -1.792, 'y': 51.7946}, {'x': -1.55, 'y': 28.9026}, {'x': -1.308, 'y': 14.6472}, {'x': -1.067, 'y': 6.4346}, {'x': -0.825, 'y': 2.211}, {'x': -0.583, 'y': 0.3599}, {'x': -0.342, 'y': -0.3621}, {'x': -0.1, 'y': -1.3068}, {'x': 0.1, 'y': 1.3885}, {'x': 0.364, 'y': 0.5786}, {'x': 0.627, 'y': 0.9523}, {'x': 0.891, 'y': 2.5946}, {'x': 1.155, 'y': 9.2559}, {'x': 1.418, 'y': 21.6567}, {'x': 1.682, 'y': 40.7528}, {'x': 1.945, 'y': 69.8412}, {'x': 2.209, 'y': 118.654}, {'x': 2.473, 'y': 185.14}, {'x': 2.736, 'y': 281.8886}, {'x': 3.0, 'y': 406.266}]}","{'formula': 'Piecewise((x*(5*x**3*exp(x**2*(0.02*x + 0.04))*Abs(sin(x**2*(x + 2))**0.9) - (0.03*x + 0.04)*exp(x**2*(0.01*x + 0.02))*Abs(sin(x**2*(x + 2))**1.0))*exp(-x**2*(0.02*x + 0.04))/Abs(sin(x**2*(x + 2))**0.9), Eq(sin(x**2*(x + 2)), 0)), (x*((0.15*x + 0.2)*exp(x**2*(0.01*x + 0.02))*sin(2*x**2*(x + 2)) + (5*x**3*exp(x**2*(0.02*x + 0.04))*Abs(sin(x**2*(x + 2))**0.9) - (0.03*x + 0.04)*exp(x**2*(0.01*x + 0.02))*Abs(sin(x**2*(x + 2))**1.0))*Abs(sin(x**2*(x + 2))))*exp(-x**2*(0.02*x + 0.04))/Abs(sin(x**2*(x + 2))**1.9), True))', 'latex': '\\begin{cases} \\frac{x \\left(5 x^{3} e^{x^{2} \\left(0.02 x + 0.04\\right)} \\left|{\\sin^{0.9}{\\left(x^{2} \\left(x + 2\\right) \\right)}}\\right| - \\left(0.03 x + 0.04\\right) e^{x^{2} \\left(0.01 x + 0.02\\right)} \\left|{\\sin^{1.0}{\\left(x^{2} \\left(x + 2\\right) \\right)}}\\right|\\right) e^{- x^{2} \\left(0.02 x + 0.04\\right)}}{\\left|{\\sin^{0.9}{\\left(x^{2} \\left(x + 2\\right) \\right)}}\\right|} & \\text{for}\\: \\sin{\\left(x^{2} \\left(x + 2\\right) \\right)} = 0 \\\\\\frac{x \\left(\\left(0.15 x + 0.2\\right) e^{x^{2} \\left(0.01 x + 0.02\\right)} \\sin{\\left(2 x^{2} \\left(x + 2\\right) \\right)} + \\left(5 x^{3} e^{x^{2} \\left(0.02 x + 0.04\\right)} \\left|{\\sin^{0.9}{\\left(x^{2} \\left(x + 2\\right) \\right)}}\\right| - \\left(0.03 x + 0.04\\right) e^{x^{2} \\left(0.01 x + 0.02\\right)} \\left|{\\sin^{1.0}{\\left(x^{2} \\left(x + 2\\right) \\right)}}\\right|\\right) \\left|{\\sin{\\left(x^{2} \\left(x + 2\\right) \\right)}}\\right|\\right) e^{- x^{2} \\left(0.02 x + 0.04\\right)}}{\\left|{\\sin^{1.9}{\\left(x^{2} \\left(x + 2\\right) \\right)}}\\right|} & \\text{otherwise} \\end{cases}', 'properties': {'singularities': [], 'is_periodic': False, 'domain': 'R'}}",derivative_of_x**5 + exp(-0.01*x**3 - 0.02*x**2)*Abs(sin(x**3 + 2*x**2))**0.1
MCM_213_9ad8e600,"{'a': 2, 'b': 1, 'c': 3}","{'points': [{'x': -3.0, 'y': -1.719}, {'x': -2.75, 'y': 0.4218}, {'x': -2.5, 'y': 1.813}, {'x': -2.25, 'y': 0.7563}, {'x': -2.0, 'y': -1.0075}, {'x': -1.75, 'y': -1.73}, {'x': -1.5, 'y': -1.2697}, {'x': -1.25, 'y': -0.3537}, {'x': -1.0, 'y': 0.4069}, {'x': -0.75, 'y': 0.8096}, {'x': -0.5, 'y': 0.8876}, {'x': -0.25, 'y': 0.5838}, {'x': 0.0, 'y': 0.0}, {'x': 0.25, 'y': -9.7398}, {'x': 0.5, 'y': 2.5139}, {'x': 0.75, 'y': 1.662}, {'x': 1.0, 'y': 0.6109}, {'x': 1.25, 'y': -0.5089}, {'x': 1.5, 'y': -1.6416}, {'x': 1.75, 'y': -2.1243}, {'x': 2.0, 'y': -1.1805}, {'x': 2.25, 'y': 0.9209}, {'x': 2.5, 'y': 2.1106}, {'x': 2.75, 'y': 0.4679}, {'x': 3.0, 'y': -1.9604}]}","{'formula': '2*x*sin(1/(x - 0.2))*cos(x**2) - sin(x**2)*cos(1/(x - 0.2))/(x - 0.2)**2', 'latex': '2 x \\sin{\\left(\\frac{1}{x - 0.2} \\right)} \\cos{\\left(x^{2} \\right)} - \\frac{\\sin{\\left(x^{2} \\right)} \\cos{\\left(\\frac{1}{x - 0.2} \\right)}}{\\left(x - 0.2\\right)^{2}}', 'properties': {'singularities': [], 'is_periodic': False, 'domain': 'R'}}",derivative_of_sin(x**2)*sin(1/(x - 0.2))
MCM_213_9a33b3fc,"{'a': 2, 'b': 1, 'c': 3}","{'points': [{'x': -3.0, 'y': 33.6379}, {'x': -2.75, 'y': -13.6709}, {'x': -2.5, 'y': -18.4348}, {'x': -2.25, 'y': -1.5691}, {'x': -2.0, 'y': 7.345}, {'x': -1.75, 'y': 5.9846}, {'x': -1.5, 'y': 1.8587}, {'x': -1.25, 'y': -0.779}, {'x': -1.0, 'y': -1.5582}, {'x': -0.75, 'y': -1.3619}, {'x': -0.5, 'y': -0.8936}, {'x': -0.25, 'y': -0.4384}, {'x': 0.0, 'y': 0.0}, {'x': 0.25, 'y': 0.4384}, {'x': 0.5, 'y': 0.8936}, {'x': 0.75, 'y': 1.3619}, {'x': 1.0, 'y': 1.5582}, {'x': 1.25, 'y': 0.779}, {'x': 1.5, 'y': -1.8587}, {'x': 1.75, 'y': -5.9846}, {'x': 2.0, 'y': -7.345}, {'x': 2.25, 'y': 1.5691}, {'x': 2.5, 'y': 18.4348}, {'x': 2.75, 'y': 13.6709}, {'x': 3.0, 'y': -33.6379}]}","{'formula': 'Piecewise((0, Eq(x, 0)), (x*(sin(x**2)*polygamma(0, 1.0*Abs(x) + 1.1) + 2*cos(x**2)*Abs(x))*gamma(Abs(x) + 1.1)/Abs(x), True))', 'latex': '\\begin{cases} 0 & \\text{for}\\: x = 0 \\\\\\frac{x \\left(\\sin{\\left(x^{2} \\right)} \\operatorname{polygamma}{\\left(0,1.0 \\left|{x}\\right| + 1.1 \\right)} + 2 \\cos{\\left(x^{2} \\right)} \\left|{x}\\right|\\right) \\Gamma\\left(\\left|{x}\\right| + 1.1\\right)}{\\left|{x}\\right|} & \\text{otherwise} \\end{cases}', 'properties': {'singularities': [], 'is_periodic': False, 'domain': 'R'}}",derivative_of_sin(x**2)*gamma(Abs(x) + 1.1)
MCM_213_d6f0e3e4,"{'a': 2, 'b': 1, 'c': 3}","{'points': [{'x': -3.0, 'y': -0.2644}, {'x': -2.75, 'y': -0.3448}, {'x': -2.5, 'y': -0.4234}, {'x': -2.25, 'y': -0.4986}, {'x': -2.0, 'y': -0.5684}, {'x': -1.75, 'y': -0.6306}, {'x': -1.5, 'y': -0.6789}, {'x': -1.25, 'y': -0.6872}, {'x': -1.0, 'y': -0.5317}, {'x': -0.75, 'y': 0.5039}, {'x': -0.5, 'y': 7.0106}, {'x': -0.25, 'y': 61.0231}, {'x': 0.0, 'y': -22.5841}, {'x': 0.25, 'y': 1.0109}, {'x': 0.5, 'y': -1.0024}, {'x': 0.75, 'y': -0.7842}, {'x': 1.0, 'y': -0.4917}, {'x': 1.25, 'y': -0.2675}, {'x': 1.5, 'y': -0.0991}, {'x': 1.75, 'y': 0.0297}, {'x': 2.0, 'y': 0.1281}, {'x': 2.25, 'y': 0.2016}, {'x': 2.5, 'y': 0.2532}, {'x': 2.75, 'y': 0.285}, {'x': 3.0, 'y': 0.2988}]}","{'formula': '-sin(1/(x + 0.15))*sin(x + 1) - cos(1/(x + 0.15))*cos(x + 1)/(x + 0.15)**2', 'latex': '- \\sin{\\left(\\frac{1}{x + 0.15} \\right)} \\sin{\\left(x + 1 \\right)} - \\frac{\\cos{\\left(\\frac{1}{x + 0.15} \\right)} \\cos{\\left(x + 1 \\right)}}{\\left(x + 0.15\\right)^{2}}', 'properties': {'singularities': [], 'is_periodic': False, 'domain': 'R'}}",derivative_of_sin(1/(x + 0.15))*cos(x + 1)
MCM_213_5af0633a,"{'a': 2, 'b': 1, 'c': 3}","{'points': [{'x': -3.0, 'y': 9.8352}, {'x': -2.75, 'y': 5.9835}, {'x': -2.5, 'y': 3.4091}, {'x': -2.25, 'y': 1.7448}, {'x': -2.0, 'y': 0.7075}, {'x': -1.75, 'y': 0.0894}, {'x': -1.5, 'y': -0.2569}, {'x': -1.25, 'y': -0.433}, {'x': -1.0, 'y': -0.5079}, {'x': -0.75, 'y': -0.5282}, {'x': -0.5, 'y': -0.5272}, {'x': -0.25, 'y': -0.5332}, {'x': 0.0, 'y': -0.8005}, {'x': 0.25, 'y': -0.8777}, {'x': 0.5, 'y': -0.8833}, {'x': 0.75, 'y': -0.9846}, {'x': 1.0, 'y': -1.1629}, {'x': 1.25, 'y': -1.4098}, {'x': 1.5, 'y': -1.7158}, {'x': 1.75, 'y': -2.0611}, {'x': 2.0, 'y': -2.4021}, {'x': 2.25, 'y': -2.6518}, {'x': 2.5, 'y': -2.6492}, {'x': 2.75, 'y': -2.1113}, {'x': 3.0, 'y': -0.5624}]}","{'formula': 'Piecewise((-0.951350769866873*sin(1), Eq(x, 0)), ((x*cos(x + 1)*polygamma(0, 1.0*Abs(x) + 1.1) - sin(x + 1)*Abs(x))*gamma(Abs(x) + 1.1)/Abs(x), True))', 'latex': '\\begin{cases} - 0.951350769866873 \\sin{\\left(1 \\right)} & \\text{for}\\: x = 0 \\\\\\frac{\\left(x \\cos{\\left(x + 1 \\right)} \\operatorname{polygamma}{\\left(0,1.0 \\left|{x}\\right| + 1.1 \\right)} - \\sin{\\left(x + 1 \\right)} \\left|{x}\\right|\\right) \\Gamma\\left(\\left|{x}\\right| + 1.1\\right)}{\\left|{x}\\right|} & \\text{otherwise} \\end{cases}', 'properties': {'singularities': [], 'is_periodic': False, 'domain': 'R'}}",derivative_of_cos(x + 1)*gamma(Abs(x) + 1.1)
MCM_213_4efb3662,"{'a': 2, 'b': 1, 'c': 3}","{'points': [{'x': -3.0, 'y': -0.0003}, {'x': -2.75, 'y': -0.0012}, {'x': -2.5, 'y': -0.0046}, {'x': -2.25, 'y': -0.0154}, {'x': -2.0, 'y': -0.0459}, {'x': -1.75, 'y': -0.1213}, {'x': -1.5, 'y': -0.2833}, {'x': -1.25, 'y': -0.5703}, {'x': -1.0, 'y': -0.8347}, {'x': -0.75, 'y': 1.0264}, {'x': -0.5, 'y': -4.7761}, {'x': -0.25, 'y': -152.9142}, {'x': 0.0, 'y': 10.9075}, {'x': 0.25, 'y': 0.305}, {'x': 0.5, 'y': -1.1228}, {'x': 0.75, 'y': -0.996}, {'x': 1.0, 'y': -0.6682}, {'x': 1.25, 'y': -0.3848}, {'x': 1.5, 'y': -0.1944}, {'x': 1.75, 'y': -0.0866}, {'x': 2.0, 'y': -0.034}, {'x': 2.25, 'y': -0.0118}, {'x': 2.5, 'y': -0.0036}, {'x': 2.75, 'y': -0.001}, {'x': 3.0, 'y': -0.0002}]}","{'formula': '(-2*x*(x + 0.3)**2*sin(1/(x + 0.3)) - cos(1/(x + 0.3)))*exp(-x**2)/(x + 0.3)**2', 'latex': '\\frac{\\left(- 2 x \\left(x + 0.3\\right)^{2} \\sin{\\left(\\frac{1}{x + 0.3} \\right)} - \\cos{\\left(\\frac{1}{x + 0.3} \\right)}\\right) e^{- x^{2}}}{\\left(x + 0.3\\right)^{2}}', 'properties': {'singularities': [], 'is_periodic': False, 'domain': 'R'}}",derivative_of_exp(-x**2)*sin(1/(x + 0.3))
MCM_213_f3a7fcd7,"{'a': 2, 'b': 1, 'c': 3}","{'points': [{'x': -3.0, 'y': 0.004}, {'x': -2.75, 'y': 0.0111}, {'x': -2.5, 'y': 0.0277}, {'x': -2.25, 'y': 0.0617}, {'x': -2.0, 'y': 0.1223}, {'x': -1.75, 'y': 0.2159}, {'x': -1.5, 'y': 0.3389}, {'x': -1.25, 'y': 0.4724}, {'x': -1.0, 'y': 0.5831}, {'x': -0.75, 'y': 0.6351}, {'x': -0.5, 'y': 0.6082}, {'x': -0.25, 'y': 0.514}, {'x': 0.0, 'y': 0.0}, {'x': 0.25, 'y': -0.514}, {'x': 0.5, 'y': -0.6082}, {'x': 0.75, 'y': -0.6351}, {'x': 1.0, 'y': -0.5831}, {'x': 1.25, 'y': -0.4724}, {'x': 1.5, 'y': -0.3389}, {'x': 1.75, 'y': -0.2159}, {'x': 2.0, 'y': -0.1223}, {'x': 2.25, 'y': -0.0617}, {'x': 2.5, 'y': -0.0277}, {'x': 2.75, 'y': -0.0111}, {'x': 3.0, 'y': -0.004}]}","{'formula': 'Piecewise((0, Eq(x, 0)), (-x*(2*Abs(x) - polygamma(0, 1.0*Abs(x) + 1.1))*exp(-x**2)*gamma(Abs(x) + 1.1)/Abs(x), True))', 'latex': '\\begin{cases} 0 & \\text{for}\\: x = 0 \\\\- \\frac{x \\left(2 \\left|{x}\\right| - \\operatorname{polygamma}{\\left(0,1.0 \\left|{x}\\right| + 1.1 \\right)}\\right) e^{- x^{2}} \\Gamma\\left(\\left|{x}\\right| + 1.1\\right)}{\\left|{x}\\right|} & \\text{otherwise} \\end{cases}', 'properties': {'singularities': [], 'is_periodic': False, 'domain': 'R'}}",derivative_of_exp(-x**2)*gamma(Abs(x) + 1.1)
MCM_213_7e4608d5,"{'a': 2, 'b': 1, 'c': 3}","{'points': [{'x': -3.0, 'y': -0.0141}, {'x': -2.75, 'y': -0.0181}, {'x': -2.5, 'y': -0.0234}, {'x': -2.25, 'y': -0.0304}, {'x': -2.0, 'y': -0.0398}, {'x': -1.75, 'y': -0.0526}, {'x': -1.5, 'y': -0.0702}, {'x': -1.25, 'y': -0.0948}, {'x': -1.0, 'y': -0.1298}, {'x': -0.75, 'y': -0.1805}, {'x': -0.5, 'y': -0.2554}, {'x': -0.25, 'y': -0.3669}, {'x': 0.0, 'y': -0.5273}, {'x': 0.25, 'y': -0.6967}, {'x': 0.5, 'y': -0.2999}, {'x': 0.75, 'y': 6.4251}, {'x': 1.0, 'y': 84.2842}, {'x': 1.25, 'y': -48.7064}, {'x': 1.5, 'y': 7.6678}, {'x': 1.75, 'y': 1.0364}, {'x': 2.0, 'y': 0.1469}, {'x': 2.25, 'y': 0.0993}, {'x': 2.5, 'y': 0.194}, {'x': 2.75, 'y': 0.3126}, {'x': 3.0, 'y': 0.4347}]}","{'formula': '2**(x - 1)*((x - 1.1)**2*log(2)*sin(1/(x - 1.1)) - cos(1/(x - 1.1)))/(x - 1.1)**2', 'latex': '\\frac{2^{x - 1} \\left(\\left(x - 1.1\\right)^{2} \\log{\\left(2 \\right)} \\sin{\\left(\\frac{1}{x - 1.1} \\right)} - \\cos{\\left(\\frac{1}{x - 1.1} \\right)}\\right)}{\\left(x - 1.1\\right)^{2}}', 'properties': {'singularities': [], 'is_periodic': False, 'domain': 'R'}}",derivative_of_2**(x - 1)*sin(1/(x - 1.1))
MCM_213_25044157,"{'a': 2, 'b': 1, 'c': 3}","{'points': [{'x': -3.0, 'y': -0.2516}, {'x': -2.75, 'y': -0.1925}, {'x': -2.5, 'y': -0.1454}, {'x': -2.25, 'y': -0.1067}, {'x': -2.0, 'y': -0.0737}, {'x': -1.75, 'y': -0.0438}, {'x': -1.5, 'y': -0.0146}, {'x': -1.25, 'y': 0.0168}, {'x': -1.0, 'y': 0.0544}, {'x': -0.75, 'y': 0.1046}, {'x': -0.5, 'y': 0.1791}, {'x': -0.25, 'y': 0.3024}, {'x': 0.0, 'y': 0.3297}, {'x': 0.25, 'y': 0.3069}, {'x': 0.5, 'y': 0.5176}, {'x': 0.75, 'y': 0.8066}, {'x': 1.0, 'y': 1.2333}, {'x': 1.25, 'y': 1.8884}, {'x': 1.5, 'y': 2.9199}, {'x': 1.75, 'y': 4.5746}, {'x': 2.0, 'y': 7.2727}, {'x': 2.25, 'y': 11.737}, {'x': 2.5, 'y': 19.2269}, {'x': 2.75, 'y': 31.9596}, {'x': 3.0, 'y': 53.8812}]}","{'formula': 'Piecewise((0.475675384933437*log(2), Eq(x, 0)), (2**(x - 1)*(x*polygamma(0, 1.0*Abs(x) + 1.1) + log(2)*Abs(x))*gamma(Abs(x) + 1.1)/Abs(x), True))', 'latex': '\\begin{cases} 0.475675384933437 \\log{\\left(2 \\right)} & \\text{for}\\: x = 0 \\\\\\frac{2^{x - 1} \\left(x \\operatorname{polygamma}{\\left(0,1.0 \\left|{x}\\right| + 1.1 \\right)} + \\log{\\left(2 \\right)} \\left|{x}\\right|\\right) \\Gamma\\left(\\left|{x}\\right| + 1.1\\right)}{\\left|{x}\\right|} & \\text{otherwise} \\end{cases}', 'properties': {'singularities': [], 'is_periodic': False, 'domain': 'R'}}",derivative_of_2**(x - 1)*gamma(Abs(x) + 1.1)
MCM_213_a1f50a53,"{'a': 2, 'b': 1, 'c': 3}","{'points': [{'x': -3.0, 'y': 0.1784}, {'x': -2.75, 'y': 0.1272}, {'x': -2.5, 'y': 0.0156}, {'x': -2.25, 'y': -0.2039}, {'x': -2.0, 'y': -0.5901}, {'x': -1.75, 'y': -1.0824}, {'x': -1.5, 'y': 0.9605}, {'x': -1.25, 'y': -51.4459}, {'x': -1.0, 'y': -4.3398}, {'x': -0.75, 'y': 2.4038}, {'x': -0.5, 'y': 0.0808}, {'x': -0.25, 'y': -0.3307}, {'x': 0.0, 'y': -0.3929}, {'x': 0.25, 'y': -0.3916}, {'x': 0.5, 'y': -0.3914}, {'x': 0.75, 'y': -0.4019}, {'x': 1.0, 'y': -0.4123}, {'x': 1.25, 'y': -0.4055}, {'x': 1.5, 'y': -0.3692}, {'x': 1.75, 'y': -0.3028}, {'x': 2.0, 'y': -0.2181}, {'x': 2.25, 'y': -0.1326}, {'x': 2.5, 'y': -0.0606}, {'x': 2.75, 'y': -0.0081}, {'x': 3.0, 'y': 0.0278}]}","{'formula': '-sin(x)*sin(1/(x + 1.2))*cos(cos(x)) - sin(cos(x))*cos(1/(x + 1.2))/(x + 1.2)**2', 'latex': '- \\sin{\\left(x \\right)} \\sin{\\left(\\frac{1}{x + 1.2} \\right)} \\cos{\\left(\\cos{\\left(x \\right)} \\right)} - \\frac{\\sin{\\left(\\cos{\\left(x \\right)} \\right)} \\cos{\\left(\\frac{1}{x + 1.2} \\right)}}{\\left(x + 1.2\\right)^{2}}', 'properties': {'singularities': [], 'is_periodic': False, 'domain': 'R'}}",derivative_of_sin(1/(x + 1.2))*sin(cos(x))
MCM_213_0b0bace6,"{'a': 2, 'b': 1, 'c': 3}","{'points': [{'x': -3.0, 'y': 7.8411}, {'x': -2.75, 'y': 5.972}, {'x': -2.5, 'y': 4.5795}, {'x': -2.25, 'y': 3.5282}, {'x': -2.0, 'y': 2.6819}, {'x': -1.75, 'y': 1.9614}, {'x': -1.5, 'y': 1.3466}, {'x': -1.25, 'y': 0.8515}, {'x': -1.0, 'y': 0.4939}, {'x': -0.75, 'y': 0.2767}, {'x': -0.5, 'y': 0.1871}, {'x': -0.25, 'y': 0.2085}, {'x': 0.0, 'y': 0.0}, {'x': 0.25, 'y': -0.2085}, {'x': 0.5, 'y': -0.1871}, {'x': 0.75, 'y': -0.2767}, {'x': 1.0, 'y': -0.4939}, {'x': 1.25, 'y': -0.8515}, {'x': 1.5, 'y': -1.3466}, {'x': 1.75, 'y': -1.9614}, {'x': 2.0, 'y': -2.6819}, {'x': 2.25, 'y': -3.5282}, {'x': 2.5, 'y': -4.5795}, {'x': 2.75, 'y': -5.972}, {'x': 3.0, 'y': -7.8411}]}","{'formula': 'Piecewise((0, Eq(x, 0)), ((x*sin(cos(x))*polygamma(0, 1.0*Abs(x) + 1.1) - sin(x)*cos(cos(x))*Abs(x))*gamma(Abs(x) + 1.1)/Abs(x), True))', 'latex': '\\begin{cases} 0 & \\text{for}\\: x = 0 \\\\\\frac{\\left(x \\sin{\\left(\\cos{\\left(x \\right)} \\right)} \\operatorname{polygamma}{\\left(0,1.0 \\left|{x}\\right| + 1.1 \\right)} - \\sin{\\left(x \\right)} \\cos{\\left(\\cos{\\left(x \\right)} \\right)} \\left|{x}\\right|\\right) \\Gamma\\left(\\left|{x}\\right| + 1.1\\right)}{\\left|{x}\\right|} & \\text{otherwise} \\end{cases}', 'properties': {'singularities': [], 'is_periodic': False, 'domain': 'R'}}",derivative_of_sin(cos(x))*gamma(Abs(x) + 1.1)
MCM_220_04921f52,"{'a': 2, 'b': 2, 'c': 0}","{'points': [{'x': -3.0, 'y': -27.0}, {'x': -2.75, 'y': -22.6875}, {'x': -2.5, 'y': -18.75}, {'x': -2.25, 'y': -15.1875}, {'x': -2.0, 'y': -12.0}, {'x': -1.75, 'y': -9.1875}, {'x': -1.5, 'y': -6.75}, {'x': -1.25, 'y': -4.6875}, {'x': -1.0, 'y': -3.0}, {'x': -0.75, 'y': -1.6875}, {'x': -0.5, 'y': -0.75}, {'x': -0.25, 'y': -0.1875}, {'x': 0.0, 'y': 0.0}, {'x': 0.25, 'y': 0.1875}, {'x': 0.5, 'y': 0.75}, {'x': 0.75, 'y': 1.6875}, {'x': 1.0, 'y': 3.0}, {'x': 1.25, 'y': 4.6875}, {'x': 1.5, 'y': 6.75}, {'x': 1.75, 'y': 9.1875}, {'x': 2.0, 'y': 12.0}, {'x': 2.25, 'y': 15.1875}, {'x': 2.5, 'y': 18.75}, {'x': 2.75, 'y': 22.6875}, {'x': 3.0, 'y': 27.0}]}","{'formula': 'Piecewise((0, Eq(x, 0)), (3*x**3/Abs(x), True))', 'latex': '\\begin{cases} 0 & \\text{for}\\: x = 0 \\\\\\frac{3 x^{3}}{\\left|{x}\\right|} & \\text{otherwise} \\end{cases}', 'properties': {'singularities': [], 'is_periodic': False, 'domain': 'R'}}",derivative_of_x**2*Abs(x)
MCM_220_80f000e1,"{'a': 2, 'b': 2, 'c': 0}","{'points': [{'x': -3.0, 'y': -15.0}, {'x': -2.75, 'y': -11.6875}, {'x': -2.5, 'y': -8.75}, {'x': -2.25, 'y': -6.1875}, {'x': -2.0, 'y': -4.0}, {'x': -1.75, 'y': -2.1875}, {'x': -1.5, 'y': -0.75}, {'x': -1.25, 'y': 0.3125}, {'x': -1.0, 'y': 1.0}, {'x': -0.75, 'y': 1.3125}, {'x': -0.5, 'y': 1.25}, {'x': -0.25, 'y': 0.8125}, {'x': 0.0, 'y': 0.0}, {'x': 0.25, 'y': 1.1875}, {'x': 0.5, 'y': 2.75}, {'x': 0.75, 'y': 4.6875}, {'x': 1.0, 'y': 7.0}, {'x': 1.25, 'y': 9.6875}, {'x': 1.5, 'y': 12.75}, {'x': 1.75, 'y': 16.1875}, {'x': 2.0, 'y': 20.0}, {'x': 2.25, 'y': 24.1875}, {'x': 2.5, 'y': 28.75}, {'x': 2.75, 'y': 33.6875}, {'x': 3.0, 'y': 39.0}]}","{'formula': 'Piecewise((x*(3*x + 4), x > 0), (x*(-3*x - 4), True))', 'latex': '\\begin{cases} x \\left(3 x + 4\\right) & \\text{for}\\: x > 0 \\\\x \\left(- 3 x - 4\\right) & \\text{otherwise} \\end{cases}', 'properties': {'singularities': [], 'is_periodic': False, 'domain': 'R'}}","derivative_of_Piecewise((x**2*(x + 2), x > 0), (x**2*(-x - 2), True))"
MCM_220_7a84372b,"{'a': 2, 'b': 2, 'c': 0}","{'points': [{'x': -3.0, 'y': -6.0}, {'x': -2.75, 'y': -5.5}, {'x': -2.5, 'y': -5.0}, {'x': -2.25, 'y': -4.5}, {'x': -2.0, 'y': -4.0}, {'x': -1.75, 'y': -3.5}, {'x': -1.5, 'y': -3.0}, {'x': -1.25, 'y': -2.5}, {'x': -1.0, 'y': 0.0}, {'x': -0.75, 'y': 1.5}, {'x': -0.5, 'y': 1.0}, {'x': -0.25, 'y': 0.5}, {'x': 0.0, 'y': 0.0}, {'x': 0.25, 'y': -0.5}, {'x': 0.5, 'y': -1.0}, {'x': 0.75, 'y': -1.5}, {'x': 1.0, 'y': 0.0}, {'x': 1.25, 'y': 2.5}, {'x': 1.5, 'y': 3.0}, {'x': 1.75, 'y': 3.5}, {'x': 2.0, 'y': 4.0}, {'x': 2.25, 'y': 4.5}, {'x': 2.5, 'y': 5.0}, {'x': 2.75, 'y': 5.5}, {'x': 3.0, 'y': 6.0}]}","{'formula': 'Piecewise((0, Eq(x**2, 1)), (2*x*(x**2 - 1)/Abs(x**2 - 1), True))', 'latex': '\\begin{cases} 0 & \\text{for}\\: x^{2} = 1 \\\\\\frac{2 x \\left(x^{2} - 1\\right)}{\\left|{x^{2} - 1}\\right|} & \\text{otherwise} \\end{cases}', 'properties': {'singularities': [], 'is_periodic': False, 'domain': 'R'}}",derivative_of_Abs(x**2 - 1)
MCM_220_3a3ef523,"{'a': 2, 'b': 2, 'c': 0}","{'points': [{'x': -3.0, 'y': -1.0}, {'x': -2.75, 'y': -1.0}, {'x': -2.5, 'y': -1.0}, {'x': -2.25, 'y': -1.0}, {'x': -2.0, 'y': -1.0}, {'x': -1.75, 'y': -1.0}, {'x': -1.5, 'y': -1.0}, {'x': -1.25, 'y': -1.0}, {'x': -1.0, 'y': -1.0}, {'x': -0.75, 'y': -1.0}, {'x': -0.5, 'y': 0.0}, {'x': -0.25, 'y': 1.0}, {'x': 0.0, 'y': 1.0}, {'x': 0.25, 'y': 1.0}, {'x': 0.5, 'y': 1.0}, {'x': 0.75, 'y': 1.0}, {'x': 1.0, 'y': 1.0}, {'x': 1.25, 'y': 1.0}, {'x': 1.5, 'y': 1.0}, {'x': 1.75, 'y': 1.0}, {'x': 2.0, 'y': 1.0}, {'x': 2.25, 'y': 1.0}, {'x': 2.5, 'y': 1.0}, {'x': 2.75, 'y': 1.0}, {'x': 3.0, 'y': 1.0}]}","{'formula': 'sign(x + 0.5)', 'latex': '\\operatorname{sign}{\\left(x + 0.5 \\right)}', 'properties': {'singularities': [], 'is_periodic': False, 'domain': 'R'}}",derivative_of_Abs(x + 0.5)
MCM_221_3d6f9cb9,"{'a': 2, 'b': 2, 'c': 1}","{'points': [{'x': -3.0, 'y': 7.8877}, {'x': -2.75, 'y': 8.3419}, {'x': -2.5, 'y': 18.6855}, {'x': -2.25, 'y': -5.845}, {'x': -2.0, 'y': 1.746}, {'x': -1.75, 'y': -5.5381}, {'x': -1.5, 'y': 6.567}, {'x': -1.25, 'y': 1.7488}, {'x': -1.0, 'y': -1.6209}, {'x': -0.75, 'y': -1.5395}, {'x': -0.5, 'y': -0.7441}, {'x': -0.25, 'y': -0.1875}, {'x': 0.0, 'y': 0.0}, {'x': 0.25, 'y': 0.1875}, {'x': 0.5, 'y': 0.7441}, {'x': 0.75, 'y': 1.5395}, {'x': 1.0, 'y': 1.6209}, {'x': 1.25, 'y': -1.7488}, {'x': 1.5, 'y': -6.567}, {'x': 1.75, 'y': 5.5381}, {'x': 2.0, 'y': -1.746}, {'x': 2.25, 'y': 5.845}, {'x': 2.5, 'y': -18.6855}, {'x': 2.75, 'y': -8.3419}, {'x': 3.0, 'y': -7.8877}]}","{'formula': 'Piecewise((0, Eq(x, 0)), (3*x**3*cos(x**2*Abs(x))/Abs(x), True))', 'latex': '\\begin{cases} 0 & \\text{for}\\: x = 0 \\\\\\frac{3 x^{3} \\cos{\\left(x^{2} \\left|{x}\\right| \\right)}}{\\left|{x}\\right|} & \\text{otherwise} \\end{cases}', 'properties': {'singularities': [], 'is_periodic': False, 'domain': 'R'}}",derivative_of_sin(x**2*Abs(x))
MCM_221_4f1a8891,"{'a': 2, 'b': 2, 'c': 1}","{'points': [{'x': -3.0, 'y': 0.873}, {'x': -2.75, 'y': -5.2868}, {'x': -2.5, 'y': -2.5604}, {'x': -2.25, 'y': 2.7229}, {'x': -2.0, 'y': 3.96}, {'x': -1.75, 'y': 1.6524}, {'x': -1.5, 'y': -0.946}, {'x': -1.25, 'y': -2.1148}, {'x': -1.0, 'y': 0.0}, {'x': -0.75, 'y': 1.3587}, {'x': -0.5, 'y': 0.7317}, {'x': -0.25, 'y': 0.2959}, {'x': 0.0, 'y': 0.0}, {'x': 0.25, 'y': -0.2959}, {'x': 0.5, 'y': -0.7317}, {'x': 0.75, 'y': -1.3587}, {'x': 1.0, 'y': 0.0}, {'x': 1.25, 'y': 2.1148}, {'x': 1.5, 'y': 0.946}, {'x': 1.75, 'y': -1.6524}, {'x': 2.0, 'y': -3.96}, {'x': 2.25, 'y': -2.7229}, {'x': 2.5, 'y': 2.5604}, {'x': 2.75, 'y': 5.2868}, {'x': 3.0, 'y': -0.873}]}","{'formula': 'Piecewise((0, Eq(x**2, 1)), (2*x*(x**2 - 1)*cos(Abs(x**2 - 1))/Abs(x**2 - 1), True))', 'latex': '\\begin{cases} 0 & \\text{for}\\: x^{2} = 1 \\\\\\frac{2 x \\left(x^{2} - 1\\right) \\cos{\\left(\\left|{x^{2} - 1}\\right| \\right)}}{\\left|{x^{2} - 1}\\right|} & \\text{otherwise} \\end{cases}', 'properties': {'singularities': [], 'is_periodic': False, 'domain': 'R'}}",derivative_of_sin(Abs(x**2 - 1))
MCM_221_ac84340c,"{'a': 2, 'b': 2, 'c': 1}","{'points': [{'x': -3.0, 'y': 5.9361}, {'x': -2.75, 'y': 1.5163}, {'x': -2.5, 'y': -4.2947}, {'x': -2.25, 'y': -3.5827}, {'x': -2.0, 'y': 0.5645}, {'x': -1.75, 'y': 3.0854}, {'x': -1.5, 'y': 2.847}, {'x': -1.25, 'y': 1.3333}, {'x': -1.0, 'y': 0.0}, {'x': -0.75, 'y': -0.6355}, {'x': -0.5, 'y': -0.6816}, {'x': -0.25, 'y': -0.403}, {'x': 0.0, 'y': 0.0}, {'x': 0.25, 'y': 0.403}, {'x': 0.5, 'y': 0.6816}, {'x': 0.75, 'y': 0.6355}, {'x': 1.0, 'y': 0.0}, {'x': 1.25, 'y': -1.3333}, {'x': 1.5, 'y': -2.847}, {'x': 1.75, 'y': -3.0854}, {'x': 2.0, 'y': -0.5645}, {'x': 2.25, 'y': 3.5827}, {'x': 2.5, 'y': 4.2947}, {'x': 2.75, 'y': -1.5163}, {'x': 3.0, 'y': -5.9361}]}","{'formula': 'Piecewise((0, Eq(x**2, 1)), (2*x*(1 - x**2)*sin(Abs(x**2 - 1))/Abs(x**2 - 1), True))', 'latex': '\\begin{cases} 0 & \\text{for}\\: x^{2} = 1 \\\\\\frac{2 x \\left(1 - x^{2}\\right) \\sin{\\left(\\left|{x^{2} - 1}\\right| \\right)}}{\\left|{x^{2} - 1}\\right|} & \\text{otherwise} \\end{cases}', 'properties': {'singularities': [], 'is_periodic': False, 'domain': 'R'}}",derivative_of_cos(Abs(x**2 - 1))
MCM_221_e0c5cb80,"{'a': 2, 'b': 2, 'c': 1}","{'points': [{'x': -3.0, 'y': 0.0}, {'x': -2.758, 'y': 0.0}, {'x': -2.517, 'y': 0.0}, {'x': -2.275, 'y': 0.0}, {'x': -2.033, 'y': 0.0}, {'x': -1.792, 'y': 0.0}, {'x': -1.55, 'y': 0.0}, {'x': -1.308, 'y': 0.0}, {'x': -1.067, 'y': 0.0}, {'x': -0.825, 'y': 0.0}, {'x': -0.583, 'y': 0.0}, {'x': -0.342, 'y': 0.0}, {'x': -0.1, 'y': 0.0}, {'x': 0.1, 'y': 0.0}, {'x': 0.364, 'y': 0.0}, {'x': 0.627, 'y': 0.0}, {'x': 0.891, 'y': 0.0}, {'x': 1.155, 'y': 0.0}, {'x': 1.418, 'y': 0.0}, {'x': 1.682, 'y': 0.0}, {'x': 1.945, 'y': 0.0}, {'x': 2.209, 'y': 0.0}, {'x': 2.473, 'y': 0.0}, {'x': 2.736, 'y': 0.0}, {'x': 3.0, 'y': 0.0}]}","{'formula': 'Piecewise((2*cos(x)*DiracDelta(sin(x)), Eq(sin(x), 0)), (2*cos(x)*cos(sin(x)/Abs(sin(x)))*DiracDelta(sin(x)), True))', 'latex': '\\begin{cases} 2 \\cos{\\left(x \\right)} \\delta\\left(\\sin{\\left(x \\right)}\\right) & \\text{for}\\: \\sin{\\left(x \\right)} = 0 \\\\2 \\cos{\\left(x \\right)} \\cos{\\left(\\frac{\\sin{\\left(x \\right)}}{\\left|{\\sin{\\left(x \\right)}}\\right|} \\right)} \\delta\\left(\\sin{\\left(x \\right)}\\right) & \\text{otherwise} \\end{cases}', 'properties': {'singularities': [], 'is_periodic': False, 'domain': 'R'}}",derivative_of_sin(sign(sin(x)))
MCM_221_0b96a954,"{'a': 2, 'b': 2, 'c': 1}","{'points': [{'x': -3.0, 'y': 0.0}, {'x': -2.75, 'y': 0.0}, {'x': -2.5, 'y': 0.0}, {'x': -2.25, 'y': 0.0}, {'x': -2.0, 'y': 0.0}, {'x': -1.75, 'y': 0.0}, {'x': -1.5, 'y': 0.0}, {'x': -1.25, 'y': 0.0}, {'x': -1.0, 'y': 0.0}, {'x': -0.75, 'y': 0.0}, {'x': -0.5, 'y': 0.0}, {'x': -0.25, 'y': 0.0}, {'x': 0.0, 'y': 0.0}, {'x': 0.25, 'y': 0.0}, {'x': 0.5, 'y': 0.0}, {'x': 0.75, 'y': 0.0}, {'x': 1.0, 'y': 0.0}, {'x': 1.25, 'y': 0.0}, {'x': 1.5, 'y': 0.0}, {'x': 1.75, 'y': 0.0}, {'x': 2.0, 'y': 0.0}, {'x': 2.25, 'y': 0.0}, {'x': 2.5, 'y': 0.0}, {'x': 2.75, 'y': 0.0}, {'x': 3.0, 'y': 0.0}]}","{'formula': 'Piecewise((0, Eq(sin(x), 0)), (-2*sin(sin(x)/Abs(sin(x)))*cos(x)*DiracDelta(sin(x)), True))', 'latex': '\\begin{cases} 0 & \\text{for}\\: \\sin{\\left(x \\right)} = 0 \\\\- 2 \\sin{\\left(\\frac{\\sin{\\left(x \\right)}}{\\left|{\\sin{\\left(x \\right)}}\\right|} \\right)} \\cos{\\left(x \\right)} \\delta\\left(\\sin{\\left(x \\right)}\\right) & \\text{otherwise} \\end{cases}', 'properties': {'singularities': [], 'is_periodic': False, 'domain': 'R'}}",derivative_of_cos(sign(sin(x)))
MCM_221_c112c588,"{'a': 2, 'b': 2, 'c': 1}","{'points': [{'x': -3.0, 'y': 0.8011}, {'x': -2.75, 'y': 0.6282}, {'x': -2.5, 'y': 0.4161}, {'x': -2.25, 'y': 0.1782}, {'x': -2.0, 'y': -0.0707}, {'x': -1.75, 'y': -0.3153}, {'x': -1.5, 'y': -0.5403}, {'x': -1.25, 'y': -0.7317}, {'x': -1.0, 'y': -0.8776}, {'x': -0.75, 'y': -0.9689}, {'x': -0.5, 'y': 0.0}, {'x': -0.25, 'y': 0.9689}, {'x': 0.0, 'y': 0.8776}, {'x': 0.25, 'y': 0.7317}, {'x': 0.5, 'y': 0.5403}, {'x': 0.75, 'y': 0.3153}, {'x': 1.0, 'y': 0.0707}, {'x': 1.25, 'y': -0.1782}, {'x': 1.5, 'y': -0.4161}, {'x': 1.75, 'y': -0.6282}, {'x': 2.0, 'y': -0.8011}, {'x': 2.25, 'y': -0.9243}, {'x': 2.5, 'y': -0.99}, {'x': 2.75, 'y': -0.9941}, {'x': 3.0, 'y': -0.9365}]}","{'formula': 'Piecewise((0, Eq(x, -0.5)), ((x + 0.5)*cos(Abs(x + 0.5))/Abs(x + 0.5), True))', 'latex': '\\begin{cases} 0 & \\text{for}\\: x = -0.5 \\\\\\frac{\\left(x + 0.5\\right) \\cos{\\left(\\left|{x + 0.5}\\right| \\right)}}{\\left|{x + 0.5}\\right|} & \\text{otherwise} \\end{cases}', 'properties': {'singularities': [], 'is_periodic': False, 'domain': 'R'}}",derivative_of_sin(Abs(x + 0.5))
MCM_221_91612a5d,"{'a': 2, 'b': 2, 'c': 1}","{'points': [{'x': -3.0, 'y': 0.5985}, {'x': -2.75, 'y': 0.7781}, {'x': -2.5, 'y': 0.9093}, {'x': -2.25, 'y': 0.984}, {'x': -2.0, 'y': 0.9975}, {'x': -1.75, 'y': 0.949}, {'x': -1.5, 'y': 0.8415}, {'x': -1.25, 'y': 0.6816}, {'x': -1.0, 'y': 0.4794}, {'x': -0.75, 'y': 0.2474}, {'x': -0.5, 'y': 0.0}, {'x': -0.25, 'y': -0.2474}, {'x': 0.0, 'y': -0.4794}, {'x': 0.25, 'y': -0.6816}, {'x': 0.5, 'y': -0.8415}, {'x': 0.75, 'y': -0.949}, {'x': 1.0, 'y': -0.9975}, {'x': 1.25, 'y': -0.984}, {'x': 1.5, 'y': -0.9093}, {'x': 1.75, 'y': -0.7781}, {'x': 2.0, 'y': -0.5985}, {'x': 2.25, 'y': -0.3817}, {'x': 2.5, 'y': -0.1411}, {'x': 2.75, 'y': 0.1082}, {'x': 3.0, 'y': 0.3508}]}","{'formula': 'Piecewise((0, Eq(x, -0.5)), ((-x - 0.5)*sin(Abs(x + 0.5))/Abs(x + 0.5), True))', 'latex': '\\begin{cases} 0 & \\text{for}\\: x = -0.5 \\\\\\frac{\\left(- x - 0.5\\right) \\sin{\\left(\\left|{x + 0.5}\\right| \\right)}}{\\left|{x + 0.5}\\right|} & \\text{otherwise} \\end{cases}', 'properties': {'singularities': [], 'is_periodic': False, 'domain': 'R'}}",derivative_of_cos(Abs(x + 0.5))
MCM_222_d8e093da,"{'a': 2, 'b': 2, 'c': 2}","{'points': [{'x': -3.0, 'y': 5.9001}, {'x': -2.75, 'y': 5.4001}, {'x': -2.5, 'y': 4.9001}, {'x': -2.25, 'y': 4.4002}, {'x': -2.0, 'y': 3.9002}, {'x': -1.75, 'y': 3.4003}, {'x': -1.5, 'y': 2.9004}, {'x': -1.25, 'y': 2.4005}, {'x': -1.0, 'y': 1.9008}, {'x': -0.75, 'y': 1.4014}, {'x': -0.5, 'y': 0.9028}, {'x': -0.25, 'y': 0.4082}, {'x': 0.0, 'y': 0.0}, {'x': 0.25, 'y': 0.5556}, {'x': 0.5, 'y': 1.0937}, {'x': 0.75, 'y': 1.5976}, {'x': 1.0, 'y': 2.0988}, {'x': 1.25, 'y': 2.5992}, {'x': 1.5, 'y': 3.0995}, {'x': 1.75, 'y': 3.5996}, {'x': 2.0, 'y': 4.0997}, {'x': 2.25, 'y': 4.5998}, {'x': 2.5, 'y': 5.0998}, {'x': 2.75, 'y': 5.5999}, {'x': 3.0, 'y': 6.0999}]}","{'formula': 'Piecewise((0, Eq(x, 0)), (x**3*(2*x - 0.3)/((x - 0.1)**2*Abs(x)), True))', 'latex': '\\begin{cases} 0 & \\text{for}\\: x = 0 \\\\\\frac{x^{3} \\left(2 x - 0.3\\right)}{\\left(x - 0.1\\right)^{2} \\left|{x}\\right|} & \\text{otherwise} \\end{cases}', 'properties': {'singularities': [], 'is_periodic': False, 'domain': 'R'}}",derivative_of_x**2*Abs(x)/(x - 0.1)
MCM_222_7485c741,"{'a': 2, 'b': 2, 'c': 2}","{'points': [{'x': -3.0, 'y': 3.1231}, {'x': -2.75, 'y': 2.6531}, {'x': -2.5, 'y': 2.1894}, {'x': -2.25, 'y': 1.7342}, {'x': -2.0, 'y': 1.2903}, {'x': -1.75, 'y': 0.8618}, {'x': -1.5, 'y': 0.4549}, {'x': -1.25, 'y': 0.0792}, {'x': -1.0, 'y': -0.2494}, {'x': -0.75, 'y': -0.504}, {'x': -0.5, 'y': -0.6348}, {'x': -0.25, 'y': -0.5418}, {'x': 0.0, 'y': 0.0}, {'x': 0.25, 'y': -1.5917}, {'x': 0.5, 'y': -6.3194}, {'x': 0.75, 'y': -26.0204}, {'x': 1.0, 'y': -370.0}, {'x': 1.25, 'y': -161.1111}, {'x': 1.5, 'y': -17.3438}, {'x': 1.75, 'y': -2.2781}, {'x': 2.0, 'y': 2.4691}, {'x': 2.25, 'y': 4.7637}, {'x': 2.5, 'y': 6.1862}, {'x': 2.75, 'y': 7.2222}, {'x': 3.0, 'y': 8.0609}]}","{'formula': 'Piecewise((x*(-x*(x + 2) + (x - 1.1)*(3*x + 4))/(x - 1.1)**2, x > 0), (x*(x*(x + 2) - (x - 1.1)*(3*x + 4))/(x - 1.1)**2, True))', 'latex': '\\begin{cases} \\frac{x \\left(- x \\left(x + 2\\right) + \\left(x - 1.1\\right) \\left(3 x + 4\\right)\\right)}{\\left(x - 1.1\\right)^{2}} & \\text{for}\\: x > 0 \\\\\\frac{x \\left(x \\left(x + 2\\right) - \\left(x - 1.1\\right) \\left(3 x + 4\\right)\\right)}{\\left(x - 1.1\\right)^{2}} & \\text{otherwise} \\end{cases}', 'properties': {'singularities': [], 'is_periodic': False, 'domain': 'R'}}","derivative_of_Piecewise((x**2*(x + 2)/(x - 1.1), x > 0), (x**2*(-x - 2)/(x - 1.1), True))"
MCM_222_3ddc3c07,"{'a': 2, 'b': 2, 'c': 2}","{'points': [{'x': -3.0, 'y': 1.103}, {'x': -2.75, 'y': 1.1219}, {'x': -2.5, 'y': 1.1464}, {'x': -2.25, 'y': 1.1793}, {'x': -2.0, 'y': 1.2245}, {'x': -1.75, 'y': 1.2893}, {'x': -1.5, 'y': 1.3867}, {'x': -1.25, 'y': 1.5432}, {'x': -1.0, 'y': 0.0}, {'x': -0.75, 'y': -2.3702}, {'x': -0.5, 'y': -3.75}, {'x': -0.25, 'y': -9.0816}, {'x': 0.0, 'y': -100.0}, {'x': 0.25, 'y': -45.0}, {'x': 0.5, 'y': -7.1875}, {'x': 0.75, 'y': -3.3432}, {'x': 1.0, 'y': 0.0}, {'x': 1.25, 'y': 1.7486}, {'x': 1.5, 'y': 1.5051}, {'x': 1.75, 'y': 1.3636}, {'x': 2.0, 'y': 1.2742}, {'x': 2.25, 'y': 1.2142}, {'x': 2.5, 'y': 1.1719}, {'x': 2.75, 'y': 1.141}, {'x': 3.0, 'y': 1.1177}]}","{'formula': 'Piecewise((-Abs(x**2 - 1)/(x - 0.1)**2, Eq(x**2, 1)), ((x**2 - 1)*(-x**2 + 2*x*(x - 0.1) + 1)/((x - 0.1)**2*Abs(x**2 - 1)), True))', 'latex': '\\begin{cases} - \\frac{\\left|{x^{2} - 1}\\right|}{\\left(x - 0.1\\right)^{2}} & \\text{for}\\: x^{2} = 1 \\\\\\frac{\\left(x^{2} - 1\\right) \\left(- x^{2} + 2 x \\left(x - 0.1\\right) + 1\\right)}{\\left(x - 0.1\\right)^{2} \\left|{x^{2} - 1}\\right|} & \\text{otherwise} \\end{cases}', 'properties': {'singularities': [], 'is_periodic': False, 'domain': 'R'}}",derivative_of_Abs(x**2 - 1)/(x - 0.1)
MCM_222_512a3ae9,"{'a': 2, 'b': 2, 'c': 2}","{'points': [{'x': -3.0, 'y': 0.0977}, {'x': -2.758, 'y': 0.1143}, {'x': -2.517, 'y': 0.1355}, {'x': -2.275, 'y': 0.1632}, {'x': -2.033, 'y': 0.2005}, {'x': -1.792, 'y': 0.2521}, {'x': -1.55, 'y': 0.3265}, {'x': -1.308, 'y': 0.4395}, {'x': -1.067, 'y': 0.6233}, {'x': -0.825, 'y': 0.9518}, {'x': -0.583, 'y': 1.6297}, {'x': -0.342, 'y': 3.4083}, {'x': -0.1, 'y': 11.1111}, {'x': 0.1, 'y': -100.0}, {'x': 0.364, 'y': -37.3457}, {'x': 0.627, 'y': -5.4776}, {'x': 0.891, 'y': -2.0949}, {'x': 1.155, 'y': -1.0975}, {'x': 1.418, 'y': -0.6739}, {'x': 1.682, 'y': -0.4554}, {'x': 1.945, 'y': -0.3282}, {'x': 2.209, 'y': -0.2477}, {'x': 2.473, 'y': -0.1936}, {'x': 2.736, 'y': -0.1554}, {'x': 3.0, 'y': -0.1276}]}","{'formula': 'Piecewise((2*cos(x)*DiracDelta(sin(x))/(x - 0.2), Eq(sin(x), 0)), (((2*x - 0.4)*cos(x)*Abs(sin(x))*DiracDelta(sin(x)) - sin(x))/((x - 0.2)**2*Abs(sin(x))), True))', 'latex': '\\begin{cases} \\frac{2 \\cos{\\left(x \\right)} \\delta\\left(\\sin{\\left(x \\right)}\\right)}{x - 0.2} & \\text{for}\\: \\sin{\\left(x \\right)} = 0 \\\\\\frac{\\left(2 x - 0.4\\right) \\cos{\\left(x \\right)} \\left|{\\sin{\\left(x \\right)}}\\right| \\delta\\left(\\sin{\\left(x \\right)}\\right) - \\sin{\\left(x \\right)}}{\\left(x - 0.2\\right)^{2} \\left|{\\sin{\\left(x \\right)}}\\right|} & \\text{otherwise} \\end{cases}', 'properties': {'singularities': [], 'is_periodic': False, 'domain': 'R'}}",derivative_of_sign(sin(x))/(x - 0.2)
MCM_222_4beaa5d3,"{'a': 2, 'b': 2, 'c': 2}","{'points': [{'x': -3.0, 'y': 0.0431}, {'x': -2.75, 'y': 0.0518}, {'x': -2.5, 'y': 0.0634}, {'x': -2.25, 'y': 0.0794}, {'x': -2.0, 'y': 0.1023}, {'x': -1.75, 'y': 0.1367}, {'x': -1.5, 'y': 0.192}, {'x': -1.25, 'y': 0.2893}, {'x': -1.0, 'y': 0.4844}, {'x': -0.75, 'y': 0.9722}, {'x': -0.5, 'y': 0.0}, {'x': -0.25, 'y': -35.0}, {'x': 0.0, 'y': -15.5556}, {'x': 0.25, 'y': -2.1875}, {'x': 0.5, 'y': -0.8284}, {'x': 0.75, 'y': -0.4321}, {'x': 1.0, 'y': -0.2647}, {'x': 1.25, 'y': -0.1786}, {'x': 1.5, 'y': -0.1286}, {'x': 1.75, 'y': -0.097}, {'x': 2.0, 'y': -0.0757}, {'x': 2.25, 'y': -0.0608}, {'x': 2.5, 'y': -0.0498}, {'x': 2.75, 'y': -0.0416}, {'x': 3.0, 'y': -0.0353}]}","{'formula': 'Piecewise((-Abs(x + 0.5)/(x + 0.15)**2, Eq(x, -0.5)), ((-0.35*x - 0.175)/((x + 0.15)**2*Abs(x + 0.5)), True))', 'latex': '\\begin{cases} - \\frac{\\left|{x + 0.5}\\right|}{\\left(x + 0.15\\right)^{2}} & \\text{for}\\: x = -0.5 \\\\\\frac{- 0.35 x - 0.175}{\\left(x + 0.15\\right)^{2} \\left|{x + 0.5}\\right|} & \\text{otherwise} \\end{cases}', 'properties': {'singularities': [], 'is_periodic': False, 'domain': 'R'}}",derivative_of_Abs(x + 0.5)/(x + 0.15)
MCM_223_63395e65,"{'a': 2, 'b': 2, 'c': 3}","{'points': [{'x': -3.0, 'y': 17496.0}, {'x': -2.75, 'y': 9515.2202}, {'x': -2.5, 'y': 4882.8125}, {'x': -2.25, 'y': 2335.4341}, {'x': -2.0, 'y': 1024.0}, {'x': -1.75, 'y': 402.1206}, {'x': -1.5, 'y': 136.6875}, {'x': -1.25, 'y': 38.147}, {'x': -1.0, 'y': 8.0}, {'x': -0.75, 'y': 1.0679}, {'x': -0.5, 'y': 0.0625}, {'x': -0.25, 'y': 0.0005}, {'x': 0.0, 'y': 0.0}, {'x': 0.25, 'y': 0.0005}, {'x': 0.5, 'y': 0.0625}, {'x': 0.75, 'y': 1.0679}, {'x': 1.0, 'y': 8.0}, {'x': 1.25, 'y': 38.147}, {'x': 1.5, 'y': 136.6875}, {'x': 1.75, 'y': 402.1206}, {'x': 2.0, 'y': 1024.0}, {'x': 2.25, 'y': 2335.4341}, {'x': 2.5, 'y': 4882.8125}, {'x': 2.75, 'y': 9515.2202}, {'x': 3.0, 'y': 17496.0}]}","{'formula': 'Piecewise((0, Eq(x, 0)), (8*x**8/Abs(x), True))', 'latex': '\\begin{cases} 0 & \\text{for}\\: x = 0 \\\\\\frac{8 x^{8}}{\\left|{x}\\right|} & \\text{otherwise} \\end{cases}', 'properties': {'singularities': [], 'is_periodic': False, 'domain': 'R'}}",derivative_of_x**7*Abs(x)
MCM_223_d4be55ed,"{'a': 2, 'b': 2, 'c': 3}","{'points': [{'x': -3.0, 'y': -110.8608}, {'x': -2.75, 'y': -67.097}, {'x': -2.5, 'y': -40.7469}, {'x': -2.25, 'y': -24.8089}, {'x': -2.0, 'y': -15.1297}, {'x': -1.75, 'y': -9.2321}, {'x': -1.5, 'y': -5.631}, {'x': -1.25, 'y': -3.4318}, {'x': -1.0, 'y': 0.0}, {'x': -0.75, 'y': 1.2855}, {'x': -0.5, 'y': 0.809}, {'x': -0.25, 'y': 0.5408}, {'x': 0.0, 'y': 0.0}, {'x': 0.25, 'y': -0.5408}, {'x': 0.5, 'y': -0.809}, {'x': 0.75, 'y': -1.2855}, {'x': 1.0, 'y': 0.0}, {'x': 1.25, 'y': 3.4318}, {'x': 1.5, 'y': 5.631}, {'x': 1.75, 'y': 9.2321}, {'x': 2.0, 'y': 15.1297}, {'x': 2.25, 'y': 24.8089}, {'x': 2.5, 'y': 40.7469}, {'x': 2.75, 'y': 67.097}, {'x': 3.0, 'y': 110.8608}]}","{'formula': 'Piecewise((x*Abs(x - 1/x)*gamma(Abs(x) + 1.1)*polygamma(0, 1.0*Abs(x) + 1.1), Eq(x**2, 1)), (0, Eq(x, 0)), (x*(2*x**2 + (x - 1)**2*(x + 1)**2*Abs(1/x)*polygamma(0, 1.0*Abs(x) + 1.1) - 2)*gamma(Abs(x) + 1.1)/Abs((x - 1)*(x + 1)), True))', 'latex': '\\begin{cases} x \\left|{x - \\frac{1}{x}}\\right| \\Gamma\\left(\\left|{x}\\right| + 1.1\\right) \\operatorname{polygamma}{\\left(0,1.0 \\left|{x}\\right| + 1.1 \\right)} & \\text{for}\\: x^{2} = 1 \\\\0 & \\text{for}\\: x = 0 \\\\\\frac{x \\left(2 x^{2} + \\left(x - 1\\right)^{2} \\left(x + 1\\right)^{2} \\left|{\\frac{1}{x}}\\right| \\operatorname{polygamma}{\\left(0,1.0 \\left|{x}\\right| + 1.1 \\right)} - 2\\right) \\Gamma\\left(\\left|{x}\\right| + 1.1\\right)}{\\left|{\\left(x - 1\\right) \\left(x + 1\\right)}\\right|} & \\text{otherwise} \\end{cases}', 'properties': {'singularities': [], 'is_periodic': False, 'domain': 'R'}}",derivative_of_Abs(x**2 - 1)*gamma(Abs(x) + 1.1)
MCM_223_254c3905,"{'a': 2, 'b': 2, 'c': 3}","{'points': [{'x': -3.0, 'y': 0.1156}, {'x': -2.758, 'y': 0.1363}, {'x': -2.517, 'y': 0.1628}, {'x': -2.275, 'y': 0.1974}, {'x': -2.033, 'y': 0.2431}, {'x': -1.792, 'y': 0.3043}, {'x': -1.55, 'y': 0.3855}, {'x': -1.308, 'y': 0.4844}, {'x': -1.067, 'y': 0.5494}, {'x': -0.825, 'y': 0.1958}, {'x': -0.583, 'y': -3.5787}, {'x': -0.342, 'y': 13.1699}, {'x': -0.1, 'y': 163.2328}, {'x': 0.1, 'y': 10.4583}, {'x': 0.364, 'y': 1.3922}, {'x': 0.627, 'y': -0.4642}, {'x': 0.891, 'y': -0.5288}, {'x': 1.155, 'y': -0.4233}, {'x': 1.418, 'y': -0.3267}, {'x': 1.682, 'y': -0.2547}, {'x': 1.945, 'y': -0.2023}, {'x': 2.209, 'y': -0.1638}, {'x': 2.473, 'y': -0.1349}, {'x': 2.736, 'y': -0.1129}, {'x': 3.0, 'y': -0.0957}]}","{'formula': 'Piecewise((2*sin(1/(x + 0.15))*cos(x)*DiracDelta(sin(x)), Eq(sin(x), 0)), (2*sin(1/(x + 0.15))*cos(x)*DiracDelta(sin(x)) - sin(x)*cos(1/(x + 0.15))/((x + 0.15)**2*Abs(sin(x))), True))', 'latex': '\\begin{cases} 2 \\sin{\\left(\\frac{1}{x + 0.15} \\right)} \\cos{\\left(x \\right)} \\delta\\left(\\sin{\\left(x \\right)}\\right) & \\text{for}\\: \\sin{\\left(x \\right)} = 0 \\\\2 \\sin{\\left(\\frac{1}{x + 0.15} \\right)} \\cos{\\left(x \\right)} \\delta\\left(\\sin{\\left(x \\right)}\\right) - \\frac{\\sin{\\left(x \\right)} \\cos{\\left(\\frac{1}{x + 0.15} \\right)}}{\\left(x + 0.15\\right)^{2} \\left|{\\sin{\\left(x \\right)}}\\right|} & \\text{otherwise} \\end{cases}', 'properties': {'singularities': [], 'is_periodic': False, 'domain': 'R'}}",derivative_of_sin(1/(x + 0.15))*sign(sin(x))
MCM_223_e836024e,"{'a': 2, 'b': 2, 'c': 3}","{'points': [{'x': -3.0, 'y': 8.7481}, {'x': -2.758, 'y': 6.1197}, {'x': -2.517, 'y': 4.3223}, {'x': -2.275, 'y': 3.0799}, {'x': -2.033, 'y': 2.2109}, {'x': -1.792, 'y': 1.5946}, {'x': -1.55, 'y': 1.1498}, {'x': -1.308, 'y': 0.8208}, {'x': -1.067, 'y': 0.5682}, {'x': -0.825, 'y': 0.3623}, {'x': -0.583, 'y': 0.1768}, {'x': -0.342, 'y': -0.0173}, {'x': -0.1, 'y': -0.2654}, {'x': 0.1, 'y': -0.2654}, {'x': 0.364, 'y': 0.0017}, {'x': 0.627, 'y': 0.2102}, {'x': 0.891, 'y': 0.4153}, {'x': 1.155, 'y': 0.6533}, {'x': 1.418, 'y': 0.9588}, {'x': 1.682, 'y': 1.375}, {'x': 1.945, 'y': 1.9625}, {'x': 2.209, 'y': 2.8119}, {'x': 2.473, 'y': 4.0615}, {'x': 2.736, 'y': 5.9269}, {'x': 3.0, 'y': 8.7481}]}","{'formula': 'Piecewise((2*cos(x)*DiracDelta(sin(x))*gamma(Abs(x) + 1.1), Eq(x, 0) | Eq(sin(x), 0)), ((x*sin(x)*polygamma(0, 1.0*Abs(x) + 1.1) + 2*cos(x)*Abs(x*sin(x))*DiracDelta(sin(x)))*gamma(Abs(x) + 1.1)/Abs(x*sin(x)), True))', 'latex': '\\begin{cases} 2 \\cos{\\left(x \\right)} \\delta\\left(\\sin{\\left(x \\right)}\\right) \\Gamma\\left(\\left|{x}\\right| + 1.1\\right) & \\text{for}\\: x = 0 \\vee \\sin{\\left(x \\right)} = 0 \\\\\\frac{\\left(x \\sin{\\left(x \\right)} \\operatorname{polygamma}{\\left(0,1.0 \\left|{x}\\right| + 1.1 \\right)} + 2 \\cos{\\left(x \\right)} \\left|{x \\sin{\\left(x \\right)}}\\right| \\delta\\left(\\sin{\\left(x \\right)}\\right)\\right) \\Gamma\\left(\\left|{x}\\right| + 1.1\\right)}{\\left|{x \\sin{\\left(x \\right)}}\\right|} & \\text{otherwise} \\end{cases}', 'properties': {'singularities': [], 'is_periodic': False, 'domain': 'R'}}",derivative_of_gamma(Abs(x) + 1.1)*sign(sin(x))
MCM_223_6227d3b1,"{'a': 2, 'b': 2, 'c': 3}","{'points': [{'x': -3.0, 'y': 0.0423}, {'x': -2.75, 'y': 0.0529}, {'x': -2.5, 'y': 0.0678}, {'x': -2.25, 'y': 0.0896}, {'x': -2.0, 'y': 0.1231}, {'x': -1.75, 'y': 0.1776}, {'x': -1.5, 'y': 0.2732}, {'x': -1.25, 'y': 0.4571}, {'x': -1.0, 'y': 0.8453}, {'x': -0.75, 'y': 1.5438}, {'x': -0.5, 'y': 0.0}, {'x': -0.25, 'y': -39.8953}, {'x': 0.0, 'y': 5.2632}, {'x': 0.25, 'y': 1.5767}, {'x': 0.5, 'y': 0.4563}, {'x': 0.75, 'y': 0.1575}, {'x': 1.0, 'y': 0.0579}, {'x': 1.25, 'y': 0.0193}, {'x': 1.5, 'y': 0.003}, {'x': 1.75, 'y': -0.0043}, {'x': 2.0, 'y': -0.0074}, {'x': 2.25, 'y': -0.0086}, {'x': 2.5, 'y': -0.0089}, {'x': 2.75, 'y': -0.0087}, {'x': 3.0, 'y': -0.0083}]}","{'formula': 'Piecewise((-cos(1/(x + 0.3))*Abs(x + 0.5)/(x + 0.3)**2, Eq(x, -0.5)), ((x + 0.5)*((x + 0.3)**2*sin(1/(x + 0.3)) - (x + 0.5)*cos(1/(x + 0.3)))/((x + 0.3)**2*Abs(x + 0.5)), True))', 'latex': '\\begin{cases} - \\frac{\\cos{\\left(\\frac{1}{x + 0.3} \\right)} \\left|{x + 0.5}\\right|}{\\left(x + 0.3\\right)^{2}} & \\text{for}\\: x = -0.5 \\\\\\frac{\\left(x + 0.5\\right) \\left(\\left(x + 0.3\\right)^{2} \\sin{\\left(\\frac{1}{x + 0.3} \\right)} - \\left(x + 0.5\\right) \\cos{\\left(\\frac{1}{x + 0.3} \\right)}\\right)}{\\left(x + 0.3\\right)^{2} \\left|{x + 0.5}\\right|} & \\text{otherwise} \\end{cases}', 'properties': {'singularities': [], 'is_periodic': False, 'domain': 'R'}}",derivative_of_sin(1/(x + 0.3))*Abs(x + 0.5)
MCM_223_05e28674,"{'a': 2, 'b': 2, 'c': 3}","{'points': [{'x': -3.0, 'y': -28.683}, {'x': -2.75, 'y': -18.5888}, {'x': -2.5, 'y': -12.1596}, {'x': -2.25, 'y': -8.0337}, {'x': -2.0, 'y': -5.3672}, {'x': -1.75, 'y': -3.6338}, {'x': -1.5, 'y': -2.5033}, {'x': -1.25, 'y': -1.7686}, {'x': -1.0, 'y': -1.3004}, {'x': -0.75, 'y': -1.0215}, {'x': -0.5, 'y': 0.0}, {'x': -0.25, 'y': 0.9165}, {'x': 0.0, 'y': 0.9514}, {'x': 0.25, 'y': 0.815}, {'x': 0.5, 'y': 1.0061}, {'x': 0.75, 'y': 1.3253}, {'x': 1.0, 'y': 1.8083}, {'x': 1.25, 'y': 2.5227}, {'x': 1.5, 'y': 3.5771}, {'x': 1.75, 'y': 5.1413}, {'x': 2.0, 'y': 7.4803}, {'x': 2.25, 'y': 11.0089}, {'x': 2.5, 'y': 16.3809}, {'x': 2.75, 'y': 24.6346}, {'x': 3.0, 'y': 37.4311}]}","{'formula': 'Piecewise((0.951350769866873, Eq(x, 0)), (1.0*x*Abs(1.0 + 0.5/x)*gamma(Abs(x) + 1.1)*polygamma(0, 1.0*Abs(x) + 1.1), Eq(x, -0.5)), ((1.0*x*(1.0*x + 0.5)**2*Abs(1/x)*polygamma(0, 1.0*Abs(x) + 1.1) + 1.0*x + 0.5)*gamma(Abs(x) + 1.1)/Abs(1.0*x + 0.5), True))', 'latex': '\\begin{cases} 0.951350769866873 & \\text{for}\\: x = 0 \\\\1.0 x \\left|{1.0 + \\frac{0.5}{x}}\\right| \\Gamma\\left(\\left|{x}\\right| + 1.1\\right) \\operatorname{polygamma}{\\left(0,1.0 \\left|{x}\\right| + 1.1 \\right)} & \\text{for}\\: x = -0.5 \\\\\\frac{\\left(1.0 x \\left(1.0 x + 0.5\\right)^{2} \\left|{\\frac{1}{x}}\\right| \\operatorname{polygamma}{\\left(0,1.0 \\left|{x}\\right| + 1.1 \\right)} + 1.0 x + 0.5\\right) \\Gamma\\left(\\left|{x}\\right| + 1.1\\right)}{\\left|{1.0 x + 0.5}\\right|} & \\text{otherwise} \\end{cases}', 'properties': {'singularities': [], 'is_periodic': False, 'domain': 'R'}}",derivative_of_Abs(x + 0.5)*gamma(Abs(x) + 1.1)
MCM_230_e36dae59,"{'a': 2, 'b': 3, 'c': 0}","{'points': [{'x': -3.0, 'y': 0.0}, {'x': -2.75, 'y': 0.0}, {'x': -2.5, 'y': 0.0}, {'x': -2.25, 'y': 0.0}, {'x': -2.0, 'y': 0.0}, {'x': -1.75, 'y': 0.0}, {'x': -1.5, 'y': 0.0001}, {'x': -1.25, 'y': 0.1166}, {'x': -1.0, 'y': 1.2453}, {'x': -0.75, 'y': 1.5937}, {'x': -0.5, 'y': 0.8332}, {'x': -0.25, 'y': 0.2115}, {'x': 0.0, 'y': 0.0}, {'x': 0.25, 'y': 0.2115}, {'x': 0.5, 'y': 0.8332}, {'x': 0.75, 'y': 1.5937}, {'x': 1.0, 'y': 1.2453}, {'x': 1.25, 'y': 0.1166}, {'x': 1.5, 'y': 0.0001}, {'x': 1.75, 'y': 0.0}, {'x': 2.0, 'y': 0.0}, {'x': 2.25, 'y': 0.0}, {'x': 2.5, 'y': 0.0}, {'x': 2.75, 'y': 0.0}, {'x': 3.0, 'y': 0.0}]}","{'formula': '6*x**2*exp(-x**6)/sqrt(pi)', 'latex': '\\frac{6 x^{2} e^{- x^{6}}}{\\sqrt{\\pi}}', 'properties': {'singularities': [], 'is_periodic': False, 'domain': 'R'}}",derivative_of_erf(x**3)
MCM_230_d34ec269,"{'a': 2, 'b': 3, 'c': 0}","{'points': [{'x': -3.0, 'y': 3.6797}, {'x': -2.75, 'y': -3.8255}, {'x': -2.5, 'y': 2.5476}, {'x': -2.25, 'y': 3.1822}, {'x': -2.0, 'y': 0.0}, {'x': -1.75, 'y': -0.7775}, {'x': -1.5, 'y': -0.3586}, {'x': -1.25, 'y': 0.1534}, {'x': -1.0, 'y': 0.4401}, {'x': -0.75, 'y': 0.4335}, {'x': -0.5, 'y': 0.2303}, {'x': -0.25, 'y': 0.0444}, {'x': 0.0, 'y': 0.0}, {'x': 0.25, 'y': -0.0833}, {'x': 0.5, 'y': -0.8181}, {'x': 0.75, 'y': -2.644}, {'x': 1.0, 'y': -2.3734}, {'x': 1.25, 'y': 3.2483}, {'x': 1.5, 'y': -2.7405}, {'x': 1.75, 'y': 3.6843}, {'x': 2.0, 'y': -1.8079}, {'x': 2.25, 'y': -3.9413}, {'x': 2.5, 'y': -3.4458}, {'x': 2.75, 'y': 2.4932}, {'x': 3.0, 'y': -1.1056}]}","{'formula': 'Piecewise((0, Eq(x**2*(x + 2), 0)), (-x*(x + 2)*(3*x + 4)*besselj(1, x**2*Abs(x + 2))/Abs(x + 2), True))', 'latex': '\\begin{cases} 0 & \\text{for}\\: x^{2} \\left(x + 2\\right) = 0 \\\\- \\frac{x \\left(x + 2\\right) \\left(3 x + 4\\right) J_{1}\\left(x^{2} \\left|{x + 2}\\right|\\right)}{\\left|{x + 2}\\right|} & \\text{otherwise} \\end{cases}', 'properties': {'singularities': [], 'is_periodic': False, 'domain': 'R'}}","derivative_of_besselj(0, Abs(x**3 + 2*x**2))"
MCM_230_8ae73137,"{'a': 2, 'b': 3, 'c': 0}","{'points': [{'x': -3.0, 'y': 0.3731}, {'x': -2.75, 'y': 0.319}, {'x': -2.5, 'y': 0.2472}, {'x': -2.25, 'y': 0.161}, {'x': -2.0, 'y': 0.0645}, {'x': -1.75, 'y': -0.0375}, {'x': -1.5, 'y': -0.1399}, {'x': -1.25, 'y': -0.2374}, {'x': -1.0, 'y': -0.3251}, {'x': -0.75, 'y': -0.3986}, {'x': -0.5, 'y': -0.4539}, {'x': -0.25, 'y': -0.4883}, {'x': 0.0, 'y': 0.0}, {'x': 0.25, 'y': 0.4883}, {'x': 0.5, 'y': 0.4539}, {'x': 0.75, 'y': 0.3986}, {'x': 1.0, 'y': 0.3251}, {'x': 1.25, 'y': 0.2374}, {'x': 1.5, 'y': 0.1399}, {'x': 1.75, 'y': 0.0375}, {'x': 2.0, 'y': -0.0645}, {'x': 2.25, 'y': -0.161}, {'x': 2.5, 'y': -0.2472}, {'x': 2.75, 'y': -0.319}, {'x': 3.0, 'y': -0.3731}]}","{'formula': 'Piecewise((0, Eq(x, 0)), ((Abs(x)*besselj(0, Abs(x)) - besselj(1, Abs(x)))/x, True))', 'latex': '\\begin{cases} 0 & \\text{for}\\: x = 0 \\\\\\frac{\\left|{x}\\right| J_{0}\\left(\\left|{x}\\right|\\right) - J_{1}\\left(\\left|{x}\\right|\\right)}{x} & \\text{otherwise} \\end{cases}', 'properties': {'singularities': [], 'is_periodic': False, 'domain': 'R'}}","derivative_of_besselj(1, Abs(x))"
MCM_231_32046172,"{'a': 2, 'b': 3, 'c': 1}","{'points': [{'x': -3.0, 'y': 0.0}, {'x': -2.75, 'y': 0.0}, {'x': -2.5, 'y': 0.0}, {'x': -2.25, 'y': 0.0}, {'x': -2.0, 'y': 0.0}, {'x': -1.75, 'y': 0.0}, {'x': -1.5, 'y': 0.0}, {'x': -1.25, 'y': 0.0636}, {'x': -1.0, 'y': 0.8287}, {'x': -0.75, 'y': 1.4356}, {'x': -0.5, 'y': 0.825}, {'x': -0.25, 'y': 0.2115}, {'x': 0.0, 'y': 0.0}, {'x': 0.25, 'y': 0.2115}, {'x': 0.5, 'y': 0.825}, {'x': 0.75, 'y': 1.4356}, {'x': 1.0, 'y': 0.8287}, {'x': 1.25, 'y': 0.0636}, {'x': 1.5, 'y': 0.0}, {'x': 1.75, 'y': 0.0}, {'x': 2.0, 'y': 0.0}, {'x': 2.25, 'y': 0.0}, {'x': 2.5, 'y': 0.0}, {'x': 2.75, 'y': 0.0}, {'x': 3.0, 'y': 0.0}]}","{'formula': '6*x**2*exp(-x**6)*cos(erf(x**3))/sqrt(pi)', 'latex': '\\frac{6 x^{2} e^{- x^{6}} \\cos{\\left(\\operatorname{erf}{\\left(x^{3} \\right)} \\right)}}{\\sqrt{\\pi}}', 'properties': {'singularities': [], 'is_periodic': False, 'domain': 'R'}}",derivative_of_sin(erf(x**3))
MCM_231_79b31513,"{'a': 2, 'b': 3, 'c': 1}","{'points': [{'x': -1.5, 'y': 8.4879}, {'x': -1.375, 'y': 2.0069}, {'x': -1.25, 'y': -0.2077}, {'x': -1.125, 'y': -0.6048}, {'x': -1.0, 'y': -0.5085}, {'x': -0.875, 'y': -0.3213}, {'x': -0.75, 'y': -0.1496}, {'x': -0.625, 'y': -0.0194}, {'x': -0.5, 'y': 0.0638}, {'x': -0.375, 'y': 0.1}, {'x': -0.25, 'y': 0.0939}, {'x': -0.125, 'y': 0.0556}, {'x': 0.0, 'y': 0.0}, {'x': 0.125, 'y': -0.0556}, {'x': 0.25, 'y': -0.0939}, {'x': 0.375, 'y': -0.1}, {'x': 0.5, 'y': -0.0638}, {'x': 0.625, 'y': 0.0194}, {'x': 0.75, 'y': 0.1496}, {'x': 0.875, 'y': 0.3213}, {'x': 1.0, 'y': 0.5085}, {'x': 1.125, 'y': 0.6048}, {'x': 1.25, 'y': 0.2077}, {'x': 1.375, 'y': -2.0069}, {'x': 1.5, 'y': -8.4879}]}","{'formula': '2*x*cos(gamma(x**2 + 1.1))*gamma(x**2 + 1.1)*polygamma(0, 1.0*x**2 + 1.1)', 'latex': '2 x \\cos{\\left(\\Gamma\\left(x^{2} + 1.1\\right) \\right)} \\Gamma\\left(x^{2} + 1.1\\right) \\operatorname{polygamma}{\\left(0,1.0 x^{2} + 1.1 \\right)}', 'properties': {'singularities': [], 'is_periodic': False, 'domain': 'R'}}",derivative_of_sin(gamma(x**2 + 1.1))
MCM_231_232d09de,"{'a': 2, 'b': 3, 'c': 1}","{'points': [{'x': -1.5, 'y': 2.7603}, {'x': -1.375, 'y': 4.5921}, {'x': -1.25, 'y': 2.9165}, {'x': -1.125, 'y': 1.6273}, {'x': -1.0, 'y': 0.8793}, {'x': -0.875, 'y': 0.4497}, {'x': -0.75, 'y': 0.1894}, {'x': -0.625, 'y': 0.0238}, {'x': -0.5, 'y': -0.079}, {'x': -0.375, 'y': -0.1283}, {'x': -0.25, 'y': -0.1256}, {'x': -0.125, 'y': -0.0769}, {'x': 0.0, 'y': 0.0}, {'x': 0.125, 'y': 0.0769}, {'x': 0.25, 'y': 0.1256}, {'x': 0.375, 'y': 0.1283}, {'x': 0.5, 'y': 0.079}, {'x': 0.625, 'y': -0.0238}, {'x': 0.75, 'y': -0.1894}, {'x': 0.875, 'y': -0.4497}, {'x': 1.0, 'y': -0.8793}, {'x': 1.125, 'y': -1.6273}, {'x': 1.25, 'y': -2.9165}, {'x': 1.375, 'y': -4.5921}, {'x': 1.5, 'y': -2.7603}]}","{'formula': '-2*x*sin(gamma(x**2 + 1.1))*gamma(x**2 + 1.1)*polygamma(0, 1.0*x**2 + 1.1)', 'latex': '- 2 x \\sin{\\left(\\Gamma\\left(x^{2} + 1.1\\right) \\right)} \\Gamma\\left(x^{2} + 1.1\\right) \\operatorname{polygamma}{\\left(0,1.0 x^{2} + 1.1 \\right)}', 'properties': {'singularities': [], 'is_periodic': False, 'domain': 'R'}}",derivative_of_cos(gamma(x**2 + 1.1))
MCM_231_c23b19b6,"{'a': 2, 'b': 3, 'c': 1}","{'points': [{'x': -3.0, 'y': 0.3518}, {'x': -2.75, 'y': 0.2905}, {'x': -2.5, 'y': 0.2173}, {'x': -2.25, 'y': 0.1374}, {'x': -2.0, 'y': 0.054}, {'x': -1.75, 'y': -0.0314}, {'x': -1.5, 'y': -0.1187}, {'x': -1.25, 'y': -0.2071}, {'x': -1.0, 'y': -0.2942}, {'x': -0.75, 'y': -0.3745}, {'x': -0.5, 'y': -0.4407}, {'x': -0.25, 'y': -0.4846}, {'x': 0.0, 'y': 0.0}, {'x': 0.25, 'y': 0.4846}, {'x': 0.5, 'y': 0.4407}, {'x': 0.75, 'y': 0.3745}, {'x': 1.0, 'y': 0.2942}, {'x': 1.25, 'y': 0.2071}, {'x': 1.5, 'y': 0.1187}, {'x': 1.75, 'y': 0.0314}, {'x': 2.0, 'y': -0.054}, {'x': 2.25, 'y': -0.1374}, {'x': 2.5, 'y': -0.2173}, {'x': 2.75, 'y': -0.2905}, {'x': 3.0, 'y': -0.3518}]}","{'formula': 'Piecewise((0, Eq(x, 0)), ((Abs(x)*besselj(0, Abs(x)) - besselj(1, Abs(x)))*cos(besselj(1, Abs(x)))/x, True))', 'latex': '\\begin{cases} 0 & \\text{for}\\: x = 0 \\\\\\frac{\\left(\\left|{x}\\right| J_{0}\\left(\\left|{x}\\right|\\right) - J_{1}\\left(\\left|{x}\\right|\\right)\\right) \\cos{\\left(J_{1}\\left(\\left|{x}\\right|\\right) \\right)}}{x} & \\text{otherwise} \\end{cases}', 'properties': {'singularities': [], 'is_periodic': False, 'domain': 'R'}}","derivative_of_sin(besselj(1, Abs(x)))"
MCM_231_6eadde91,"{'a': 2, 'b': 3, 'c': 1}","{'points': [{'x': -3.0, 'y': -0.1241}, {'x': -2.75, 'y': -0.1318}, {'x': -2.5, 'y': -0.1179}, {'x': -2.25, 'y': -0.0839}, {'x': -2.0, 'y': -0.0352}, {'x': -1.75, 'y': 0.0206}, {'x': -1.5, 'y': 0.0741}, {'x': -1.25, 'y': 0.116}, {'x': -1.0, 'y': 0.1385}, {'x': -0.75, 'y': 0.1364}, {'x': -0.5, 'y': 0.1089}, {'x': -0.25, 'y': 0.0604}, {'x': 0.0, 'y': 0.0}, {'x': 0.25, 'y': -0.0604}, {'x': 0.5, 'y': -0.1089}, {'x': 0.75, 'y': -0.1364}, {'x': 1.0, 'y': -0.1385}, {'x': 1.25, 'y': -0.116}, {'x': 1.5, 'y': -0.0741}, {'x': 1.75, 'y': -0.0206}, {'x': 2.0, 'y': 0.0352}, {'x': 2.25, 'y': 0.0839}, {'x': 2.5, 'y': 0.1179}, {'x': 2.75, 'y': 0.1318}, {'x': 3.0, 'y': 0.1241}]}","{'formula': 'Piecewise((0, Eq(x, 0)), ((-Abs(x)*besselj(0, Abs(x)) + besselj(1, Abs(x)))*sin(besselj(1, Abs(x)))/x, True))', 'latex': '\\begin{cases} 0 & \\text{for}\\: x = 0 \\\\\\frac{\\left(- \\left|{x}\\right| J_{0}\\left(\\left|{x}\\right|\\right) + J_{1}\\left(\\left|{x}\\right|\\right)\\right) \\sin{\\left(J_{1}\\left(\\left|{x}\\right|\\right) \\right)}}{x} & \\text{otherwise} \\end{cases}', 'properties': {'singularities': [], 'is_periodic': False, 'domain': 'R'}}","derivative_of_cos(besselj(1, Abs(x)))"
MCM_231_5f2930c7,"{'a': 2, 'b': 3, 'c': 1}","{'points': [{'x': -3.0, 'y': 0.0}, {'x': -2.75, 'y': 0.0}, {'x': -2.5, 'y': 0.0}, {'x': -2.25, 'y': 0.0}, {'x': -2.0, 'y': 0.0}, {'x': -1.75, 'y': 0.0003}, {'x': -1.5, 'y': 0.018}, {'x': -1.25, 'y': 0.2029}, {'x': -1.0, 'y': 0.6197}, {'x': -0.75, 'y': 0.6694}, {'x': -0.5, 'y': 0.2892}, {'x': -0.25, 'y': 0.0395}, {'x': 0.0, 'y': 0.0}, {'x': 0.25, 'y': -0.0395}, {'x': 0.5, 'y': -0.2892}, {'x': 0.75, 'y': -0.6694}, {'x': 1.0, 'y': -0.6197}, {'x': 1.25, 'y': -0.2029}, {'x': 1.5, 'y': -0.018}, {'x': 1.75, 'y': -0.0003}, {'x': 2.0, 'y': -0.0}, {'x': 2.25, 'y': -0.0}, {'x': 2.5, 'y': -0.0}, {'x': 2.75, 'y': -0.0}, {'x': 3.0, 'y': -0.0}]}","{'formula': '-4*x*exp(-x**4)*sin(erf(x**2))/sqrt(pi)', 'latex': '- \\frac{4 x e^{- x^{4}} \\sin{\\left(\\operatorname{erf}{\\left(x^{2} \\right)} \\right)}}{\\sqrt{\\pi}}', 'properties': {'singularities': [], 'is_periodic': False, 'domain': 'R'}}",derivative_of_cos(erf(x**2))
MCM_232_3a348446,"{'a': 2, 'b': 3, 'c': 2}","{'points': [{'x': -3.0, 'y': 0.1041}, {'x': -2.75, 'y': 0.1231}, {'x': -2.5, 'y': 0.1479}, {'x': -2.25, 'y': 0.1811}, {'x': -2.0, 'y': 0.2268}, {'x': -1.75, 'y': 0.2922}, {'x': -1.5, 'y': 0.3906}, {'x': -1.25, 'y': 0.4592}, {'x': -1.0, 'y': -0.4357}, {'x': -0.75, 'y': -1.2531}, {'x': -0.5, 'y': -0.9988}, {'x': -0.25, 'y': -0.4604}, {'x': 0.0, 'y': 0.0}, {'x': 0.25, 'y': 0.6266}, {'x': 0.5, 'y': 1.2059}, {'x': 0.75, 'y': 1.3885}, {'x': 1.0, 'y': 0.3433}, {'x': 1.25, 'y': -0.6504}, {'x': 1.5, 'y': -0.5101}, {'x': 1.75, 'y': -0.3673}, {'x': 2.0, 'y': -0.277}, {'x': 2.25, 'y': -0.2163}, {'x': 2.5, 'y': -0.1736}, {'x': 2.75, 'y': -0.1424}, {'x': 3.0, 'y': -0.1189}]}","{'formula': '(6*x**2*(x - 0.1) - sqrt(pi)*exp(x**6)*erf(x**3))*exp(-x**6)/(sqrt(pi)*(x - 0.1)**2)', 'latex': '\\frac{\\left(6 x^{2} \\left(x - 0.1\\right) - \\sqrt{\\pi} e^{x^{6}} \\operatorname{erf}{\\left(x^{3} \\right)}\\right) e^{- x^{6}}}{\\sqrt{\\pi} \\left(x - 0.1\\right)^{2}}', 'properties': {'singularities': [], 'is_periodic': False, 'domain': 'R'}}",derivative_of_erf(x**3)/(x - 0.1)
MCM_232_c3984827,"{'a': 2, 'b': 3, 'c': 2}","{'points': [{'x': -3.0, 'y': -0.8921}, {'x': -2.75, 'y': 0.9902}, {'x': -2.5, 'y': -0.6845}, {'x': -2.25, 'y': -1.0067}, {'x': -2.0, 'y': -0.1041}, {'x': -1.75, 'y': 0.1671}, {'x': -1.5, 'y': 0.0332}, {'x': -1.25, 'y': -0.1893}, {'x': -1.0, 'y': -0.3831}, {'x': -0.75, 'y': -0.4915}, {'x': -0.5, 'y': -0.5209}, {'x': -0.25, 'y': -0.5799}, {'x': 0.0, 'y': -0.8264}, {'x': 0.25, 'y': -1.2793}, {'x': 0.5, 'y': -1.1496}, {'x': 0.75, 'y': 3.5907}, {'x': 1.0, 'y': 49.7393}, {'x': 1.25, 'y': 28.3968}, {'x': 1.5, 'y': -8.0999}, {'x': 1.75, 'y': 5.8368}, {'x': 2.0, 'y': -1.7929}, {'x': 2.25, 'y': -3.3883}, {'x': 2.5, 'y': -2.416}, {'x': 2.75, 'y': 1.552}, {'x': 3.0, 'y': -0.614}]}","{'formula': 'Piecewise((-0.104058272632674, Eq(x, -2)), ((-x*(x - 1.1)*(x + 2)*(3*x + 4)*besselj(1, x**2*Abs(x + 2)) - Abs(x + 2)*besselj(0, x**2*Abs(x + 2)))/((x - 1.1)**2*Abs(x + 2)), True))', 'latex': '\\begin{cases} -0.104058272632674 & \\text{for}\\: x = -2 \\\\\\frac{- x \\left(x - 1.1\\right) \\left(x + 2\\right) \\left(3 x + 4\\right) J_{1}\\left(x^{2} \\left|{x + 2}\\right|\\right) - \\left|{x + 2}\\right| J_{0}\\left(x^{2} \\left|{x + 2}\\right|\\right)}{\\left(x - 1.1\\right)^{2} \\left|{x + 2}\\right|} & \\text{otherwise} \\end{cases}', 'properties': {'singularities': [], 'is_periodic': False, 'domain': 'R'}}","derivative_of_besselj(0, x**2*Abs(x + 2))/(x - 1.1)"
MCM_232_408af321,"{'a': 2, 'b': 3, 'c': 2}","{'points': [{'x': -3.0, 'y': -0.1497}, {'x': -2.75, 'y': -0.1571}, {'x': -2.5, 'y': -0.1598}, {'x': -2.25, 'y': -0.1571}, {'x': -2.0, 'y': -0.1485}, {'x': -1.75, 'y': -0.1333}, {'x': -1.5, 'y': -0.1108}, {'x': -1.25, 'y': -0.0791}, {'x': -1.0, 'y': -0.0346}, {'x': -0.75, 'y': 0.0326}, {'x': -0.5, 'y': 0.1541}, {'x': -0.25, 'y': 0.4727}, {'x': 0.0, 'y': 0.0}, {'x': 0.25, 'y': -39.8438}, {'x': 0.5, 'y': -1.1788}, {'x': 0.75, 'y': -0.4298}, {'x': 1.0, 'y': -0.2811}, {'x': 1.25, 'y': -0.237}, {'x': 1.5, 'y': -0.2225}, {'x': 1.75, 'y': -0.2173}, {'x': 2.0, 'y': -0.2138}, {'x': 2.25, 'y': -0.209}, {'x': 2.5, 'y': -0.2015}, {'x': 2.75, 'y': -0.1906}, {'x': 3.0, 'y': -0.1765}]}","{'formula': 'Piecewise((0, Eq(x, 0)), ((1.0*x*Abs(x)*besselj(0, Abs(x)) - 2.0*x*besselj(1, Abs(x)) - 0.2*Abs(x)*besselj(0, Abs(x)) + 0.2*besselj(1, Abs(x)))/(x*(1.0*x - 0.2)**2), True))', 'latex': '\\begin{cases} 0 & \\text{for}\\: x = 0 \\\\\\frac{1.0 x \\left|{x}\\right| J_{0}\\left(\\left|{x}\\right|\\right) - 2.0 x J_{1}\\left(\\left|{x}\\right|\\right) - 0.2 \\left|{x}\\right| J_{0}\\left(\\left|{x}\\right|\\right) + 0.2 J_{1}\\left(\\left|{x}\\right|\\right)}{x \\left(1.0 x - 0.2\\right)^{2}} & \\text{otherwise} \\end{cases}', 'properties': {'singularities': [], 'is_periodic': False, 'domain': 'R'}}","derivative_of_besselj(1, Abs(x))/(x - 0.2)"
MCM_232_c1229252,"{'a': 2, 'b': 3, 'c': 2}","{'points': [{'x': -3.0, 'y': -0.1231}, {'x': -2.75, 'y': -0.1479}, {'x': -2.5, 'y': -0.1811}, {'x': -2.25, 'y': -0.2268}, {'x': -2.0, 'y': -0.2922}, {'x': -1.75, 'y': -0.3904}, {'x': -1.5, 'y': -0.532}, {'x': -1.25, 'y': -0.5808}, {'x': -1.0, 'y': -0.1896}, {'x': -0.75, 'y': 0.4623}, {'x': -0.5, 'y': 0.7729}, {'x': -0.25, 'y': -1.4233}, {'x': 0.0, 'y': 0.0}, {'x': 0.25, 'y': 0.9648}, {'x': 0.5, 'y': 0.9768}, {'x': 0.75, 'y': 0.6623}, {'x': 1.0, 'y': 0.0847}, {'x': 1.25, 'y': -0.321}, {'x': 1.5, 'y': -0.3538}, {'x': 1.75, 'y': -0.2768}, {'x': 2.0, 'y': -0.2163}, {'x': 2.25, 'y': -0.1736}, {'x': 2.5, 'y': -0.1424}, {'x': 2.75, 'y': -0.1189}, {'x': 3.0, 'y': -0.1008}]}","{'formula': '(4*x*(x + 0.15) - sqrt(pi)*exp(x**4)*erf(x**2))*exp(-x**4)/(sqrt(pi)*(x + 0.15)**2)', 'latex': '\\frac{\\left(4 x \\left(x + 0.15\\right) - \\sqrt{\\pi} e^{x^{4}} \\operatorname{erf}{\\left(x^{2} \\right)}\\right) e^{- x^{4}}}{\\sqrt{\\pi} \\left(x + 0.15\\right)^{2}}', 'properties': {'singularities': [], 'is_periodic': False, 'domain': 'R'}}",derivative_of_erf(x**2)/(x + 0.15)
MCM_233_02dd7d90,"{'a': 2, 'b': 3, 'c': 3}","{'points': [{'x': -3.0, 'y': -405.0}, {'x': -2.75, 'y': -285.957}, {'x': -2.5, 'y': -195.3125}, {'x': -2.25, 'y': -128.1445}, {'x': -2.0, 'y': -80.0}, {'x': -1.75, 'y': -46.8945}, {'x': -1.5, 'y': -25.3131}, {'x': -1.25, 'y': -12.4928}, {'x': -1.0, 'y': -5.4588}, {'x': -0.75, 'y': -1.0889}, {'x': -0.5, 'y': -0.0699}, {'x': -0.25, 'y': -0.0006}, {'x': 0.0, 'y': 0.0}, {'x': 0.25, 'y': 0.0006}, {'x': 0.5, 'y': 0.0699}, {'x': 0.75, 'y': 1.0889}, {'x': 1.0, 'y': 5.4588}, {'x': 1.25, 'y': 12.4928}, {'x': 1.5, 'y': 25.3131}, {'x': 1.75, 'y': 46.8945}, {'x': 2.0, 'y': 80.0}, {'x': 2.25, 'y': 128.1445}, {'x': 2.5, 'y': 195.3125}, {'x': 2.75, 'y': 285.957}, {'x': 3.0, 'y': 405.0}]}","{'formula': '6*x**7*exp(-x**6)/sqrt(pi) + 5*x**4*erf(x**3)', 'latex': '\\frac{6 x^{7} e^{- x^{6}}}{\\sqrt{\\pi}} + 5 x^{4} \\operatorname{erf}{\\left(x^{3} \\right)}', 'properties': {'singularities': [], 'is_periodic': False, 'domain': 'R'}}",derivative_of_x**5*erf(x**3)
MCM_233_e296584a,"{'a': 2, 'b': 3, 'c': 3}","{'points': [{'x': -3.0, 'y': 401.7971}, {'x': -2.75, 'y': 280.3629}, {'x': -2.5, 'y': 194.5584}, {'x': -2.25, 'y': 128.6214}, {'x': -2.0, 'y': 80.0}, {'x': -1.75, 'y': 46.8054}, {'x': -1.5, 'y': 25.2636}, {'x': -1.25, 'y': 12.2286}, {'x': -1.0, 'y': 5.056}, {'x': -0.75, 'y': 1.6307}, {'x': -0.5, 'y': 0.3363}, {'x': -0.25, 'y': 0.024}, {'x': 0.0, 'y': 0.0}, {'x': 0.25, 'y': 0.0112}, {'x': 0.5, 'y': 0.223}, {'x': 0.75, 'y': 1.0754}, {'x': 1.0, 'y': 5.7977}, {'x': 1.25, 'y': 10.4337}, {'x': 1.5, 'y': 24.1448}, {'x': 1.75, 'y': 42.9223}, {'x': 2.0, 'y': 80.8683}, {'x': 2.25, 'y': 133.8337}, {'x': 2.5, 'y': 198.3576}, {'x': 2.75, 'y': 284.164}, {'x': 3.0, 'y': 404.2305}]}","{'formula': 'Piecewise((5*x**4, Eq(x, -2) | Eq(besselj(0, x**2*Abs(x + 2)), 0)), (x*(5*x**3*Abs((x + 2)*besselj(0, x**2*Abs(x + 2))**1.9) - (0.1*x + 0.2)*(3*x + 4)*besselj(0, x**2*Abs(x + 2))*besselj(1, x**2*Abs(x + 2)))/Abs((x + 2)*besselj(0, x**2*Abs(x + 2))**1.9), True))', 'latex': '\\begin{cases} 5 x^{4} & \\text{for}\\: x = -2 \\vee J_{0}\\left(x^{2} \\left|{x + 2}\\right|\\right) = 0 \\\\\\frac{x \\left(5 x^{3} \\left|{\\left(x + 2\\right) J^{1.9}_{0}\\left(x^{2} \\left|{x + 2}\\right|\\right)}\\right| - \\left(0.1 x + 0.2\\right) \\left(3 x + 4\\right) J_{0}\\left(x^{2} \\left|{x + 2}\\right|\\right) J_{1}\\left(x^{2} \\left|{x + 2}\\right|\\right)\\right)}{\\left|{\\left(x + 2\\right) J^{1.9}_{0}\\left(x^{2} \\left|{x + 2}\\right|\\right)}\\right|} & \\text{otherwise} \\end{cases}', 'properties': {'singularities': [], 'is_periodic': False, 'domain': 'R'}}","derivative_of_x**5 + Abs(besselj(0, x**2*Abs(x + 2)))**0.1"
MCM_233_89ba1b53,"{'a': 2, 'b': 3, 'c': 3}","{'points': [{'x': -3.0, 'y': -0.1674}, {'x': -2.75, 'y': -0.1781}, {'x': -2.5, 'y': -0.184}, {'x': -2.25, 'y': -0.1843}, {'x': -2.0, 'y': -0.1777}, {'x': -1.75, 'y': -0.1618}, {'x': -1.5, 'y': -0.1315}, {'x': -1.25, 'y': -0.072}, {'x': -1.0, 'y': 0.0662}, {'x': -0.75, 'y': 0.4896}, {'x': -0.5, 'y': 2.0256}, {'x': -0.25, 'y': 10.141}, {'x': 0.0, 'y': 0.0}, {'x': 0.25, 'y': 0.9133}, {'x': 0.5, 'y': 0.4352}, {'x': 0.75, 'y': 0.1659}, {'x': 1.0, 'y': 0.0338}, {'x': 1.25, 'y': -0.0413}, {'x': 1.5, 'y': -0.0888}, {'x': 1.75, 'y': -0.1201}, {'x': 2.0, 'y': -0.1404}, {'x': 2.25, 'y': -0.1522}, {'x': 2.5, 'y': -0.1569}, {'x': 2.75, 'y': -0.1555}, {'x': 3.0, 'y': -0.1489}]}","{'formula': 'Piecewise((0, Eq(x, 0)), ((x*(x + 0.15)**2*(besselj(0, Abs(x)) - besselj(2, Abs(x)))*sin(1/(x + 0.15))/Abs(x) - 2*cos(1/(x + 0.15))*besselj(1, Abs(x)))/(2*(x + 0.15)**2), True))', 'latex': '\\begin{cases} 0 & \\text{for}\\: x = 0 \\\\\\frac{\\frac{x \\left(x + 0.15\\right)^{2} \\left(J_{0}\\left(\\left|{x}\\right|\\right) - J_{2}\\left(\\left|{x}\\right|\\right)\\right) \\sin{\\left(\\frac{1}{x + 0.15} \\right)}}{\\left|{x}\\right|} - 2 \\cos{\\left(\\frac{1}{x + 0.15} \\right)} J_{1}\\left(\\left|{x}\\right|\\right)}{2 \\left(x + 0.15\\right)^{2}} & \\text{otherwise} \\end{cases}', 'properties': {'singularities': [], 'is_periodic': False, 'domain': 'R'}}","derivative_of_sin(1/(x + 0.15))*besselj(1, Abs(x))"
MCM_233_7b7f2ee3,"{'a': 2, 'b': 3, 'c': 3}","{'points': [{'x': -3.0, 'y': -0.4245}, {'x': -2.75, 'y': -0.9847}, {'x': -2.5, 'y': -1.1794}, {'x': -2.25, 'y': -1.1764}, {'x': -2.0, 'y': -1.077}, {'x': -1.75, 'y': -0.9402}, {'x': -1.5, 'y': -0.799}, {'x': -1.25, 'y': -0.6707}, {'x': -1.0, 'y': -0.5638}, {'x': -0.75, 'y': -0.483}, {'x': -0.5, 'y': -0.4329}, {'x': -0.25, 'y': -0.4226}, {'x': 0.0, 'y': 0.0}, {'x': 0.25, 'y': 0.4226}, {'x': 0.5, 'y': 0.4329}, {'x': 0.75, 'y': 0.483}, {'x': 1.0, 'y': 0.5638}, {'x': 1.25, 'y': 0.6707}, {'x': 1.5, 'y': 0.799}, {'x': 1.75, 'y': 0.9402}, {'x': 2.0, 'y': 1.077}, {'x': 2.25, 'y': 1.1764}, {'x': 2.5, 'y': 1.1794}, {'x': 2.75, 'y': 0.9847}, {'x': 3.0, 'y': 0.4245}]}","{'formula': 'Piecewise((0, Eq(x, 0)), ((Abs(x)*besselj(0, Abs(x)) + Abs(x)*besselj(1, Abs(x))*polygamma(0, 1.0*Abs(x) + 1.1) - besselj(1, Abs(x)))*gamma(Abs(x) + 1.1)/x, True))', 'latex': '\\begin{cases} 0 & \\text{for}\\: x = 0 \\\\\\frac{\\left(\\left|{x}\\right| J_{0}\\left(\\left|{x}\\right|\\right) + \\left|{x}\\right| J_{1}\\left(\\left|{x}\\right|\\right) \\operatorname{polygamma}{\\left(0,1.0 \\left|{x}\\right| + 1.1 \\right)} - J_{1}\\left(\\left|{x}\\right|\\right)\\right) \\Gamma\\left(\\left|{x}\\right| + 1.1\\right)}{x} & \\text{otherwise} \\end{cases}', 'properties': {'singularities': [], 'is_periodic': False, 'domain': 'R'}}","derivative_of_besselj(1, Abs(x))*gamma(Abs(x) + 1.1)"
MCM_233_ef64b01c,"{'a': 2, 'b': 3, 'c': 3}","{'points': [{'x': -3.0, 'y': -0.1279}, {'x': -2.75, 'y': -0.1529}, {'x': -2.5, 'y': -0.1856}, {'x': -2.25, 'y': -0.2292}, {'x': -2.0, 'y': -0.2879}, {'x': -1.75, 'y': -0.3667}, {'x': -1.5, 'y': -0.4504}, {'x': -1.25, 'y': -0.3206}, {'x': -1.0, 'y': 0.5781}, {'x': -0.75, 'y': 2.6986}, {'x': -0.5, 'y': -2.9761}, {'x': -0.25, 'y': -12.0099}, {'x': 0.0, 'y': 0.0}, {'x': 0.25, 'y': 0.6019}, {'x': 0.5, 'y': 0.8698}, {'x': 0.75, 'y': 0.7034}, {'x': 1.0, 'y': 0.2192}, {'x': 1.25, 'y': -0.1759}, {'x': 1.5, 'y': -0.2505}, {'x': 1.75, 'y': -0.21}, {'x': 2.0, 'y': -0.1714}, {'x': 2.25, 'y': -0.1421}, {'x': 2.5, 'y': -0.1195}, {'x': 2.75, 'y': -0.1018}, {'x': 3.0, 'y': -0.0876}]}","{'formula': '4*x*exp(-x**4)*sin(1/(x + 0.3))/sqrt(pi) - cos(1/(x + 0.3))*erf(x**2)/(x + 0.3)**2', 'latex': '\\frac{4 x e^{- x^{4}} \\sin{\\left(\\frac{1}{x + 0.3} \\right)}}{\\sqrt{\\pi}} - \\frac{\\cos{\\left(\\frac{1}{x + 0.3} \\right)} \\operatorname{erf}{\\left(x^{2} \\right)}}{\\left(x + 0.3\\right)^{2}}', 'properties': {'singularities': [], 'is_periodic': False, 'domain': 'R'}}",derivative_of_sin(1/(x + 0.3))*erf(x**2)
MCM_233_2fd4b0c6,"{'a': 2, 'b': 3, 'c': 3}","{'points': [{'x': -3.0, 'y': -8.7481}, {'x': -2.75, 'y': -6.0458}, {'x': -2.5, 'y': -4.2213}, {'x': -2.25, 'y': -2.9752}, {'x': -2.0, 'y': -2.1131}, {'x': -1.75, 'y': -1.5081}, {'x': -1.5, 'y': -1.1028}, {'x': -1.25, 'y': -1.029}, {'x': -1.0, 'y': -1.2968}, {'x': -0.75, 'y': -1.3406}, {'x': -0.5, 'y': -0.9783}, {'x': -0.25, 'y': -0.4937}, {'x': 0.0, 'y': 0.0}, {'x': 0.25, 'y': 0.4937}, {'x': 0.5, 'y': 0.9783}, {'x': 0.75, 'y': 1.3406}, {'x': 1.0, 'y': 1.2968}, {'x': 1.25, 'y': 1.029}, {'x': 1.5, 'y': 1.1028}, {'x': 1.75, 'y': 1.5081}, {'x': 2.0, 'y': 2.1131}, {'x': 2.25, 'y': 2.9752}, {'x': 2.5, 'y': 4.2213}, {'x': 2.75, 'y': 6.0458}, {'x': 3.0, 'y': 8.7481}]}","{'formula': 'Piecewise((0, Eq(x, 0)), (x*(erf(x**2)*polygamma(0, 1.0*Abs(x) + 1.1)/Abs(x) + 4*exp(-x**4)/sqrt(pi))*gamma(Abs(x) + 1.1), True))', 'latex': '\\begin{cases} 0 & \\text{for}\\: x = 0 \\\\x \\left(\\frac{\\operatorname{erf}{\\left(x^{2} \\right)} \\operatorname{polygamma}{\\left(0,1.0 \\left|{x}\\right| + 1.1 \\right)}}{\\left|{x}\\right|} + \\frac{4 e^{- x^{4}}}{\\sqrt{\\pi}}\\right) \\Gamma\\left(\\left|{x}\\right| + 1.1\\right) & \\text{otherwise} \\end{cases}', 'properties': {'singularities': [], 'is_periodic': False, 'domain': 'R'}}",derivative_of_erf(x**2)*gamma(Abs(x) + 1.1)
MCM_300_31ad749f,"{'a': 3, 'b': 0, 'c': 0}","{'points': [{'x': -3.0, 'y': -108.0}, {'x': -2.75, 'y': -83.1875}, {'x': -2.5, 'y': -62.5}, {'x': -2.25, 'y': -45.5625}, {'x': -2.0, 'y': -32.0}, {'x': -1.75, 'y': -21.4375}, {'x': -1.5, 'y': -13.5}, {'x': -1.25, 'y': -7.8125}, {'x': -1.0, 'y': -4.0}, {'x': -0.75, 'y': -1.6875}, {'x': -0.5, 'y': -0.5}, {'x': -0.25, 'y': -0.0625}, {'x': 0.0, 'y': 0.0}, {'x': 0.25, 'y': 0.0625}, {'x': 0.5, 'y': 0.5}, {'x': 0.75, 'y': 1.6875}, {'x': 1.0, 'y': 4.0}, {'x': 1.25, 'y': 7.8125}, {'x': 1.5, 'y': 13.5}, {'x': 1.75, 'y': 21.4375}, {'x': 2.0, 'y': 32.0}, {'x': 2.25, 'y': 45.5625}, {'x': 2.5, 'y': 62.5}, {'x': 2.75, 'y': 83.1875}, {'x': 3.0, 'y': 108.0}]}","{'formula': '4*x**3', 'latex': '4 x^{3}', 'properties': {'singularities': [], 'is_periodic': False, 'domain': 'R'}}",derivative_of_x**4
MCM_300_23e55bbe,"{'a': 3, 'b': 0, 'c': 0}","{'points': [{'x': -3.0, 'y': 96.0}, {'x': -2.75, 'y': 72.1875}, {'x': -2.5, 'y': 52.5}, {'x': -2.25, 'y': 36.5625}, {'x': -2.0, 'y': 24.0}, {'x': -1.75, 'y': 14.4375}, {'x': -1.5, 'y': 7.5}, {'x': -1.25, 'y': 2.8125}, {'x': -1.0, 'y': 0.0}, {'x': -0.75, 'y': -1.3125}, {'x': -0.5, 'y': -1.5}, {'x': -0.25, 'y': -0.9375}, {'x': 0.0, 'y': 0.0}, {'x': 0.25, 'y': 0.9375}, {'x': 0.5, 'y': 1.5}, {'x': 0.75, 'y': 1.3125}, {'x': 1.0, 'y': 0.0}, {'x': 1.25, 'y': -2.8125}, {'x': 1.5, 'y': -7.5}, {'x': 1.75, 'y': -14.4375}, {'x': 2.0, 'y': -24.0}, {'x': 2.25, 'y': -36.5625}, {'x': 2.5, 'y': -52.5}, {'x': 2.75, 'y': -72.1875}, {'x': 3.0, 'y': -96.0}]}","{'formula': '4*x*(1 - x**2)', 'latex': '4 x \\left(1 - x^{2}\\right)', 'properties': {'singularities': [], 'is_periodic': False, 'domain': 'R'}}",derivative_of_x**2*(2 - x**2)
MCM_300_0ce9a566,"{'a': 3, 'b': 0, 'c': 0}","{'points': [{'x': -3.0, 'y': -162.0}, {'x': -2.75, 'y': -121.0}, {'x': -2.5, 'y': -87.5}, {'x': -2.25, 'y': -60.75}, {'x': -2.0, 'y': -40.0}, {'x': -1.75, 'y': -24.5}, {'x': -1.5, 'y': -13.5}, {'x': -1.25, 'y': -6.25}, {'x': -1.0, 'y': -2.0}, {'x': -0.75, 'y': 0.0}, {'x': -0.5, 'y': 0.5}, {'x': -0.25, 'y': 0.25}, {'x': 0.0, 'y': 0.0}, {'x': 0.25, 'y': 0.5}, {'x': 0.5, 'y': 2.5}, {'x': 0.75, 'y': 6.75}, {'x': 1.0, 'y': 14.0}, {'x': 1.25, 'y': 25.0}, {'x': 1.5, 'y': 40.5}, {'x': 1.75, 'y': 61.25}, {'x': 2.0, 'y': 88.0}, {'x': 2.25, 'y': 121.5}, {'x': 2.5, 'y': 162.5}, {'x': 2.75, 'y': 211.75}, {'x': 3.0, 'y': 270.0}]}","{'formula': 'x**2*(8*x + 6)', 'latex': 'x^{2} \\left(8 x + 6\\right)', 'properties': {'singularities': [], 'is_periodic': False, 'domain': 'R'}}",derivative_of_2*x**3*(x + 1)
MCM_300_a43f084c,"{'a': 3, 'b': 0, 'c': 0}","{'points': [{'x': -3.0, 'y': -40.0}, {'x': -2.75, 'y': -28.4375}, {'x': -2.5, 'y': -19.5}, {'x': -2.25, 'y': -12.8125}, {'x': -2.0, 'y': -8.0}, {'x': -1.75, 'y': -4.6875}, {'x': -1.5, 'y': -2.5}, {'x': -1.25, 'y': -1.0625}, {'x': -1.0, 'y': 0.0}, {'x': -0.75, 'y': 1.0625}, {'x': -0.5, 'y': 2.5}, {'x': -0.25, 'y': 4.6875}, {'x': 0.0, 'y': 8.0}, {'x': 0.25, 'y': 12.8125}, {'x': 0.5, 'y': 19.5}, {'x': 0.75, 'y': 28.4375}, {'x': 1.0, 'y': 40.0}, {'x': 1.25, 'y': 54.5625}, {'x': 1.5, 'y': 72.5}, {'x': 1.75, 'y': 94.1875}, {'x': 2.0, 'y': 120.0}, {'x': 2.25, 'y': 150.3125}, {'x': 2.5, 'y': 185.5}, {'x': 2.75, 'y': 225.9375}, {'x': 3.0, 'y': 272.0}]}","{'formula': '(4*x + 4)*((x + 1)**2 + 1)', 'latex': '\\left(4 x + 4\\right) \\left(\\left(x + 1\\right)^{2} + 1\\right)', 'properties': {'singularities': [], 'is_periodic': False, 'domain': 'R'}}",derivative_of_((x + 1)**2 + 1)**2
MCM_300_4d9fde85,"{'a': 3, 'b': 0, 'c': 0}","{'points': [{'x': -3.0, 'y': -1300.5}, {'x': -2.75, 'y': -823.002}, {'x': -2.5, 'y': -495.9375}, {'x': -2.25, 'y': -281.0215}, {'x': -2.0, 'y': -147.0}, {'x': -1.75, 'y': -68.9473}, {'x': -1.5, 'y': -27.5625}, {'x': -1.25, 'y': -8.4668}, {'x': -1.0, 'y': -1.5}, {'x': -0.75, 'y': -0.0176}, {'x': -0.5, 'y': -0.1875}, {'x': -0.25, 'y': -0.2871}, {'x': 0.0, 'y': 0.0}, {'x': 0.25, 'y': 0.2871}, {'x': 0.5, 'y': 0.1875}, {'x': 0.75, 'y': 0.0176}, {'x': 1.0, 'y': 1.5}, {'x': 1.25, 'y': 8.4668}, {'x': 1.5, 'y': 27.5625}, {'x': 1.75, 'y': 68.9473}, {'x': 2.0, 'y': 147.0}, {'x': 2.25, 'y': 281.0215}, {'x': 2.5, 'y': 495.9375}, {'x': 2.75, 'y': 823.002}, {'x': 3.0, 'y': 1300.5}]}","{'formula': '6*x*(x**2 - 0.5)**2', 'latex': '6 x \\left(x^{2} - 0.5\\right)^{2}', 'properties': {'singularities': [], 'is_periodic': False, 'domain': 'R'}}",derivative_of_(x**2 - 0.5)**3
MCM_301_e6cb8321,"{'a': 3, 'b': 0, 'c': 1}","{'points': [{'x': -3.0, 'y': -83.8821}, {'x': -2.75, 'y': -66.588}, {'x': -2.5, 'y': -12.8703}, {'x': -2.25, 'y': -40.0683}, {'x': -2.0, 'y': 30.6451}, {'x': -1.75, 'y': 21.4149}, {'x': -1.5, 'y': -4.6305}, {'x': -1.25, 'y': 5.9744}, {'x': -1.0, 'y': -2.1612}, {'x': -0.75, 'y': -1.6037}, {'x': -0.5, 'y': -0.499}, {'x': -0.25, 'y': -0.0625}, {'x': 0.0, 'y': 0.0}, {'x': 0.25, 'y': 0.0625}, {'x': 0.5, 'y': 0.499}, {'x': 0.75, 'y': 1.6037}, {'x': 1.0, 'y': 2.1612}, {'x': 1.25, 'y': -5.9744}, {'x': 1.5, 'y': 4.6305}, {'x': 1.75, 'y': -21.4149}, {'x': 2.0, 'y': -30.6451}, {'x': 2.25, 'y': 40.0683}, {'x': 2.5, 'y': 12.8703}, {'x': 2.75, 'y': 66.588}, {'x': 3.0, 'y': 83.8821}]}","{'formula': '4*x**3*cos(x**4)', 'latex': '4 x^{3} \\cos{\\left(x^{4} \\right)}', 'properties': {'singularities': [], 'is_periodic': False, 'domain': 'R'}}",derivative_of_sin(x**4)
MCM_301_525eec93,"{'a': 3, 'b': 0, 'c': 1}","{'points': [{'x': -3.0, 'y': 16.0661}, {'x': -2.75, 'y': -67.9316}, {'x': -2.5, 'y': 51.9787}, {'x': -2.25, 'y': 7.4092}, {'x': -2.0, 'y': 23.7446}, {'x': -1.75, 'y': -1.6181}, {'x': -1.5, 'y': 3.9998}, {'x': -1.25, 'y': -1.7763}, {'x': -1.0, 'y': 0.0}, {'x': -0.75, 'y': 0.9494}, {'x': -0.5, 'y': 0.6355}, {'x': -0.25, 'y': 0.1132}, {'x': 0.0, 'y': 0.0}, {'x': 0.25, 'y': -0.1132}, {'x': 0.5, 'y': -0.6355}, {'x': 0.75, 'y': -0.9494}, {'x': 1.0, 'y': 0.0}, {'x': 1.25, 'y': 1.7763}, {'x': 1.5, 'y': -3.9998}, {'x': 1.75, 'y': 1.6181}, {'x': 2.0, 'y': -23.7446}, {'x': 2.25, 'y': -7.4092}, {'x': 2.5, 'y': -51.9787}, {'x': 2.75, 'y': 67.9316}, {'x': 3.0, 'y': -16.0661}]}","{'formula': '4*x*(1 - x**2)*sin(x**2*(x**2 - 2))', 'latex': '4 x \\left(1 - x^{2}\\right) \\sin{\\left(x^{2} \\left(x^{2} - 2\\right) \\right)}', 'properties': {'singularities': [], 'is_periodic': False, 'domain': 'R'}}",derivative_of_cos(x**2*(x**2 - 2))
MCM_301_de9de6c8,"{'a': 3, 'b': 0, 'c': 1}","{'points': [{'x': -3.0, 'y': -103.4783}, {'x': -2.75, 'y': 46.0641}, {'x': -2.5, 'y': 48.1436}, {'x': -2.25, 'y': -31.9505}, {'x': -2.0, 'y': -39.6481}, {'x': -1.75, 'y': 19.8952}, {'x': -1.5, 'y': 8.1834}, {'x': -1.25, 'y': -12.3021}, {'x': -1.0, 'y': 5.2291}, {'x': -0.75, 'y': 3.5846}, {'x': -0.5, 'y': -0.0207}, {'x': -0.25, 'y': -0.4544}, {'x': 0.0, 'y': 0.0}, {'x': 0.25, 'y': 0.4544}, {'x': 0.5, 'y': 0.0207}, {'x': 0.75, 'y': -3.5846}, {'x': 1.0, 'y': -5.2291}, {'x': 1.25, 'y': 12.3021}, {'x': 1.5, 'y': -8.1834}, {'x': 1.75, 'y': -19.8952}, {'x': 2.0, 'y': 39.6481}, {'x': 2.25, 'y': 31.9505}, {'x': 2.5, 'y': -48.1436}, {'x': 2.75, 'y': -46.0641}, {'x': 3.0, 'y': 103.4783}]}","{'formula': '4*x*(x**2 + 1)*cos((x**2 + 1)**2)', 'latex': '4 x \\left(x^{2} + 1\\right) \\cos{\\left(\\left(x^{2} + 1\\right)^{2} \\right)}', 'properties': {'singularities': [], 'is_periodic': False, 'domain': 'R'}}",derivative_of_sin((x**2 + 1)**2)
MCM_301_42f221e2,"{'a': 3, 'b': 0, 'c': 1}","{'points': [{'x': -3.0, 'y': 73.2623}, {'x': -2.75, 'y': -754.3328}, {'x': -2.5, 'y': 21.3284}, {'x': -2.25, 'y': -209.9575}, {'x': -2.0, 'y': -65.7209}, {'x': -1.75, 'y': 30.1351}, {'x': -1.5, 'y': -16.6142}, {'x': -1.25, 'y': -3.0722}, {'x': -1.0, 'y': -1.4883}, {'x': -0.75, 'y': -0.0176}, {'x': -0.5, 'y': -0.1875}, {'x': -0.25, 'y': -0.2861}, {'x': 0.0, 'y': 0.0}, {'x': 0.25, 'y': 0.2861}, {'x': 0.5, 'y': 0.1875}, {'x': 0.75, 'y': 0.0176}, {'x': 1.0, 'y': 1.4883}, {'x': 1.25, 'y': 3.0722}, {'x': 1.5, 'y': 16.6142}, {'x': 1.75, 'y': -30.1351}, {'x': 2.0, 'y': 65.7209}, {'x': 2.25, 'y': 209.9575}, {'x': 2.5, 'y': -21.3284}, {'x': 2.75, 'y': 754.3328}, {'x': 3.0, 'y': -73.2623}]}","{'formula': '6*x*(x**2 - 0.5)**2*cos((x**2 - 0.5)**3)', 'latex': '6 x \\left(x^{2} - 0.5\\right)^{2} \\cos{\\left(\\left(x^{2} - 0.5\\right)^{3} \\right)}', 'properties': {'singularities': [], 'is_periodic': False, 'domain': 'R'}}",derivative_of_sin((x**2 - 0.5)**3)
MCM_301_5d4a2047,"{'a': 3, 'b': 0, 'c': 1}","{'points': [{'x': -3.0, 'y': -1298.4348}, {'x': -2.75, 'y': 329.1113}, {'x': -2.5, 'y': 495.4787}, {'x': -2.25, 'y': 186.7911}, {'x': -2.0, 'y': -131.4906}, {'x': -1.75, 'y': -62.0129}, {'x': -1.5, 'y': -21.9922}, {'x': -1.25, 'y': 7.8897}, {'x': -1.0, 'y': 0.187}, {'x': -0.75, 'y': 0.0}, {'x': -0.5, 'y': -0.0029}, {'x': -0.25, 'y': -0.024}, {'x': 0.0, 'y': 0.0}, {'x': 0.25, 'y': 0.024}, {'x': 0.5, 'y': 0.0029}, {'x': 0.75, 'y': -0.0}, {'x': 1.0, 'y': -0.187}, {'x': 1.25, 'y': -7.8897}, {'x': 1.5, 'y': 21.9922}, {'x': 1.75, 'y': 62.0129}, {'x': 2.0, 'y': 131.4906}, {'x': 2.25, 'y': -186.7911}, {'x': 2.5, 'y': -495.4787}, {'x': 2.75, 'y': -329.1113}, {'x': 3.0, 'y': 1298.4348}]}","{'formula': '-6*x*(x**2 - 0.5)**2*sin((x**2 - 0.5)**3)', 'latex': '- 6 x \\left(x^{2} - 0.5\\right)^{2} \\sin{\\left(\\left(x^{2} - 0.5\\right)^{3} \\right)}', 'properties': {'singularities': [], 'is_periodic': False, 'domain': 'R'}}",derivative_of_cos((x**2 - 0.5)**3)
MCM_302_d601494b,"{'a': 3, 'b': 0, 'c': 2}","{'points': [{'x': -3.0, 'y': 26.41}, {'x': -2.75, 'y': 22.1475}, {'x': -2.5, 'y': 18.26}, {'x': -2.25, 'y': 14.7475}, {'x': -2.0, 'y': 11.61}, {'x': -1.75, 'y': 8.8475}, {'x': -1.5, 'y': 6.46}, {'x': -1.25, 'y': 4.4474}, {'x': -1.0, 'y': 2.8099}, {'x': -0.75, 'y': 1.5474}, {'x': -0.5, 'y': 0.6597}, {'x': -0.25, 'y': 0.1467}, {'x': 0.0, 'y': 0.0}, {'x': 0.25, 'y': 0.2431}, {'x': 0.5, 'y': 0.8594}, {'x': 0.75, 'y': 1.8473}, {'x': 1.0, 'y': 3.2099}, {'x': 1.25, 'y': 4.9474}, {'x': 1.5, 'y': 7.0599}, {'x': 1.75, 'y': 9.5475}, {'x': 2.0, 'y': 12.41}, {'x': 2.25, 'y': 15.6475}, {'x': 2.5, 'y': 19.26}, {'x': 2.75, 'y': 23.2475}, {'x': 3.0, 'y': 27.61}]}","{'formula': 'x**3*(3.0*x - 0.4)/(1.0*x**2 - 0.2*x + 0.01)', 'latex': '\\frac{x^{3} \\left(3.0 x - 0.4\\right)}{1.0 x^{2} - 0.2 x + 0.01}', 'properties': {'singularities': [], 'is_periodic': False, 'domain': 'R'}}",derivative_of_x**4/(x - 0.1)
MCM_302_2142c3dd,"{'a': 3, 'b': 0, 'c': 2}","{'points': [{'x': -3.0, 'y': -26.25}, {'x': -2.75, 'y': -21.8396}, {'x': -2.5, 'y': -17.8048}, {'x': -2.25, 'y': -14.1462}, {'x': -2.0, 'y': -10.8642}, {'x': -1.75, 'y': -7.9601}, {'x': -1.5, 'y': -5.4364}, {'x': -1.25, 'y': -3.2986}, {'x': -1.0, 'y': -1.5625}, {'x': -0.75, 'y': -0.2867}, {'x': -0.5, 'y': 0.1389}, {'x': -0.25, 'y': -29.6875}, {'x': 0.0, 'y': 0.0}, {'x': 0.25, 'y': 1.4853}, {'x': 0.5, 'y': 1.25}, {'x': 0.75, 'y': 0.4856}, {'x': 1.0, 'y': -0.6944}, {'x': 1.25, 'y': -2.2648}, {'x': 1.5, 'y': -4.2171}, {'x': 1.75, 'y': -6.5481}, {'x': 2.0, 'y': -9.2562}, {'x': 2.25, 'y': -12.3406}, {'x': 2.5, 'y': -15.8008}, {'x': 2.75, 'y': -19.6365}, {'x': 3.0, 'y': -23.8477}]}","{'formula': 'x*(x*(x**2 - 2) + (4 - 4*x**2)*(x + 0.2))/(x + 0.2)**2', 'latex': '\\frac{x \\left(x \\left(x^{2} - 2\\right) + \\left(4 - 4 x^{2}\\right) \\left(x + 0.2\\right)\\right)}{\\left(x + 0.2\\right)^{2}}', 'properties': {'singularities': [], 'is_periodic': False, 'domain': 'R'}}",derivative_of_x**2*(2 - x**2)/(x + 0.2)
MCM_302_9543cde7,"{'a': 3, 'b': 0, 'c': 2}","{'points': [{'x': -3.0, 'y': 33.0874}, {'x': -2.75, 'y': 26.5179}, {'x': -2.5, 'y': 20.6887}, {'x': -2.25, 'y': 15.5969}, {'x': -2.0, 'y': 11.2383}, {'x': -1.75, 'y': 7.6068}, {'x': -1.5, 'y': 4.693}, {'x': -1.25, 'y': 2.4827}, {'x': -1.0, 'y': 0.9524}, {'x': -0.75, 'y': 0.0616}, {'x': -0.5, 'y': -0.2637}, {'x': -0.25, 'y': -0.1723}, {'x': 0.0, 'y': 0.0}, {'x': 0.25, 'y': -0.6423}, {'x': 0.5, 'y': -5.2083}, {'x': 0.75, 'y': -31.3393}, {'x': 1.0, 'y': -540.0}, {'x': 1.25, 'y': -223.9583}, {'x': 1.5, 'y': -4.2188}, {'x': 1.75, 'y': 24.4638}, {'x': 2.0, 'y': 38.5185}, {'x': 2.25, 'y': 49.668}, {'x': 2.5, 'y': 60.2679}, {'x': 2.75, 'y': 71.0417}, {'x': 3.0, 'y': 82.2715}]}","{'formula': '2*x**2*(-x*(x + 1) + (x - 1.1)*(4*x + 3))/(x - 1.1)**2', 'latex': '\\frac{2 x^{2} \\left(- x \\left(x + 1\\right) + \\left(x - 1.1\\right) \\left(4 x + 3\\right)\\right)}{\\left(x - 1.1\\right)^{2}}', 'properties': {'singularities': [], 'is_periodic': False, 'domain': 'R'}}",derivative_of_2*x**3*(x + 1)/(x - 1.1)
MCM_302_1315a2a5,"{'a': 3, 'b': 0, 'c': 2}","{'points': [{'x': -3.0, 'y': 10.3018}, {'x': -2.75, 'y': 7.9462}, {'x': -2.5, 'y': 5.9375}, {'x': -2.25, 'y': 4.2631}, {'x': -2.0, 'y': 2.9025}, {'x': -1.75, 'y': 1.8204}, {'x': -1.5, 'y': 0.9521}, {'x': -1.25, 'y': 0.1676}, {'x': -1.0, 'y': -0.8264}, {'x': -0.75, 'y': -2.8125}, {'x': -0.5, 'y': -8.5069}, {'x': -0.25, 'y': -33.3227}, {'x': 0.0, 'y': -480.0}, {'x': 0.25, 'y': -206.4236}, {'x': 0.5, 'y': -17.2656}, {'x': 0.75, 'y': 4.6875}, {'x': 1.0, 'y': 13.5802}, {'x': 1.25, 'y': 19.6544}, {'x': 1.5, 'y': 24.9681}, {'x': 1.75, 'y': 30.1535}, {'x': 2.0, 'y': 35.4571}, {'x': 2.25, 'y': 40.9909}, {'x': 2.5, 'y': 46.8121}, {'x': 2.75, 'y': 52.952}, {'x': 3.0, 'y': 59.4293}]}","{'formula': '(3.0*x**4 + 7.6*x**3 + 6.8*x**2 - 1.6*x - 4.8)/(1.0*x**2 - 0.2*x + 0.01)', 'latex': '\\frac{3.0 x^{4} + 7.6 x^{3} + 6.8 x^{2} - 1.6 x - 4.8}{1.0 x^{2} - 0.2 x + 0.01}', 'properties': {'singularities': [], 'is_periodic': False, 'domain': 'R'}}",derivative_of_((x + 1)**2 + 1)**2/(x - 0.1)
MCM_302_af72e8fd,"{'a': 3, 'b': 0, 'c': 2}","{'points': [{'x': -3.0, 'y': 346.4331}, {'x': -2.75, 'y': 238.5046}, {'x': -2.5, 'y': 157.6025}, {'x': -2.25, 'y': 98.8801}, {'x': -2.0, 'y': 57.9597}, {'x': -1.75, 'y': 30.9325}, {'x': -1.5, 'y': 14.3588}, {'x': -1.25, 'y': 5.2687}, {'x': -1.0, 'y': 1.1632}, {'x': -0.75, 'y': 0.0182}, {'x': -0.5, 'y': 0.2997}, {'x': -0.25, 'y': 1.0516}, {'x': 0.0, 'y': 3.125}, {'x': 0.25, 'y': 39.2383}, {'x': 0.5, 'y': 0.7986}, {'x': 0.75, 'y': 0.0312}, {'x': 1.0, 'y': 1.6797}, {'x': 1.25, 'y': 6.9757}, {'x': 1.5, 'y': 18.0307}, {'x': 1.75, 'y': 37.4784}, {'x': 2.0, 'y': 68.4336}, {'x': 2.25, 'y': 114.484}, {'x': 2.5, 'y': 179.6875}, {'x': 2.75, 'y': 268.5714}, {'x': 3.0, 'y': 386.132}]}","{'formula': '(x**2 - 0.5)**2*(6*x*(x - 0.2)**2 + (0.2 - x)*(x**2 - 0.5))/(x - 0.2)**3', 'latex': '\\frac{\\left(x^{2} - 0.5\\right)^{2} \\left(6 x \\left(x - 0.2\\right)^{2} + \\left(0.2 - x\\right) \\left(x^{2} - 0.5\\right)\\right)}{\\left(x - 0.2\\right)^{3}}', 'properties': {'singularities': [], 'is_periodic': False, 'domain': 'R'}}",derivative_of_(x**2 - 0.5)**3/(x - 0.2)
MCM_303_25390a4f,"{'a': 3, 'b': 0, 'c': 3}","{'points': [{'x': -3.0, 'y': 3193.6004}, {'x': -2.75, 'y': 1787.2318}, {'x': -2.5, 'y': 963.1784}, {'x': -2.25, 'y': 493.9923}, {'x': -2.0, 'y': 236.4498}, {'x': -1.75, 'y': 101.807}, {'x': -1.5, 'y': 36.1336}, {'x': -1.25, 'y': 7.4306}, {'x': -1.0, 'y': -2.7183}, {'x': -0.75, 'y': -4.4904}, {'x': -0.5, 'y': -3.1944}, {'x': -0.25, 'y': -1.3593}, {'x': 0.0, 'y': 0.0}, {'x': 0.25, 'y': 1.3593}, {'x': 0.5, 'y': 3.1944}, {'x': 0.75, 'y': 4.4904}, {'x': 1.0, 'y': 2.7183}, {'x': 1.25, 'y': -7.4306}, {'x': 1.5, 'y': -36.1336}, {'x': 1.75, 'y': -101.807}, {'x': 2.0, 'y': -236.4498}, {'x': 2.25, 'y': -493.9923}, {'x': 2.5, 'y': -963.1784}, {'x': 2.75, 'y': -1787.2318}, {'x': 3.0, 'y': -3193.6004}]}","{'formula': 'Piecewise((0, Eq(x, 0)), (-x*(x**2*(x**2 - 2) + (4*x**2 - 4)*Abs(x))*exp(Abs(x))/Abs(x), True))', 'latex': '\\begin{cases} 0 & \\text{for}\\: x = 0 \\\\- \\frac{x \\left(x^{2} \\left(x^{2} - 2\\right) + \\left(4 x^{2} - 4\\right) \\left|{x}\\right|\\right) e^{\\left|{x}\\right|}}{\\left|{x}\\right|} & \\text{otherwise} \\end{cases}', 'properties': {'singularities': [], 'is_periodic': False, 'domain': 'R'}}",derivative_of_x**2*(2 - x**2)*exp(Abs(x))
MCM_303_1222ff6c,"{'a': 3, 'b': 0, 'c': 3}","{'points': [{'x': -3.0, 'y': 376.0088}, {'x': -2.75, 'y': 260.4887}, {'x': -2.5, 'y': 173.3711}, {'x': -2.25, 'y': 109.6791}, {'x': -2.0, 'y': 64.9048}, {'x': -1.75, 'y': 35.0105}, {'x': -1.5, 'y': 16.43}, {'x': -1.25, 'y': 6.0707}, {'x': -1.0, 'y': 1.3184}, {'x': -0.75, 'y': 0.0176}, {'x': -0.5, 'y': -0.0698}, {'x': -0.25, 'y': -7.1826}, {'x': 0.0, 'y': 5.152}, {'x': 0.25, 'y': -0.2475}, {'x': 0.5, 'y': 0.1886}, {'x': 0.75, 'y': 0.0156}, {'x': 1.0, 'y': 1.0851}, {'x': 1.25, 'y': 5.084}, {'x': 1.5, 'y': 14.0826}, {'x': 1.75, 'y': 30.6055}, {'x': 2.0, 'y': 57.6435}, {'x': 2.25, 'y': 98.6555}, {'x': 2.5, 'y': 157.5694}, {'x': 2.75, 'y': 238.7817}, {'x': 3.0, 'y': 347.1578}]}","{'formula': '(x**2 - 0.5)**2*(6*x*(x + 0.15)**2*sin(1/(x + 0.15)) + (0.5 - x**2)*cos(1/(x + 0.15)))/(x + 0.15)**2', 'latex': '\\frac{\\left(x^{2} - 0.5\\right)^{2} \\left(6 x \\left(x + 0.15\\right)^{2} \\sin{\\left(\\frac{1}{x + 0.15} \\right)} + \\left(0.5 - x^{2}\\right) \\cos{\\left(\\frac{1}{x + 0.15} \\right)}\\right)}{\\left(x + 0.15\\right)^{2}}', 'properties': {'singularities': [], 'is_periodic': False, 'domain': 'R'}}",derivative_of_(x**2 - 0.5)**3*sin(1/(x + 0.15))
MCM_310_4afb6b5e,"{'a': 3, 'b': 1, 'c': 0}","{'points': [{'x': -3.0, 'y': -35580.2552}, {'x': -2.75, 'y': -2534.249}, {'x': -2.5, 'y': -310.7011}, {'x': -2.25, 'y': -59.1094}, {'x': -2.0, 'y': -15.8497}, {'x': -1.75, 'y': -5.4764}, {'x': -1.5, 'y': -2.2397}, {'x': -1.25, 'y': -0.9973}, {'x': -1.0, 'y': -0.4421}, {'x': -0.75, 'y': -0.1742}, {'x': -0.5, 'y': -0.0503}, {'x': -0.25, 'y': -0.0063}, {'x': 0.0, 'y': 0.0}, {'x': 0.25, 'y': 0.0063}, {'x': 0.5, 'y': 0.0503}, {'x': 0.75, 'y': 0.1742}, {'x': 1.0, 'y': 0.4421}, {'x': 1.25, 'y': 0.9973}, {'x': 1.5, 'y': 2.2397}, {'x': 1.75, 'y': 5.4764}, {'x': 2.0, 'y': 15.8497}, {'x': 2.25, 'y': 59.1094}, {'x': 2.5, 'y': 310.7011}, {'x': 2.75, 'y': 2534.249}, {'x': 3.0, 'y': 35580.2552}]}","{'formula': '0.4*x**3*exp(0.1*x**4)', 'latex': '0.4 x^{3} e^{0.1 x^{4}}', 'properties': {'singularities': [], 'is_periodic': False, 'domain': 'R'}}",derivative_of_exp(0.1*x**4)
MCM_310_6c2359bf,"{'a': 3, 'b': 1, 'c': 0}","{'points': [{'x': -3.0, 'y': -1.5}, {'x': -2.75, 'y': -1.6762}, {'x': -2.5, 'y': -1.9048}, {'x': -2.25, 'y': -2.2154}, {'x': -2.0, 'y': -2.6667}, {'x': -1.75, 'y': -3.3939}, {'x': -1.5, 'y': -4.8}, {'x': -1.25, 'y': 1.6705}, {'x': -1.0, 'y': 0.0}, {'x': -0.75, 'y': -0.7257}, {'x': -0.5, 'y': -1.0435}, {'x': -0.25, 'y': -0.8362}, {'x': 0.0, 'y': 0.0}, {'x': 0.25, 'y': 0.8362}, {'x': 0.5, 'y': 1.0435}, {'x': 0.75, 'y': 0.7257}, {'x': 1.0, 'y': 0.0}, {'x': 1.25, 'y': -1.6705}, {'x': 1.5, 'y': 4.8}, {'x': 1.75, 'y': 3.3939}, {'x': 2.0, 'y': 2.6667}, {'x': 2.25, 'y': 2.2154}, {'x': 2.5, 'y': 1.9048}, {'x': 2.75, 'y': 1.6762}, {'x': 3.0, 'y': 1.5}]}","{'formula': 'Piecewise((2*x*Abs(x**2 - 2)/(x**2*Abs(x**2 - 2) + 1), Eq(x**2, 2)), (4*x*(x**2 - 2)*(x**2 - 1)/((x**2*Abs(x**2 - 2) + 1)*Abs(x**2 - 2)), True))', 'latex': '\\begin{cases} \\frac{2 x \\left|{x^{2} - 2}\\right|}{x^{2} \\left|{x^{2} - 2}\\right| + 1} & \\text{for}\\: x^{2} = 2 \\\\\\frac{4 x \\left(x^{2} - 2\\right) \\left(x^{2} - 1\\right)}{\\left(x^{2} \\left|{x^{2} - 2}\\right| + 1\\right) \\left|{x^{2} - 2}\\right|} & \\text{otherwise} \\end{cases}', 'properties': {'singularities': [], 'is_periodic': False, 'domain': 'R'}}",derivative_of_log(x**2*Abs(x**2 - 2) + 1)
MCM_310_8e8357a4,"{'a': 3, 'b': 1, 'c': 0}","{'points': [{'x': -3.0, 'y': 0.283}, {'x': -2.75, 'y': -0.5714}, {'x': -2.5, 'y': 0.1045}, {'x': -2.25, 'y': 1.466}, {'x': -2.0, 'y': 2.1966}, {'x': -1.75, 'y': 4.6041}, {'x': -1.5, 'y': 1.2302}, {'x': -1.25, 'y': -2.4887}, {'x': -1.0, 'y': -1.0}, {'x': -0.75, 'y': 0.0}, {'x': -0.5, 'y': 0.2526}, {'x': -0.25, 'y': 0.1253}, {'x': 0.0, 'y': 0.0}, {'x': 0.25, 'y': 0.249}, {'x': 0.5, 'y': 1.1824}, {'x': 0.75, 'y': 2.1076}, {'x': 1.0, 'y': -2.9061}, {'x': 1.25, 'y': -1.7523}, {'x': 1.5, 'y': -5.5254}, {'x': 1.75, 'y': -4.5457}, {'x': 2.0, 'y': 2.0546}, {'x': 2.25, 'y': 1.2602}, {'x': 2.5, 'y': -0.0653}, {'x': 2.75, 'y': -0.0393}, {'x': 3.0, 'y': 0.0008}]}","{'formula': 'x**2*((-0.4*x - 0.3)*sin(x**3*(x + 1)) + (4*x + 3)*cos(x**3*(x + 1)))*exp(-0.1*x**3*(x + 1))', 'latex': 'x^{2} \\left(\\left(- 0.4 x - 0.3\\right) \\sin{\\left(x^{3} \\left(x + 1\\right) \\right)} + \\left(4 x + 3\\right) \\cos{\\left(x^{3} \\left(x + 1\\right) \\right)}\\right) e^{- 0.1 x^{3} \\left(x + 1\\right)}', 'properties': {'singularities': [], 'is_periodic': False, 'domain': 'R'}}",derivative_of_exp(-0.1*x**3*(x + 1))*sin(x**3*(x + 1))
MCM_310_83373c34,"{'a': 3, 'b': 1, 'c': 0}","{'points': [{'x': -3.0, 'y': -0.8597}, {'x': -2.75, 'y': -0.631}, {'x': -2.5, 'y': -0.4403}, {'x': -2.25, 'y': -0.2885}, {'x': -2.0, 'y': -0.1676}, {'x': -1.75, 'y': -0.0666}, {'x': -1.5, 'y': 0.0261}, {'x': -1.25, 'y': 0.1221}, {'x': -1.0, 'y': 0.2329}, {'x': -0.75, 'y': 0.3701}, {'x': -0.5, 'y': 0.5433}, {'x': -0.25, 'y': 0.7566}, {'x': 0.0, 'y': 1.0}, {'x': 0.25, 'y': 1.2409}, {'x': 0.5, 'y': 1.4174}, {'x': 0.75, 'y': 1.4466}, {'x': 1.0, 'y': 1.2534}, {'x': 1.25, 'y': 0.8145}, {'x': 1.5, 'y': 0.1918}, {'x': 1.75, 'y': -0.4768}, {'x': 2.0, 'y': -1.0331}, {'x': 2.25, 'y': -1.3677}, {'x': 2.5, 'y': -1.4576}, {'x': 2.75, 'y': -1.3538}, {'x': 3.0, 'y': -1.14}]}","{'formula': 'exp(sin(x))*cos(x)', 'latex': 'e^{\\sin{\\left(x \\right)}} \\cos{\\left(x \\right)}', 'properties': {'singularities': [], 'is_periodic': False, 'domain': 'R'}}",derivative_of_exp(sin(x))
MCM_310_691296f9,"{'a': 3, 'b': 1, 'c': 0}","{'points': [{'x': -3.0, 'y': -0.6223}, {'x': -2.75, 'y': -0.4918}, {'x': -2.5, 'y': -0.3668}, {'x': -2.25, 'y': -0.2539}, {'x': -2.0, 'y': -0.1536}, {'x': -1.75, 'y': -0.0625}, {'x': -1.5, 'y': 0.0246}, {'x': -1.25, 'y': 0.1132}, {'x': -1.0, 'y': 0.209}, {'x': -0.75, 'y': 0.3162}, {'x': -0.5, 'y': 0.4363}, {'x': -0.25, 'y': 0.5658}, {'x': 0.0, 'y': 0.6931}, {'x': 0.25, 'y': 0.7972}, {'x': 0.5, 'y': 0.8481}, {'x': 0.75, 'y': 0.8135}, {'x': 1.0, 'y': 0.6711}, {'x': 1.25, 'y': 0.4219}, {'x': 1.5, 'y': 0.0979}, {'x': 1.75, 'y': -0.2444}, {'x': 2.0, 'y': -0.5417}, {'x': 2.25, 'y': -0.7467}, {'x': 2.5, 'y': -0.8408}, {'x': 2.75, 'y': -0.8347}, {'x': 3.0, 'y': -0.7567}]}","{'formula': '2**sin(x)*log(2)*cos(x)', 'latex': '2^{\\sin{\\left(x \\right)}} \\log{\\left(2 \\right)} \\cos{\\left(x \\right)}', 'properties': {'singularities': [], 'is_periodic': False, 'domain': 'R'}}",derivative_of_2**sin(x)
MCM_310_ee14cd94,"{'a': 3, 'b': 1, 'c': 0}","{'points': [{'x': -3.0, 'y': 0.9104}, {'x': -2.75, 'y': -4.7992}, {'x': -2.5, 'y': -2.9564}, {'x': -2.25, 'y': 1.0216}, {'x': -2.0, 'y': 2.7933}, {'x': -1.75, 'y': 2.4332}, {'x': -1.5, 'y': 1.3649}, {'x': -1.25, 'y': 0.4688}, {'x': -1.0, 'y': -0.0353}, {'x': -0.75, 'y': -0.2235}, {'x': -0.5, 'y': -0.2232}, {'x': -0.25, 'y': -0.1297}, {'x': 0.0, 'y': 0.0}, {'x': 0.25, 'y': 0.1297}, {'x': 0.5, 'y': 0.2232}, {'x': 0.75, 'y': 0.2235}, {'x': 1.0, 'y': 0.0353}, {'x': 1.25, 'y': -0.4688}, {'x': 1.5, 'y': -1.3649}, {'x': 1.75, 'y': -2.4332}, {'x': 2.0, 'y': -2.7933}, {'x': 2.25, 'y': -1.0216}, {'x': 2.5, 'y': 2.9564}, {'x': 2.75, 'y': 4.7992}, {'x': 3.0, 'y': -0.9104}]}","{'formula': '(2*x - sin(x))*cos(x**2 + cos(x))', 'latex': '\\left(2 x - \\sin{\\left(x \\right)}\\right) \\cos{\\left(x^{2} + \\cos{\\left(x \\right)} \\right)}', 'properties': {'singularities': [], 'is_periodic': False, 'domain': 'R'}}",derivative_of_sin(x**2 + cos(x))
MCM_311_43cb8b44,"{'a': 3, 'b': 1, 'c': 1}","{'points': [{'x': -3.0, 'y': 17312.8645}, {'x': -2.75, 'y': 2523.6525}, {'x': -2.5, 'y': -264.3428}, {'x': -2.25, 'y': -54.2834}, {'x': -2.0, 'y': -3.7774}, {'x': -1.75, 'y': 4.5597}, {'x': -1.5, 'y': 0.1974}, {'x': -1.25, 'y': -0.2893}, {'x': -1.0, 'y': -0.1985}, {'x': -0.75, 'y': -0.0893}, {'x': -0.5, 'y': -0.0269}, {'x': -0.25, 'y': -0.0034}, {'x': 0.0, 'y': 0.0}, {'x': 0.25, 'y': 0.0034}, {'x': 0.5, 'y': 0.0269}, {'x': 0.75, 'y': 0.0893}, {'x': 1.0, 'y': 0.1985}, {'x': 1.25, 'y': 0.2893}, {'x': 1.5, 'y': -0.1974}, {'x': 1.75, 'y': -4.5597}, {'x': 2.0, 'y': 3.7774}, {'x': 2.25, 'y': 54.2834}, {'x': 2.5, 'y': 264.3428}, {'x': 2.75, 'y': -2523.6525}, {'x': 3.0, 'y': -17312.8645}]}","{'formula': '0.4*x**3*exp(0.1*x**4)*cos(exp(0.1*x**4))', 'latex': '0.4 x^{3} e^{0.1 x^{4}} \\cos{\\left(e^{0.1 x^{4}} \\right)}', 'properties': {'singularities': [], 'is_periodic': False, 'domain': 'R'}}",derivative_of_sin(exp(0.1*x**4))
MCM_311_caadd663,"{'a': 3, 'b': 1, 'c': 1}","{'points': [{'x': -3.0, 'y': -103.4783}, {'x': -2.75, 'y': 46.0641}, {'x': -2.5, 'y': 48.1436}, {'x': -2.25, 'y': -31.9505}, {'x': -2.0, 'y': -39.6481}, {'x': -1.75, 'y': 19.8952}, {'x': -1.5, 'y': 8.1834}, {'x': -1.25, 'y': -12.3021}, {'x': -1.0, 'y': 5.2291}, {'x': -0.75, 'y': 3.5846}, {'x': -0.5, 'y': -0.0207}, {'x': -0.25, 'y': -0.4544}, {'x': 0.0, 'y': 0.0}, {'x': 0.25, 'y': 0.4544}, {'x': 0.5, 'y': 0.0207}, {'x': 0.75, 'y': -3.5846}, {'x': 1.0, 'y': -5.2291}, {'x': 1.25, 'y': 12.3021}, {'x': 1.5, 'y': -8.1834}, {'x': 1.75, 'y': -19.8952}, {'x': 2.0, 'y': 39.6481}, {'x': 2.25, 'y': 31.9505}, {'x': 2.5, 'y': -48.1436}, {'x': 2.75, 'y': -46.0641}, {'x': 3.0, 'y': 103.4783}]}","{'formula': '4*x*(x**2 + 1)*cos(x**4 + 2*x**2 + 1)', 'latex': '4 x \\left(x^{2} + 1\\right) \\cos{\\left(x^{4} + 2 x^{2} + 1 \\right)}', 'properties': {'singularities': [], 'is_periodic': False, 'domain': 'R'}}",derivative_of_sin(x**4 + 2*x**2 + 1)
MCM_311_3afec188,"{'a': 3, 'b': 1, 'c': 1}","{'points': [{'x': -3.0, 'y': 0.0497}, {'x': -2.75, 'y': 0.0637}, {'x': -2.5, 'y': 0.0815}, {'x': -2.25, 'y': 0.1042}, {'x': -2.0, 'y': 0.1329}, {'x': -1.75, 'y': 0.1686}, {'x': -1.5, 'y': 0.2123}, {'x': -1.25, 'y': 0.2639}, {'x': -1.0, 'y': 0.3213}, {'x': -0.75, 'y': 0.3778}, {'x': -0.5, 'y': 0.4196}, {'x': -0.25, 'y': 0.4231}, {'x': 0.0, 'y': 0.36}, {'x': 0.25, 'y': 0.2085}, {'x': 0.5, 'y': -0.0697}, {'x': 0.75, 'y': -0.722}, {'x': 1.0, 'y': -2.2722}, {'x': 1.25, 'y': -3.0906}, {'x': 1.5, 'y': -0.5763}, {'x': 1.75, 'y': 4.3506}, {'x': 2.0, 'y': 2.0753}, {'x': 2.25, 'y': -9.4502}, {'x': 2.5, 'y': 10.5129}, {'x': 2.75, 'y': -15.576}, {'x': 3.0, 'y': 3.8687}]}","{'formula': 'exp(x)*cos(exp(x))*cos(sin(exp(x)))', 'latex': 'e^{x} \\cos{\\left(e^{x} \\right)} \\cos{\\left(\\sin{\\left(e^{x} \\right)} \\right)}', 'properties': {'singularities': [], 'is_periodic': False, 'domain': 'R'}}",derivative_of_sin(sin(exp(x)))
MCM_311_6a1d6724,"{'a': 3, 'b': 1, 'c': 1}","{'points': [{'x': -3.0, 'y': -0.0025}, {'x': -2.75, 'y': -0.0041}, {'x': -2.5, 'y': -0.0067}, {'x': -2.25, 'y': -0.011}, {'x': -2.0, 'y': -0.018}, {'x': -1.75, 'y': -0.0294}, {'x': -1.5, 'y': -0.0478}, {'x': -1.25, 'y': -0.0766}, {'x': -1.0, 'y': -0.1208}, {'x': -0.75, 'y': -0.1849}, {'x': -0.5, 'y': -0.2689}, {'x': -0.25, 'y': -0.3581}, {'x': 0.0, 'y': -0.4029}, {'x': 0.25, 'y': -0.2974}, {'x': 0.5, 'y': 0.1078}, {'x': 0.75, 'y': 0.8294}, {'x': 1.0, 'y': 0.9897}, {'x': 1.25, 'y': -1.0992}, {'x': 1.5, 'y': -0.8474}, {'x': 1.75, 'y': 2.4011}, {'x': 2.0, 'y': -2.5824}, {'x': 2.25, 'y': -0.5954}, {'x': 2.5, 'y': 4.1323}, {'x': 2.75, 'y': 1.0183}, {'x': 3.0, 'y': -5.3472}]}","{'formula': '-exp(x)*sin(sin(exp(x)))*cos(exp(x))', 'latex': '- e^{x} \\sin{\\left(\\sin{\\left(e^{x} \\right)} \\right)} \\cos{\\left(e^{x} \\right)}', 'properties': {'singularities': [], 'is_periodic': False, 'domain': 'R'}}",derivative_of_cos(sin(exp(x)))
MCM_311_f3725af4,"{'a': 3, 'b': 1, 'c': 1}","{'points': [{'x': -3.0, 'y': -0.5554}, {'x': -2.75, 'y': -0.4896}, {'x': -2.5, 'y': -0.3755}, {'x': -2.25, 'y': -0.2586}, {'x': -2.0, 'y': -0.1542}, {'x': -1.75, 'y': -0.062}, {'x': -1.5, 'y': 0.0243}, {'x': -1.25, 'y': 0.113}, {'x': -1.0, 'y': 0.2116}, {'x': -0.75, 'y': 0.3237}, {'x': -0.5, 'y': 0.4425}, {'x': -0.25, 'y': 0.5374}, {'x': 0.0, 'y': 0.5403}, {'x': 0.25, 'y': 0.355}, {'x': 0.5, 'y': -0.0628}, {'x': 0.75, 'y': -0.5718}, {'x': 1.0, 'y': -0.8534}, {'x': 1.25, 'y': -0.6907}, {'x': 1.5, 'y': -0.1743}, {'x': 1.75, 'y': 0.4259}, {'x': 2.0, 'y': 0.8168}, {'x': 2.25, 'y': 0.7796}, {'x': 2.5, 'y': 0.3585}, {'x': 2.75, 'y': -0.1433}, {'x': 3.0, 'y': -0.4641}]}","{'formula': 'exp(sin(x))*cos(x)*cos(exp(sin(x)))', 'latex': 'e^{\\sin{\\left(x \\right)}} \\cos{\\left(x \\right)} \\cos{\\left(e^{\\sin{\\left(x \\right)}} \\right)}', 'properties': {'singularities': [], 'is_periodic': False, 'domain': 'R'}}",derivative_of_sin(exp(sin(x)))
MCM_311_5e3edc24,"{'a': 3, 'b': 1, 'c': 1}","{'points': [{'x': -3.0, 'y': 0.6562}, {'x': -2.75, 'y': 0.3981}, {'x': -2.5, 'y': 0.23}, {'x': -2.25, 'y': 0.1279}, {'x': -2.0, 'y': 0.0657}, {'x': -1.75, 'y': 0.0243}, {'x': -1.5, 'y': -0.0094}, {'x': -1.25, 'y': -0.0461}, {'x': -1.0, 'y': -0.0973}, {'x': -0.75, 'y': -0.1793}, {'x': -0.5, 'y': -0.3153}, {'x': -0.25, 'y': -0.5325}, {'x': 0.0, 'y': -0.8415}, {'x': 0.25, 'y': -1.189}, {'x': 0.5, 'y': -1.416}, {'x': 0.75, 'y': -1.3289}, {'x': 1.0, 'y': -0.918}, {'x': 1.25, 'y': -0.4316}, {'x': 1.5, 'y': -0.08}, {'x': 1.75, 'y': 0.2145}, {'x': 2.0, 'y': 0.6326}, {'x': 2.25, 'y': 1.1238}, {'x': 2.5, 'y': 1.4128}, {'x': 2.75, 'y': 1.3462}, {'x': 3.0, 'y': 1.0413}]}","{'formula': '-exp(sin(x))*sin(exp(sin(x)))*cos(x)', 'latex': '- e^{\\sin{\\left(x \\right)}} \\sin{\\left(e^{\\sin{\\left(x \\right)}} \\right)} \\cos{\\left(x \\right)}', 'properties': {'singularities': [], 'is_periodic': False, 'domain': 'R'}}",derivative_of_cos(exp(sin(x)))
MCM_311_d33eb508,"{'a': 3, 'b': 1, 'c': 1}","{'points': [{'x': -3.0, 'y': -0.3835}, {'x': -2.75, 'y': -0.3539}, {'x': -2.5, 'y': -0.2896}, {'x': -2.25, 'y': -0.2119}, {'x': -2.0, 'y': -0.1323}, {'x': -1.75, 'y': -0.0547}, {'x': -1.5, 'y': 0.0215}, {'x': -1.25, 'y': 0.0984}, {'x': -1.0, 'y': 0.1773}, {'x': -0.75, 'y': 0.2567}, {'x': -0.5, 'y': 0.3288}, {'x': -0.25, 'y': 0.3766}, {'x': 0.0, 'y': 0.3745}, {'x': 0.25, 'y': 0.2985}, {'x': 0.5, 'y': 0.149}, {'x': 0.75, 'y': -0.027}, {'x': 1.0, 'y': -0.1472}, {'x': 1.25, 'y': -0.1485}, {'x': 1.5, 'y': -0.0404}, {'x': 1.75, 'y': 0.0968}, {'x': 2.0, 'y': 0.1639}, {'x': 2.25, 'y': 0.1072}, {'x': 2.5, 'y': -0.0476}, {'x': 2.75, 'y': -0.221}, {'x': 3.0, 'y': -0.3414}]}","{'formula': '2**sin(x)*log(2)*cos(2**sin(x))*cos(x)', 'latex': '2^{\\sin{\\left(x \\right)}} \\log{\\left(2 \\right)} \\cos{\\left(2^{\\sin{\\left(x \\right)}} \\right)} \\cos{\\left(x \\right)}', 'properties': {'singularities': [], 'is_periodic': False, 'domain': 'R'}}",derivative_of_sin(2**sin(x))
MCM_311_74aab5d0,"{'a': 3, 'b': 1, 'c': 1}","{'points': [{'x': -3.0, 'y': 0.4901}, {'x': -2.75, 'y': 0.3415}, {'x': -2.5, 'y': 0.225}, {'x': -2.25, 'y': 0.1398}, {'x': -2.0, 'y': 0.078}, {'x': -1.75, 'y': 0.0303}, {'x': -1.5, 'y': -0.0118}, {'x': -1.25, 'y': -0.0561}, {'x': -1.0, 'y': -0.1107}, {'x': -0.75, 'y': -0.1846}, {'x': -0.5, 'y': -0.2868}, {'x': -0.25, 'y': -0.4222}, {'x': 0.0, 'y': -0.5833}, {'x': 0.25, 'y': -0.7393}, {'x': 0.5, 'y': -0.8349}, {'x': 0.75, 'y': -0.813}, {'x': 1.0, 'y': -0.6547}, {'x': 1.25, 'y': -0.3949}, {'x': 1.5, 'y': -0.0892}, {'x': 1.75, 'y': 0.2244}, {'x': 2.0, 'y': 0.5164}, {'x': 2.25, 'y': 0.7389}, {'x': 2.5, 'y': 0.8395}, {'x': 2.75, 'y': 0.8049}, {'x': 3.0, 'y': 0.6753}]}","{'formula': '-2**sin(x)*log(2)*sin(2**sin(x))*cos(x)', 'latex': '- 2^{\\sin{\\left(x \\right)}} \\log{\\left(2 \\right)} \\sin{\\left(2^{\\sin{\\left(x \\right)}} \\right)} \\cos{\\left(x \\right)}', 'properties': {'singularities': [], 'is_periodic': False, 'domain': 'R'}}",derivative_of_cos(2**sin(x))
MCM_311_66c71c9c,"{'a': 3, 'b': 1, 'c': 1}","{'points': [{'x': -3.0, 'y': 0.5012}, {'x': -2.75, 'y': -4.5121}, {'x': -2.5, 'y': -2.1815}, {'x': -2.25, 'y': 0.5846}, {'x': -2.0, 'y': 2.5414}, {'x': -1.75, 'y': 2.3548}, {'x': -1.5, 'y': 1.0155}, {'x': -1.25, 'y': 0.2714}, {'x': -1.0, 'y': -0.0191}, {'x': -0.75, 'y': -0.1278}, {'x': -0.5, 'y': -0.1382}, {'x': -0.25, 'y': -0.0848}, {'x': 0.0, 'y': 0.0}, {'x': 0.25, 'y': 0.0848}, {'x': 0.5, 'y': 0.1382}, {'x': 0.75, 'y': 0.1278}, {'x': 1.0, 'y': 0.0191}, {'x': 1.25, 'y': -0.2714}, {'x': 1.5, 'y': -1.0155}, {'x': 1.75, 'y': -2.3548}, {'x': 2.0, 'y': -2.5414}, {'x': 2.25, 'y': -0.5846}, {'x': 2.5, 'y': 2.1815}, {'x': 2.75, 'y': 4.5121}, {'x': 3.0, 'y': -0.5012}]}","{'formula': '(2*x - sin(x))*cos(x**2 + cos(x))*cos(sin(x**2 + cos(x)))', 'latex': '\\left(2 x - \\sin{\\left(x \\right)}\\right) \\cos{\\left(x^{2} + \\cos{\\left(x \\right)} \\right)} \\cos{\\left(\\sin{\\left(x^{2} + \\cos{\\left(x \\right)} \\right)} \\right)}', 'properties': {'singularities': [], 'is_periodic': False, 'domain': 'R'}}",derivative_of_sin(sin(x**2 + cos(x)))
MCM_311_0b76a7d4,"{'a': 3, 'b': 1, 'c': 1}","{'points': [{'x': -3.0, 'y': -0.7601}, {'x': -2.75, 'y': 1.6348}, {'x': -2.5, 'y': -1.9953}, {'x': -2.25, 'y': 0.8379}, {'x': -2.0, 'y': 1.1593}, {'x': -1.75, 'y': -0.6126}, {'x': -1.5, 'y': -0.912}, {'x': -1.25, 'y': -0.3822}, {'x': -1.0, 'y': 0.0297}, {'x': -0.75, 'y': 0.1833}, {'x': -0.5, 'y': 0.1753}, {'x': -0.25, 'y': 0.0982}, {'x': 0.0, 'y': 0.0}, {'x': 0.25, 'y': -0.0982}, {'x': 0.5, 'y': -0.1753}, {'x': 0.75, 'y': -0.1833}, {'x': 1.0, 'y': -0.0297}, {'x': 1.25, 'y': 0.3822}, {'x': 1.5, 'y': 0.912}, {'x': 1.75, 'y': 0.6126}, {'x': 2.0, 'y': -1.1593}, {'x': 2.25, 'y': -0.8379}, {'x': 2.5, 'y': 1.9953}, {'x': 2.75, 'y': -1.6348}, {'x': 3.0, 'y': 0.7601}]}","{'formula': '(-2*x + sin(x))*sin(sin(x**2 + cos(x)))*cos(x**2 + cos(x))', 'latex': '\\left(- 2 x + \\sin{\\left(x \\right)}\\right) \\sin{\\left(\\sin{\\left(x^{2} + \\cos{\\left(x \\right)} \\right)} \\right)} \\cos{\\left(x^{2} + \\cos{\\left(x \\right)} \\right)}', 'properties': {'singularities': [], 'is_periodic': False, 'domain': 'R'}}",derivative_of_cos(sin(x**2 + cos(x)))
MCM_312_efadc500,"{'a': 3, 'b': 1, 'c': 2}","{'points': [{'x': -3.0, 'y': 11134.685}, {'x': -2.75, 'y': 851.7041}, {'x': -2.5, 'y': 112.1466}, {'x': -2.25, 'y': 22.8038}, {'x': -2.0, 'y': 6.4243}, {'x': -1.75, 'y': 2.2138}, {'x': -1.5, 'y': 0.7518}, {'x': -1.25, 'y': 0.0383}, {'x': -1.0, 'y': -0.5115}, {'x': -0.75, 'y': -1.2237}, {'x': -0.5, 'y': -2.7113}, {'x': -0.25, 'y': -8.1486}, {'x': 0.0, 'y': -100.0}, {'x': 0.25, 'y': -44.4201}, {'x': 0.5, 'y': -6.1634}, {'x': 0.75, 'y': -2.175}, {'x': 1.0, 'y': -0.8732}, {'x': 1.25, 'y': -0.098}, {'x': 1.5, 'y': 0.7533}, {'x': 1.75, 'y': 2.3807}, {'x': 2.0, 'y': 6.9699}, {'x': 2.25, 'y': 24.6862}, {'x': 2.5, 'y': 120.8282}, {'x': 2.75, 'y': 912.9394}, {'x': 3.0, 'y': 11877.3213}]}","{'formula': '(0.4*x**3*(x - 0.1)**2 - x + 0.1)*exp(0.1*x**4)/(x - 0.1)**3', 'latex': '\\frac{\\left(0.4 x^{3} \\left(x - 0.1\\right)^{2} - x + 0.1\\right) e^{0.1 x^{4}}}{\\left(x - 0.1\\right)^{3}}', 'properties': {'singularities': [], 'is_periodic': False, 'domain': 'R'}}",derivative_of_exp(0.1*x**4)/(x - 0.1)
MCM_312_f2801396,"{'a': 3, 'b': 1, 'c': 2}","{'points': [{'x': -3.0, 'y': 0.0052}, {'x': -2.75, 'y': 0.0787}, {'x': -2.5, 'y': 0.2012}, {'x': -2.25, 'y': 0.4135}, {'x': -2.0, 'y': 0.8033}, {'x': -1.75, 'y': 1.587}, {'x': -1.5, 'y': 3.4282}, {'x': -1.25, 'y': -2.0635}, {'x': -1.0, 'y': -1.083}, {'x': -0.75, 'y': -0.6394}, {'x': -0.5, 'y': -0.554}, {'x': -0.25, 'y': -28.9972}, {'x': 0.0, 'y': 0.0}, {'x': 0.25, 'y': 1.2938}, {'x': 0.5, 'y': 0.7501}, {'x': 0.75, 'y': 0.1073}, {'x': 1.0, 'y': -0.4814}, {'x': 1.25, 'y': -1.3999}, {'x': 1.5, 'y': 2.6691}, {'x': 1.75, 'y': 1.3597}, {'x': 2.0, 'y': 0.7581}, {'x': 2.25, 'y': 0.4372}, {'x': 2.5, 'y': 0.2505}, {'x': 2.75, 'y': 0.1358}, {'x': 3.0, 'y': 0.0626}]}","{'formula': 'Piecewise(((2*x*(x + 0.2)*Abs(x**2 - 2) - (x**2*Abs(x**2 - 2) + 1)*log(x**2*Abs(x**2 - 2) + 1))/((x + 0.2)**2*(x**2*Abs(x**2 - 2) + 1)), Eq(x**2, 2)), ((4*x*(x + 0.2)*(x**2 - 2)*(x**2 - 1) - (x**2*Abs(x**2 - 2) + 1)*log(x**2*Abs(x**2 - 2) + 1)*Abs(x**2 - 2))/((x + 0.2)**2*(x**2*Abs(x**2 - 2) + 1)*Abs(x**2 - 2)), True))', 'latex': '\\begin{cases} \\frac{2 x \\left(x + 0.2\\right) \\left|{x^{2} - 2}\\right| - \\left(x^{2} \\left|{x^{2} - 2}\\right| + 1\\right) \\log{\\left(x^{2} \\left|{x^{2} - 2}\\right| + 1 \\right)}}{\\left(x + 0.2\\right)^{2} \\left(x^{2} \\left|{x^{2} - 2}\\right| + 1\\right)} & \\text{for}\\: x^{2} = 2 \\\\\\frac{4 x \\left(x + 0.2\\right) \\left(x^{2} - 2\\right) \\left(x^{2} - 1\\right) - \\left(x^{2} \\left|{x^{2} - 2}\\right| + 1\\right) \\log{\\left(x^{2} \\left|{x^{2} - 2}\\right| + 1 \\right)} \\left|{x^{2} - 2}\\right|}{\\left(x + 0.2\\right)^{2} \\left(x^{2} \\left|{x^{2} - 2}\\right| + 1\\right) \\left|{x^{2} - 2}\\right|} & \\text{otherwise} \\end{cases}', 'properties': {'singularities': [], 'is_periodic': False, 'domain': 'R'}}",derivative_of_log(x**2*Abs(x**2 - 2) + 1)/(x + 0.2)
MCM_312_97d7aceb,"{'a': 3, 'b': 1, 'c': 2}","{'points': [{'x': -3.0, 'y': -0.0689}, {'x': -2.75, 'y': 0.1501}, {'x': -2.5, 'y': -0.0217}, {'x': -2.25, 'y': -0.4589}, {'x': -2.0, 'y': -0.7549}, {'x': -1.75, 'y': -1.5521}, {'x': -1.5, 'y': -0.5973}, {'x': -1.25, 'y': 0.9781}, {'x': -1.0, 'y': 0.4762}, {'x': -0.75, 'y': 0.0311}, {'x': -0.5, 'y': -0.1334}, {'x': -0.25, 'y': -0.0864}, {'x': 0.0, 'y': 0.0}, {'x': 0.25, 'y': -0.3199}, {'x': 0.5, 'y': -2.4789}, {'x': 0.75, 'y': -11.1248}, {'x': 1.0, 'y': -45.3858}, {'x': 1.25, 'y': 15.5231}, {'x': 1.5, 'y': -16.0568}, {'x': 1.75, 'y': -7.4404}, {'x': 2.0, 'y': 2.3843}, {'x': 2.25, 'y': 1.1076}, {'x': 2.5, 'y': -0.0446}, {'x': 2.75, 'y': -0.0239}, {'x': 3.0, 'y': 0.0004}]}","{'formula': '(x**2*(x - 1.1)*((-0.4*x - 0.3)*sin(x**3*(x + 1)) + (4*x + 3)*cos(x**3*(x + 1))) - sin(x**3*(x + 1)))*exp(-0.1*x**3*(x + 1))/(x - 1.1)**2', 'latex': '\\frac{\\left(x^{2} \\left(x - 1.1\\right) \\left(\\left(- 0.4 x - 0.3\\right) \\sin{\\left(x^{3} \\left(x + 1\\right) \\right)} + \\left(4 x + 3\\right) \\cos{\\left(x^{3} \\left(x + 1\\right) \\right)}\\right) - \\sin{\\left(x^{3} \\left(x + 1\\right) \\right)}\\right) e^{- 0.1 x^{3} \\left(x + 1\\right)}}{\\left(x - 1.1\\right)^{2}}', 'properties': {'singularities': [], 'is_periodic': False, 'domain': 'R'}}",derivative_of_exp(-0.1*x**3*(x + 1))*sin(x**3*(x + 1))/(x - 1.1)
MCM_312_beb5ed22,"{'a': 3, 'b': 1, 'c': 2}","{'points': [{'x': -3.0, 'y': -0.0212}, {'x': -2.75, 'y': -0.0303}, {'x': -2.5, 'y': -0.0436}, {'x': -2.25, 'y': -0.0637}, {'x': -2.0, 'y': -0.0945}, {'x': -1.75, 'y': -0.143}, {'x': -1.5, 'y': -0.2224}, {'x': -1.25, 'y': -0.3586}, {'x': -1.0, 'y': -0.6093}, {'x': -0.75, 'y': -1.1246}, {'x': -0.5, 'y': -2.414}, {'x': -0.25, 'y': -7.3179}, {'x': 0.0, 'y': -89.5501}, {'x': 0.25, 'y': -40.2081}, {'x': 0.5, 'y': -6.5519}, {'x': 0.75, 'y': -3.7143}, {'x': 1.0, 'y': -3.2609}, {'x': 1.25, 'y': -2.594}, {'x': 1.5, 'y': -0.2353}, {'x': 1.75, 'y': 3.1969}, {'x': 2.0, 'y': 1.496}, {'x': 2.25, 'y': -4.3905}, {'x': 2.5, 'y': 4.7716}, {'x': 2.75, 'y': -5.8996}, {'x': 3.0, 'y': 2.1636}]}","{'formula': '((x - 0.1)*exp(x)*cos(exp(x)) - sin(exp(x)))/(x - 0.1)**2', 'latex': '\\frac{\\left(x - 0.1\\right) e^{x} \\cos{\\left(e^{x} \\right)} - \\sin{\\left(e^{x} \\right)}}{\\left(x - 0.1\\right)^{2}}', 'properties': {'singularities': [], 'is_periodic': False, 'domain': 'R'}}",derivative_of_sin(exp(x))/(x - 0.1)
MCM_312_f5ca1e46,"{'a': 3, 'b': 1, 'c': 2}","{'points': [{'x': -3.0, 'y': 0.1839}, {'x': -2.75, 'y': 0.1355}, {'x': -2.5, 'y': 0.0877}, {'x': -2.25, 'y': 0.0412}, {'x': -2.0, 'y': -0.007}, {'x': -1.75, 'y': -0.0641}, {'x': -1.5, 'y': -0.143}, {'x': -1.25, 'y': -0.2683}, {'x': -1.0, 'y': -0.4935}, {'x': -0.75, 'y': -0.95}, {'x': -0.5, 'y': -2.0398}, {'x': -0.25, 'y': -5.5372}, {'x': 0.0, 'y': -30.0}, {'x': 0.25, 'y': -487.4609}, {'x': 0.5, 'y': -13.2213}, {'x': 0.75, 'y': -3.9057}, {'x': 1.0, 'y': -2.0579}, {'x': 1.25, 'y': -1.5672}, {'x': 1.5, 'y': -1.4569}, {'x': 1.75, 'y': -1.4211}, {'x': 2.0, 'y': -1.3402}, {'x': 2.25, 'y': -1.1853}, {'x': 2.5, 'y': -0.9776}, {'x': 2.75, 'y': -0.7562}, {'x': 3.0, 'y': -0.554}]}","{'formula': '(-x + (x - 0.2)**2*cos(x) + 0.2)*exp(sin(x))/(x - 0.2)**3', 'latex': '\\frac{\\left(- x + \\left(x - 0.2\\right)^{2} \\cos{\\left(x \\right)} + 0.2\\right) e^{\\sin{\\left(x \\right)}}}{\\left(x - 0.2\\right)^{3}}', 'properties': {'singularities': [], 'is_periodic': False, 'domain': 'R'}}",derivative_of_exp(sin(x))/(x - 0.2)
MCM_312_4621a619,"{'a': 3, 'b': 1, 'c': 2}","{'points': [{'x': -3.0, 'y': 0.1067}, {'x': -2.75, 'y': 0.0756}, {'x': -2.5, 'y': 0.0365}, {'x': -2.25, 'y': -0.0113}, {'x': -2.0, 'y': -0.0726}, {'x': -1.75, 'y': -0.1585}, {'x': -1.5, 'y': -0.293}, {'x': -1.25, 'y': -0.531}, {'x': -1.0, 'y': -1.0183}, {'x': -0.75, 'y': -2.2588}, {'x': -0.5, 'y': -7.1018}, {'x': -0.25, 'y': -89.8987}, {'x': 0.0, 'y': -39.8235}, {'x': 0.25, 'y': -5.4261}, {'x': 0.5, 'y': -1.9951}, {'x': 0.75, 'y': -1.0763}, {'x': 1.0, 'y': -0.7714}, {'x': 1.25, 'y': -0.6836}, {'x': 1.5, 'y': -0.674}, {'x': 1.75, 'y': -0.6765}, {'x': 2.0, 'y': -0.6583}, {'x': 2.25, 'y': -0.6088}, {'x': 2.5, 'y': -0.5329}, {'x': 2.75, 'y': -0.4427}, {'x': 3.0, 'y': -0.3514}]}","{'formula': '2**sin(x)*(-x + (x + 0.15)**2*log(2)*cos(x) - 0.15)/(x + 0.15)**3', 'latex': '\\frac{2^{\\sin{\\left(x \\right)}} \\left(- x + \\left(x + 0.15\\right)^{2} \\log{\\left(2 \\right)} \\cos{\\left(x \\right)} - 0.15\\right)}{\\left(x + 0.15\\right)^{3}}', 'properties': {'singularities': [], 'is_periodic': False, 'domain': 'R'}}",derivative_of_2**sin(x)/(x + 0.15)
MCM_312_e2312e0b,"{'a': 3, 'b': 1, 'c': 2}","{'points': [{'x': -3.0, 'y': -0.4727}, {'x': -2.75, 'y': 1.9009}, {'x': -2.5, 'y': 1.4969}, {'x': -2.25, 'y': -0.271}, {'x': -2.0, 'y': -1.495}, {'x': -1.75, 'y': -1.7991}, {'x': -1.5, 'y': -1.6456}, {'x': -1.25, 'y': -1.5496}, {'x': -1.0, 'y': -1.9894}, {'x': -0.75, 'y': -4.2539}, {'x': -0.5, 'y': -21.4682}, {'x': -0.25, 'y': -345.8048}, {'x': 0.0, 'y': -9.3497}, {'x': 0.25, 'y': -2.6006}, {'x': 0.5, 'y': -1.1325}, {'x': 0.75, 'y': -0.6597}, {'x': 1.0, 'y': -0.5643}, {'x': 1.25, 'y': -0.6992}, {'x': 1.5, 'y': -0.9841}, {'x': 1.75, 'y': -1.2475}, {'x': 2.0, 'y': -1.1336}, {'x': 2.25, 'y': -0.2528}, {'x': 2.5, 'y': 1.1504}, {'x': 2.75, 'y': 1.5361}, {'x': 3.0, 'y': -0.3666}]}","{'formula': '((x + 0.3)*(2*x - sin(x))*cos(x**2 + cos(x)) - sin(x**2 + cos(x)))/(x + 0.3)**2', 'latex': '\\frac{\\left(x + 0.3\\right) \\left(2 x - \\sin{\\left(x \\right)}\\right) \\cos{\\left(x^{2} + \\cos{\\left(x \\right)} \\right)} - \\sin{\\left(x^{2} + \\cos{\\left(x \\right)} \\right)}}{\\left(x + 0.3\\right)^{2}}', 'properties': {'singularities': [], 'is_periodic': False, 'domain': 'R'}}",derivative_of_sin(x**2 + cos(x))/(x + 0.3)
MCM_313_6c33799b,"{'a': 3, 'b': 1, 'c': 3}","{'points': [{'x': -3.0, 'y': 398.836}, {'x': -2.758, 'y': 293.8344}, {'x': -2.517, 'y': 203.341}, {'x': -2.275, 'y': 137.3095}, {'x': -2.033, 'y': 87.7122}, {'x': -1.792, 'y': 51.4454}, {'x': -1.55, 'y': 29.3195}, {'x': -1.308, 'y': 14.2472}, {'x': -1.067, 'y': 5.1029}, {'x': -0.825, 'y': 2.4822}, {'x': -0.583, 'y': 0.3637}, {'x': -0.342, 'y': -0.4378}, {'x': -0.1, 'y': -1.4323}, {'x': 0.1, 'y': 1.5643}, {'x': 0.364, 'y': 0.7655}, {'x': 0.627, 'y': 1.2172}, {'x': 0.891, 'y': 3.2207}, {'x': 1.155, 'y': 13.4861}, {'x': 1.418, 'y': 22.2562}, {'x': 1.682, 'y': 50.397}, {'x': 1.945, 'y': 62.0314}, {'x': 2.209, 'y': 195.867}, {'x': 2.473, 'y': 182.8785}, {'x': 2.736, 'y': 281.964}, {'x': 3.0, 'y': 406.3884}]}","{'formula': 'Piecewise((x**2*(5*x**2*exp(0.02*x**3*(x + 1))*Abs(sin(x**3*(x + 1))**0.9) - (0.04*x + 0.03)*exp(0.01*x**3*(x + 1))*Abs(sin(x**3*(x + 1))**1.0))*exp(-0.02*x**3*(x + 1))/Abs(sin(x**3*(x + 1))**0.9), Eq(sin(x**3*(x + 1)), 0)), (x**2*((0.2*x + 0.15)*exp(0.01*x**3*(x + 1))*sin(2*x**3*(x + 1)) + (5*x**2*exp(0.02*x**3*(x + 1))*Abs(sin(x**3*(x + 1))**0.9) - (0.04*x + 0.03)*exp(0.01*x**3*(x + 1))*Abs(sin(x**3*(x + 1))**1.0))*Abs(sin(x**3*(x + 1))))*exp(-0.02*x**3*(x + 1))/Abs(sin(x**3*(x + 1))**1.9), True))', 'latex': '\\begin{cases} \\frac{x^{2} \\left(5 x^{2} e^{0.02 x^{3} \\left(x + 1\\right)} \\left|{\\sin^{0.9}{\\left(x^{3} \\left(x + 1\\right) \\right)}}\\right| - \\left(0.04 x + 0.03\\right) e^{0.01 x^{3} \\left(x + 1\\right)} \\left|{\\sin^{1.0}{\\left(x^{3} \\left(x + 1\\right) \\right)}}\\right|\\right) e^{- 0.02 x^{3} \\left(x + 1\\right)}}{\\left|{\\sin^{0.9}{\\left(x^{3} \\left(x + 1\\right) \\right)}}\\right|} & \\text{for}\\: \\sin{\\left(x^{3} \\left(x + 1\\right) \\right)} = 0 \\\\\\frac{x^{2} \\left(\\left(0.2 x + 0.15\\right) e^{0.01 x^{3} \\left(x + 1\\right)} \\sin{\\left(2 x^{3} \\left(x + 1\\right) \\right)} + \\left(5 x^{2} e^{0.02 x^{3} \\left(x + 1\\right)} \\left|{\\sin^{0.9}{\\left(x^{3} \\left(x + 1\\right) \\right)}}\\right| - \\left(0.04 x + 0.03\\right) e^{0.01 x^{3} \\left(x + 1\\right)} \\left|{\\sin^{1.0}{\\left(x^{3} \\left(x + 1\\right) \\right)}}\\right|\\right) \\left|{\\sin{\\left(x^{3} \\left(x + 1\\right) \\right)}}\\right|\\right) e^{- 0.02 x^{3} \\left(x + 1\\right)}}{\\left|{\\sin^{1.9}{\\left(x^{3} \\left(x + 1\\right) \\right)}}\\right|} & \\text{otherwise} \\end{cases}', 'properties': {'singularities': [], 'is_periodic': False, 'domain': 'R'}}",derivative_of_x**5 + exp(-0.01*x**4 - 0.01*x**3)*Abs(sin(x**4 + x**3))**0.1
MCM_313_188bf859,"{'a': 3, 'b': 1, 'c': 3}","{'points': [{'x': -3.0, 'y': -0.0199}, {'x': -2.75, 'y': -0.0281}, {'x': -2.5, 'y': -0.0401}, {'x': -2.25, 'y': -0.0577}, {'x': -2.0, 'y': -0.0839}, {'x': -1.75, 'y': -0.1236}, {'x': -1.5, 'y': -0.1844}, {'x': -1.25, 'y': -0.2786}, {'x': -1.0, 'y': -0.422}, {'x': -0.75, 'y': -0.6151}, {'x': -0.5, 'y': -0.6582}, {'x': -0.25, 'y': 1.6624}, {'x': 0.0, 'y': -5.4492}, {'x': 0.25, 'y': -156.2352}, {'x': 0.5, 'y': 10.8988}, {'x': 0.75, 'y': -0.3745}, {'x': 1.0, 'y': -2.5543}, {'x': 1.25, 'y': -2.493}, {'x': 1.5, 'y': -0.299}, {'x': 1.75, 'y': 3.1559}, {'x': 2.0, 'y': 1.5129}, {'x': 2.25, 'y': -4.4248}, {'x': 2.5, 'y': 4.8222}, {'x': 2.75, 'y': -5.9749}, {'x': 3.0, 'y': 2.1945}]}","{'formula': 'exp(x)*sin(1/(x - 0.2))*cos(exp(x)) - sin(exp(x))*cos(1/(x - 0.2))/(x - 0.2)**2', 'latex': 'e^{x} \\sin{\\left(\\frac{1}{x - 0.2} \\right)} \\cos{\\left(e^{x} \\right)} - \\frac{\\sin{\\left(e^{x} \\right)} \\cos{\\left(\\frac{1}{x - 0.2} \\right)}}{\\left(x - 0.2\\right)^{2}}', 'properties': {'singularities': [], 'is_periodic': False, 'domain': 'R'}}",derivative_of_sin(1/(x - 0.2))*sin(exp(x))
MCM_313_92af6e77,"{'a': 3, 'b': 1, 'c': 3}","{'points': [{'x': -3.0, 'y': -0.0966}, {'x': -2.75, 'y': -0.0682}, {'x': -2.5, 'y': -0.042}, {'x': -2.25, 'y': -0.0167}, {'x': -2.0, 'y': 0.0096}, {'x': -1.75, 'y': 0.0388}, {'x': -1.5, 'y': 0.0735}, {'x': -1.25, 'y': 0.1175}, {'x': -1.0, 'y': 0.1766}, {'x': -0.75, 'y': 0.2596}, {'x': -0.5, 'y': 0.3811}, {'x': -0.25, 'y': 0.5653}, {'x': 0.0, 'y': 0.514}, {'x': 0.25, 'y': 0.2263}, {'x': 0.5, 'y': -0.0024}, {'x': 0.75, 'y': -0.7803}, {'x': 1.0, 'y': -2.3849}, {'x': 1.25, 'y': -4.204}, {'x': 1.5, 'y': -2.5103}, {'x': 1.75, 'y': 7.9328}, {'x': 2.0, 'y': 9.1693}, {'x': 2.25, 'y': -26.9576}, {'x': 2.5, 'y': 40.406}, {'x': 2.75, 'y': -77.4289}, {'x': 3.0, 'y': 53.2257}]}","{'formula': 'Piecewise((0.951350769866873*cos(1), Eq(x, 0)), ((x*sin(exp(x))*polygamma(0, 1.0*Abs(x) + 1.1) + exp(x)*cos(exp(x))*Abs(x))*gamma(Abs(x) + 1.1)/Abs(x), True))', 'latex': '\\begin{cases} 0.951350769866873 \\cos{\\left(1 \\right)} & \\text{for}\\: x = 0 \\\\\\frac{\\left(x \\sin{\\left(e^{x} \\right)} \\operatorname{polygamma}{\\left(0,1.0 \\left|{x}\\right| + 1.1 \\right)} + e^{x} \\cos{\\left(e^{x} \\right)} \\left|{x}\\right|\\right) \\Gamma\\left(\\left|{x}\\right| + 1.1\\right)}{\\left|{x}\\right|} & \\text{otherwise} \\end{cases}', 'properties': {'singularities': [], 'is_periodic': False, 'domain': 'R'}}",derivative_of_sin(exp(x))*gamma(Abs(x) + 1.1)
MCM_313_887e5df9,"{'a': 3, 'b': 1, 'c': 3}","{'points': [{'x': -3.0, 'y': 0.1951}, {'x': -2.75, 'y': 0.1432}, {'x': -2.5, 'y': 0.0911}, {'x': -2.25, 'y': 0.0397}, {'x': -2.0, 'y': -0.0147}, {'x': -1.75, 'y': -0.0794}, {'x': -1.5, 'y': -0.1669}, {'x': -1.25, 'y': -0.2929}, {'x': -1.0, 'y': -0.4443}, {'x': -0.75, 'y': -0.2339}, {'x': -0.5, 'y': 4.6986}, {'x': -0.25, 'y': 65.9284}, {'x': 0.0, 'y': -40.8422}, {'x': 0.25, 'y': 7.1553}, {'x': 0.5, 'y': 1.2931}, {'x': 0.75, 'y': 0.2135}, {'x': 1.0, 'y': -0.174}, {'x': 1.25, 'y': -0.4622}, {'x': 1.5, 'y': -0.7093}, {'x': 1.75, 'y': -0.8803}, {'x': 2.0, 'y': -0.9434}, {'x': 2.25, 'y': -0.8992}, {'x': 2.5, 'y': -0.7779}, {'x': 2.75, 'y': -0.6216}, {'x': 3.0, 'y': -0.4661}]}","{'formula': '((x + 0.15)**2*sin(1/(x + 0.15))*cos(x) - cos(1/(x + 0.15)))*exp(sin(x))/(x + 0.15)**2', 'latex': '\\frac{\\left(\\left(x + 0.15\\right)^{2} \\sin{\\left(\\frac{1}{x + 0.15} \\right)} \\cos{\\left(x \\right)} - \\cos{\\left(\\frac{1}{x + 0.15} \\right)}\\right) e^{\\sin{\\left(x \\right)}}}{\\left(x + 0.15\\right)^{2}}', 'properties': {'singularities': [], 'is_periodic': False, 'domain': 'R'}}",derivative_of_exp(sin(x))*sin(1/(x + 0.15))
MCM_313_58ad49a2,"{'a': 3, 'b': 1, 'c': 3}","{'points': [{'x': -3.0, 'y': -13.4535}, {'x': -2.75, 'y': -7.2738}, {'x': -2.5, 'y': -3.957}, {'x': -2.25, 'y': -2.1821}, {'x': -2.0, 'y': -1.2195}, {'x': -1.75, 'y': -0.6801}, {'x': -1.5, 'y': -0.3587}, {'x': -1.25, 'y': -0.1451}, {'x': -1.0, 'y': 0.0248}, {'x': -0.75, 'y': 0.1963}, {'x': -0.5, 'y': 0.4158}, {'x': -0.25, 'y': 0.7535}, {'x': 0.0, 'y': 0.9514}, {'x': 0.25, 'y': 0.9758}, {'x': 0.5, 'y': 1.4484}, {'x': 0.75, 'y': 1.9685}, {'x': 1.0, 'y': 2.4899}, {'x': 1.25, 'y': 2.9278}, {'x': 1.5, 'y': 3.1856}, {'x': 1.75, 'y': 3.1986}, {'x': 2.0, 'y': 2.9755}, {'x': 2.25, 'y': 2.611}, {'x': 2.5, 'y': 2.2622}, {'x': 2.75, 'y': 2.1055}, {'x': 3.0, 'y': 2.3074}]}","{'formula': 'Piecewise((0.951350769866873, Eq(x, 0)), ((x*polygamma(0, 1.0*Abs(x) + 1.1) + cos(x)*Abs(x))*exp(sin(x))*gamma(Abs(x) + 1.1)/Abs(x), True))', 'latex': '\\begin{cases} 0.951350769866873 & \\text{for}\\: x = 0 \\\\\\frac{\\left(x \\operatorname{polygamma}{\\left(0,1.0 \\left|{x}\\right| + 1.1 \\right)} + \\cos{\\left(x \\right)} \\left|{x}\\right|\\right) e^{\\sin{\\left(x \\right)}} \\Gamma\\left(\\left|{x}\\right| + 1.1\\right)}{\\left|{x}\\right|} & \\text{otherwise} \\end{cases}', 'properties': {'singularities': [], 'is_periodic': False, 'domain': 'R'}}",derivative_of_exp(sin(x))*gamma(Abs(x) + 1.1)
MCM_313_9974a28b,"{'a': 3, 'b': 1, 'c': 3}","{'points': [{'x': -3.0, 'y': 0.1093}, {'x': -2.75, 'y': 0.0778}, {'x': -2.5, 'y': 0.0384}, {'x': -2.25, 'y': -0.0091}, {'x': -2.0, 'y': -0.068}, {'x': -1.75, 'y': -0.1458}, {'x': -1.5, 'y': -0.2521}, {'x': -1.25, 'y': -0.3826}, {'x': -1.0, 'y': -0.3683}, {'x': -0.75, 'y': 1.6153}, {'x': -0.5, 'y': -4.6681}, {'x': -0.25, 'y': -136.9926}, {'x': 0.0, 'y': 10.7754}, {'x': 0.25, 'y': 1.7339}, {'x': 0.5, 'y': 0.1179}, {'x': 0.75, 'y': -0.1806}, {'x': 1.0, 'y': -0.295}, {'x': 1.25, 'y': -0.3883}, {'x': 1.5, 'y': -0.4719}, {'x': 1.75, 'y': -0.5303}, {'x': 2.0, 'y': -0.5502}, {'x': 2.25, 'y': -0.5291}, {'x': 2.5, 'y': -0.4749}, {'x': 2.75, 'y': -0.4014}, {'x': 3.0, 'y': -0.3225}]}","{'formula': '2**sin(x)*((x + 0.3)**2*log(2)*sin(1/(x + 0.3))*cos(x) - cos(1/(x + 0.3)))/(x + 0.3)**2', 'latex': '\\frac{2^{\\sin{\\left(x \\right)}} \\left(\\left(x + 0.3\\right)^{2} \\log{\\left(2 \\right)} \\sin{\\left(\\frac{1}{x + 0.3} \\right)} \\cos{\\left(x \\right)} - \\cos{\\left(\\frac{1}{x + 0.3} \\right)}\\right)}{\\left(x + 0.3\\right)^{2}}', 'properties': {'singularities': [], 'is_periodic': False, 'domain': 'R'}}",derivative_of_2**sin(x)*sin(1/(x + 0.3))
MCM_313_e124051a,"{'a': 3, 'b': 1, 'c': 3}","{'points': [{'x': -3.0, 'y': -12.1722}, {'x': -2.75, 'y': -7.0922}, {'x': -2.5, 'y': -4.1512}, {'x': -2.25, 'y': -2.4528}, {'x': -2.0, 'y': -1.4626}, {'x': -1.75, 'y': -0.8714}, {'x': -1.5, 'y': -0.5027}, {'x': -1.25, 'y': -0.2544}, {'x': -1.0, 'y': -0.0647}, {'x': -0.75, 'y': 0.1096}, {'x': -0.5, 'y': 0.3091}, {'x': -0.25, 'y': 0.5897}, {'x': 0.0, 'y': 0.6594}, {'x': 0.25, 'y': 0.5899}, {'x': 0.5, 'y': 0.9148}, {'x': 0.75, 'y': 1.2564}, {'x': 1.0, 'y': 1.6124}, {'x': 1.25, 'y': 1.9634}, {'x': 1.5, 'y': 2.2837}, {'x': 1.75, 'y': 2.5542}, {'x': 2.0, 'y': 2.7781}, {'x': 2.25, 'y': 2.991}, {'x': 2.5, 'y': 3.2662}, {'x': 2.75, 'y': 3.7151}, {'x': 3.0, 'y': 4.4918}]}","{'formula': 'Piecewise((0.951350769866873*log(2), Eq(x, 0)), (2**sin(x)*(x*polygamma(0, 1.0*Abs(x) + 1.1) + log(2)*cos(x)*Abs(x))*gamma(Abs(x) + 1.1)/Abs(x), True))', 'latex': '\\begin{cases} 0.951350769866873 \\log{\\left(2 \\right)} & \\text{for}\\: x = 0 \\\\\\frac{2^{\\sin{\\left(x \\right)}} \\left(x \\operatorname{polygamma}{\\left(0,1.0 \\left|{x}\\right| + 1.1 \\right)} + \\log{\\left(2 \\right)} \\cos{\\left(x \\right)} \\left|{x}\\right|\\right) \\Gamma\\left(\\left|{x}\\right| + 1.1\\right)}{\\left|{x}\\right|} & \\text{otherwise} \\end{cases}', 'properties': {'singularities': [], 'is_periodic': False, 'domain': 'R'}}",derivative_of_2**sin(x)*gamma(Abs(x) + 1.1)
MCM_313_3af6cc5d,"{'a': 3, 'b': 1, 'c': 3}","{'points': [{'x': -3.0, 'y': -0.2769}, {'x': -2.75, 'y': 1.2099}, {'x': -2.5, 'y': 0.8657}, {'x': -2.25, 'y': -0.2186}, {'x': -2.0, 'y': -0.8433}, {'x': -1.75, 'y': -0.8658}, {'x': -1.5, 'y': -0.6124}, {'x': -1.25, 'y': -0.3507}, {'x': -1.0, 'y': -0.1852}, {'x': -0.75, 'y': -0.126}, {'x': -0.5, 'y': -0.1556}, {'x': -0.25, 'y': -0.2599}, {'x': 0.0, 'y': -0.4273}, {'x': 0.25, 'y': -0.576}, {'x': 0.5, 'y': 0.018}, {'x': 0.75, 'y': 7.4747}, {'x': 1.0, 'y': 83.8874}, {'x': 1.25, 'y': -39.4643}, {'x': 1.5, 'y': 2.847}, {'x': 1.75, 'y': -2.4514}, {'x': 2.0, 'y': -2.2689}, {'x': 2.25, 'y': -0.3115}, {'x': 2.5, 'y': 2.2223}, {'x': 2.75, 'y': 2.6288}, {'x': 3.0, 'y': -0.694}]}","{'formula': '((x - 1.1)**2*(2*x - sin(x))*sin(1/(x - 1.1))*cos(x**2 + cos(x)) - sin(x**2 + cos(x))*cos(1/(x - 1.1)))/(x - 1.1)**2', 'latex': '\\frac{\\left(x - 1.1\\right)^{2} \\left(2 x - \\sin{\\left(x \\right)}\\right) \\sin{\\left(\\frac{1}{x - 1.1} \\right)} \\cos{\\left(x^{2} + \\cos{\\left(x \\right)} \\right)} - \\sin{\\left(x^{2} + \\cos{\\left(x \\right)} \\right)} \\cos{\\left(\\frac{1}{x - 1.1} \\right)}}{\\left(x - 1.1\\right)^{2}}', 'properties': {'singularities': [], 'is_periodic': False, 'domain': 'R'}}",derivative_of_sin(1/(x - 1.1))*sin(x**2 + cos(x))
MCM_313_ac0b721a,"{'a': 3, 'b': 1, 'c': 3}","{'points': [{'x': -3.0, 'y': -2.4394}, {'x': -2.75, 'y': -26.0289}, {'x': -2.5, 'y': -7.8617}, {'x': -2.25, 'y': 5.7493}, {'x': -2.0, 'y': 7.043}, {'x': -1.75, 'y': 3.8729}, {'x': -1.5, 'y': 1.1656}, {'x': -1.25, 'y': -0.1549}, {'x': -1.0, 'y': -0.5446}, {'x': -0.75, 'y': -0.5035}, {'x': -0.5, 'y': -0.3012}, {'x': -0.25, 'y': -0.0285}, {'x': 0.0, 'y': 0.0}, {'x': 0.25, 'y': 0.0285}, {'x': 0.5, 'y': 0.3012}, {'x': 0.75, 'y': 0.5035}, {'x': 1.0, 'y': 0.5446}, {'x': 1.25, 'y': 0.1549}, {'x': 1.5, 'y': -1.1656}, {'x': 1.75, 'y': -3.8729}, {'x': 2.0, 'y': -7.043}, {'x': 2.25, 'y': -5.7493}, {'x': 2.5, 'y': 7.8617}, {'x': 2.75, 'y': 26.0289}, {'x': 3.0, 'y': 2.4394}]}","{'formula': 'Piecewise((0, Eq(x, 0)), ((x*sin(x**2 + cos(x))*polygamma(0, 1.0*Abs(x) + 1.1) + 2*x*cos(x**2 + cos(x))*Abs(x) - sin(x)*cos(x**2 + cos(x))*Abs(x))*gamma(Abs(x) + 1.1)/Abs(x), True))', 'latex': '\\begin{cases} 0 & \\text{for}\\: x = 0 \\\\\\frac{\\left(x \\sin{\\left(x^{2} + \\cos{\\left(x \\right)} \\right)} \\operatorname{polygamma}{\\left(0,1.0 \\left|{x}\\right| + 1.1 \\right)} + 2 x \\cos{\\left(x^{2} + \\cos{\\left(x \\right)} \\right)} \\left|{x}\\right| - \\sin{\\left(x \\right)} \\cos{\\left(x^{2} + \\cos{\\left(x \\right)} \\right)} \\left|{x}\\right|\\right) \\Gamma\\left(\\left|{x}\\right| + 1.1\\right)}{\\left|{x}\\right|} & \\text{otherwise} \\end{cases}', 'properties': {'singularities': [], 'is_periodic': False, 'domain': 'R'}}",derivative_of_sin(x**2 + cos(x))*gamma(Abs(x) + 1.1)
MCM_320_1db76c4d,"{'a': 3, 'b': 2, 'c': 0}","{'points': [{'x': -3.0, 'y': 81.0}, {'x': -2.75, 'y': 60.5}, {'x': -2.5, 'y': 43.75}, {'x': -2.25, 'y': 30.375}, {'x': -2.0, 'y': 20.0}, {'x': -1.75, 'y': 12.25}, {'x': -1.5, 'y': 6.75}, {'x': -1.25, 'y': 3.125}, {'x': -1.0, 'y': 1.0}, {'x': -0.75, 'y': 0.0}, {'x': -0.5, 'y': -0.25}, {'x': -0.25, 'y': -0.125}, {'x': 0.0, 'y': 0.0}, {'x': 0.25, 'y': 0.25}, {'x': 0.5, 'y': 1.25}, {'x': 0.75, 'y': 3.375}, {'x': 1.0, 'y': 7.0}, {'x': 1.25, 'y': 12.5}, {'x': 1.5, 'y': 20.25}, {'x': 1.75, 'y': 30.625}, {'x': 2.0, 'y': 44.0}, {'x': 2.25, 'y': 60.75}, {'x': 2.5, 'y': 81.25}, {'x': 2.75, 'y': 105.875}, {'x': 3.0, 'y': 135.0}]}","{'formula': 'Piecewise((x**2*(4*x + 3), x > 0), (x**2*(-4*x - 3), True))', 'latex': '\\begin{cases} x^{2} \\left(4 x + 3\\right) & \\text{for}\\: x > 0 \\\\x^{2} \\left(- 4 x - 3\\right) & \\text{otherwise} \\end{cases}', 'properties': {'singularities': [], 'is_periodic': False, 'domain': 'R'}}","derivative_of_Piecewise((x**3*(x + 1), x > 0), (x**3*(-x - 1), True))"
MCM_320_2fbad7df,"{'a': 3, 'b': 2, 'c': 0}","{'points': [{'x': -3.0, 'y': 5.4668}, {'x': -2.75, 'y': -1.5805}, {'x': -2.5, 'y': 4.9972}, {'x': -2.25, 'y': 1.5435}, {'x': -2.0, 'y': -2.6146}, {'x': -1.75, 'y': 3.4891}, {'x': -1.5, 'y': 1.8845}, {'x': -1.25, 'y': -0.0207}, {'x': -1.0, 'y': -1.0806}, {'x': -0.75, 'y': -1.2689}, {'x': -0.5, 'y': -0.9689}, {'x': -0.25, 'y': -0.499}, {'x': 0.0, 'y': 0.0}, {'x': 0.25, 'y': 0.499}, {'x': 0.5, 'y': 0.9689}, {'x': 0.75, 'y': 1.2689}, {'x': 1.0, 'y': 1.0806}, {'x': 1.25, 'y': 0.0207}, {'x': 1.5, 'y': -1.8845}, {'x': 1.75, 'y': -3.4891}, {'x': 2.0, 'y': 2.6146}, {'x': 2.25, 'y': -1.5435}, {'x': 2.5, 'y': -4.9972}, {'x': 2.75, 'y': 1.5805}, {'x': 3.0, 'y': -5.4668}]}","{'formula': 'Piecewise((0, Eq(sin(x**2), 0)), (x*sin(2*x**2)/Abs(sin(x**2)), True))', 'latex': '\\begin{cases} 0 & \\text{for}\\: \\sin{\\left(x^{2} \\right)} = 0 \\\\\\frac{x \\sin{\\left(2 x^{2} \\right)}}{\\left|{\\sin{\\left(x^{2} \\right)}}\\right|} & \\text{otherwise} \\end{cases}', 'properties': {'singularities': [], 'is_periodic': False, 'domain': 'R'}}",derivative_of_Abs(sin(x**2))
MCM_320_429f11a9,"{'a': 3, 'b': 2, 'c': 0}","{'points': [{'x': -3.0, 'y': 0.0}, {'x': -2.75, 'y': 0.0}, {'x': -2.5, 'y': 0.0}, {'x': -2.25, 'y': 0.0}, {'x': -2.0, 'y': 0.0}, {'x': -1.75, 'y': 0.0}, {'x': -1.5, 'y': 0.0}, {'x': -1.25, 'y': 0.0}, {'x': -1.0, 'y': 0.0}, {'x': -0.75, 'y': 0.0}, {'x': -0.5, 'y': 0.0}, {'x': -0.25, 'y': 0.0}, {'x': 0.0, 'y': 0.0}, {'x': 0.25, 'y': 0.0}, {'x': 0.5, 'y': 0.0}, {'x': 0.75, 'y': 0.0}, {'x': 1.0, 'y': 0.0}, {'x': 1.25, 'y': 0.0}, {'x': 1.5, 'y': 0.0}, {'x': 1.75, 'y': 0.0}, {'x': 2.0, 'y': 0.0}, {'x': 2.25, 'y': 0.0}, {'x': 2.5, 'y': 0.0}, {'x': 2.75, 'y': 0.0}, {'x': 3.0, 'y': 0.0}]}","{'formula': '4*x*DiracDelta(x**2 - 0.5)', 'latex': '4 x \\delta\\left(x^{2} - 0.5\\right)', 'properties': {'singularities': [], 'is_periodic': False, 'domain': 'R'}}",derivative_of_sign(x**2 - 0.5)
MCM_321_f430d967,"{'a': 3, 'b': 2, 'c': 1}","{'points': [{'x': -3.0, 'y': 5.0091}, {'x': -2.75, 'y': -0.9093}, {'x': -2.5, 'y': 4.9945}, {'x': -2.25, 'y': 0.9112}, {'x': -2.0, 'y': -1.9009}, {'x': -1.75, 'y': 3.4782}, {'x': -1.5, 'y': 1.3423}, {'x': -1.25, 'y': -0.0112}, {'x': -1.0, 'y': -0.7201}, {'x': -0.75, 'y': -1.0927}, {'x': -0.5, 'y': -0.9394}, {'x': -0.25, 'y': -0.4981}, {'x': 0.0, 'y': 0.0}, {'x': 0.25, 'y': 0.4981}, {'x': 0.5, 'y': 0.9394}, {'x': 0.75, 'y': 1.0927}, {'x': 1.0, 'y': 0.7201}, {'x': 1.25, 'y': 0.0112}, {'x': 1.5, 'y': -1.3423}, {'x': 1.75, 'y': -3.4782}, {'x': 2.0, 'y': 1.9009}, {'x': 2.25, 'y': -0.9112}, {'x': 2.5, 'y': -4.9945}, {'x': 2.75, 'y': 0.9093}, {'x': 3.0, 'y': -5.0091}]}","{'formula': 'Piecewise((0, Eq(sin(x**2), 0)), (2*x*sin(x**2)*cos(x**2)*cos(Abs(sin(x**2)))/Abs(sin(x**2)), True))', 'latex': '\\begin{cases} 0 & \\text{for}\\: \\sin{\\left(x^{2} \\right)} = 0 \\\\\\frac{2 x \\sin{\\left(x^{2} \\right)} \\cos{\\left(x^{2} \\right)} \\cos{\\left(\\left|{\\sin{\\left(x^{2} \\right)}}\\right| \\right)}}{\\left|{\\sin{\\left(x^{2} \\right)}}\\right|} & \\text{otherwise} \\end{cases}', 'properties': {'singularities': [], 'is_periodic': False, 'domain': 'R'}}",derivative_of_sin(Abs(sin(x**2)))
MCM_321_611a262a,"{'a': 3, 'b': 2, 'c': 1}","{'points': [{'x': -3.0, 'y': -2.1897}, {'x': -2.75, 'y': 1.2928}, {'x': -2.5, 'y': -0.1658}, {'x': -2.25, 'y': -1.2459}, {'x': -2.0, 'y': 1.7952}, {'x': -1.75, 'y': -0.2754}, {'x': -1.5, 'y': -1.3228}, {'x': -1.25, 'y': 0.0175}, {'x': -1.0, 'y': 0.8057}, {'x': -0.75, 'y': 0.6451}, {'x': -0.5, 'y': 0.2373}, {'x': -0.25, 'y': 0.0311}, {'x': 0.0, 'y': 0.0}, {'x': 0.25, 'y': -0.0311}, {'x': 0.5, 'y': -0.2373}, {'x': 0.75, 'y': -0.6451}, {'x': 1.0, 'y': -0.8057}, {'x': 1.25, 'y': -0.0175}, {'x': 1.5, 'y': 1.3228}, {'x': 1.75, 'y': 0.2754}, {'x': 2.0, 'y': -1.7952}, {'x': 2.25, 'y': 1.2459}, {'x': 2.5, 'y': 0.1658}, {'x': 2.75, 'y': -1.2928}, {'x': 3.0, 'y': 2.1897}]}","{'formula': 'Piecewise((0, Eq(sin(x**2), 0)), (-2*x*sin(x**2)*sin(Abs(sin(x**2)))*cos(x**2)/Abs(sin(x**2)), True))', 'latex': '\\begin{cases} 0 & \\text{for}\\: \\sin{\\left(x^{2} \\right)} = 0 \\\\- \\frac{2 x \\sin{\\left(x^{2} \\right)} \\sin{\\left(\\left|{\\sin{\\left(x^{2} \\right)}}\\right| \\right)} \\cos{\\left(x^{2} \\right)}}{\\left|{\\sin{\\left(x^{2} \\right)}}\\right|} & \\text{otherwise} \\end{cases}', 'properties': {'singularities': [], 'is_periodic': False, 'domain': 'R'}}",derivative_of_cos(Abs(sin(x**2)))
MCM_321_ac30b282,"{'a': 3, 'b': 2, 'c': 1}","{'points': [{'x': -3.0, 'y': 0.0}, {'x': -2.75, 'y': 0.0}, {'x': -2.5, 'y': 0.0}, {'x': -2.25, 'y': 0.0}, {'x': -2.0, 'y': 0.0}, {'x': -1.75, 'y': 0.0}, {'x': -1.5, 'y': 0.0}, {'x': -1.25, 'y': 0.0}, {'x': -1.0, 'y': 0.0}, {'x': -0.75, 'y': 0.0}, {'x': -0.5, 'y': 0.0}, {'x': -0.25, 'y': 0.0}, {'x': 0.0, 'y': 0.0}, {'x': 0.25, 'y': 0.0}, {'x': 0.5, 'y': 0.0}, {'x': 0.75, 'y': 0.0}, {'x': 1.0, 'y': 0.0}, {'x': 1.25, 'y': 0.0}, {'x': 1.5, 'y': 0.0}, {'x': 1.75, 'y': 0.0}, {'x': 2.0, 'y': 0.0}, {'x': 2.25, 'y': 0.0}, {'x': 2.5, 'y': 0.0}, {'x': 2.75, 'y': 0.0}, {'x': 3.0, 'y': 0.0}]}","{'formula': 'Piecewise((4*x*DiracDelta(x**2 - 0.5), Eq(1.0*x**2, 0.5)), (4*x*cos((x**2 - 0.5)/Abs(x**2 - 0.5))*DiracDelta(x**2 - 0.5), True))', 'latex': '\\begin{cases} 4 x \\delta\\left(x^{2} - 0.5\\right) & \\text{for}\\: 1.0 x^{2} = 0.5 \\\\4 x \\cos{\\left(\\frac{x^{2} - 0.5}{\\left|{x^{2} - 0.5}\\right|} \\right)} \\delta\\left(x^{2} - 0.5\\right) & \\text{otherwise} \\end{cases}', 'properties': {'singularities': [], 'is_periodic': False, 'domain': 'R'}}",derivative_of_sin(sign(x**2 - 0.5))
MCM_321_0fe11203,"{'a': 3, 'b': 2, 'c': 1}","{'points': [{'x': -3.0, 'y': 0.0}, {'x': -2.75, 'y': 0.0}, {'x': -2.5, 'y': 0.0}, {'x': -2.25, 'y': 0.0}, {'x': -2.0, 'y': 0.0}, {'x': -1.75, 'y': 0.0}, {'x': -1.5, 'y': 0.0}, {'x': -1.25, 'y': 0.0}, {'x': -1.0, 'y': 0.0}, {'x': -0.75, 'y': 0.0}, {'x': -0.5, 'y': 0.0}, {'x': -0.25, 'y': 0.0}, {'x': 0.0, 'y': 0.0}, {'x': 0.25, 'y': 0.0}, {'x': 0.5, 'y': 0.0}, {'x': 0.75, 'y': 0.0}, {'x': 1.0, 'y': 0.0}, {'x': 1.25, 'y': 0.0}, {'x': 1.5, 'y': 0.0}, {'x': 1.75, 'y': 0.0}, {'x': 2.0, 'y': 0.0}, {'x': 2.25, 'y': 0.0}, {'x': 2.5, 'y': 0.0}, {'x': 2.75, 'y': 0.0}, {'x': 3.0, 'y': 0.0}]}","{'formula': 'Piecewise((0, Eq(1.0*x**2, 0.5)), (-4*x*sin((x**2 - 0.5)/Abs(x**2 - 0.5))*DiracDelta(x**2 - 0.5), True))', 'latex': '\\begin{cases} 0 & \\text{for}\\: 1.0 x^{2} = 0.5 \\\\- 4 x \\sin{\\left(\\frac{x^{2} - 0.5}{\\left|{x^{2} - 0.5}\\right|} \\right)} \\delta\\left(x^{2} - 0.5\\right) & \\text{otherwise} \\end{cases}', 'properties': {'singularities': [], 'is_periodic': False, 'domain': 'R'}}",derivative_of_cos(sign(x**2 - 0.5))
MCM_322_7530dd3d,"{'a': 3, 'b': 2, 'c': 2}","{'points': [{'x': -3.0, 'y': -16.5437}, {'x': -2.75, 'y': -13.2589}, {'x': -2.5, 'y': -10.3443}, {'x': -2.25, 'y': -7.7984}, {'x': -2.0, 'y': -5.6191}, {'x': -1.75, 'y': -3.8034}, {'x': -1.5, 'y': -2.3465}, {'x': -1.25, 'y': -1.2414}, {'x': -1.0, 'y': -0.4762}, {'x': -0.75, 'y': -0.0308}, {'x': -0.5, 'y': 0.1318}, {'x': -0.25, 'y': 0.0862}, {'x': 0.0, 'y': 0.0}, {'x': 0.25, 'y': -0.3212}, {'x': 0.5, 'y': -2.6042}, {'x': 0.75, 'y': -15.6696}, {'x': 1.0, 'y': -270.0}, {'x': 1.25, 'y': -111.9792}, {'x': 1.5, 'y': -2.1094}, {'x': 1.75, 'y': 12.2319}, {'x': 2.0, 'y': 19.2593}, {'x': 2.25, 'y': 24.834}, {'x': 2.5, 'y': 30.1339}, {'x': 2.75, 'y': 35.5208}, {'x': 3.0, 'y': 41.1357}]}","{'formula': 'Piecewise((x**2*(-x*(x + 1) + (x - 1.1)*(4*x + 3))/(x - 1.1)**2, x > 0), (x**2*(x*(x + 1) - (x - 1.1)*(4*x + 3))/(x - 1.1)**2, True))', 'latex': '\\begin{cases} \\frac{x^{2} \\left(- x \\left(x + 1\\right) + \\left(x - 1.1\\right) \\left(4 x + 3\\right)\\right)}{\\left(x - 1.1\\right)^{2}} & \\text{for}\\: x > 0 \\\\\\frac{x^{2} \\left(x \\left(x + 1\\right) - \\left(x - 1.1\\right) \\left(4 x + 3\\right)\\right)}{\\left(x - 1.1\\right)^{2}} & \\text{otherwise} \\end{cases}', 'properties': {'singularities': [], 'is_periodic': False, 'domain': 'R'}}","derivative_of_Piecewise((x**3*(x + 1)/(x - 1.1), x > 0), (x**3*(-x - 1)/(x - 1.1), True))"
MCM_322_aabe590d,"{'a': 3, 'b': 2, 'c': 2}","{'points': [{'x': -3.0, 'y': -1.8064}, {'x': -2.75, 'y': 0.4367}, {'x': -2.5, 'y': -1.9269}, {'x': -2.25, 'y': -0.8269}, {'x': -2.0, 'y': 1.0734}, {'x': -1.75, 'y': -1.9091}, {'x': -1.5, 'y': -1.4818}, {'x': -1.25, 'y': -0.5333}, {'x': -1.0, 'y': 0.2869}, {'x': -0.75, 'y': 0.7547}, {'x': -0.5, 'y': 0.9276}, {'x': -0.25, 'y': 0.9159}, {'x': 0.0, 'y': 0.0}, {'x': 0.25, 'y': 0.5509}, {'x': 0.5, 'y': 0.876}, {'x': 0.75, 'y': 0.6899}, {'x': 1.0, 'y': 0.1618}, {'x': 1.25, 'y': -0.7381}, {'x': 1.5, 'y': -1.7431}, {'x': 1.75, 'y': -2.1436}, {'x': 2.0, 'y': 1.1665}, {'x': 2.25, 'y': -0.9211}, {'x': 2.5, 'y': -2.0879}, {'x': 2.75, 'y': 0.46}, {'x': 3.0, 'y': -1.9341}]}","{'formula': 'Piecewise((-Abs(sin(x**2))/(x - 0.1)**2, Eq(sin(x**2), 0)), ((2*x*(x - 0.1)*cos(x**2) - sin(x**2))*sin(x**2)/((x - 0.1)**2*Abs(sin(x**2))), True))', 'latex': '\\begin{cases} - \\frac{\\left|{\\sin{\\left(x^{2} \\right)}}\\right|}{\\left(x - 0.1\\right)^{2}} & \\text{for}\\: \\sin{\\left(x^{2} \\right)} = 0 \\\\\\frac{\\left(2 x \\left(x - 0.1\\right) \\cos{\\left(x^{2} \\right)} - \\sin{\\left(x^{2} \\right)}\\right) \\sin{\\left(x^{2} \\right)}}{\\left(x - 0.1\\right)^{2} \\left|{\\sin{\\left(x^{2} \\right)}}\\right|} & \\text{otherwise} \\end{cases}', 'properties': {'singularities': [], 'is_periodic': False, 'domain': 'R'}}",derivative_of_Abs(sin(x**2))/(x - 0.1)
MCM_322_09cd1ecd,"{'a': 3, 'b': 2, 'c': 2}","{'points': [{'x': -3.0, 'y': -0.0977}, {'x': -2.75, 'y': -0.1149}, {'x': -2.5, 'y': -0.1372}, {'x': -2.25, 'y': -0.1666}, {'x': -2.0, 'y': -0.2066}, {'x': -1.75, 'y': -0.263}, {'x': -1.5, 'y': -0.346}, {'x': -1.25, 'y': -0.4756}, {'x': -1.0, 'y': -0.6944}, {'x': -0.75, 'y': -1.108}, {'x': -0.5, 'y': 2.0408}, {'x': -0.25, 'y': 4.9383}, {'x': 0.0, 'y': 25.0}, {'x': 0.25, 'y': 400.0}, {'x': 0.5, 'y': 11.1111}, {'x': 0.75, 'y': -3.3058}, {'x': 1.0, 'y': -1.5625}, {'x': 1.25, 'y': -0.907}, {'x': 1.5, 'y': -0.5917}, {'x': 1.75, 'y': -0.4162}, {'x': 2.0, 'y': -0.3086}, {'x': 2.25, 'y': -0.238}, {'x': 2.5, 'y': -0.189}, {'x': 2.75, 'y': -0.1538}, {'x': 3.0, 'y': -0.1276}]}","{'formula': 'Piecewise((4*x*DiracDelta(x**2 - 0.5)/(x - 0.2), Eq(1.0*x**2, 0.5)), ((-x**2 + 4*x*(x - 0.2)*Abs(x**2 - 0.5)*DiracDelta(x**2 - 0.5) + 0.5)/((x - 0.2)**2*Abs(x**2 - 0.5)), True))', 'latex': '\\begin{cases} \\frac{4 x \\delta\\left(x^{2} - 0.5\\right)}{x - 0.2} & \\text{for}\\: 1.0 x^{2} = 0.5 \\\\\\frac{- x^{2} + 4 x \\left(x - 0.2\\right) \\left|{x^{2} - 0.5}\\right| \\delta\\left(x^{2} - 0.5\\right) + 0.5}{\\left(x - 0.2\\right)^{2} \\left|{x^{2} - 0.5}\\right|} & \\text{otherwise} \\end{cases}', 'properties': {'singularities': [], 'is_periodic': False, 'domain': 'R'}}",derivative_of_sign(x**2 - 0.5)/(x - 0.2)
MCM_323_8dbd9939,"{'a': 3, 'b': 2, 'c': 3}","{'points': [{'x': -3.0, 'y': -1.719}, {'x': -2.75, 'y': 0.4218}, {'x': -2.5, 'y': -1.813}, {'x': -2.25, 'y': -0.7563}, {'x': -2.0, 'y': 1.0075}, {'x': -1.75, 'y': -1.73}, {'x': -1.5, 'y': -1.2697}, {'x': -1.25, 'y': -0.3537}, {'x': -1.0, 'y': 0.4069}, {'x': -0.75, 'y': 0.8096}, {'x': -0.5, 'y': 0.8876}, {'x': -0.25, 'y': 0.5838}, {'x': 0.0, 'y': 0.0}, {'x': 0.25, 'y': -9.7398}, {'x': 0.5, 'y': 2.5139}, {'x': 0.75, 'y': 1.662}, {'x': 1.0, 'y': 0.6109}, {'x': 1.25, 'y': -0.5089}, {'x': 1.5, 'y': -1.6416}, {'x': 1.75, 'y': -2.1243}, {'x': 2.0, 'y': 1.1805}, {'x': 2.25, 'y': -0.9209}, {'x': 2.5, 'y': -2.1106}, {'x': 2.75, 'y': 0.4679}, {'x': 3.0, 'y': -1.9604}]}","{'formula': 'Piecewise((-cos(1/(x - 0.2))*Abs(sin(x**2))/(x - 0.2)**2, Eq(sin(x**2), 0)), ((2*x*(x - 0.2)**2*sin(1/(x - 0.2))*cos(x**2) - sin(x**2)*cos(1/(x - 0.2)))*sin(x**2)/((x - 0.2)**2*Abs(sin(x**2))), True))', 'latex': '\\begin{cases} - \\frac{\\cos{\\left(\\frac{1}{x - 0.2} \\right)} \\left|{\\sin{\\left(x^{2} \\right)}}\\right|}{\\left(x - 0.2\\right)^{2}} & \\text{for}\\: \\sin{\\left(x^{2} \\right)} = 0 \\\\\\frac{\\left(2 x \\left(x - 0.2\\right)^{2} \\sin{\\left(\\frac{1}{x - 0.2} \\right)} \\cos{\\left(x^{2} \\right)} - \\sin{\\left(x^{2} \\right)} \\cos{\\left(\\frac{1}{x - 0.2} \\right)}\\right) \\sin{\\left(x^{2} \\right)}}{\\left(x - 0.2\\right)^{2} \\left|{\\sin{\\left(x^{2} \\right)}}\\right|} & \\text{otherwise} \\end{cases}', 'properties': {'singularities': [], 'is_periodic': False, 'domain': 'R'}}",derivative_of_sin(1/(x - 0.2))*Abs(sin(x**2))
MCM_323_2598ad2d,"{'a': 3, 'b': 2, 'c': 3}","{'points': [{'x': -3.0, 'y': 33.6379}, {'x': -2.75, 'y': -13.6709}, {'x': -2.5, 'y': 18.4348}, {'x': -2.25, 'y': 1.5691}, {'x': -2.0, 'y': -7.345}, {'x': -1.75, 'y': 5.9846}, {'x': -1.5, 'y': 1.8587}, {'x': -1.25, 'y': -0.779}, {'x': -1.0, 'y': -1.5582}, {'x': -0.75, 'y': -1.3619}, {'x': -0.5, 'y': -0.8936}, {'x': -0.25, 'y': -0.4384}, {'x': 0.0, 'y': 0.0}, {'x': 0.25, 'y': 0.4384}, {'x': 0.5, 'y': 0.8936}, {'x': 0.75, 'y': 1.3619}, {'x': 1.0, 'y': 1.5582}, {'x': 1.25, 'y': 0.779}, {'x': 1.5, 'y': -1.8587}, {'x': 1.75, 'y': -5.9846}, {'x': 2.0, 'y': 7.345}, {'x': 2.25, 'y': -1.5691}, {'x': 2.5, 'y': -18.4348}, {'x': 2.75, 'y': 13.6709}, {'x': 3.0, 'y': -33.6379}]}","{'formula': 'Piecewise((0, Eq(x, 0)), (x*Abs(sin(x**2)/x)*gamma(Abs(x) + 1.1)*polygamma(0, 1.0*Abs(x) + 1.1), Eq(sin(x**2), 0)), (x*(sin(x**2)**2*Abs(1/x)*polygamma(0, 1.0*Abs(x) + 1.1) + sin(2*x**2))*gamma(Abs(x) + 1.1)/Abs(sin(x**2)), True))', 'latex': '\\begin{cases} 0 & \\text{for}\\: x = 0 \\\\x \\left|{\\frac{\\sin{\\left(x^{2} \\right)}}{x}}\\right| \\Gamma\\left(\\left|{x}\\right| + 1.1\\right) \\operatorname{polygamma}{\\left(0,1.0 \\left|{x}\\right| + 1.1 \\right)} & \\text{for}\\: \\sin{\\left(x^{2} \\right)} = 0 \\\\\\frac{x \\left(\\sin^{2}{\\left(x^{2} \\right)} \\left|{\\frac{1}{x}}\\right| \\operatorname{polygamma}{\\left(0,1.0 \\left|{x}\\right| + 1.1 \\right)} + \\sin{\\left(2 x^{2} \\right)}\\right) \\Gamma\\left(\\left|{x}\\right| + 1.1\\right)}{\\left|{\\sin{\\left(x^{2} \\right)}}\\right|} & \\text{otherwise} \\end{cases}', 'properties': {'singularities': [], 'is_periodic': False, 'domain': 'R'}}",derivative_of_Abs(sin(x**2))*gamma(Abs(x) + 1.1)
MCM_323_172939b7,"{'a': 3, 'b': 2, 'c': 3}","{'points': [{'x': -3.0, 'y': -0.1156}, {'x': -2.75, 'y': -0.1371}, {'x': -2.5, 'y': -0.1649}, {'x': -2.25, 'y': -0.2015}, {'x': -2.0, 'y': -0.2505}, {'x': -1.75, 'y': -0.3168}, {'x': -1.5, 'y': -0.4049}, {'x': -1.25, 'y': -0.5078}, {'x': -1.0, 'y': -0.5317}, {'x': -0.75, 'y': 0.2659}, {'x': -0.5, 'y': -7.8352}, {'x': -0.25, 'y': -83.9072}, {'x': 0.0, 'y': 41.2163}, {'x': 0.25, 'y': -5.0071}, {'x': 0.5, 'y': 0.0765}, {'x': 0.75, 'y': -0.5477}, {'x': 1.0, 'y': -0.4878}, {'x': 1.25, 'y': -0.3855}, {'x': 1.5, 'y': -0.3019}, {'x': 1.75, 'y': -0.2395}, {'x': 2.0, 'y': -0.1934}, {'x': 2.25, 'y': -0.1588}, {'x': 2.5, 'y': -0.1324}, {'x': 2.75, 'y': -0.1119}, {'x': 3.0, 'y': -0.0957}]}","{'formula': 'Piecewise((4*x*sin(1/(x + 0.15))*DiracDelta(x**2 - 0.5), Eq(1.0*x**2, 0.5)), ((4*x*(x + 0.15)**2*sin(1/(x + 0.15))*Abs(x**2 - 0.5)*DiracDelta(x**2 - 0.5) + (0.5 - x**2)*cos(1/(x + 0.15)))/((x + 0.15)**2*Abs(x**2 - 0.5)), True))', 'latex': '\\begin{cases} 4 x \\sin{\\left(\\frac{1}{x + 0.15} \\right)} \\delta\\left(x^{2} - 0.5\\right) & \\text{for}\\: 1.0 x^{2} = 0.5 \\\\\\frac{4 x \\left(x + 0.15\\right)^{2} \\sin{\\left(\\frac{1}{x + 0.15} \\right)} \\left|{x^{2} - 0.5}\\right| \\delta\\left(x^{2} - 0.5\\right) + \\left(0.5 - x^{2}\\right) \\cos{\\left(\\frac{1}{x + 0.15} \\right)}}{\\left(x + 0.15\\right)^{2} \\left|{x^{2} - 0.5}\\right|} & \\text{otherwise} \\end{cases}', 'properties': {'singularities': [], 'is_periodic': False, 'domain': 'R'}}",derivative_of_sin(1/(x + 0.15))*sign(x**2 - 0.5)
MCM_323_625950e1,"{'a': 3, 'b': 2, 'c': 3}","{'points': [{'x': -3.0, 'y': -8.7481}, {'x': -2.75, 'y': -6.0458}, {'x': -2.5, 'y': -4.2213}, {'x': -2.25, 'y': -2.9752}, {'x': -2.0, 'y': -2.1131}, {'x': -1.75, 'y': -1.5075}, {'x': -1.5, 'y': -1.0737}, {'x': -1.25, 'y': -0.7541}, {'x': -1.0, 'y': -0.5079}, {'x': -0.75, 'y': -0.3037}, {'x': -0.5, 'y': 0.1126}, {'x': -0.25, 'y': -0.1015}, {'x': 0.0, 'y': 0.0}, {'x': 0.25, 'y': 0.1015}, {'x': 0.5, 'y': -0.1126}, {'x': 0.75, 'y': 0.3037}, {'x': 1.0, 'y': 0.5079}, {'x': 1.25, 'y': 0.7541}, {'x': 1.5, 'y': 1.0737}, {'x': 1.75, 'y': 1.5075}, {'x': 2.0, 'y': 2.1131}, {'x': 2.25, 'y': 2.9752}, {'x': 2.5, 'y': 4.2213}, {'x': 2.75, 'y': 6.0458}, {'x': 3.0, 'y': 8.7481}]}","{'formula': 'Piecewise((4*x*DiracDelta(1.0*x**2 - 0.5)*gamma(Abs(x) + 1.1), Eq(x, 0) | Eq(1.0*x**2, 0.5)), (4.0*x*(0.25*x**2*polygamma(0, 1.0*Abs(x) + 1.1) + 1.0*Abs(x*(1.0*x**2 - 0.5))*DiracDelta(1.0*x**2 - 0.5) - 0.125*polygamma(0, 1.0*Abs(x) + 1.1))*gamma(Abs(x) + 1.1)/Abs(x*(1.0*x**2 - 0.5)), True))', 'latex': '\\begin{cases} 4 x \\delta\\left(1.0 x^{2} - 0.5\\right) \\Gamma\\left(\\left|{x}\\right| + 1.1\\right) & \\text{for}\\: x = 0 \\vee 1.0 x^{2} = 0.5 \\\\\\frac{4.0 x \\left(0.25 x^{2} \\operatorname{polygamma}{\\left(0,1.0 \\left|{x}\\right| + 1.1 \\right)} + 1.0 \\left|{x \\left(1.0 x^{2} - 0.5\\right)}\\right| \\delta\\left(1.0 x^{2} - 0.5\\right) - 0.125 \\operatorname{polygamma}{\\left(0,1.0 \\left|{x}\\right| + 1.1 \\right)}\\right) \\Gamma\\left(\\left|{x}\\right| + 1.1\\right)}{\\left|{x \\left(1.0 x^{2} - 0.5\\right)}\\right|} & \\text{otherwise} \\end{cases}', 'properties': {'singularities': [], 'is_periodic': False, 'domain': 'R'}}",derivative_of_gamma(Abs(x) + 1.1)*sign(x**2 - 0.5)
MCM_330_7e516892,"{'a': 3, 'b': 3, 'c': 0}","{'points': [{'x': -3.0, 'y': -0.0}, {'x': -2.75, 'y': -0.0}, {'x': -2.5, 'y': -0.0}, {'x': -2.25, 'y': -0.0}, {'x': -2.0, 'y': -0.0}, {'x': -1.75, 'y': -0.0}, {'x': -1.5, 'y': -0.0}, {'x': -1.25, 'y': -0.0227}, {'x': -1.0, 'y': -1.6604}, {'x': -0.75, 'y': -1.7227}, {'x': -0.5, 'y': -0.562}, {'x': -0.25, 'y': -0.0705}, {'x': 0.0, 'y': 0.0}, {'x': 0.25, 'y': 0.0705}, {'x': 0.5, 'y': 0.562}, {'x': 0.75, 'y': 1.7227}, {'x': 1.0, 'y': 1.6604}, {'x': 1.25, 'y': 0.0227}, {'x': 1.5, 'y': 0.0}, {'x': 1.75, 'y': 0.0}, {'x': 2.0, 'y': 0.0}, {'x': 2.25, 'y': 0.0}, {'x': 2.5, 'y': 0.0}, {'x': 2.75, 'y': 0.0}, {'x': 3.0, 'y': 0.0}]}","{'formula': '8*x**3*exp(-x**8)/sqrt(pi)', 'latex': '\\frac{8 x^{3} e^{- x^{8}}}{\\sqrt{\\pi}}', 'properties': {'singularities': [], 'is_periodic': False, 'domain': 'R'}}",derivative_of_erf(x**4)
MCM_330_ff40144c,"{'a': 3, 'b': 3, 'c': 0}","{'points': [{'x': -3.0, 'y': 1.6225}, {'x': -2.75, 'y': -6.9887}, {'x': -2.5, 'y': -4.5182}, {'x': -2.25, 'y': 5.0865}, {'x': -2.0, 'y': 4.6927}, {'x': -1.75, 'y': -0.8997}, {'x': -1.5, 'y': 3.8948}, {'x': -1.25, 'y': 0.7404}, {'x': -1.0, 'y': 0.0}, {'x': -0.75, 'y': 0.0}, {'x': -0.5, 'y': 0.0078}, {'x': -0.25, 'y': 0.0007}, {'x': 0.0, 'y': 0.0}, {'x': 0.25, 'y': -0.0024}, {'x': 0.5, 'y': -0.1167}, {'x': 0.75, 'y': -1.1629}, {'x': 1.0, 'y': -4.0371}, {'x': 1.25, 'y': 2.5144}, {'x': 1.5, 'y': -5.5076}, {'x': 1.75, 'y': -6.2901}, {'x': 2.0, 'y': 6.7777}, {'x': 2.25, 'y': 7.9142}, {'x': 2.5, 'y': 4.2176}, {'x': 2.75, 'y': -9.2949}, {'x': 3.0, 'y': -4.0737}]}","{'formula': 'Piecewise((0, Eq(x**4 + x**3, 0)), (-x**3*(x + 1)*(4*x + 3)*besselj(1, x**2*Abs(x*(x + 1)))/Abs(x*(x + 1)), True))', 'latex': '\\begin{cases} 0 & \\text{for}\\: x^{4} + x^{3} = 0 \\\\- \\frac{x^{3} \\left(x + 1\\right) \\left(4 x + 3\\right) J_{1}\\left(x^{2} \\left|{x \\left(x + 1\\right)}\\right|\\right)}{\\left|{x \\left(x + 1\\right)}\\right|} & \\text{otherwise} \\end{cases}', 'properties': {'singularities': [], 'is_periodic': False, 'domain': 'R'}}","derivative_of_besselj(0, Abs(x**4 + x**3))"
MCM_330_51dc99d7,"{'a': 3, 'b': 3, 'c': 0}","{'points': [{'x': -3.0, 'y': -0.2141}, {'x': -2.75, 'y': 0.0157}, {'x': -2.5, 'y': 0.1509}, {'x': -2.25, 'y': 0.2044}, {'x': -2.0, 'y': 0.1791}, {'x': -1.75, 'y': 0.088}, {'x': -1.5, 'y': -0.0358}, {'x': -1.25, 'y': -0.1462}, {'x': -1.0, 'y': -0.2028}, {'x': -0.75, 'y': -0.184}, {'x': -0.5, 'y': -0.0847}, {'x': -0.25, 'y': 0.1008}, {'x': 0.0, 'y': 0.0}, {'x': 0.25, 'y': -0.1008}, {'x': 0.5, 'y': 0.0847}, {'x': 0.75, 'y': 0.184}, {'x': 1.0, 'y': 0.2028}, {'x': 1.25, 'y': 0.1462}, {'x': 1.5, 'y': 0.0358}, {'x': 1.75, 'y': -0.088}, {'x': 2.0, 'y': -0.1791}, {'x': 2.25, 'y': -0.2044}, {'x': 2.5, 'y': -0.1509}, {'x': 2.75, 'y': -0.0157}, {'x': 3.0, 'y': 0.2141}]}","{'formula': 'Piecewise((0, Eq(sin(x), 0)), (sin(2*x)*gamma(Abs(sin(x)) + 1.1)*polygamma(0, 1.0*Abs(sin(x)) + 1.1)/(2*Abs(sin(x))), True))', 'latex': '\\begin{cases} 0 & \\text{for}\\: \\sin{\\left(x \\right)} = 0 \\\\\\frac{\\sin{\\left(2 x \\right)} \\Gamma\\left(\\left|{\\sin{\\left(x \\right)}}\\right| + 1.1\\right) \\operatorname{polygamma}{\\left(0,1.0 \\left|{\\sin{\\left(x \\right)}}\\right| + 1.1 \\right)}}{2 \\left|{\\sin{\\left(x \\right)}}\\right|} & \\text{otherwise} \\end{cases}', 'properties': {'singularities': [], 'is_periodic': False, 'domain': 'R'}}",derivative_of_gamma(Abs(sin(x)) + 1.1)
MCM_330_e0d16e0f,"{'a': 3, 'b': 3, 'c': 0}","{'points': [{'x': -3.0, 'y': 0.2608}, {'x': -2.75, 'y': 1.5026}, {'x': -2.5, 'y': 0.3429}, {'x': -2.25, 'y': -1.1877}, {'x': -2.0, 'y': -1.3103}, {'x': -1.75, 'y': -0.3133}, {'x': -1.5, 'y': 0.7234}, {'x': -1.25, 'y': 1.2026}, {'x': -1.0, 'y': 1.1534}, {'x': -0.75, 'y': 0.8488}, {'x': -0.5, 'y': 0.5106}, {'x': -0.25, 'y': 0.2299}, {'x': 0.0, 'y': 0.0}, {'x': 0.25, 'y': -0.2299}, {'x': 0.5, 'y': -0.5106}, {'x': 0.75, 'y': -0.8488}, {'x': 1.0, 'y': -1.1534}, {'x': 1.25, 'y': -1.2026}, {'x': 1.5, 'y': -0.7234}, {'x': 1.75, 'y': 0.3133}, {'x': 2.0, 'y': 1.3103}, {'x': 2.25, 'y': 1.1877}, {'x': 2.5, 'y': -0.3429}, {'x': 2.75, 'y': -1.5026}, {'x': 3.0, 'y': -0.2608}]}","{'formula': '-2*x*besselj(1, x**2 + 1)', 'latex': '- 2 x J_{1}\\left(x^{2} + 1\\right)', 'properties': {'singularities': [], 'is_periodic': False, 'domain': 'R'}}","derivative_of_besselj(0, x**2 + 1)"
MCM_330_47587042,"{'a': 3, 'b': 3, 'c': 0}","{'points': [{'x': -3.0, 'y': -1.0951}, {'x': -2.75, 'y': -0.9016}, {'x': -2.5, 'y': -0.6319}, {'x': -2.25, 'y': -0.3869}, {'x': -2.0, 'y': -0.2054}, {'x': -1.75, 'y': -0.0764}, {'x': -1.5, 'y': 0.0295}, {'x': -1.25, 'y': 0.1446}, {'x': -1.0, 'y': 0.3003}, {'x': -0.75, 'y': 0.5188}, {'x': -0.5, 'y': 0.7869}, {'x': -0.25, 'y': 1.0284}, {'x': 0.0, 'y': 1.1284}, {'x': 0.25, 'y': 1.0284}, {'x': 0.5, 'y': 0.7869}, {'x': 0.75, 'y': 0.5188}, {'x': 1.0, 'y': 0.3003}, {'x': 1.25, 'y': 0.1446}, {'x': 1.5, 'y': 0.0295}, {'x': 1.75, 'y': -0.0764}, {'x': 2.0, 'y': -0.2054}, {'x': 2.25, 'y': -0.3869}, {'x': 2.5, 'y': -0.6319}, {'x': 2.75, 'y': -0.9016}, {'x': 3.0, 'y': -1.0951}]}","{'formula': '2*exp(-sin(x)**2)*cos(x)/sqrt(pi)', 'latex': '\\frac{2 e^{- \\sin^{2}{\\left(x \\right)}} \\cos{\\left(x \\right)}}{\\sqrt{\\pi}}', 'properties': {'singularities': [], 'is_periodic': False, 'domain': 'R'}}",derivative_of_erf(sin(x))
MCM_331_91b98e5c,"{'a': 3, 'b': 3, 'c': 1}","{'points': [{'x': -3.0, 'y': -0.0}, {'x': -2.75, 'y': -0.0}, {'x': -2.5, 'y': -0.0}, {'x': -2.25, 'y': -0.0}, {'x': -2.0, 'y': -0.0}, {'x': -1.75, 'y': -0.0}, {'x': -1.5, 'y': -0.0}, {'x': -1.25, 'y': -0.0123}, {'x': -1.0, 'y': -1.1049}, {'x': -0.75, 'y': -1.621}, {'x': -0.5, 'y': -0.5606}, {'x': -0.25, 'y': -0.0705}, {'x': 0.0, 'y': 0.0}, {'x': 0.25, 'y': 0.0705}, {'x': 0.5, 'y': 0.5606}, {'x': 0.75, 'y': 1.621}, {'x': 1.0, 'y': 1.1049}, {'x': 1.25, 'y': 0.0123}, {'x': 1.5, 'y': 0.0}, {'x': 1.75, 'y': 0.0}, {'x': 2.0, 'y': 0.0}, {'x': 2.25, 'y': 0.0}, {'x': 2.5, 'y': 0.0}, {'x': 2.75, 'y': 0.0}, {'x': 3.0, 'y': 0.0}]}","{'formula': '8*x**3*exp(-x**8)*cos(erf(x**4))/sqrt(pi)', 'latex': '\\frac{8 x^{3} e^{- x^{8}} \\cos{\\left(\\operatorname{erf}{\\left(x^{4} \\right)} \\right)}}{\\sqrt{\\pi}}', 'properties': {'singularities': [], 'is_periodic': False, 'domain': 'R'}}",derivative_of_sin(erf(x**4))
MCM_331_8895c6ab,"{'a': 3, 'b': 3, 'c': 1}","{'points': [{'x': -3.0, 'y': -0.1317}, {'x': -2.75, 'y': 0.0099}, {'x': -2.5, 'y': 0.0928}, {'x': -2.25, 'y': 0.1182}, {'x': -2.0, 'y': 0.0962}, {'x': -1.75, 'y': 0.0447}, {'x': -1.5, 'y': -0.0179}, {'x': -1.25, 'y': -0.0763}, {'x': -1.0, 'y': -0.1135}, {'x': -0.75, 'y': -0.1105}, {'x': -0.5, 'y': -0.0532}, {'x': -0.25, 'y': 0.0633}, {'x': 0.0, 'y': 0.0}, {'x': 0.25, 'y': -0.0633}, {'x': 0.5, 'y': 0.0532}, {'x': 0.75, 'y': 0.1105}, {'x': 1.0, 'y': 0.1135}, {'x': 1.25, 'y': 0.0763}, {'x': 1.5, 'y': 0.0179}, {'x': 1.75, 'y': -0.0447}, {'x': 2.0, 'y': -0.0962}, {'x': 2.25, 'y': -0.1182}, {'x': 2.5, 'y': -0.0928}, {'x': 2.75, 'y': -0.0099}, {'x': 3.0, 'y': 0.1317}]}","{'formula': 'Piecewise((0, Eq(sin(x), 0)), (sin(x)*cos(x)*cos(gamma(Abs(sin(x)) + 1.1))*gamma(Abs(sin(x)) + 1.1)*polygamma(0, 1.0*Abs(sin(x)) + 1.1)/Abs(sin(x)), True))', 'latex': '\\begin{cases} 0 & \\text{for}\\: \\sin{\\left(x \\right)} = 0 \\\\\\frac{\\sin{\\left(x \\right)} \\cos{\\left(x \\right)} \\cos{\\left(\\Gamma\\left(\\left|{\\sin{\\left(x \\right)}}\\right| + 1.1\\right) \\right)} \\Gamma\\left(\\left|{\\sin{\\left(x \\right)}}\\right| + 1.1\\right) \\operatorname{polygamma}{\\left(0,1.0 \\left|{\\sin{\\left(x \\right)}}\\right| + 1.1 \\right)}}{\\left|{\\sin{\\left(x \\right)}}\\right|} & \\text{otherwise} \\end{cases}', 'properties': {'singularities': [], 'is_periodic': False, 'domain': 'R'}}",derivative_of_sin(gamma(Abs(sin(x)) + 1.1))
MCM_331_d9224655,"{'a': 3, 'b': 3, 'c': 1}","{'points': [{'x': -3.0, 'y': 0.1688}, {'x': -2.75, 'y': -0.0122}, {'x': -2.5, 'y': -0.119}, {'x': -2.25, 'y': -0.1668}, {'x': -2.0, 'y': -0.1511}, {'x': -1.75, 'y': -0.0758}, {'x': -1.5, 'y': 0.0309}, {'x': -1.25, 'y': 0.1247}, {'x': -1.0, 'y': 0.168}, {'x': -0.75, 'y': 0.1471}, {'x': -0.5, 'y': 0.0659}, {'x': -0.25, 'y': -0.0784}, {'x': 0.0, 'y': 0.0}, {'x': 0.25, 'y': 0.0784}, {'x': 0.5, 'y': -0.0659}, {'x': 0.75, 'y': -0.1471}, {'x': 1.0, 'y': -0.168}, {'x': 1.25, 'y': -0.1247}, {'x': 1.5, 'y': -0.0309}, {'x': 1.75, 'y': 0.0758}, {'x': 2.0, 'y': 0.1511}, {'x': 2.25, 'y': 0.1668}, {'x': 2.5, 'y': 0.119}, {'x': 2.75, 'y': 0.0122}, {'x': 3.0, 'y': -0.1688}]}","{'formula': 'Piecewise((0, Eq(sin(x), 0)), (-sin(x)*sin(gamma(Abs(sin(x)) + 1.1))*cos(x)*gamma(Abs(sin(x)) + 1.1)*polygamma(0, 1.0*Abs(sin(x)) + 1.1)/Abs(sin(x)), True))', 'latex': '\\begin{cases} 0 & \\text{for}\\: \\sin{\\left(x \\right)} = 0 \\\\- \\frac{\\sin{\\left(x \\right)} \\sin{\\left(\\Gamma\\left(\\left|{\\sin{\\left(x \\right)}}\\right| + 1.1\\right) \\right)} \\cos{\\left(x \\right)} \\Gamma\\left(\\left|{\\sin{\\left(x \\right)}}\\right| + 1.1\\right) \\operatorname{polygamma}{\\left(0,1.0 \\left|{\\sin{\\left(x \\right)}}\\right| + 1.1 \\right)}}{\\left|{\\sin{\\left(x \\right)}}\\right|} & \\text{otherwise} \\end{cases}', 'properties': {'singularities': [], 'is_periodic': False, 'domain': 'R'}}",derivative_of_cos(gamma(Abs(sin(x)) + 1.1))
MCM_331_85047560,"{'a': 3, 'b': 3, 'c': 1}","{'points': [{'x': -3.0, 'y': 0.253}, {'x': -2.75, 'y': 1.5022}, {'x': -2.5, 'y': 0.3284}, {'x': -2.25, 'y': -1.1711}, {'x': -2.0, 'y': -1.2897}, {'x': -1.75, 'y': -0.2895}, {'x': -1.5, 'y': 0.6837}, {'x': -1.25, 'y': 1.1988}, {'x': -1.0, 'y': 1.1247}, {'x': -0.75, 'y': 0.7542}, {'x': -0.5, 'y': 0.4078}, {'x': -0.25, 'y': 0.1702}, {'x': 0.0, 'y': 0.0}, {'x': 0.25, 'y': -0.1702}, {'x': 0.5, 'y': -0.4078}, {'x': 0.75, 'y': -0.7542}, {'x': 1.0, 'y': -1.1247}, {'x': 1.25, 'y': -1.1988}, {'x': 1.5, 'y': -0.6837}, {'x': 1.75, 'y': 0.2895}, {'x': 2.0, 'y': 1.2897}, {'x': 2.25, 'y': 1.1711}, {'x': 2.5, 'y': -0.3284}, {'x': 2.75, 'y': -1.5022}, {'x': 3.0, 'y': -0.253}]}","{'formula': '-2*x*cos(besselj(0, x**2 + 1))*besselj(1, x**2 + 1)', 'latex': '- 2 x \\cos{\\left(J_{0}\\left(x^{2} + 1\\right) \\right)} J_{1}\\left(x^{2} + 1\\right)', 'properties': {'singularities': [], 'is_periodic': False, 'domain': 'R'}}","derivative_of_sin(besselj(0, x**2 + 1))"
MCM_331_316f18ed,"{'a': 3, 'b': 3, 'c': 1}","{'points': [{'x': -3.0, 'y': 0.0635}, {'x': -2.75, 'y': -0.0374}, {'x': -2.5, 'y': -0.0987}, {'x': -2.25, 'y': 0.1981}, {'x': -2.0, 'y': -0.2315}, {'x': -1.75, 'y': -0.1198}, {'x': -1.5, 'y': 0.2363}, {'x': -1.25, 'y': 0.0949}, {'x': -1.0, 'y': -0.2561}, {'x': -0.75, 'y': -0.3895}, {'x': -0.5, 'y': -0.3074}, {'x': -0.25, 'y': -0.1545}, {'x': 0.0, 'y': 0.0}, {'x': 0.25, 'y': 0.1545}, {'x': 0.5, 'y': 0.3074}, {'x': 0.75, 'y': 0.3895}, {'x': 1.0, 'y': 0.2561}, {'x': 1.25, 'y': -0.0949}, {'x': 1.5, 'y': -0.2363}, {'x': 1.75, 'y': 0.1198}, {'x': 2.0, 'y': 0.2315}, {'x': 2.25, 'y': -0.1981}, {'x': 2.5, 'y': 0.0987}, {'x': 2.75, 'y': 0.0374}, {'x': 3.0, 'y': -0.0635}]}","{'formula': '2*x*sin(besselj(0, x**2 + 1))*besselj(1, x**2 + 1)', 'latex': '2 x \\sin{\\left(J_{0}\\left(x^{2} + 1\\right) \\right)} J_{1}\\left(x^{2} + 1\\right)', 'properties': {'singularities': [], 'is_periodic': False, 'domain': 'R'}}","derivative_of_cos(besselj(0, x**2 + 1))"
MCM_331_6cf53c76,"{'a': 3, 'b': 3, 'c': 1}","{'points': [{'x': -3.0, 'y': -1.0814}, {'x': -2.75, 'y': -0.8266}, {'x': -2.5, 'y': -0.5205}, {'x': -2.25, 'y': -0.2886}, {'x': -2.0, 'y': -0.1429}, {'x': -1.75, 'y': -0.0512}, {'x': -1.5, 'y': 0.0197}, {'x': -1.25, 'y': 0.0986}, {'x': -1.0, 'y': 0.2164}, {'x': -0.75, 'y': 0.4083}, {'x': -0.5, 'y': 0.6897}, {'x': -0.25, 'y': 0.9901}, {'x': 0.0, 'y': 1.1284}, {'x': 0.25, 'y': 0.9901}, {'x': 0.5, 'y': 0.6897}, {'x': 0.75, 'y': 0.4083}, {'x': 1.0, 'y': 0.2164}, {'x': 1.25, 'y': 0.0986}, {'x': 1.5, 'y': 0.0197}, {'x': 1.75, 'y': -0.0512}, {'x': 2.0, 'y': -0.1429}, {'x': 2.25, 'y': -0.2886}, {'x': 2.5, 'y': -0.5205}, {'x': 2.75, 'y': -0.8266}, {'x': 3.0, 'y': -1.0814}]}","{'formula': '2*exp(-sin(x)**2)*cos(x)*cos(erf(sin(x)))/sqrt(pi)', 'latex': '\\frac{2 e^{- \\sin^{2}{\\left(x \\right)}} \\cos{\\left(x \\right)} \\cos{\\left(\\operatorname{erf}{\\left(\\sin{\\left(x \\right)} \\right)} \\right)}}{\\sqrt{\\pi}}', 'properties': {'singularities': [], 'is_periodic': False, 'domain': 'R'}}",derivative_of_sin(erf(sin(x)))
MCM_331_dd52c8bb,"{'a': 3, 'b': 3, 'c': 1}","{'points': [{'x': -3.0, 'y': -0.1725}, {'x': -2.75, 'y': -0.3599}, {'x': -2.5, 'y': -0.3582}, {'x': -2.25, 'y': -0.2577}, {'x': -2.0, 'y': -0.1476}, {'x': -1.75, 'y': -0.0567}, {'x': -1.5, 'y': 0.022}, {'x': -1.25, 'y': 0.1057}, {'x': -1.0, 'y': 0.2082}, {'x': -0.75, 'y': 0.3201}, {'x': -0.5, 'y': 0.3788}, {'x': -0.25, 'y': 0.2778}, {'x': 0.0, 'y': 0.0}, {'x': 0.25, 'y': -0.2778}, {'x': 0.5, 'y': -0.3788}, {'x': 0.75, 'y': -0.3201}, {'x': 1.0, 'y': -0.2082}, {'x': 1.25, 'y': -0.1057}, {'x': 1.5, 'y': -0.022}, {'x': 1.75, 'y': 0.0567}, {'x': 2.0, 'y': 0.1476}, {'x': 2.25, 'y': 0.2577}, {'x': 2.5, 'y': 0.3582}, {'x': 2.75, 'y': 0.3599}, {'x': 3.0, 'y': 0.1725}]}","{'formula': '-2*exp(-sin(x)**2)*sin(erf(sin(x)))*cos(x)/sqrt(pi)', 'latex': '- \\frac{2 e^{- \\sin^{2}{\\left(x \\right)}} \\sin{\\left(\\operatorname{erf}{\\left(\\sin{\\left(x \\right)} \\right)} \\right)} \\cos{\\left(x \\right)}}{\\sqrt{\\pi}}', 'properties': {'singularities': [], 'is_periodic': False, 'domain': 'R'}}",derivative_of_cos(erf(sin(x)))
MCM_332_42e72790,"{'a': 3, 'b': 3, 'c': 2}","{'points': [{'x': -3.0, 'y': -0.1041}, {'x': -2.75, 'y': -0.1231}, {'x': -2.5, 'y': -0.1479}, {'x': -2.25, 'y': -0.1811}, {'x': -2.0, 'y': -0.2268}, {'x': -1.75, 'y': -0.2922}, {'x': -1.5, 'y': -0.3906}, {'x': -1.25, 'y': -0.5316}, {'x': -1.0, 'y': 0.813}, {'x': -0.75, 'y': 1.5486}, {'x': -0.5, 'y': 0.741}, {'x': -0.25, 'y': 0.1655}, {'x': 0.0, 'y': 0.0}, {'x': 0.25, 'y': 0.2743}, {'x': 0.5, 'y': 0.9648}, {'x': 0.75, 'y': 1.8327}, {'x': 1.0, 'y': 0.8046}, {'x': 1.25, 'y': -0.736}, {'x': 1.5, 'y': -0.5102}, {'x': 1.75, 'y': -0.3673}, {'x': 2.0, 'y': -0.277}, {'x': 2.25, 'y': -0.2163}, {'x': 2.5, 'y': -0.1736}, {'x': 2.75, 'y': -0.1424}, {'x': 3.0, 'y': -0.1189}]}","{'formula': '(8*x**3*(x - 0.1) - sqrt(pi)*exp(x**8)*erf(x**4))*exp(-x**8)/(sqrt(pi)*(x - 0.1)**2)', 'latex': '\\frac{\\left(8 x^{3} \\left(x - 0.1\\right) - \\sqrt{\\pi} e^{x^{8}} \\operatorname{erf}{\\left(x^{4} \\right)}\\right) e^{- x^{8}}}{\\sqrt{\\pi} \\left(x - 0.1\\right)^{2}}', 'properties': {'singularities': [], 'is_periodic': False, 'domain': 'R'}}",derivative_of_erf(x**4)/(x - 0.1)
MCM_332_f7f5f094,"{'a': 3, 'b': 3, 'c': 2}","{'points': [{'x': -3.0, 'y': -0.3894}, {'x': -2.75, 'y': 1.8197}, {'x': -2.5, 'y': 1.2651}, {'x': -2.25, 'y': -1.5304}, {'x': -2.0, 'y': -1.5316}, {'x': -1.75, 'y': 0.3644}, {'x': -1.5, 'y': -1.5579}, {'x': -1.25, 'y': -0.4855}, {'x': -1.0, 'y': -0.2268}, {'x': -0.75, 'y': -0.2914}, {'x': -0.5, 'y': -0.3951}, {'x': -0.25, 'y': -0.5492}, {'x': 0.0, 'y': -0.8264}, {'x': 0.25, 'y': -1.3811}, {'x': 0.5, 'y': -2.559}, {'x': 0.75, 'y': -3.7657}, {'x': 1.0, 'y': 17.9817}, {'x': 1.25, 'y': 32.0232}, {'x': 1.5, 'y': -14.1376}, {'x': 1.75, 'y': -9.7713}, {'x': 2.0, 'y': 7.6002}, {'x': 2.25, 'y': 6.8717}, {'x': 2.5, 'y': 3.061}, {'x': 2.75, 'y': -5.6256}, {'x': 3.0, 'y': -2.1637}]}","{'formula': 'Piecewise(((-2*x*(x - 1.1)*Abs(x*(x + 1))*besselj(1, x**2*Abs(x*(x + 1))) - besselj(0, x**2*Abs(x*(x + 1))))/(x - 1.1)**2, Eq(x**2 + x, 0)), ((-x**3*(x - 1.1)*(x + 1)*(4*x + 3)*besselj(1, x**2*Abs(x*(x + 1))) - Abs(x*(x + 1))*besselj(0, x**2*Abs(x*(x + 1))))/((x - 1.1)**2*Abs(x*(x + 1))), True))', 'latex': '\\begin{cases} \\frac{- 2 x \\left(x - 1.1\\right) \\left|{x \\left(x + 1\\right)}\\right| J_{1}\\left(x^{2} \\left|{x \\left(x + 1\\right)}\\right|\\right) - J_{0}\\left(x^{2} \\left|{x \\left(x + 1\\right)}\\right|\\right)}{\\left(x - 1.1\\right)^{2}} & \\text{for}\\: x^{2} + x = 0 \\\\\\frac{- x^{3} \\left(x - 1.1\\right) \\left(x + 1\\right) \\left(4 x + 3\\right) J_{1}\\left(x^{2} \\left|{x \\left(x + 1\\right)}\\right|\\right) - \\left|{x \\left(x + 1\\right)}\\right| J_{0}\\left(x^{2} \\left|{x \\left(x + 1\\right)}\\right|\\right)}{\\left(x - 1.1\\right)^{2} \\left|{x \\left(x + 1\\right)}\\right|} & \\text{otherwise} \\end{cases}', 'properties': {'singularities': [], 'is_periodic': False, 'domain': 'R'}}","derivative_of_besselj(0, x**2*Abs(x*(x + 1)))/(x - 1.1)"
MCM_332_1b1b3912,"{'a': 3, 'b': 3, 'c': 2}","{'points': [{'x': -3.0, 'y': -0.0254}, {'x': -2.75, 'y': -0.1146}, {'x': -2.5, 'y': -0.1924}, {'x': -2.25, 'y': -0.2598}, {'x': -2.0, 'y': -0.313}, {'x': -1.75, 'y': -0.351}, {'x': -1.5, 'y': -0.3859}, {'x': -1.25, 'y': -0.4523}, {'x': -1.0, 'y': -0.6228}, {'x': -0.75, 'y': -1.0661}, {'x': -0.5, 'y': -2.3349}, {'x': -0.25, 'y': -7.5649}, {'x': 0.0, 'y': -95.1351}, {'x': 0.25, 'y': -40.2907}, {'x': 0.5, 'y': -5.3594}, {'x': 0.75, 'y': -1.9102}, {'x': 1.0, 'y': -0.9804}, {'x': 1.25, 'y': -0.6454}, {'x': 1.5, 'y': -0.5077}, {'x': 1.75, 'y': -0.4348}, {'x': 2.0, 'y': -0.3724}, {'x': 2.25, 'y': -0.3016}, {'x': 2.5, 'y': -0.2206}, {'x': 2.75, 'y': -0.1321}, {'x': 3.0, 'y': -0.0342}]}","{'formula': 'Piecewise((-1.0*gamma(Abs(sin(x)) + 1.1)/(1.0*x - 0.1)**2, Eq(sin(x), 0)), ((0.5*x*sin(2*x)*polygamma(0, 1.0*Abs(sin(x)) + 1.1) - 0.05*sin(2*x)*polygamma(0, 1.0*Abs(sin(x)) + 1.1) - 1.0*Abs(sin(x)))*gamma(Abs(sin(x)) + 1.1)/((1.0*x - 0.1)**2*Abs(sin(x))), True))', 'latex': '\\begin{cases} - \\frac{1.0 \\Gamma\\left(\\left|{\\sin{\\left(x \\right)}}\\right| + 1.1\\right)}{\\left(1.0 x - 0.1\\right)^{2}} & \\text{for}\\: \\sin{\\left(x \\right)} = 0 \\\\\\frac{\\left(0.5 x \\sin{\\left(2 x \\right)} \\operatorname{polygamma}{\\left(0,1.0 \\left|{\\sin{\\left(x \\right)}}\\right| + 1.1 \\right)} - 0.05 \\sin{\\left(2 x \\right)} \\operatorname{polygamma}{\\left(0,1.0 \\left|{\\sin{\\left(x \\right)}}\\right| + 1.1 \\right)} - 1.0 \\left|{\\sin{\\left(x \\right)}}\\right|\\right) \\Gamma\\left(\\left|{\\sin{\\left(x \\right)}}\\right| + 1.1\\right)}{\\left(1.0 x - 0.1\\right)^{2} \\left|{\\sin{\\left(x \\right)}}\\right|} & \\text{otherwise} \\end{cases}', 'properties': {'singularities': [], 'is_periodic': False, 'domain': 'R'}}",derivative_of_gamma(Abs(sin(x)) + 1.1)/(x - 0.1)
MCM_332_7422746f,"{'a': 3, 'b': 3, 'c': 2}","{'points': [{'x': -3.0, 'y': -0.0575}, {'x': -2.75, 'y': -0.5122}, {'x': -2.5, 'y': -0.1671}, {'x': -2.25, 'y': 0.4569}, {'x': -2.0, 'y': 0.6323}, {'x': -1.75, 'y': 0.2638}, {'x': -1.5, 'y': -0.3104}, {'x': -1.25, 'y': -0.7918}, {'x': -1.0, 'y': -1.1167}, {'x': -0.75, 'y': -1.4217}, {'x': -0.5, 'y': -2.0476}, {'x': -0.25, 'y': -4.1507}, {'x': 0.0, 'y': -19.1299}, {'x': 0.25, 'y': -299.4264}, {'x': 0.5, 'y': -8.8788}, {'x': 0.75, 'y': -3.1192}, {'x': 1.0, 'y': -1.7916}, {'x': 1.25, 'y': -1.0737}, {'x': 1.5, 'y': -0.3595}, {'x': 1.75, 'y': 0.3654}, {'x': 2.0, 'y': 0.7828}, {'x': 2.25, 'y': 0.5395}, {'x': 2.5, 'y': -0.2043}, {'x': 2.75, 'y': -0.5931}, {'x': 3.0, 'y': -0.0618}]}","{'formula': '(-2*x*(x - 0.2)*besselj(1, x**2 + 1) - besselj(0, x**2 + 1))/(x - 0.2)**2', 'latex': '\\frac{- 2 x \\left(x - 0.2\\right) J_{1}\\left(x^{2} + 1\\right) - J_{0}\\left(x^{2} + 1\\right)}{\\left(x - 0.2\\right)^{2}}', 'properties': {'singularities': [], 'is_periodic': False, 'domain': 'R'}}","derivative_of_besselj(0, x**2 + 1)/(x - 0.2)"
MCM_332_5181a122,"{'a': 3, 'b': 3, 'c': 2}","{'points': [{'x': -3.0, 'y': 0.4037}, {'x': -2.75, 'y': 0.4075}, {'x': -2.5, 'y': 0.378}, {'x': -2.25, 'y': 0.3495}, {'x': -2.0, 'y': 0.3452}, {'x': -1.75, 'y': 0.3743}, {'x': -1.5, 'y': 0.44}, {'x': -1.25, 'y': 0.5466}, {'x': -1.0, 'y': 0.7068}, {'x': -0.75, 'y': 0.9824}, {'x': -0.5, 'y': 1.8516}, {'x': -0.25, 'y': 17.0734}, {'x': 0.0, 'y': 7.5225}, {'x': 0.25, 'y': 0.8611}, {'x': 0.5, 'y': 0.0219}, {'x': 0.75, 'y': -0.2445}, {'x': 1.0, 'y': -0.318}, {'x': 1.25, 'y': -0.3153}, {'x': 1.5, 'y': -0.2913}, {'x': 1.75, 'y': -0.2718}, {'x': 2.0, 'y': -0.2689}, {'x': 2.25, 'y': -0.2877}, {'x': 2.5, 'y': -0.3243}, {'x': 2.75, 'y': -0.3597}, {'x': 3.0, 'y': -0.3636}]}","{'formula': '((2*x + 0.3)*cos(x) - sqrt(pi)*exp(sin(x)**2)*erf(sin(x)))*exp(-sin(x)**2)/(sqrt(pi)*(x + 0.15)**2)', 'latex': '\\frac{\\left(\\left(2 x + 0.3\\right) \\cos{\\left(x \\right)} - \\sqrt{\\pi} e^{\\sin^{2}{\\left(x \\right)}} \\operatorname{erf}{\\left(\\sin{\\left(x \\right)} \\right)}\\right) e^{- \\sin^{2}{\\left(x \\right)}}}{\\sqrt{\\pi} \\left(x + 0.15\\right)^{2}}', 'properties': {'singularities': [], 'is_periodic': False, 'domain': 'R'}}",derivative_of_erf(sin(x))/(x + 0.15)
MCM_333_cafcb678,"{'a': 3, 'b': 3, 'c': 3}","{'points': [{'x': -3.0, 'y': -2564.7792}, {'x': -2.75, 'y': -1316.8977}, {'x': -2.5, 'y': -669.4026}, {'x': -2.25, 'y': -335.5705}, {'x': -2.0, 'y': -165.0061}, {'x': -1.75, 'y': -78.9652}, {'x': -1.5, 'y': -36.3432}, {'x': -1.25, 'y': -15.7809}, {'x': -1.0, 'y': -6.2521}, {'x': -0.75, 'y': -2.1172}, {'x': -0.5, 'y': -0.5264}, {'x': -0.25, 'y': -0.0583}, {'x': 0.0, 'y': 0.0}, {'x': 0.25, 'y': 0.0583}, {'x': 0.5, 'y': 0.5264}, {'x': 0.75, 'y': 2.1172}, {'x': 1.0, 'y': 6.2521}, {'x': 1.25, 'y': 15.7809}, {'x': 1.5, 'y': 36.3432}, {'x': 1.75, 'y': 78.9652}, {'x': 2.0, 'y': 165.0061}, {'x': 2.25, 'y': 335.5705}, {'x': 2.5, 'y': 669.4026}, {'x': 2.75, 'y': 1316.8977}, {'x': 3.0, 'y': 2564.7792}]}","{'formula': 'Piecewise((0, Eq(x, 0)), (x**3*(x**2*polygamma(0, 1.0*Abs(x) + 1.5) + 4*Abs(x))*gamma(Abs(x) + 1.5)/Abs(x), True))', 'latex': '\\begin{cases} 0 & \\text{for}\\: x = 0 \\\\\\frac{x^{3} \\left(x^{2} \\operatorname{polygamma}{\\left(0,1.0 \\left|{x}\\right| + 1.5 \\right)} + 4 \\left|{x}\\right|\\right) \\Gamma\\left(\\left|{x}\\right| + 1.5\\right)}{\\left|{x}\\right|} & \\text{otherwise} \\end{cases}', 'properties': {'singularities': [], 'is_periodic': False, 'domain': 'R'}}",derivative_of_x**4*gamma(Abs(x) + 1.5)
MCM_333_b7cc9327,"{'a': 3, 'b': 3, 'c': 3}","{'points': [{'x': -3.0, 'y': -187.7124}, {'x': -2.75, 'y': -113.9328}, {'x': -2.5, 'y': -57.9943}, {'x': -2.25, 'y': -21.0183}, {'x': -2.0, 'y': -0.5439}, {'x': -1.75, 'y': 7.7835}, {'x': -1.5, 'y': 8.7188}, {'x': -1.25, 'y': 6.3263}, {'x': -1.0, 'y': 3.3859}, {'x': -0.75, 'y': 1.2844}, {'x': -0.5, 'y': 0.2857}, {'x': -0.25, 'y': 0.0191}, {'x': 0.0, 'y': 0.0}, {'x': 0.25, 'y': 0.0191}, {'x': 0.5, 'y': 0.2857}, {'x': 0.75, 'y': 1.2844}, {'x': 1.0, 'y': 3.3859}, {'x': 1.25, 'y': 6.3263}, {'x': 1.5, 'y': 8.7188}, {'x': 1.75, 'y': 7.7835}, {'x': 2.0, 'y': -0.5439}, {'x': 2.25, 'y': -21.0183}, {'x': 2.5, 'y': -57.9943}, {'x': 2.75, 'y': -113.9328}, {'x': 3.0, 'y': -187.7124}]}","{'formula': 'Piecewise((0, Eq(x, 0)), (-x**6*besselj(1, Abs(x))/Abs(x) + 5*x**4*besselj(0, Abs(x)), True))', 'latex': '\\begin{cases} 0 & \\text{for}\\: x = 0 \\\\- \\frac{x^{6} J_{1}\\left(\\left|{x}\\right|\\right)}{\\left|{x}\\right|} + 5 x^{4} J_{0}\\left(\\left|{x}\\right|\\right) & \\text{otherwise} \\end{cases}', 'properties': {'singularities': [], 'is_periodic': False, 'domain': 'R'}}","derivative_of_x**5*besselj(0, Abs(x))"
MCM_333_d1dbaa99,"{'a': 3, 'b': 3, 'c': 3}","{'points': [{'x': -3.0, 'y': -9.4045}, {'x': -2.75, 'y': -5.2768}, {'x': -2.5, 'y': -3.2736}, {'x': -2.25, 'y': -2.2616}, {'x': -2.0, 'y': -1.7278}, {'x': -1.75, 'y': -1.4115}, {'x': -1.5, 'y': -1.1734}, {'x': -1.25, 'y': -0.9464}, {'x': -1.0, 'y': -0.7083}, {'x': -0.75, 'y': -0.4554}, {'x': -0.5, 'y': -0.176}, {'x': -0.25, 'y': 0.1803}, {'x': 0.0, 'y': 0.0}, {'x': 0.25, 'y': -0.1803}, {'x': 0.5, 'y': 0.176}, {'x': 0.75, 'y': 0.4554}, {'x': 1.0, 'y': 0.7083}, {'x': 1.25, 'y': 0.9464}, {'x': 1.5, 'y': 1.1734}, {'x': 1.75, 'y': 1.4115}, {'x': 2.0, 'y': 1.7278}, {'x': 2.25, 'y': 2.2616}, {'x': 2.5, 'y': 3.2736}, {'x': 2.75, 'y': 5.2768}, {'x': 3.0, 'y': 9.4045}]}","{'formula': 'Piecewise((0, Eq(x, 0)), (x*gamma(Abs(x) + 1.1)*gamma(Abs(sin(x)) + 1.1)*polygamma(0, 1.0*Abs(x) + 1.1)/Abs(x), Eq(sin(x), 0)), ((2*x*Abs(sin(x))*polygamma(0, 1.0*Abs(x) + 1.1) + sin(2*x)*Abs(x)*polygamma(0, 1.0*Abs(sin(x)) + 1.1))*gamma(Abs(x) + 1.1)*gamma(Abs(sin(x)) + 1.1)/(2*Abs(x)*Abs(sin(x))), True))', 'latex': '\\begin{cases} 0 & \\text{for}\\: x = 0 \\\\\\frac{x \\Gamma\\left(\\left|{x}\\right| + 1.1\\right) \\Gamma\\left(\\left|{\\sin{\\left(x \\right)}}\\right| + 1.1\\right) \\operatorname{polygamma}{\\left(0,1.0 \\left|{x}\\right| + 1.1 \\right)}}{\\left|{x}\\right|} & \\text{for}\\: \\sin{\\left(x \\right)} = 0 \\\\\\frac{\\left(2 x \\left|{\\sin{\\left(x \\right)}}\\right| \\operatorname{polygamma}{\\left(0,1.0 \\left|{x}\\right| + 1.1 \\right)} + \\sin{\\left(2 x \\right)} \\left|{x}\\right| \\operatorname{polygamma}{\\left(0,1.0 \\left|{\\sin{\\left(x \\right)}}\\right| + 1.1 \\right)}\\right) \\Gamma\\left(\\left|{x}\\right| + 1.1\\right) \\Gamma\\left(\\left|{\\sin{\\left(x \\right)}}\\right| + 1.1\\right)}{2 \\left|{x}\\right| \\left|{\\sin{\\left(x \\right)}}\\right|} & \\text{otherwise} \\end{cases}', 'properties': {'singularities': [], 'is_periodic': False, 'domain': 'R'}}",derivative_of_gamma(Abs(x) + 1.1)*gamma(Abs(sin(x)) + 1.1)
MCM_333_420bcc53,"{'a': 3, 'b': 3, 'c': 3}","{'points': [{'x': -3.0, 'y': -0.0612}, {'x': -2.75, 'y': -0.5672}, {'x': -2.5, 'y': -0.1897}, {'x': -2.25, 'y': 0.5107}, {'x': -2.0, 'y': 0.7188}, {'x': -1.75, 'y': 0.3076}, {'x': -1.5, 'y': -0.3534}, {'x': -1.25, 'y': -0.9087}, {'x': -1.0, 'y': -1.184}, {'x': -0.75, 'y': -0.7182}, {'x': -0.5, 'y': 4.9175}, {'x': -0.25, 'y': 61.9707}, {'x': 0.0, 'y': -31.5386}, {'x': 0.25, 'y': 3.5531}, {'x': 0.5, 'y': -0.5598}, {'x': 0.75, 'y': -1.0218}, {'x': 1.0, 'y': -0.9905}, {'x': 1.25, 'y': -0.7573}, {'x': 1.5, 'y': -0.3116}, {'x': 1.75, 'y': 0.2513}, {'x': 2.0, 'y': 0.6221}, {'x': 2.25, 'y': 0.4541}, {'x': 2.5, 'y': -0.165}, {'x': 2.75, 'y': -0.5107}, {'x': 3.0, 'y': -0.0579}]}","{'formula': '-2*x*sin(1/(x + 0.15))*besselj(1, x**2 + 1) - cos(1/(x + 0.15))*besselj(0, x**2 + 1)/(x + 0.15)**2', 'latex': '- 2 x \\sin{\\left(\\frac{1}{x + 0.15} \\right)} J_{1}\\left(x^{2} + 1\\right) - \\frac{\\cos{\\left(\\frac{1}{x + 0.15} \\right)} J_{0}\\left(x^{2} + 1\\right)}{\\left(x + 0.15\\right)^{2}}', 'properties': {'singularities': [], 'is_periodic': False, 'domain': 'R'}}","derivative_of_sin(1/(x + 0.15))*besselj(0, x**2 + 1)"
MCM_333_ede90435,"{'a': 3, 'b': 3, 'c': 3}","{'points': [{'x': -3.0, 'y': 3.9285}, {'x': -2.75, 'y': 7.3415}, {'x': -2.5, 'y': 0.042}, {'x': -2.25, 'y': -3.8563}, {'x': -2.0, 'y': -2.5043}, {'x': -1.75, 'y': 0.0433}, {'x': -1.5, 'y': 1.3914}, {'x': -1.25, 'y': 1.5063}, {'x': -1.0, 'y': 1.0934}, {'x': -0.75, 'y': 0.6579}, {'x': -0.5, 'y': 0.3835}, {'x': -0.25, 'y': 0.2797}, {'x': 0.0, 'y': 0.0}, {'x': 0.25, 'y': -0.2797}, {'x': 0.5, 'y': -0.3835}, {'x': 0.75, 'y': -0.6579}, {'x': 1.0, 'y': -1.0934}, {'x': 1.25, 'y': -1.5063}, {'x': 1.5, 'y': -1.3914}, {'x': 1.75, 'y': -0.0433}, {'x': 2.0, 'y': 2.5043}, {'x': 2.25, 'y': 3.8563}, {'x': 2.5, 'y': -0.042}, {'x': 2.75, 'y': -7.3415}, {'x': 3.0, 'y': -3.9285}]}","{'formula': 'Piecewise((0, Eq(x, 0)), (-x*(2*Abs(x)*besselj(1, x**2 + 1) - besselj(0, x**2 + 1)*polygamma(0, 1.0*Abs(x) + 1.1))*gamma(Abs(x) + 1.1)/Abs(x), True))', 'latex': '\\begin{cases} 0 & \\text{for}\\: x = 0 \\\\- \\frac{x \\left(2 \\left|{x}\\right| J_{1}\\left(x^{2} + 1\\right) - J_{0}\\left(x^{2} + 1\\right) \\operatorname{polygamma}{\\left(0,1.0 \\left|{x}\\right| + 1.1 \\right)}\\right) \\Gamma\\left(\\left|{x}\\right| + 1.1\\right)}{\\left|{x}\\right|} & \\text{otherwise} \\end{cases}', 'properties': {'singularities': [], 'is_periodic': False, 'domain': 'R'}}","derivative_of_besselj(0, x**2 + 1)*gamma(Abs(x) + 1.1)"
MCM_333_8f17eda2,"{'a': 3, 'b': 3, 'c': 3}","{'points': [{'x': -3.0, 'y': 0.4166}, {'x': -2.75, 'y': 0.4207}, {'x': -2.5, 'y': 0.3893}, {'x': -2.25, 'y': 0.3568}, {'x': -2.0, 'y': 0.3447}, {'x': -1.75, 'y': 0.3553}, {'x': -1.5, 'y': 0.3712}, {'x': -1.25, 'y': 0.3246}, {'x': -1.0, 'y': -0.0757}, {'x': -0.75, 'y': -2.4035}, {'x': -0.5, 'y': 4.3162}, {'x': -0.25, 'y': 45.5949}, {'x': 0.0, 'y': -0.215}, {'x': 0.25, 'y': 1.2185}, {'x': 0.5, 'y': 0.4993}, {'x': 0.75, 'y': 0.0731}, {'x': 1.0, 'y': -0.1167}, {'x': 1.25, 'y': -0.1859}, {'x': 1.5, 'y': -0.2051}, {'x': 1.75, 'y': -0.2115}, {'x': 2.0, 'y': -0.2239}, {'x': 2.25, 'y': -0.2514}, {'x': 2.5, 'y': -0.2929}, {'x': 2.75, 'y': -0.3321}, {'x': 3.0, 'y': -0.3406}]}","{'formula': '2*exp(-sin(x)**2)*sin(1/(x + 0.3))*cos(x)/sqrt(pi) - cos(1/(x + 0.3))*erf(sin(x))/(x + 0.3)**2', 'latex': '\\frac{2 e^{- \\sin^{2}{\\left(x \\right)}} \\sin{\\left(\\frac{1}{x + 0.3} \\right)} \\cos{\\left(x \\right)}}{\\sqrt{\\pi}} - \\frac{\\cos{\\left(\\frac{1}{x + 0.3} \\right)} \\operatorname{erf}{\\left(\\sin{\\left(x \\right)} \\right)}}{\\left(x + 0.3\\right)^{2}}', 'properties': {'singularities': [], 'is_periodic': False, 'domain': 'R'}}",derivative_of_sin(1/(x + 0.3))*erf(sin(x))
MCM_333_aab8c6e6,"{'a': 3, 'b': 3, 'c': 3}","{'points': [{'x': -3.0, 'y': -6.0764}, {'x': -2.75, 'y': -2.0125}, {'x': -2.5, 'y': 0.1954}, {'x': -2.25, 'y': 1.0745}, {'x': -2.0, 'y': 1.2423}, {'x': -1.75, 'y': 1.1266}, {'x': -1.5, 'y': 0.9459}, {'x': -1.25, 'y': 0.7926}, {'x': -1.0, 'y': 0.7033}, {'x': -0.75, 'y': 0.6925}, {'x': -0.5, 'y': 0.7597}, {'x': -0.25, 'y': 0.8887}, {'x': 0.0, 'y': 1.0735}, {'x': 0.25, 'y': 0.8887}, {'x': 0.5, 'y': 0.7597}, {'x': 0.75, 'y': 0.6925}, {'x': 1.0, 'y': 0.7033}, {'x': 1.25, 'y': 0.7926}, {'x': 1.5, 'y': 0.9459}, {'x': 1.75, 'y': 1.1266}, {'x': 2.0, 'y': 1.2423}, {'x': 2.25, 'y': 1.0745}, {'x': 2.5, 'y': 0.1954}, {'x': 2.75, 'y': -2.0125}, {'x': 3.0, 'y': -6.0764}]}","{'formula': 'Piecewise((1.90270153973375/sqrt(pi), Eq(x, 0)), ((x*erf(sin(x))*polygamma(0, 1.0*Abs(x) + 1.1)/Abs(x) + 2*exp(-sin(x)**2)*cos(x)/sqrt(pi))*gamma(Abs(x) + 1.1), True))', 'latex': '\\begin{cases} \\frac{1.90270153973375}{\\sqrt{\\pi}} & \\text{for}\\: x = 0 \\\\\\left(\\frac{x \\operatorname{erf}{\\left(\\sin{\\left(x \\right)} \\right)} \\operatorname{polygamma}{\\left(0,1.0 \\left|{x}\\right| + 1.1 \\right)}}{\\left|{x}\\right|} + \\frac{2 e^{- \\sin^{2}{\\left(x \\right)}} \\cos{\\left(x \\right)}}{\\sqrt{\\pi}}\\right) \\Gamma\\left(\\left|{x}\\right| + 1.1\\right) & \\text{otherwise} \\end{cases}', 'properties': {'singularities': [], 'is_periodic': False, 'domain': 'R'}}",derivative_of_erf(sin(x))*gamma(Abs(x) + 1.1)
MCM_100_51fbbe04,"{'a': 1, 'b': 0, 'c': 0}","{'points': [{'x': -3.0, 'y': 37.2}, {'x': -2.75, 'y': 32.0375}, {'x': -2.5, 'y': 27.25}, {'x': -2.25, 'y': 22.8375}, {'x': -2.0, 'y': 18.8}, {'x': -1.75, 'y': 15.1375}, {'x': -1.5, 'y': 11.85}, {'x': -1.25, 'y': 8.9375}, {'x': -1.0, 'y': 6.4}, {'x': -0.75, 'y': 4.2375}, {'x': -0.5, 'y': 2.45}, {'x': -0.25, 'y': 1.0375}, {'x': 0.0, 'y': 0.0}, {'x': 0.25, 'y': -0.6625}, {'x': 0.5, 'y': -0.95}, {'x': 0.75, 'y': -0.8625}, {'x': 1.0, 'y': -0.4}, {'x': 1.25, 'y': 0.4375}, {'x': 1.5, 'y': 1.65}, {'x': 1.75, 'y': 3.2375}, {'x': 2.0, 'y': 5.2}, {'x': 2.25, 'y': 7.5375}, {'x': 2.5, 'y': 10.25}, {'x': 2.75, 'y': 13.3375}, {'x': 3.0, 'y': 16.8}]}","{'formula': 'x*(3*x - 3.4)', 'latex': 'x \\left(3 x - 3.4\\right)', 'properties': {'singularities': [], 'is_periodic': False, 'domain': 'R'}}",derivative_of_x**2*(x - 1.7)
MCM_100_9ab1dda3,"{'a': 1, 'b': 0, 'c': 0}","{'points': [{'x': -3.0, 'y': 0.04}, {'x': -2.75, 'y': 0.04}, {'x': -2.5, 'y': 0.04}, {'x': -2.25, 'y': 0.04}, {'x': -2.0, 'y': 0.04}, {'x': -1.75, 'y': 0.04}, {'x': -1.5, 'y': 0.04}, {'x': -1.25, 'y': 0.04}, {'x': -1.0, 'y': 0.04}, {'x': -0.75, 'y': 0.04}, {'x': -0.5, 'y': 0.04}, {'x': -0.25, 'y': 0.04}, {'x': 0.0, 'y': 0.04}, {'x': 0.25, 'y': 0.04}, {'x': 0.5, 'y': 0.04}, {'x': 0.75, 'y': 0.04}, {'x': 1.0, 'y': 0.04}, {'x': 1.25, 'y': 0.04}, {'x': 1.5, 'y': 0.04}, {'x': 1.75, 'y': 0.04}, {'x': 2.0, 'y': 0.04}, {'x': 2.25, 'y': 0.04}, {'x': 2.5, 'y': 0.04}, {'x': 2.75, 'y': 0.04}, {'x': 3.0, 'y': 0.04}]}","{'formula': '1/25', 'latex': '\\frac{1}{25}', 'properties': {'singularities': [], 'is_periodic': False, 'domain': 'R'}}",derivative_of_x/25 + 0.04
MCM_101_f801104a,"{'a': 1, 'b': 0, 'c': 1}","{'points': [{'x': -3.0, 'y': -0.5588}, {'x': -2.75, 'y': -1.4111}, {'x': -2.5, 'y': -1.9178}, {'x': -2.25, 'y': -1.9551}, {'x': -2.0, 'y': -1.5136}, {'x': -1.75, 'y': -0.7016}, {'x': -1.5, 'y': 0.2822}, {'x': -1.25, 'y': 1.1969}, {'x': -1.0, 'y': 1.8186}, {'x': -0.75, 'y': 1.995}, {'x': -0.5, 'y': 1.6829}, {'x': -0.25, 'y': 0.9589}, {'x': 0.0, 'y': 0.0}, {'x': 0.25, 'y': -0.9589}, {'x': 0.5, 'y': -1.6829}, {'x': 0.75, 'y': -1.995}, {'x': 1.0, 'y': -1.8186}, {'x': 1.25, 'y': -1.1969}, {'x': 1.5, 'y': -0.2822}, {'x': 1.75, 'y': 0.7016}, {'x': 2.0, 'y': 1.5136}, {'x': 2.25, 'y': 1.9551}, {'x': 2.5, 'y': 1.9178}, {'x': 2.75, 'y': 1.4111}, {'x': 3.0, 'y': 0.5588}]}","{'formula': '-2.0*sin(2.0*x)', 'latex': '- 2.0 \\sin{\\left(2.0 x \\right)}', 'properties': {'singularities': [], 'is_periodic': False, 'domain': 'R'}}",derivative_of_cos(2.0*x)
MCM_102_1e3f76cb,"{'a': 1, 'b': 0, 'c': 2}","{'points': [{'x': -3.0, 'y': -0.81}, {'x': -2.758, 'y': -1.4085}, {'x': -2.517, 'y': -3.0343}, {'x': -2.275, 'y': -10.7107}, {'x': -2.033, 'y': -729.0}, {'x': -1.792, 'y': -18.6624}, {'x': -1.55, 'y': -4.0}, {'x': -1.308, 'y': -1.6931}, {'x': -1.067, 'y': -0.9298}, {'x': -0.825, 'y': -0.5867}, {'x': -0.583, 'y': -0.4036}, {'x': -0.342, 'y': -0.2945}, {'x': -0.1, 'y': -0.2244}, {'x': 0.1, 'y': -0.1837}, {'x': 0.364, 'y': -0.145}, {'x': 0.627, 'y': -0.1173}, {'x': 0.891, 'y': -0.0969}, {'x': 1.155, 'y': -0.0814}, {'x': 1.418, 'y': -0.0693}, {'x': 1.682, 'y': -0.0598}, {'x': 1.945, 'y': -0.052}, {'x': 2.209, 'y': -0.0457}, {'x': 2.473, 'y': -0.0405}, {'x': 2.736, 'y': -0.0361}, {'x': 3.0, 'y': -0.0324}]}","{'formula': '-0.81/(x + 2)**2', 'latex': '- \\frac{0.81}{\\left(x + 2\\right)^{2}}', 'properties': {'singularities': [], 'is_periodic': False, 'domain': 'R'}}",derivative_of_0.81/(x + 2)
MCM_102_abbc4093,"{'a': 1, 'b': 0, 'c': 2}","{'points': [{'x': -3.0, 'y': -6.75}, {'x': -2.758, 'y': -8.733}, {'x': -2.517, 'y': -11.7377}, {'x': -2.275, 'y': -16.609}, {'x': -2.033, 'y': -25.2862}, {'x': -1.792, 'y': -43.0803}, {'x': -1.55, 'y': -89.2562}, {'x': -1.308, 'y': -284.0029}, {'x': -1.067, 'y': -6075.0}, {'x': -0.825, 'y': -881.6327}, {'x': -0.583, 'y': -155.52}, {'x': -0.342, 'y': -62.2977}, {'x': -0.1, 'y': -33.3333}, {'x': 0.1, 'y': -22.314}, {'x': 0.364, 'y': -14.52}, {'x': 0.627, 'y': -10.1963}, {'x': 0.891, 'y': -7.5513}, {'x': 1.155, 'y': -5.8164}, {'x': 1.418, 'y': -4.6173}, {'x': 1.682, 'y': -3.7541}, {'x': 1.945, 'y': -3.1121}, {'x': 2.209, 'y': -2.6218}, {'x': 2.473, 'y': -2.2388}, {'x': 2.736, 'y': -1.934}, {'x': 3.0, 'y': -1.6875}]}","{'formula': '-27/(x + 1)**2', 'latex': '- \\frac{27}{\\left(x + 1\\right)^{2}}', 'properties': {'singularities': [], 'is_periodic': False, 'domain': 'R'}}",derivative_of_27/(x + 1)
MCM_200_084123be,"{'a': 2, 'b': 0, 'c': 0}","{'points': [{'x': -3.0, 'y': -11.2}, {'x': -2.75, 'y': -10.7}, {'x': -2.5, 'y': -10.2}, {'x': -2.25, 'y': -9.7}, {'x': -2.0, 'y': -9.2}, {'x': -1.75, 'y': -8.7}, {'x': -1.5, 'y': -8.2}, {'x': -1.25, 'y': -7.7}, {'x': -1.0, 'y': -7.2}, {'x': -0.75, 'y': -6.7}, {'x': -0.5, 'y': -6.2}, {'x': -0.25, 'y': -5.7}, {'x': 0.0, 'y': -5.2}, {'x': 0.25, 'y': -4.7}, {'x': 0.5, 'y': -4.2}, {'x': 0.75, 'y': -3.7}, {'x': 1.0, 'y': -3.2}, {'x': 1.25, 'y': -2.7}, {'x': 1.5, 'y': -2.2}, {'x': 1.75, 'y': -1.7}, {'x': 2.0, 'y': -1.2}, {'x': 2.25, 'y': -0.7}, {'x': 2.5, 'y': -0.2}, {'x': 2.75, 'y': 0.3}, {'x': 3.0, 'y': 0.8}]}","{'formula': '2*x - 5.2', 'latex': '2 x - 5.2', 'properties': {'singularities': [], 'is_periodic': False, 'domain': 'R'}}",derivative_of_x*(x - 5.2)
MCM_200_fcfdc942,"{'a': 2, 'b': 0, 'c': 0}","{'points': [{'x': -3.0, 'y': -1.0}, {'x': -2.75, 'y': -1.0}, {'x': -2.5, 'y': -1.0}, {'x': -2.25, 'y': -1.0}, {'x': -2.0, 'y': -1.0}, {'x': -1.75, 'y': -1.0}, {'x': -1.5, 'y': -1.0}, {'x': -1.25, 'y': -1.0}, {'x': -1.0, 'y': -1.0}, {'x': -0.75, 'y': -1.0}, {'x': -0.5, 'y': -1.0}, {'x': -0.25, 'y': -1.0}, {'x': 0.0, 'y': 0.0}, {'x': 0.25, 'y': 1.0}, {'x': 0.5, 'y': 1.0}, {'x': 0.75, 'y': 1.0}, {'x': 1.0, 'y': 1.0}, {'x': 1.25, 'y': 1.0}, {'x': 1.5, 'y': 1.0}, {'x': 1.75, 'y': 1.0}, {'x': 2.0, 'y': 1.0}, {'x': 2.25, 'y': 1.0}, {'x': 2.5, 'y': 1.0}, {'x': 2.75, 'y': 1.0}, {'x': 3.0, 'y': 1.0}]}","{'formula': 'Piecewise((0, Eq(x, 0)), (1.0*x/Abs(x), True))', 'latex': '\\begin{cases} 0 & \\text{for}\\: x = 0 \\\\\\frac{1.0 x}{\\left|{x}\\right|} & \\text{otherwise} \\end{cases}', 'properties': {'singularities': [], 'is_periodic': False, 'domain': 'R'}}",derivative_of_Abs(x)**1.0 + 3.5
MCM_201_67fa1dd5,"{'a': 2, 'b': 0, 'c': 1}","{'points': [{'x': -3.0, 'y': 1.9005}, {'x': -2.75, 'y': 1.9665}, {'x': -2.5, 'y': 1.5511}, {'x': -2.25, 'y': 0.756}, {'x': -2.0, 'y': -0.2243}, {'x': -1.75, 'y': -1.1496}, {'x': -1.5, 'y': -1.7935}, {'x': -1.25, 'y': -1.9983}, {'x': -1.0, 'y': -1.7138}, {'x': -0.75, 'y': -1.0097}, {'x': -0.5, 'y': -0.0584}, {'x': -0.25, 'y': 0.9072}, {'x': 0.0, 'y': 1.6507}, {'x': 0.25, 'y': 1.99}, {'x': 0.5, 'y': 1.8421}, {'x': 0.75, 'y': 1.2432}, {'x': 1.0, 'y': 0.3399}, {'x': 1.25, 'y': -0.6466}, {'x': 1.5, 'y': -1.4748}, {'x': 1.75, 'y': -1.9419}, {'x': 2.0, 'y': -1.9336}, {'x': 2.25, 'y': -1.4519}, {'x': 2.5, 'y': -0.6147}, {'x': 2.75, 'y': 0.373}, {'x': 3.0, 'y': 1.2694}]}","{'formula': '2*cos(2*x - 0.6)', 'latex': '2 \\cos{\\left(2 x - 0.6 \\right)}', 'properties': {'singularities': [], 'is_periodic': False, 'domain': 'R'}}",derivative_of_sin(2*x - 0.6)
MCM_202_5d54a25a,"{'a': 2, 'b': 0, 'c': 2}","{'points': [{'x': -3.0, 'y': 0.3106}, {'x': -2.758, 'y': 0.4293}, {'x': -2.517, 'y': 0.619}, {'x': -2.275, 'y': 0.9435}, {'x': -2.033, 'y': 1.5533}, {'x': -1.792, 'y': 2.8712}, {'x': -1.55, 'y': 6.4612}, {'x': -1.308, 'y': 22.214}, {'x': -1.067, 'y': 501.15}, {'x': -0.825, 'y': 69.7291}, {'x': -0.583, 'y': 6.3084}, {'x': -0.342, 'y': -13.9956}, {'x': -0.1, 'y': -220.8462}, {'x': 0.1, 'y': -221.7588}, {'x': 0.364, 'y': -15.7078}, {'x': 0.627, 'y': -4.8385}, {'x': 0.891, 'y': -2.1918}, {'x': 1.155, 'y': -1.1958}, {'x': 1.418, 'y': -0.7294}, {'x': 1.682, 'y': -0.4796}, {'x': 1.945, 'y': -0.3331}, {'x': 2.209, 'y': -0.2411}, {'x': 2.473, 'y': -0.1803}, {'x': 2.736, 'y': -0.1385}, {'x': 3.0, 'y': -0.1087}]}","{'formula': '(-4.47213595499958*x - 2.23606797749979)/(x**2*(1.0*x**2 + 2.0*x + 1.0))', 'latex': '\\frac{- 4.47213595499958 x - 2.23606797749979}{x^{2} \\left(1.0 x^{2} + 2.0 x + 1.0\\right)}', 'properties': {'singularities': [], 'is_periodic': False, 'domain': 'R'}}",derivative_of_2.23606797749979/(x*(x + 1))
MCM_202_9cbbf90f,"{'a': 2, 'b': 0, 'c': 2}","{'points': [{'x': -3.0, 'y': 8.4375}, {'x': -2.758, 'y': 8.3628}, {'x': -2.517, 'y': 8.2723}, {'x': -2.275, 'y': 8.1609}, {'x': -2.033, 'y': 8.0219}, {'x': -1.792, 'y': 7.8452}, {'x': -1.55, 'y': 7.6159}, {'x': -1.308, 'y': 7.3109}, {'x': -1.067, 'y': 6.8928}, {'x': -0.825, 'y': 6.2978}, {'x': -0.583, 'y': 5.41}, {'x': -0.342, 'y': 4.0002}, {'x': -0.1, 'y': 1.562}, {'x': 0.1, 'y': -2.1111}, {'x': 0.364, 'y': -13.2245}, {'x': 0.627, 'y': -55.7829}, {'x': 0.891, 'y': -747.25}, {'x': 1.155, 'y': -367.8166}, {'x': 1.418, 'y': -42.465}, {'x': 1.682, 'y': -10.36}, {'x': 1.945, 'y': -1.0684}, {'x': 2.209, 'y': 2.8436}, {'x': 2.473, 'y': 4.8505}, {'x': 2.736, 'y': 6.0149}, {'x': 3.0, 'y': 6.75}]}","{'formula': '9*x*(x - 2)/(x**2 - 2*x + 1)', 'latex': '\\frac{9 x \\left(x - 2\\right)}{x^{2} - 2 x + 1}', 'properties': {'singularities': [], 'is_periodic': False, 'domain': 'R'}}",derivative_of_9*x**2/(x - 1)
MCM_203_9a7775cd,"{'a': 2, 'b': 0, 'c': 3}","{'points': [{'x': -3.0, 'y': 0.0672}, {'x': -2.75, 'y': 0.1294}, {'x': -2.5, 'y': 0.282}, {'x': -2.25, 'y': 0.7425}, {'x': -2.0, 'y': 2.731}, {'x': -1.75, 'y': 21.7596}, {'x': -1.5, 'y': 32000.0}, {'x': -1.25, 'y': -51.5592}, {'x': -1.0, 'y': -5.8309}, {'x': -0.75, 'y': -1.4305}, {'x': -0.5, 'y': 0.0}, {'x': -0.25, 'y': 1.4305}, {'x': 0.0, 'y': 5.8309}, {'x': 0.25, 'y': 51.5592}, {'x': 0.5, 'y': -32000.0}, {'x': 0.75, 'y': -21.7596}, {'x': 1.0, 'y': -2.731}, {'x': 1.25, 'y': -0.7425}, {'x': 1.5, 'y': -0.282}, {'x': 1.75, 'y': -0.1294}, {'x': 2.0, 'y': -0.0672}, {'x': 2.25, 'y': -0.038}, {'x': 2.5, 'y': -0.023}, {'x': 2.75, 'y': -0.0146}, {'x': 3.0, 'y': -0.0097}]}","{'formula': '(-4*x - 2)/(x**2 + x - 0.7)**3', 'latex': '\\frac{- 4 x - 2}{\\left(x^{2} + x - 0.7\\right)^{3}}', 'properties': {'singularities': [], 'is_periodic': False, 'domain': 'R'}}",derivative_of_(x**2 + x - 0.7)**(-2)
MCM_302_4b728f02,"{'a': 3, 'b': 0, 'c': 2}","{'points': [{'x': -3.0, 'y': 0.036}, {'x': -2.758, 'y': 0.0397}, {'x': -2.517, 'y': 0.0441}, {'x': -2.275, 'y': 0.0492}, {'x': -2.033, 'y': 0.0553}, {'x': -1.792, 'y': 0.0626}, {'x': -1.55, 'y': 0.0714}, {'x': -1.308, 'y': 0.0822}, {'x': -1.067, 'y': 0.0957}, {'x': -0.825, 'y': 0.1128}, {'x': -0.583, 'y': 0.1349}, {'x': -0.342, 'y': 0.1641}, {'x': -0.1, 'y': 0.2041}, {'x': 0.1, 'y': 0.2493}, {'x': 0.364, 'y': 0.3361}, {'x': 0.627, 'y': 0.4776}, {'x': 0.891, 'y': 0.7317}, {'x': 1.155, 'y': 1.2591}, {'x': 1.418, 'y': 2.6587}, {'x': 1.682, 'y': 8.8898}, {'x': 1.945, 'y': 302.5}, {'x': 2.209, 'y': 20.586}, {'x': 2.473, 'y': 4.0274}, {'x': 2.736, 'y': 1.6598}, {'x': 3.0, 'y': 0.9}]}","{'formula': '(0.9*x - 1.8)/(x - 2)**3', 'latex': '\\frac{0.9 x - 1.8}{\\left(x - 2\\right)^{3}}', 'properties': {'singularities': [], 'is_periodic': False, 'domain': 'R'}}",derivative_of_(0.9*x - 2.7)/(x - 2)
