task_id,complexity_vector,prompt_data,ground_truth,source
MCM_000_74028311,"{'a': 0, 'b': 0, 'c': 0}","{'points': [{'x': -3.0, 'y': -13.0}, {'x': -2.75, 'y': -11.75}, {'x': -2.5, 'y': -10.5}, {'x': -2.25, 'y': -9.25}, {'x': -2.0, 'y': -8.0}, {'x': -1.75, 'y': -6.75}, {'x': -1.5, 'y': -5.5}, {'x': -1.25, 'y': -4.25}, {'x': -1.0, 'y': -3.0}, {'x': -0.75, 'y': -1.75}, {'x': -0.5, 'y': -0.5}, {'x': -0.25, 'y': 0.75}, {'x': 0.0, 'y': 2.0}, {'x': 0.25, 'y': 3.25}, {'x': 0.5, 'y': 4.5}, {'x': 0.75, 'y': 5.75}, {'x': 1.0, 'y': 7.0}, {'x': 1.25, 'y': 8.25}, {'x': 1.5, 'y': 9.5}, {'x': 1.75, 'y': 10.75}, {'x': 2.0, 'y': 12.0}, {'x': 2.25, 'y': 13.25}, {'x': 2.5, 'y': 14.5}, {'x': 2.75, 'y': 15.75}, {'x': 3.0, 'y': 17.0}]}","{'formula': '5*x + 2', 'latex': '5 x + 2', 'properties': {'singularities': [], 'is_periodic': False, 'domain': 'Reals'}}",manual
MCM_000_f85aee27,"{'a': 0, 'b': 0, 'c': 0}","{'points': [{'x': -3.0, 'y': -7.0}, {'x': -2.75, 'y': -6.75}, {'x': -2.5, 'y': -6.5}, {'x': -2.25, 'y': -6.25}, {'x': -2.0, 'y': -6.0}, {'x': -1.75, 'y': -5.75}, {'x': -1.5, 'y': -5.5}, {'x': -1.25, 'y': -5.25}, {'x': -1.0, 'y': -5.0}, {'x': -0.75, 'y': -4.75}, {'x': -0.5, 'y': -4.5}, {'x': -0.25, 'y': -4.25}, {'x': 0.0, 'y': -4.0}, {'x': 0.25, 'y': -3.75}, {'x': 0.5, 'y': -3.5}, {'x': 0.75, 'y': -3.25}, {'x': 1.0, 'y': -3.0}, {'x': 1.25, 'y': -2.75}, {'x': 1.5, 'y': -2.5}, {'x': 1.75, 'y': -2.25}, {'x': 2.0, 'y': -2.0}, {'x': 2.25, 'y': -1.75}, {'x': 2.5, 'y': -1.5}, {'x': 2.75, 'y': -1.25}, {'x': 3.0, 'y': -1.0}]}","{'formula': 'x - 4', 'latex': 'x - 4', 'properties': {'singularities': [], 'is_periodic': False, 'domain': 'Reals'}}",manual
MCM_000_8fd29c35,"{'a': 0, 'b': 0, 'c': 0}","{'points': [{'x': -3.0, 'y': -33.0}, {'x': -2.75, 'y': -30.5}, {'x': -2.5, 'y': -28.0}, {'x': -2.25, 'y': -25.5}, {'x': -2.0, 'y': -23.0}, {'x': -1.75, 'y': -20.5}, {'x': -1.5, 'y': -18.0}, {'x': -1.25, 'y': -15.5}, {'x': -1.0, 'y': -13.0}, {'x': -0.75, 'y': -10.5}, {'x': -0.5, 'y': -8.0}, {'x': -0.25, 'y': -5.5}, {'x': 0.0, 'y': -3.0}, {'x': 0.25, 'y': -0.5}, {'x': 0.5, 'y': 2.0}, {'x': 0.75, 'y': 4.5}, {'x': 1.0, 'y': 7.0}, {'x': 1.25, 'y': 9.5}, {'x': 1.5, 'y': 12.0}, {'x': 1.75, 'y': 14.5}, {'x': 2.0, 'y': 17.0}, {'x': 2.25, 'y': 19.5}, {'x': 2.5, 'y': 22.0}, {'x': 2.75, 'y': 24.5}, {'x': 3.0, 'y': 27.0}]}","{'formula': '10*x - 3', 'latex': '10 x - 3', 'properties': {'singularities': [], 'is_periodic': False, 'domain': 'Reals'}}",manual
MCM_000_65055943,"{'a': 0, 'b': 0, 'c': 0}","{'points': [{'x': -3.0, 'y': 2.5}, {'x': -2.75, 'y': 2.375}, {'x': -2.5, 'y': 2.25}, {'x': -2.25, 'y': 2.125}, {'x': -2.0, 'y': 2.0}, {'x': -1.75, 'y': 1.875}, {'x': -1.5, 'y': 1.75}, {'x': -1.25, 'y': 1.625}, {'x': -1.0, 'y': 1.5}, {'x': -0.75, 'y': 1.375}, {'x': -0.5, 'y': 1.25}, {'x': -0.25, 'y': 1.125}, {'x': 0.0, 'y': 1.0}, {'x': 0.25, 'y': 0.875}, {'x': 0.5, 'y': 0.75}, {'x': 0.75, 'y': 0.625}, {'x': 1.0, 'y': 0.5}, {'x': 1.25, 'y': 0.375}, {'x': 1.5, 'y': 0.25}, {'x': 1.75, 'y': 0.125}, {'x': 2.0, 'y': 0.0}, {'x': 2.25, 'y': -0.125}, {'x': 2.5, 'y': -0.25}, {'x': 2.75, 'y': -0.375}, {'x': 3.0, 'y': -0.5}]}","{'formula': '1 - 0.5*x', 'latex': '1 - 0.5 x', 'properties': {'singularities': [], 'is_periodic': False, 'domain': 'Reals'}}",manual
MCM_000_9368c79b,"{'a': 0, 'b': 0, 'c': 0}","{'points': [{'x': -3.0, 'y': 3.0}, {'x': -2.75, 'y': 3.0}, {'x': -2.5, 'y': 3.0}, {'x': -2.25, 'y': 3.0}, {'x': -2.0, 'y': 3.0}, {'x': -1.75, 'y': 3.0}, {'x': -1.5, 'y': 3.0}, {'x': -1.25, 'y': 3.0}, {'x': -1.0, 'y': 3.0}, {'x': -0.75, 'y': 3.0}, {'x': -0.5, 'y': 3.0}, {'x': -0.25, 'y': 3.0}, {'x': 0.0, 'y': 3.0}, {'x': 0.25, 'y': 3.0}, {'x': 0.5, 'y': 3.0}, {'x': 0.75, 'y': 3.0}, {'x': 1.0, 'y': 3.0}, {'x': 1.25, 'y': 3.0}, {'x': 1.5, 'y': 3.0}, {'x': 1.75, 'y': 3.0}, {'x': 2.0, 'y': 3.0}, {'x': 2.25, 'y': 3.0}, {'x': 2.5, 'y': 3.0}, {'x': 2.75, 'y': 3.0}, {'x': 3.0, 'y': 3.0}]}","{'formula': '3', 'latex': '3', 'properties': {'singularities': [], 'is_periodic': True, 'domain': 'Reals', 'period_value': '0'}}",manual
MCM_000_69ae39db,"{'a': 0, 'b': 0, 'c': 0}","{'points': [{'x': -3.0, 'y': -3.0}, {'x': -2.75, 'y': -2.75}, {'x': -2.5, 'y': -2.5}, {'x': -2.25, 'y': -2.25}, {'x': -2.0, 'y': -2.0}, {'x': -1.75, 'y': -1.75}, {'x': -1.5, 'y': -1.5}, {'x': -1.25, 'y': -1.25}, {'x': -1.0, 'y': -1.0}, {'x': -0.75, 'y': -0.75}, {'x': -0.5, 'y': -0.5}, {'x': -0.25, 'y': -0.25}, {'x': 0.0, 'y': 0.0}, {'x': 0.25, 'y': 0.25}, {'x': 0.5, 'y': 0.5}, {'x': 0.75, 'y': 0.75}, {'x': 1.0, 'y': 1.0}, {'x': 1.25, 'y': 1.25}, {'x': 1.5, 'y': 1.5}, {'x': 1.75, 'y': 1.75}, {'x': 2.0, 'y': 2.0}, {'x': 2.25, 'y': 2.25}, {'x': 2.5, 'y': 2.5}, {'x': 2.75, 'y': 2.75}, {'x': 3.0, 'y': 3.0}]}","{'formula': 'x', 'latex': 'x', 'properties': {'singularities': [], 'is_periodic': False, 'domain': 'Reals'}}",manual
MCM_000_d339cf2e,"{'a': 0, 'b': 0, 'c': 0}","{'points': [{'x': -3.0, 'y': -6.0}, {'x': -2.75, 'y': -5.5}, {'x': -2.5, 'y': -5.0}, {'x': -2.25, 'y': -4.5}, {'x': -2.0, 'y': -4.0}, {'x': -1.75, 'y': -3.5}, {'x': -1.5, 'y': -3.0}, {'x': -1.25, 'y': -2.5}, {'x': -1.0, 'y': -2.0}, {'x': -0.75, 'y': -1.5}, {'x': -0.5, 'y': -1.0}, {'x': -0.25, 'y': -0.5}, {'x': 0.0, 'y': 0.0}, {'x': 0.25, 'y': 0.5}, {'x': 0.5, 'y': 1.0}, {'x': 0.75, 'y': 1.5}, {'x': 1.0, 'y': 2.0}, {'x': 1.25, 'y': 2.5}, {'x': 1.5, 'y': 3.0}, {'x': 1.75, 'y': 3.5}, {'x': 2.0, 'y': 4.0}, {'x': 2.25, 'y': 4.5}, {'x': 2.5, 'y': 5.0}, {'x': 2.75, 'y': 5.5}, {'x': 3.0, 'y': 6.0}]}","{'formula': '2*x', 'latex': '2 x', 'properties': {'singularities': [], 'is_periodic': False, 'domain': 'Reals'}}",manual_rich
MCM_000_d7e02e6b,"{'a': 0, 'b': 0, 'c': 0}","{'points': [{'x': -3.0, 'y': -2.0}, {'x': -2.75, 'y': -1.75}, {'x': -2.5, 'y': -1.5}, {'x': -2.25, 'y': -1.25}, {'x': -2.0, 'y': -1.0}, {'x': -1.75, 'y': -0.75}, {'x': -1.5, 'y': -0.5}, {'x': -1.25, 'y': -0.25}, {'x': -1.0, 'y': 0.0}, {'x': -0.75, 'y': 0.25}, {'x': -0.5, 'y': 0.5}, {'x': -0.25, 'y': 0.75}, {'x': 0.0, 'y': 1.0}, {'x': 0.25, 'y': 1.25}, {'x': 0.5, 'y': 1.5}, {'x': 0.75, 'y': 1.75}, {'x': 1.0, 'y': 2.0}, {'x': 1.25, 'y': 2.25}, {'x': 1.5, 'y': 2.5}, {'x': 1.75, 'y': 2.75}, {'x': 2.0, 'y': 3.0}, {'x': 2.25, 'y': 3.25}, {'x': 2.5, 'y': 3.5}, {'x': 2.75, 'y': 3.75}, {'x': 3.0, 'y': 4.0}]}","{'formula': 'x + 1', 'latex': 'x + 1', 'properties': {'singularities': [], 'is_periodic': False, 'domain': 'Reals'}}",manual_rich
MCM_001_6f99b885,"{'a': 0, 'b': 0, 'c': 1}","{'points': [{'x': -3.0, 'y': -0.1411}, {'x': -2.75, 'y': -0.3817}, {'x': -2.5, 'y': -0.5985}, {'x': -2.25, 'y': -0.7781}, {'x': -2.0, 'y': -0.9093}, {'x': -1.75, 'y': -0.984}, {'x': -1.5, 'y': -0.9975}, {'x': -1.25, 'y': -0.949}, {'x': -1.0, 'y': -0.8415}, {'x': -0.75, 'y': -0.6816}, {'x': -0.5, 'y': -0.4794}, {'x': -0.25, 'y': -0.2474}, {'x': 0.0, 'y': 0.0}, {'x': 0.25, 'y': 0.2474}, {'x': 0.5, 'y': 0.4794}, {'x': 0.75, 'y': 0.6816}, {'x': 1.0, 'y': 0.8415}, {'x': 1.25, 'y': 0.949}, {'x': 1.5, 'y': 0.9975}, {'x': 1.75, 'y': 0.984}, {'x': 2.0, 'y': 0.9093}, {'x': 2.25, 'y': 0.7781}, {'x': 2.5, 'y': 0.5985}, {'x': 2.75, 'y': 0.3817}, {'x': 3.0, 'y': 0.1411}]}","{'formula': 'sin(x)', 'latex': '\\sin{\\left(x \\right)}', 'properties': {'singularities': [], 'is_periodic': True, 'domain': 'Reals', 'period_value': '2*pi'}}",manual
MCM_001_39085c1d,"{'a': 0, 'b': 0, 'c': 1}","{'points': [{'x': -3.0, 'y': -0.4161}, {'x': -2.75, 'y': -0.1782}, {'x': -2.5, 'y': 0.0707}, {'x': -2.25, 'y': 0.3153}, {'x': -2.0, 'y': 0.5403}, {'x': -1.75, 'y': 0.7317}, {'x': -1.5, 'y': 0.8776}, {'x': -1.25, 'y': 0.9689}, {'x': -1.0, 'y': 1.0}, {'x': -0.75, 'y': 0.9689}, {'x': -0.5, 'y': 0.8776}, {'x': -0.25, 'y': 0.7317}, {'x': 0.0, 'y': 0.5403}, {'x': 0.25, 'y': 0.3153}, {'x': 0.5, 'y': 0.0707}, {'x': 0.75, 'y': -0.1782}, {'x': 1.0, 'y': -0.4161}, {'x': 1.25, 'y': -0.6282}, {'x': 1.5, 'y': -0.8011}, {'x': 1.75, 'y': -0.9243}, {'x': 2.0, 'y': -0.99}, {'x': 2.25, 'y': -0.9941}, {'x': 2.5, 'y': -0.9365}, {'x': 2.75, 'y': -0.8206}, {'x': 3.0, 'y': -0.6536}]}","{'formula': 'cos(x + 1)', 'latex': '\\cos{\\left(x + 1 \\right)}', 'properties': {'singularities': [], 'is_periodic': True, 'domain': 'Reals', 'period_value': '2*pi'}}",manual
MCM_001_b4b8485e,"{'a': 0, 'b': 0, 'c': 1}","{'points': [{'x': -3.0, 'y': -0.99}, {'x': -2.75, 'y': -0.9243}, {'x': -2.5, 'y': -0.8011}, {'x': -2.25, 'y': -0.6282}, {'x': -2.0, 'y': -0.4161}, {'x': -1.75, 'y': -0.1782}, {'x': -1.5, 'y': 0.0707}, {'x': -1.25, 'y': 0.3153}, {'x': -1.0, 'y': 0.5403}, {'x': -0.75, 'y': 0.7317}, {'x': -0.5, 'y': 0.8776}, {'x': -0.25, 'y': 0.9689}, {'x': 0.0, 'y': 1.0}, {'x': 0.25, 'y': 0.9689}, {'x': 0.5, 'y': 0.8776}, {'x': 0.75, 'y': 0.7317}, {'x': 1.0, 'y': 0.5403}, {'x': 1.25, 'y': 0.3153}, {'x': 1.5, 'y': 0.0707}, {'x': 1.75, 'y': -0.1782}, {'x': 2.0, 'y': -0.4161}, {'x': 2.25, 'y': -0.6282}, {'x': 2.5, 'y': -0.8011}, {'x': 2.75, 'y': -0.9243}, {'x': 3.0, 'y': -0.99}]}","{'formula': 'cos(x)', 'latex': '\\cos{\\left(x \\right)}', 'properties': {'singularities': [], 'is_periodic': True, 'domain': 'Reals', 'period_value': '2*pi'}}",manual_rich
MCM_001_a451bf61,"{'a': 0, 'b': 0, 'c': 1}","{'points': [{'x': -3.0, 'y': 0.2794}, {'x': -2.75, 'y': 0.7055}, {'x': -2.5, 'y': 0.9589}, {'x': -2.25, 'y': 0.9775}, {'x': -2.0, 'y': 0.7568}, {'x': -1.75, 'y': 0.3508}, {'x': -1.5, 'y': -0.1411}, {'x': -1.25, 'y': -0.5985}, {'x': -1.0, 'y': -0.9093}, {'x': -0.75, 'y': -0.9975}, {'x': -0.5, 'y': -0.8415}, {'x': -0.25, 'y': -0.4794}, {'x': 0.0, 'y': 0.0}, {'x': 0.25, 'y': 0.4794}, {'x': 0.5, 'y': 0.8415}, {'x': 0.75, 'y': 0.9975}, {'x': 1.0, 'y': 0.9093}, {'x': 1.25, 'y': 0.5985}, {'x': 1.5, 'y': 0.1411}, {'x': 1.75, 'y': -0.3508}, {'x': 2.0, 'y': -0.7568}, {'x': 2.25, 'y': -0.9775}, {'x': 2.5, 'y': -0.9589}, {'x': 2.75, 'y': -0.7055}, {'x': 3.0, 'y': -0.2794}]}","{'formula': 'sin(2*x)', 'latex': '\\sin{\\left(2 x \\right)}', 'properties': {'singularities': [], 'is_periodic': True, 'domain': 'Reals', 'period_value': 'pi'}}",manual_rich
MCM_001_360288a4,"{'a': 0, 'b': 0, 'c': 1}","{'points': [{'x': -3.0, 'y': 0.9602}, {'x': -2.75, 'y': 0.7087}, {'x': -2.5, 'y': 0.2837}, {'x': -2.25, 'y': -0.2108}, {'x': -2.0, 'y': -0.6536}, {'x': -1.75, 'y': -0.9365}, {'x': -1.5, 'y': -0.99}, {'x': -1.25, 'y': -0.8011}, {'x': -1.0, 'y': -0.4161}, {'x': -0.75, 'y': 0.0707}, {'x': -0.5, 'y': 0.5403}, {'x': -0.25, 'y': 0.8776}, {'x': 0.0, 'y': 1.0}, {'x': 0.25, 'y': 0.8776}, {'x': 0.5, 'y': 0.5403}, {'x': 0.75, 'y': 0.0707}, {'x': 1.0, 'y': -0.4161}, {'x': 1.25, 'y': -0.8011}, {'x': 1.5, 'y': -0.99}, {'x': 1.75, 'y': -0.9365}, {'x': 2.0, 'y': -0.6536}, {'x': 2.25, 'y': -0.2108}, {'x': 2.5, 'y': 0.2837}, {'x': 2.75, 'y': 0.7087}, {'x': 3.0, 'y': 0.9602}]}","{'formula': 'cos(2*x)', 'latex': '\\cos{\\left(2 x \\right)}', 'properties': {'singularities': [], 'is_periodic': True, 'domain': 'Reals', 'period_value': 'pi'}}",manual_rich
MCM_001_6d81044b,"{'a': 0, 'b': 0, 'c': 1}","{'points': [{'x': -3.0, 'y': -0.9093}, {'x': -2.75, 'y': -0.984}, {'x': -2.5, 'y': -0.9975}, {'x': -2.25, 'y': -0.949}, {'x': -2.0, 'y': -0.8415}, {'x': -1.75, 'y': -0.6816}, {'x': -1.5, 'y': -0.4794}, {'x': -1.25, 'y': -0.2474}, {'x': -1.0, 'y': 0.0}, {'x': -0.75, 'y': 0.2474}, {'x': -0.5, 'y': 0.4794}, {'x': -0.25, 'y': 0.6816}, {'x': 0.0, 'y': 0.8415}, {'x': 0.25, 'y': 0.949}, {'x': 0.5, 'y': 0.9975}, {'x': 0.75, 'y': 0.984}, {'x': 1.0, 'y': 0.9093}, {'x': 1.25, 'y': 0.7781}, {'x': 1.5, 'y': 0.5985}, {'x': 1.75, 'y': 0.3817}, {'x': 2.0, 'y': 0.1411}, {'x': 2.25, 'y': -0.1082}, {'x': 2.5, 'y': -0.3508}, {'x': 2.75, 'y': -0.5716}, {'x': 3.0, 'y': -0.7568}]}","{'formula': 'sin(x + 1)', 'latex': '\\sin{\\left(x + 1 \\right)}', 'properties': {'singularities': [], 'is_periodic': True, 'domain': 'Reals', 'period_value': '2*pi'}}",manual_rich
MCM_002_0b88452e,"{'a': 0, 'b': 0, 'c': 2}","{'points': [{'x': -3.0, 'y': -0.3226}, {'x': -2.75, 'y': -0.3509}, {'x': -2.5, 'y': -0.3846}, {'x': -2.25, 'y': -0.4255}, {'x': -2.0, 'y': -0.4762}, {'x': -1.75, 'y': -0.5405}, {'x': -1.5, 'y': -0.625}, {'x': -1.25, 'y': -0.7407}, {'x': -1.0, 'y': -0.9091}, {'x': -0.75, 'y': -1.1765}, {'x': -0.5, 'y': -1.6667}, {'x': -0.25, 'y': -2.8571}, {'x': 0.0, 'y': -10.0}, {'x': 0.25, 'y': 6.6667}, {'x': 0.5, 'y': 2.5}, {'x': 0.75, 'y': 1.5385}, {'x': 1.0, 'y': 1.1111}, {'x': 1.25, 'y': 0.8696}, {'x': 1.5, 'y': 0.7143}, {'x': 1.75, 'y': 0.6061}, {'x': 2.0, 'y': 0.5263}, {'x': 2.25, 'y': 0.4651}, {'x': 2.5, 'y': 0.4167}, {'x': 2.75, 'y': 0.3774}, {'x': 3.0, 'y': 0.3448}]}","{'formula': '1/(x - 0.1)', 'latex': '\\frac{1}{x - 0.1}', 'properties': {'singularities': [], 'is_periodic': False, 'domain': 'Union(Interval.open(-oo, 0.100000000000000), Interval.open(0.100000000000000, oo))'}}",manual
MCM_002_a98e05cf,"{'a': 0, 'b': 0, 'c': 2}","{'points': [{'x': -3.0, 'y': -0.3571}, {'x': -2.75, 'y': -0.3922}, {'x': -2.5, 'y': -0.4348}, {'x': -2.25, 'y': -0.4878}, {'x': -2.0, 'y': -0.5556}, {'x': -1.75, 'y': -0.6452}, {'x': -1.5, 'y': -0.7692}, {'x': -1.25, 'y': -0.9524}, {'x': -1.0, 'y': -1.25}, {'x': -0.75, 'y': -1.8182}, {'x': -0.5, 'y': -3.3333}, {'x': -0.25, 'y': -20.0}, {'x': 0.0, 'y': 5.0}, {'x': 0.25, 'y': 2.2222}, {'x': 0.5, 'y': 1.4286}, {'x': 0.75, 'y': 1.0526}, {'x': 1.0, 'y': 0.8333}, {'x': 1.25, 'y': 0.6897}, {'x': 1.5, 'y': 0.5882}, {'x': 1.75, 'y': 0.5128}, {'x': 2.0, 'y': 0.4545}, {'x': 2.25, 'y': 0.4082}, {'x': 2.5, 'y': 0.3704}, {'x': 2.75, 'y': 0.339}, {'x': 3.0, 'y': 0.3125}]}","{'formula': '1/(x + 0.2)', 'latex': '\\frac{1}{x + 0.2}', 'properties': {'singularities': [], 'is_periodic': False, 'domain': 'Union(Interval.open(-oo, -0.200000000000000), Interval.open(-0.200000000000000, oo))'}}",manual
MCM_002_563f7561,"{'a': 0, 'b': 0, 'c': 2}","{'points': [{'x': -3.0, 'y': 0.7317}, {'x': -2.75, 'y': 0.7143}, {'x': -2.5, 'y': 0.6944}, {'x': -2.25, 'y': 0.6716}, {'x': -2.0, 'y': 0.6452}, {'x': -1.75, 'y': 0.614}, {'x': -1.5, 'y': 0.5769}, {'x': -1.25, 'y': 0.5319}, {'x': -1.0, 'y': 0.4762}, {'x': -0.75, 'y': 0.4054}, {'x': -0.5, 'y': 0.3125}, {'x': -0.25, 'y': 0.1852}, {'x': 0.0, 'y': 0.0}, {'x': 0.25, 'y': -0.2941}, {'x': 0.5, 'y': -0.8333}, {'x': 0.75, 'y': -2.1429}, {'x': 1.0, 'y': -10.0}, {'x': 1.25, 'y': 8.3333}, {'x': 1.5, 'y': 3.75}, {'x': 1.75, 'y': 2.6923}, {'x': 2.0, 'y': 2.2222}, {'x': 2.25, 'y': 1.9565}, {'x': 2.5, 'y': 1.7857}, {'x': 2.75, 'y': 1.6667}, {'x': 3.0, 'y': 1.5789}]}","{'formula': 'x/(x - 1.1)', 'latex': '\\frac{x}{x - 1.1}', 'properties': {'singularities': [], 'is_periodic': False, 'domain': 'Union(Interval.open(-oo, 1.10000000000000), Interval.open(1.10000000000000, oo))'}}",manual
MCM_002_891c14be,"{'a': 0, 'b': 0, 'c': 2}","{'points': [{'x': -3.0, 'y': 0.9677}, {'x': -2.75, 'y': 0.9649}, {'x': -2.5, 'y': 0.9615}, {'x': -2.25, 'y': 0.9574}, {'x': -2.0, 'y': 0.9524}, {'x': -1.75, 'y': 0.9459}, {'x': -1.5, 'y': 0.9375}, {'x': -1.25, 'y': 0.9259}, {'x': -1.0, 'y': 0.9091}, {'x': -0.75, 'y': 0.8824}, {'x': -0.5, 'y': 0.8333}, {'x': -0.25, 'y': 0.7143}, {'x': 0.0, 'y': 0.0}, {'x': 0.25, 'y': 1.6667}, {'x': 0.5, 'y': 1.25}, {'x': 0.75, 'y': 1.1538}, {'x': 1.0, 'y': 1.1111}, {'x': 1.25, 'y': 1.087}, {'x': 1.5, 'y': 1.0714}, {'x': 1.75, 'y': 1.0606}, {'x': 2.0, 'y': 1.0526}, {'x': 2.25, 'y': 1.0465}, {'x': 2.5, 'y': 1.0417}, {'x': 2.75, 'y': 1.0377}, {'x': 3.0, 'y': 1.0345}]}","{'formula': 'x/(x - 0.1)', 'latex': '\\frac{x}{x - 0.1}', 'properties': {'singularities': [], 'is_periodic': False, 'domain': 'Union(Interval.open(-oo, 0.100000000000000), Interval.open(0.100000000000000, oo))'}}",manual_rich
MCM_002_21f18e4b,"{'a': 0, 'b': 0, 'c': 2}","{'points': [{'x': -3.0, 'y': 1.875}, {'x': -2.75, 'y': 1.8644}, {'x': -2.5, 'y': 1.8519}, {'x': -2.25, 'y': 1.8367}, {'x': -2.0, 'y': 1.8182}, {'x': -1.75, 'y': 1.7949}, {'x': -1.5, 'y': 1.7647}, {'x': -1.25, 'y': 1.7241}, {'x': -1.0, 'y': 1.6667}, {'x': -0.75, 'y': 1.5789}, {'x': -0.5, 'y': 1.4286}, {'x': -0.25, 'y': 1.1111}, {'x': 0.0, 'y': 0.0}, {'x': 0.25, 'y': 10.0}, {'x': 0.5, 'y': 3.3333}, {'x': 0.75, 'y': 2.7273}, {'x': 1.0, 'y': 2.5}, {'x': 1.25, 'y': 2.381}, {'x': 1.5, 'y': 2.3077}, {'x': 1.75, 'y': 2.2581}, {'x': 2.0, 'y': 2.2222}, {'x': 2.25, 'y': 2.1951}, {'x': 2.5, 'y': 2.1739}, {'x': 2.75, 'y': 2.1569}, {'x': 3.0, 'y': 2.1429}]}","{'formula': '2*x/(x - 0.2)', 'latex': '\\frac{2 x}{x - 0.2}', 'properties': {'singularities': [], 'is_periodic': False, 'domain': 'Union(Interval.open(-oo, 0.200000000000000), Interval.open(0.200000000000000, oo))'}}",manual_rich
MCM_002_0e97660d,"{'a': 0, 'b': 0, 'c': 2}","{'points': [{'x': -3.0, 'y': 0.7018}, {'x': -2.75, 'y': 0.6731}, {'x': -2.5, 'y': 0.6383}, {'x': -2.25, 'y': 0.5952}, {'x': -2.0, 'y': 0.5405}, {'x': -1.75, 'y': 0.4688}, {'x': -1.5, 'y': 0.3704}, {'x': -1.25, 'y': 0.2273}, {'x': -1.0, 'y': 0.0}, {'x': -0.75, 'y': -0.4167}, {'x': -0.5, 'y': -1.4286}, {'x': -0.25, 'y': -7.5}, {'x': 0.0, 'y': 6.6667}, {'x': 0.25, 'y': 3.125}, {'x': 0.5, 'y': 2.3077}, {'x': 0.75, 'y': 1.9444}, {'x': 1.0, 'y': 1.7391}, {'x': 1.25, 'y': 1.6071}, {'x': 1.5, 'y': 1.5152}, {'x': 1.75, 'y': 1.4474}, {'x': 2.0, 'y': 1.3953}, {'x': 2.25, 'y': 1.3542}, {'x': 2.5, 'y': 1.3208}, {'x': 2.75, 'y': 1.2931}, {'x': 3.0, 'y': 1.2698}]}","{'formula': '(x + 1)/(x + 0.15)', 'latex': '\\frac{x + 1}{x + 0.15}', 'properties': {'singularities': [], 'is_periodic': False, 'domain': 'Union(Interval.open(-oo, -0.150000000000000), Interval.open(-0.150000000000000, oo))'}}",manual_rich
MCM_003_85ddb750,"{'a': 0, 'b': 0, 'c': 3}","{'points': [{'x': -3.0, 'y': 729.0}, {'x': -2.75, 'y': 432.51}, {'x': -2.5, 'y': 244.1406}, {'x': -2.25, 'y': 129.7463}, {'x': -2.0, 'y': 64.0}, {'x': -1.75, 'y': 28.7229}, {'x': -1.5, 'y': 11.3906}, {'x': -1.25, 'y': 3.8147}, {'x': -1.0, 'y': 1.0}, {'x': -0.75, 'y': 0.178}, {'x': -0.5, 'y': 0.0156}, {'x': -0.25, 'y': 0.0002}, {'x': 0.0, 'y': 0.0}, {'x': 0.25, 'y': 0.0002}, {'x': 0.5, 'y': 0.0156}, {'x': 0.75, 'y': 0.178}, {'x': 1.0, 'y': 1.0}, {'x': 1.25, 'y': 3.8147}, {'x': 1.5, 'y': 11.3906}, {'x': 1.75, 'y': 28.7229}, {'x': 2.0, 'y': 64.0}, {'x': 2.25, 'y': 129.7463}, {'x': 2.5, 'y': 244.1406}, {'x': 2.75, 'y': 432.51}, {'x': 3.0, 'y': 729.0}]}","{'formula': 'x**6', 'latex': 'x^{6}', 'properties': {'singularities': [], 'is_periodic': False, 'domain': 'Reals'}}",manual
MCM_003_cac4ffd5,"{'a': 0, 'b': 0, 'c': 3}","{'points': [{'x': -3.0, 'y': 30.1283}, {'x': -2.75, 'y': 21.5086}, {'x': -2.5, 'y': 15.2281}, {'x': -2.25, 'y': 10.6737}, {'x': -2.0, 'y': 7.3891}, {'x': -1.75, 'y': 5.0353}, {'x': -1.5, 'y': 3.3613}, {'x': -1.25, 'y': 2.1815}, {'x': -1.0, 'y': 1.3591}, {'x': -0.75, 'y': 0.7939}, {'x': -0.5, 'y': 0.4122}, {'x': -0.25, 'y': 0.1605}, {'x': 0.0, 'y': 0.0}, {'x': 0.25, 'y': -0.1605}, {'x': 0.5, 'y': -0.4122}, {'x': 0.75, 'y': -0.7939}, {'x': 1.0, 'y': -1.3591}, {'x': 1.25, 'y': -2.1815}, {'x': 1.5, 'y': -3.3613}, {'x': 1.75, 'y': -5.0353}, {'x': 2.0, 'y': -7.3891}, {'x': 2.25, 'y': -10.6737}, {'x': 2.5, 'y': -15.2281}, {'x': 2.75, 'y': -21.5086}, {'x': 3.0, 'y': -30.1283}]}","{'formula': '-0.5*x*exp(Abs(x))', 'latex': '- 0.5 x e^{\\left|{x}\\right|}', 'properties': {'singularities': [], 'is_periodic': False, 'domain': 'Reals'}}",manual
MCM_003_1e31241e,"{'a': 0, 'b': 0, 'c': 3}","{'points': [{'x': -3.0, 'y': -241.8513}, {'x': -2.75, 'y': -156.1429}, {'x': -2.5, 'y': -96.5401}, {'x': -2.25, 'y': -56.5691}, {'x': -2.0, 'y': -30.9282}, {'x': -1.75, 'y': -15.3717}, {'x': -1.5, 'y': -6.5938}, {'x': -1.25, 'y': -2.1187}, {'x': -1.0, 'y': -1.0}, {'x': -0.75, 'y': 0.6957}, {'x': -0.5, 'y': 0.9688}, {'x': -0.25, 'y': 1.0404}, {'x': 0.0, 'y': 1.0718}, {'x': 0.25, 'y': 1.0969}, {'x': 0.5, 'y': 1.1474}, {'x': 0.75, 'y': 1.3708}, {'x': 1.0, 'y': 2.1487}, {'x': 1.25, 'y': 4.2141}, {'x': 1.5, 'y': 8.7684}, {'x': 1.75, 'y': 17.599}, {'x': 2.0, 'y': 33.1962}, {'x': 2.25, 'y': 58.8709}, {'x': 2.5, 'y': 98.8711}, {'x': 2.75, 'y': 158.4996}, {'x': 3.0, 'y': 244.2311}]}","{'formula': 'x**5 + 1.07177346253629*Abs(x + 1)**0.1', 'latex': 'x^{5} + 1.07177346253629 \\left|{x + 1}\\right|^{0.1}', 'properties': {'singularities': [], 'is_periodic': False, 'domain': 'Reals'}}",manual
MCM_003_034f7ef1,"{'a': 0, 'b': 0, 'c': 3}","{'points': [{'x': -3.0, 'y': 0.9223}, {'x': -2.75, 'y': 0.9145}, {'x': -2.5, 'y': 0.9049}, {'x': -2.25, 'y': 0.8931}, {'x': -2.0, 'y': 0.8781}, {'x': -1.75, 'y': 0.8586}, {'x': -1.5, 'y': 0.8323}, {'x': -1.25, 'y': 0.7953}, {'x': -1.0, 'y': 0.7402}, {'x': -0.75, 'y': 0.6515}, {'x': -0.5, 'y': 0.495}, {'x': -0.25, 'y': 0.1988}, {'x': 0.0, 'y': 0.0}, {'x': 0.25, 'y': 0.2282}, {'x': 0.5, 'y': -0.0953}, {'x': 0.75, 'y': 0.7272}, {'x': 1.0, 'y': 0.949}, {'x': 1.25, 'y': 1.0185}, {'x': 1.5, 'y': 1.0434}, {'x': 1.75, 'y': 1.0523}, {'x': 2.0, 'y': 1.0548}, {'x': 2.25, 'y': 1.0545}, {'x': 2.5, 'y': 1.053}, {'x': 2.75, 'y': 1.051}, {'x': 3.0, 'y': 1.0488}]}","{'formula': 'x*sin(1/(x - 0.2))', 'latex': 'x \\sin{\\left(\\frac{1}{x - 0.2} \\right)}', 'properties': {'singularities': [], 'is_periodic': False, 'domain': 'Union(Interval.open(-oo, 0.200000000000000), Interval.open(0.200000000000000, oo))'}}",manual_rich
MCM_003_5abfba83,"{'a': 0, 'b': 0, 'c': 3}","{'points': [{'x': -3.0, 'y': 2.0623}, {'x': -2.75, 'y': 2.0636}, {'x': -2.5, 'y': 2.064}, {'x': -2.25, 'y': 2.0628}, {'x': -2.0, 'y': 2.0584}, {'x': -1.75, 'y': 2.0478}, {'x': -1.5, 'y': 2.0245}, {'x': -1.25, 'y': 1.9724}, {'x': -1.0, 'y': 1.8465}, {'x': -0.75, 'y': 1.4931}, {'x': -0.5, 'y': 0.2806}, {'x': -0.25, 'y': -0.272}, {'x': 0.0, 'y': 0.0}, {'x': 0.25, 'y': 0.2992}, {'x': 0.5, 'y': 0.9995}, {'x': 0.75, 'y': 1.3443}, {'x': 1.0, 'y': 1.5281}, {'x': 1.25, 'y': 1.6377}, {'x': 1.5, 'y': 1.7089}, {'x': 1.75, 'y': 1.7582}, {'x': 2.0, 'y': 1.7941}, {'x': 2.25, 'y': 1.8212}, {'x': 2.5, 'y': 1.8423}, {'x': 2.75, 'y': 1.8592}, {'x': 3.0, 'y': 1.8729}]}","{'formula': '2*x*sin(1/(x + 0.15))', 'latex': '2 x \\sin{\\left(\\frac{1}{x + 0.15} \\right)}', 'properties': {'singularities': [], 'is_periodic': False, 'domain': 'Union(Interval.open(-oo, -0.150000000000000), Interval.open(-0.150000000000000, oo))'}}",manual_rich
MCM_003_330975f7,"{'a': 0, 'b': 0, 'c': 3}","{'points': [{'x': -3.0, 'y': 0.7239}, {'x': -2.75, 'y': 0.6946}, {'x': -2.5, 'y': 0.6586}, {'x': -2.25, 'y': 0.6133}, {'x': -2.0, 'y': 0.5549}, {'x': -1.75, 'y': 0.4772}, {'x': -1.5, 'y': 0.3701}, {'x': -1.25, 'y': 0.2172}, {'x': -1.0, 'y': 0.0}, {'x': -0.75, 'y': -0.1988}, {'x': -0.5, 'y': 0.4795}, {'x': -0.25, 'y': 0.6847}, {'x': 0.0, 'y': -0.1906}, {'x': 0.25, 'y': 1.2119}, {'x': 0.5, 'y': 1.4235}, {'x': 0.75, 'y': 1.4259}, {'x': 1.0, 'y': 1.3912}, {'x': 1.25, 'y': 1.353}, {'x': 1.5, 'y': 1.3185}, {'x': 1.75, 'y': 1.2889}, {'x': 2.0, 'y': 1.2636}, {'x': 2.25, 'y': 1.2421}, {'x': 2.5, 'y': 1.2236}, {'x': 2.75, 'y': 1.2076}, {'x': 3.0, 'y': 1.1937}]}","{'formula': '(x + 1)*sin(1/(x + 0.3))', 'latex': '\\left(x + 1\\right) \\sin{\\left(\\frac{1}{x + 0.3} \\right)}', 'properties': {'singularities': [], 'is_periodic': False, 'domain': 'Union(Interval.open(-oo, -0.300000000000000), Interval.open(-0.300000000000000, oo))'}}",manual_rich
MCM_010_99a8ee0f,"{'a': 0, 'b': 1, 'c': 0}","{'points': [{'x': -3.0, 'y': 0.0498}, {'x': -2.75, 'y': 0.0639}, {'x': -2.5, 'y': 0.0821}, {'x': -2.25, 'y': 0.1054}, {'x': -2.0, 'y': 0.1353}, {'x': -1.75, 'y': 0.1738}, {'x': -1.5, 'y': 0.2231}, {'x': -1.25, 'y': 0.2865}, {'x': -1.0, 'y': 0.3679}, {'x': -0.75, 'y': 0.4724}, {'x': -0.5, 'y': 0.6065}, {'x': -0.25, 'y': 0.7788}, {'x': 0.0, 'y': 1.0}, {'x': 0.25, 'y': 1.284}, {'x': 0.5, 'y': 1.6487}, {'x': 0.75, 'y': 2.117}, {'x': 1.0, 'y': 2.7183}, {'x': 1.25, 'y': 3.4903}, {'x': 1.5, 'y': 4.4817}, {'x': 1.75, 'y': 5.7546}, {'x': 2.0, 'y': 7.3891}, {'x': 2.25, 'y': 9.4877}, {'x': 2.5, 'y': 12.1825}, {'x': 2.75, 'y': 15.6426}, {'x': 3.0, 'y': 20.0855}]}","{'formula': 'exp(x)', 'latex': 'e^{x}', 'properties': {'singularities': [], 'is_periodic': False, 'domain': 'Reals'}}",manual
MCM_010_274cec7a,"{'a': 0, 'b': 1, 'c': 0}","{'points': [{'x': -3.0, 'y': 2.01}, {'x': -2.75, 'y': 1.8257}, {'x': -2.5, 'y': 1.6989}, {'x': -2.25, 'y': 1.6218}, {'x': -2.0, 'y': 1.5839}, {'x': -1.75, 'y': 1.5718}, {'x': -1.5, 'y': 1.5707}, {'x': -1.25, 'y': 1.5653}, {'x': -1.0, 'y': 1.5403}, {'x': -0.75, 'y': 1.4817}, {'x': -0.5, 'y': 1.3776}, {'x': -0.25, 'y': 1.2189}, {'x': 0.0, 'y': 1.0}, {'x': 0.25, 'y': 0.7189}, {'x': 0.5, 'y': 0.3776}, {'x': 0.75, 'y': -0.0183}, {'x': 1.0, 'y': -0.4597}, {'x': 1.25, 'y': -0.9347}, {'x': 1.5, 'y': -1.4293}, {'x': 1.75, 'y': -1.9282}, {'x': 2.0, 'y': -2.4161}, {'x': 2.25, 'y': -2.8782}, {'x': 2.5, 'y': -3.3011}, {'x': 2.75, 'y': -3.6743}, {'x': 3.0, 'y': -3.99}]}","{'formula': '-x + cos(x)', 'latex': '- x + \\cos{\\left(x \\right)}', 'properties': {'singularities': [], 'is_periodic': False, 'domain': 'Reals'}}",manual
MCM_010_b5227ca3,"{'a': 0, 'b': 1, 'c': 0}","{'points': [{'x': -3.0, 'y': -1.1311}, {'x': -2.75, 'y': -1.306}, {'x': -2.5, 'y': -1.3996}, {'x': -2.25, 'y': -1.4062}, {'x': -2.0, 'y': -1.3254}, {'x': -1.75, 'y': -1.1622}, {'x': -1.5, 'y': -0.9268}, {'x': -1.25, 'y': -0.6337}, {'x': -1.0, 'y': -0.3012}, {'x': -0.75, 'y': 0.0501}, {'x': -0.5, 'y': 0.3982}, {'x': -0.25, 'y': 0.7215}, {'x': 0.0, 'y': 1.0}, {'x': 0.25, 'y': 1.2163}, {'x': 0.5, 'y': 1.357}, {'x': 0.75, 'y': 1.4133}, {'x': 1.0, 'y': 1.3818}, {'x': 1.25, 'y': 1.2643}, {'x': 1.5, 'y': 1.0682}, {'x': 1.75, 'y': 0.8057}, {'x': 2.0, 'y': 0.4932}, {'x': 2.25, 'y': 0.1499}, {'x': 2.5, 'y': -0.2027}, {'x': 2.75, 'y': -0.5426}, {'x': 3.0, 'y': -0.8489}]}","{'formula': 'sin(x) + cos(x)', 'latex': '\\sin{\\left(x \\right)} + \\cos{\\left(x \\right)}', 'properties': {'singularities': [], 'is_periodic': True, 'domain': 'Reals', 'period_value': '2*pi'}}",manual
MCM_010_3d38548d,"{'a': 0, 'b': 1, 'c': 0}","{'points': [{'x': -3.0, 'y': 20.0855}, {'x': -2.75, 'y': 15.6426}, {'x': -2.5, 'y': 12.1825}, {'x': -2.25, 'y': 9.4877}, {'x': -2.0, 'y': 7.3891}, {'x': -1.75, 'y': 5.7546}, {'x': -1.5, 'y': 4.4817}, {'x': -1.25, 'y': 3.4903}, {'x': -1.0, 'y': 2.7183}, {'x': -0.75, 'y': 2.117}, {'x': -0.5, 'y': 1.6487}, {'x': -0.25, 'y': 1.284}, {'x': 0.0, 'y': 1.0}, {'x': 0.25, 'y': 0.7788}, {'x': 0.5, 'y': 0.6065}, {'x': 0.75, 'y': 0.4724}, {'x': 1.0, 'y': 0.3679}, {'x': 1.25, 'y': 0.2865}, {'x': 1.5, 'y': 0.2231}, {'x': 1.75, 'y': 0.1738}, {'x': 2.0, 'y': 0.1353}, {'x': 2.25, 'y': 0.1054}, {'x': 2.5, 'y': 0.0821}, {'x': 2.75, 'y': 0.0639}, {'x': 3.0, 'y': 0.0498}]}","{'formula': 'exp(-x)', 'latex': 'e^{- x}', 'properties': {'singularities': [], 'is_periodic': False, 'domain': 'Reals'}}",manual
MCM_010_f3707d0d,"{'a': 0, 'b': 1, 'c': 0}","{'points': [{'x': -3.0, 'y': 0.125}, {'x': -2.75, 'y': 0.1487}, {'x': -2.5, 'y': 0.1768}, {'x': -2.25, 'y': 0.2102}, {'x': -2.0, 'y': 0.25}, {'x': -1.75, 'y': 0.2973}, {'x': -1.5, 'y': 0.3536}, {'x': -1.25, 'y': 0.4204}, {'x': -1.0, 'y': 0.5}, {'x': -0.75, 'y': 0.5946}, {'x': -0.5, 'y': 0.7071}, {'x': -0.25, 'y': 0.8409}, {'x': 0.0, 'y': 1.0}, {'x': 0.25, 'y': 1.1892}, {'x': 0.5, 'y': 1.4142}, {'x': 0.75, 'y': 1.6818}, {'x': 1.0, 'y': 2.0}, {'x': 1.25, 'y': 2.3784}, {'x': 1.5, 'y': 2.8284}, {'x': 1.75, 'y': 3.3636}, {'x': 2.0, 'y': 4.0}, {'x': 2.25, 'y': 4.7568}, {'x': 2.5, 'y': 5.6569}, {'x': 2.75, 'y': 6.7272}, {'x': 3.0, 'y': 8.0}]}","{'formula': '2**x', 'latex': '2^{x}', 'properties': {'singularities': [], 'is_periodic': False, 'domain': 'Reals'}}",manual_rich
MCM_010_7d043f67,"{'a': 0, 'b': 1, 'c': 0}","{'points': [{'x': -3.0, 'y': 0.037}, {'x': -2.75, 'y': 0.0487}, {'x': -2.5, 'y': 0.0642}, {'x': -2.25, 'y': 0.0844}, {'x': -2.0, 'y': 0.1111}, {'x': -1.75, 'y': 0.1462}, {'x': -1.5, 'y': 0.1925}, {'x': -1.25, 'y': 0.2533}, {'x': -1.0, 'y': 0.3333}, {'x': -0.75, 'y': 0.4387}, {'x': -0.5, 'y': 0.5774}, {'x': -0.25, 'y': 0.7598}, {'x': 0.0, 'y': 1.0}, {'x': 0.25, 'y': 1.3161}, {'x': 0.5, 'y': 1.7321}, {'x': 0.75, 'y': 2.2795}, {'x': 1.0, 'y': 3.0}, {'x': 1.25, 'y': 3.9482}, {'x': 1.5, 'y': 5.1962}, {'x': 1.75, 'y': 6.8385}, {'x': 2.0, 'y': 9.0}, {'x': 2.25, 'y': 11.8447}, {'x': 2.5, 'y': 15.5885}, {'x': 2.75, 'y': 20.5156}, {'x': 3.0, 'y': 27.0}]}","{'formula': '3**x', 'latex': '3^{x}', 'properties': {'singularities': [], 'is_periodic': False, 'domain': 'Reals'}}",manual_rich
MCM_010_3086b21a,"{'a': 0, 'b': 1, 'c': 0}","{'points': [{'x': -3.0, 'y': 8.0}, {'x': -2.75, 'y': 6.7272}, {'x': -2.5, 'y': 5.6569}, {'x': -2.25, 'y': 4.7568}, {'x': -2.0, 'y': 4.0}, {'x': -1.75, 'y': 3.3636}, {'x': -1.5, 'y': 2.8284}, {'x': -1.25, 'y': 2.3784}, {'x': -1.0, 'y': 2.0}, {'x': -0.75, 'y': 1.6818}, {'x': -0.5, 'y': 1.4142}, {'x': -0.25, 'y': 1.1892}, {'x': 0.0, 'y': 1.0}, {'x': 0.25, 'y': 0.8409}, {'x': 0.5, 'y': 0.7071}, {'x': 0.75, 'y': 0.5946}, {'x': 1.0, 'y': 0.5}, {'x': 1.25, 'y': 0.4204}, {'x': 1.5, 'y': 0.3536}, {'x': 1.75, 'y': 0.2973}, {'x': 2.0, 'y': 0.25}, {'x': 2.25, 'y': 0.2102}, {'x': 2.5, 'y': 0.1768}, {'x': 2.75, 'y': 0.1487}, {'x': 3.0, 'y': 0.125}]}","{'formula': '0.5**x', 'latex': '{0.5}^{x}', 'properties': {'singularities': [], 'is_periodic': False, 'domain': 'Reals'}}",manual_rich
MCM_011_c6223fda,"{'a': 0, 'b': 1, 'c': 1}","{'points': [{'x': -3.0, 'y': 0.6749}, {'x': -2.75, 'y': 0.6886}, {'x': -2.5, 'y': 0.7024}, {'x': -2.25, 'y': 0.7163}, {'x': -2.0, 'y': 0.7303}, {'x': -1.75, 'y': 0.7443}, {'x': -1.5, 'y': 0.7583}, {'x': -1.25, 'y': 0.7723}, {'x': -1.0, 'y': 0.7863}, {'x': -0.75, 'y': 0.8003}, {'x': -0.5, 'y': 0.8141}, {'x': -0.25, 'y': 0.8279}, {'x': 0.0, 'y': 0.8415}, {'x': 0.25, 'y': 0.8549}, {'x': 0.5, 'y': 0.8681}, {'x': 0.75, 'y': 0.881}, {'x': 1.0, 'y': 0.8935}, {'x': 1.25, 'y': 0.9058}, {'x': 1.5, 'y': 0.9175}, {'x': 1.75, 'y': 0.9288}, {'x': 2.0, 'y': 0.9396}, {'x': 2.25, 'y': 0.9497}, {'x': 2.5, 'y': 0.9592}, {'x': 2.75, 'y': 0.9678}, {'x': 3.0, 'y': 0.9757}]}","{'formula': 'sin(exp(0.1*x))', 'latex': '\\sin{\\left(e^{0.1 x} \\right)}', 'properties': {'singularities': [], 'is_periodic': False, 'domain': 'Reals'}}",manual
MCM_011_235c4810,"{'a': 0, 'b': 1, 'c': 1}","{'points': [{'x': -3.0, 'y': 0.6088}, {'x': -2.75, 'y': 0.6486}, {'x': -2.5, 'y': 0.6888}, {'x': -2.25, 'y': 0.7291}, {'x': -2.0, 'y': 0.7692}, {'x': -1.75, 'y': 0.8088}, {'x': -1.5, 'y': 0.8475}, {'x': -1.25, 'y': 0.8844}, {'x': -1.0, 'y': 0.9189}, {'x': -0.75, 'y': 0.9497}, {'x': -0.5, 'y': 0.9752}, {'x': -0.25, 'y': 0.9931}, {'x': 0.0, 'y': 1.0}, {'x': 0.25, 'y': 0.9931}, {'x': 0.5, 'y': 0.9752}, {'x': 0.75, 'y': 0.9497}, {'x': 1.0, 'y': 0.9189}, {'x': 1.25, 'y': 0.8844}, {'x': 1.5, 'y': 0.8475}, {'x': 1.75, 'y': 0.8088}, {'x': 2.0, 'y': 0.7692}, {'x': 2.25, 'y': 0.7291}, {'x': 2.5, 'y': 0.6888}, {'x': 2.75, 'y': 0.6486}, {'x': 3.0, 'y': 0.6088}]}","{'formula': 'cos(log(0.5*Abs(x) + 1))', 'latex': '\\cos{\\left(\\log{\\left(0.5 \\left|{x}\\right| + 1 \\right)} \\right)}', 'properties': {'singularities': [], 'is_periodic': False, 'domain': 'Reals'}}",manual
MCM_011_e5aa54ca,"{'a': 0, 'b': 1, 'c': 1}","{'points': [{'x': -3.0, 'y': 0.7568}, {'x': -2.75, 'y': 0.5716}, {'x': -2.5, 'y': 0.3508}, {'x': -2.25, 'y': 0.1082}, {'x': -2.0, 'y': -0.1411}, {'x': -1.75, 'y': -0.3817}, {'x': -1.5, 'y': -0.5985}, {'x': -1.25, 'y': -0.7781}, {'x': -1.0, 'y': -0.9093}, {'x': -0.75, 'y': -0.984}, {'x': -0.5, 'y': -0.9975}, {'x': -0.25, 'y': -0.949}, {'x': 0.0, 'y': -0.8415}, {'x': 0.25, 'y': -0.6816}, {'x': 0.5, 'y': -0.4794}, {'x': 0.75, 'y': -0.2474}, {'x': 1.0, 'y': 0.0}, {'x': 1.25, 'y': 0.2474}, {'x': 1.5, 'y': 0.4794}, {'x': 1.75, 'y': 0.6816}, {'x': 2.0, 'y': 0.8415}, {'x': 2.25, 'y': 0.949}, {'x': 2.5, 'y': 0.9975}, {'x': 2.75, 'y': 0.984}, {'x': 3.0, 'y': 0.9093}]}","{'formula': 'sin(x - 1)', 'latex': '\\sin{\\left(x - 1 \\right)}', 'properties': {'singularities': [], 'is_periodic': True, 'domain': 'Reals', 'period_value': '2*pi'}}",manual
MCM_011_5fb16efe,"{'a': 0, 'b': 1, 'c': 1}","{'points': [{'x': -3.0, 'y': -0.1407}, {'x': -2.75, 'y': -0.3725}, {'x': -2.5, 'y': -0.5634}, {'x': -2.25, 'y': -0.7019}, {'x': -2.0, 'y': -0.7891}, {'x': -1.75, 'y': -0.8327}, {'x': -1.5, 'y': -0.8401}, {'x': -1.25, 'y': -0.8128}, {'x': -1.0, 'y': -0.7456}, {'x': -0.75, 'y': -0.6301}, {'x': -0.5, 'y': -0.4613}, {'x': -0.25, 'y': -0.2449}, {'x': 0.0, 'y': 0.0}, {'x': 0.25, 'y': 0.2449}, {'x': 0.5, 'y': 0.4613}, {'x': 0.75, 'y': 0.6301}, {'x': 1.0, 'y': 0.7456}, {'x': 1.25, 'y': 0.8128}, {'x': 1.5, 'y': 0.8401}, {'x': 1.75, 'y': 0.8327}, {'x': 2.0, 'y': 0.7891}, {'x': 2.25, 'y': 0.7019}, {'x': 2.5, 'y': 0.5634}, {'x': 2.75, 'y': 0.3725}, {'x': 3.0, 'y': 0.1407}]}","{'formula': 'sin(sin(x))', 'latex': '\\sin{\\left(\\sin{\\left(x \\right)} \\right)}', 'properties': {'singularities': [], 'is_periodic': True, 'domain': 'Reals', 'period_value': '2*pi'}}",manual_rich
MCM_011_ee98abb3,"{'a': 0, 'b': 1, 'c': 1}","{'points': [{'x': -3.0, 'y': 0.9901}, {'x': -2.75, 'y': 0.928}, {'x': -2.5, 'y': 0.8262}, {'x': -2.25, 'y': 0.7123}, {'x': -2.0, 'y': 0.6143}, {'x': -1.75, 'y': 0.5537}, {'x': -1.5, 'y': 0.5424}, {'x': -1.25, 'y': 0.5825}, {'x': -1.0, 'y': 0.6664}, {'x': -0.75, 'y': 0.7765}, {'x': -0.5, 'y': 0.8873}, {'x': -0.25, 'y': 0.9696}, {'x': 0.0, 'y': 1.0}, {'x': 0.25, 'y': 0.9696}, {'x': 0.5, 'y': 0.8873}, {'x': 0.75, 'y': 0.7765}, {'x': 1.0, 'y': 0.6664}, {'x': 1.25, 'y': 0.5825}, {'x': 1.5, 'y': 0.5424}, {'x': 1.75, 'y': 0.5537}, {'x': 2.0, 'y': 0.6143}, {'x': 2.25, 'y': 0.7123}, {'x': 2.5, 'y': 0.8262}, {'x': 2.75, 'y': 0.928}, {'x': 3.0, 'y': 0.9901}]}","{'formula': 'cos(sin(x))', 'latex': '\\cos{\\left(\\sin{\\left(x \\right)} \\right)}', 'properties': {'singularities': [], 'is_periodic': True, 'domain': 'Reals', 'period_value': '2*pi'}}",manual_rich
MCM_011_ba939da7,"{'a': 0, 'b': 1, 'c': 1}","{'points': [{'x': -3.0, 'y': -0.836}, {'x': -2.75, 'y': -0.7982}, {'x': -2.5, 'y': -0.7182}, {'x': -2.25, 'y': -0.5877}, {'x': -2.0, 'y': -0.4042}, {'x': -1.75, 'y': -0.1773}, {'x': -1.5, 'y': 0.0707}, {'x': -1.25, 'y': 0.3101}, {'x': -1.0, 'y': 0.5144}, {'x': -0.75, 'y': 0.6681}, {'x': -0.5, 'y': 0.7692}, {'x': -0.25, 'y': 0.8243}, {'x': 0.0, 'y': 0.8415}, {'x': 0.25, 'y': 0.8243}, {'x': 0.5, 'y': 0.7692}, {'x': 0.75, 'y': 0.6681}, {'x': 1.0, 'y': 0.5144}, {'x': 1.25, 'y': 0.3101}, {'x': 1.5, 'y': 0.0707}, {'x': 1.75, 'y': -0.1773}, {'x': 2.0, 'y': -0.4042}, {'x': 2.25, 'y': -0.5877}, {'x': 2.5, 'y': -0.7182}, {'x': 2.75, 'y': -0.7982}, {'x': 3.0, 'y': -0.836}]}","{'formula': 'sin(cos(x))', 'latex': '\\sin{\\left(\\cos{\\left(x \\right)} \\right)}', 'properties': {'singularities': [], 'is_periodic': True, 'domain': 'Reals', 'period_value': '2*pi'}}",manual_rich
MCM_011_3ebb87a2,"{'a': 0, 'b': 1, 'c': 1}","{'points': [{'x': -3.0, 'y': 0.5487}, {'x': -2.75, 'y': 0.6024}, {'x': -2.5, 'y': 0.6959}, {'x': -2.25, 'y': 0.8091}, {'x': -2.0, 'y': 0.9147}, {'x': -1.75, 'y': 0.9842}, {'x': -1.5, 'y': 0.9975}, {'x': -1.25, 'y': 0.9507}, {'x': -1.0, 'y': 0.8576}, {'x': -0.75, 'y': 0.744}, {'x': -0.5, 'y': 0.639}, {'x': -0.25, 'y': 0.5662}, {'x': 0.0, 'y': 0.5403}, {'x': 0.25, 'y': 0.5662}, {'x': 0.5, 'y': 0.639}, {'x': 0.75, 'y': 0.744}, {'x': 1.0, 'y': 0.8576}, {'x': 1.25, 'y': 0.9507}, {'x': 1.5, 'y': 0.9975}, {'x': 1.75, 'y': 0.9842}, {'x': 2.0, 'y': 0.9147}, {'x': 2.25, 'y': 0.8091}, {'x': 2.5, 'y': 0.6959}, {'x': 2.75, 'y': 0.6024}, {'x': 3.0, 'y': 0.5487}]}","{'formula': 'cos(cos(x))', 'latex': '\\cos{\\left(\\cos{\\left(x \\right)} \\right)}', 'properties': {'singularities': [], 'is_periodic': True, 'domain': 'Reals', 'period_value': '2*pi'}}",manual_rich
MCM_011_9bd94aaf,"{'a': 0, 'b': 1, 'c': 1}","{'points': [{'x': -3.0, 'y': 0.0498}, {'x': -2.75, 'y': 0.0639}, {'x': -2.5, 'y': 0.082}, {'x': -2.25, 'y': 0.1052}, {'x': -2.0, 'y': 0.1349}, {'x': -1.75, 'y': 0.1729}, {'x': -1.5, 'y': 0.2213}, {'x': -1.25, 'y': 0.2826}, {'x': -1.0, 'y': 0.3596}, {'x': -0.75, 'y': 0.455}, {'x': -0.5, 'y': 0.57}, {'x': -0.25, 'y': 0.7024}, {'x': 0.0, 'y': 0.8415}, {'x': 0.25, 'y': 0.9592}, {'x': 0.5, 'y': 0.997}, {'x': 0.75, 'y': 0.8545}, {'x': 1.0, 'y': 0.4108}, {'x': 1.25, 'y': -0.3417}, {'x': 1.5, 'y': -0.9735}, {'x': 1.75, 'y': -0.5043}, {'x': 2.0, 'y': 0.8939}, {'x': 2.25, 'y': -0.0629}, {'x': 2.5, 'y': -0.3745}, {'x': 2.75, 'y': 0.0653}, {'x': 3.0, 'y': 0.9445}]}","{'formula': 'sin(exp(x))', 'latex': '\\sin{\\left(e^{x} \\right)}', 'properties': {'singularities': [], 'is_periodic': False, 'domain': 'Reals'}}",manual_rich
MCM_011_23cacfc4,"{'a': 0, 'b': 1, 'c': 1}","{'points': [{'x': -3.0, 'y': 0.9988}, {'x': -2.75, 'y': 0.998}, {'x': -2.5, 'y': 0.9966}, {'x': -2.25, 'y': 0.9945}, {'x': -2.0, 'y': 0.9909}, {'x': -1.75, 'y': 0.9849}, {'x': -1.5, 'y': 0.9752}, {'x': -1.25, 'y': 0.9592}, {'x': -1.0, 'y': 0.9331}, {'x': -0.75, 'y': 0.8905}, {'x': -0.5, 'y': 0.8216}, {'x': -0.25, 'y': 0.7118}, {'x': 0.0, 'y': 0.5403}, {'x': 0.25, 'y': 0.2829}, {'x': 0.5, 'y': -0.0778}, {'x': 0.75, 'y': -0.5194}, {'x': 1.0, 'y': -0.9117}, {'x': 1.25, 'y': -0.9398}, {'x': 1.5, 'y': -0.2287}, {'x': 1.75, 'y': 0.8635}, {'x': 2.0, 'y': 0.4484}, {'x': 2.25, 'y': -0.998}, {'x': 2.5, 'y': 0.9272}, {'x': 2.75, 'y': -0.9979}, {'x': 3.0, 'y': 0.3286}]}","{'formula': 'cos(exp(x))', 'latex': '\\cos{\\left(e^{x} \\right)}', 'properties': {'singularities': [], 'is_periodic': False, 'domain': 'Reals'}}",manual_rich
MCM_011_a4a6d8e8,"{'a': 0, 'b': 1, 'c': 1}","{'points': [{'x': -3.0, 'y': 0.1247}, {'x': -2.75, 'y': 0.1481}, {'x': -2.5, 'y': 0.1759}, {'x': -2.25, 'y': 0.2087}, {'x': -2.0, 'y': 0.2474}, {'x': -1.75, 'y': 0.2929}, {'x': -1.5, 'y': 0.3462}, {'x': -1.25, 'y': 0.4082}, {'x': -1.0, 'y': 0.4794}, {'x': -0.75, 'y': 0.5602}, {'x': -0.5, 'y': 0.6496}, {'x': -0.25, 'y': 0.7452}, {'x': 0.0, 'y': 0.8415}, {'x': 0.25, 'y': 0.9281}, {'x': 0.5, 'y': 0.9878}, {'x': 0.75, 'y': 0.9938}, {'x': 1.0, 'y': 0.9093}, {'x': 1.25, 'y': 0.6912}, {'x': 1.5, 'y': 0.3081}, {'x': 1.75, 'y': -0.2202}, {'x': 2.0, 'y': -0.7568}, {'x': 2.25, 'y': -0.999}, {'x': 2.5, 'y': -0.5862}, {'x': 2.75, 'y': 0.4295}, {'x': 3.0, 'y': 0.9894}]}","{'formula': 'sin(2**x)', 'latex': '\\sin{\\left(2^{x} \\right)}', 'properties': {'singularities': [], 'is_periodic': True, 'domain': 'Reals', 'period_value': '0'}}",manual_rich
MCM_011_56991dfb,"{'a': 0, 'b': 1, 'c': 1}","{'points': [{'x': -3.0, 'y': 0.9922}, {'x': -2.75, 'y': 0.989}, {'x': -2.5, 'y': 0.9844}, {'x': -2.25, 'y': 0.978}, {'x': -2.0, 'y': 0.9689}, {'x': -1.75, 'y': 0.9561}, {'x': -1.5, 'y': 0.9381}, {'x': -1.25, 'y': 0.9129}, {'x': -1.0, 'y': 0.8776}, {'x': -0.75, 'y': 0.8284}, {'x': -0.5, 'y': 0.7602}, {'x': -0.25, 'y': 0.6668}, {'x': 0.0, 'y': 0.5403}, {'x': 0.25, 'y': 0.3724}, {'x': 0.5, 'y': 0.1559}, {'x': 0.75, 'y': -0.1108}, {'x': 1.0, 'y': -0.4161}, {'x': 1.25, 'y': -0.7226}, {'x': 1.5, 'y': -0.9514}, {'x': 1.75, 'y': -0.9755}, {'x': 2.0, 'y': -0.6536}, {'x': 2.25, 'y': 0.0444}, {'x': 2.5, 'y': 0.8102}, {'x': 2.75, 'y': 0.903}, {'x': 3.0, 'y': -0.1455}]}","{'formula': 'cos(2**x)', 'latex': '\\cos{\\left(2^{x} \\right)}', 'properties': {'singularities': [], 'is_periodic': True, 'domain': 'Reals', 'period_value': '0'}}",manual_rich
MCM_011_0425689f,"{'a': 0, 'b': 1, 'c': 1}","{'points': [{'x': -3.0, 'y': 0.037}, {'x': -2.75, 'y': 0.0487}, {'x': -2.5, 'y': 0.0641}, {'x': -2.25, 'y': 0.0843}, {'x': -2.0, 'y': 0.1109}, {'x': -1.75, 'y': 0.1457}, {'x': -1.5, 'y': 0.1913}, {'x': -1.25, 'y': 0.2506}, {'x': -1.0, 'y': 0.3272}, {'x': -0.75, 'y': 0.4248}, {'x': -0.5, 'y': 0.5458}, {'x': -0.25, 'y': 0.6888}, {'x': 0.0, 'y': 0.8415}, {'x': 0.25, 'y': 0.9677}, {'x': 0.5, 'y': 0.987}, {'x': 0.75, 'y': 0.7592}, {'x': 1.0, 'y': 0.1411}, {'x': 1.25, 'y': -0.722}, {'x': 1.5, 'y': -0.8853}, {'x': 1.75, 'y': 0.5272}, {'x': 2.0, 'y': 0.4121}, {'x': 2.25, 'y': -0.6607}, {'x': 2.5, 'y': 0.1192}, {'x': 2.75, 'y': 0.9955}, {'x': 3.0, 'y': 0.9564}]}","{'formula': 'sin(3**x)', 'latex': '\\sin{\\left(3^{x} \\right)}', 'properties': {'singularities': [], 'is_periodic': True, 'domain': 'Reals', 'period_value': '0'}}",manual_rich
MCM_011_c090bf17,"{'a': 0, 'b': 1, 'c': 1}","{'points': [{'x': -3.0, 'y': 0.9993}, {'x': -2.75, 'y': 0.9988}, {'x': -2.5, 'y': 0.9979}, {'x': -2.25, 'y': 0.9964}, {'x': -2.0, 'y': 0.9938}, {'x': -1.75, 'y': 0.9893}, {'x': -1.5, 'y': 0.9815}, {'x': -1.25, 'y': 0.9681}, {'x': -1.0, 'y': 0.945}, {'x': -0.75, 'y': 0.9053}, {'x': -0.5, 'y': 0.8379}, {'x': -0.25, 'y': 0.7249}, {'x': 0.0, 'y': 0.5403}, {'x': 0.25, 'y': 0.252}, {'x': 0.5, 'y': -0.1606}, {'x': 0.75, 'y': -0.6509}, {'x': 1.0, 'y': -0.99}, {'x': 1.25, 'y': -0.6919}, {'x': 1.5, 'y': 0.4651}, {'x': 1.75, 'y': 0.8497}, {'x': 2.0, 'y': -0.9111}, {'x': 2.25, 'y': 0.7507}, {'x': 2.5, 'y': -0.9929}, {'x': 2.75, 'y': -0.0951}, {'x': 3.0, 'y': -0.2921}]}","{'formula': 'cos(3**x)', 'latex': '\\cos{\\left(3^{x} \\right)}', 'properties': {'singularities': [], 'is_periodic': True, 'domain': 'Reals', 'period_value': '0'}}",manual_rich
MCM_011_e120a2cb,"{'a': 0, 'b': 1, 'c': 1}","{'points': [{'x': -3.0, 'y': 0.9894}, {'x': -2.75, 'y': 0.4295}, {'x': -2.5, 'y': -0.5862}, {'x': -2.25, 'y': -0.999}, {'x': -2.0, 'y': -0.7568}, {'x': -1.75, 'y': -0.2202}, {'x': -1.5, 'y': 0.3081}, {'x': -1.25, 'y': 0.6912}, {'x': -1.0, 'y': 0.9093}, {'x': -0.75, 'y': 0.9938}, {'x': -0.5, 'y': 0.9878}, {'x': -0.25, 'y': 0.9281}, {'x': 0.0, 'y': 0.8415}, {'x': 0.25, 'y': 0.7452}, {'x': 0.5, 'y': 0.6496}, {'x': 0.75, 'y': 0.5602}, {'x': 1.0, 'y': 0.4794}, {'x': 1.25, 'y': 0.4082}, {'x': 1.5, 'y': 0.3462}, {'x': 1.75, 'y': 0.2929}, {'x': 2.0, 'y': 0.2474}, {'x': 2.25, 'y': 0.2087}, {'x': 2.5, 'y': 0.1759}, {'x': 2.75, 'y': 0.1481}, {'x': 3.0, 'y': 0.1247}]}","{'formula': 'sin(0.5**x)', 'latex': '\\sin{\\left({0.5}^{x} \\right)}', 'properties': {'singularities': [], 'is_periodic': True, 'domain': 'Reals', 'period_value': '0'}}",manual_rich
MCM_011_3db27de4,"{'a': 0, 'b': 1, 'c': 1}","{'points': [{'x': -3.0, 'y': -0.1455}, {'x': -2.75, 'y': 0.903}, {'x': -2.5, 'y': 0.8102}, {'x': -2.25, 'y': 0.0444}, {'x': -2.0, 'y': -0.6536}, {'x': -1.75, 'y': -0.9755}, {'x': -1.5, 'y': -0.9514}, {'x': -1.25, 'y': -0.7226}, {'x': -1.0, 'y': -0.4161}, {'x': -0.75, 'y': -0.1108}, {'x': -0.5, 'y': 0.1559}, {'x': -0.25, 'y': 0.3724}, {'x': 0.0, 'y': 0.5403}, {'x': 0.25, 'y': 0.6668}, {'x': 0.5, 'y': 0.7602}, {'x': 0.75, 'y': 0.8284}, {'x': 1.0, 'y': 0.8776}, {'x': 1.25, 'y': 0.9129}, {'x': 1.5, 'y': 0.9381}, {'x': 1.75, 'y': 0.9561}, {'x': 2.0, 'y': 0.9689}, {'x': 2.25, 'y': 0.978}, {'x': 2.5, 'y': 0.9844}, {'x': 2.75, 'y': 0.989}, {'x': 3.0, 'y': 0.9922}]}","{'formula': 'cos(0.5**x)', 'latex': '\\cos{\\left({0.5}^{x} \\right)}', 'properties': {'singularities': [], 'is_periodic': True, 'domain': 'Reals', 'period_value': '0'}}",manual_rich
MCM_012_0d668615,"{'a': 0, 'b': 1, 'c': 2}","{'points': [{'x': -3.0, 'y': -0.239}, {'x': -2.75, 'y': -0.2665}, {'x': -2.5, 'y': -0.2995}, {'x': -2.25, 'y': -0.3398}, {'x': -2.0, 'y': -0.3899}, {'x': -1.75, 'y': -0.4538}, {'x': -1.5, 'y': -0.5379}, {'x': -1.25, 'y': -0.6537}, {'x': -1.0, 'y': -0.8226}, {'x': -0.75, 'y': -1.0915}, {'x': -0.5, 'y': -1.5854}, {'x': -0.25, 'y': -2.7866}, {'x': 0.0, 'y': -10.0}, {'x': 0.25, 'y': 6.8354}, {'x': 0.5, 'y': 2.6282}, {'x': 0.75, 'y': 1.6583}, {'x': 1.0, 'y': 1.228}, {'x': 1.25, 'y': 0.9853}, {'x': 1.5, 'y': 0.8299}, {'x': 1.75, 'y': 0.722}, {'x': 2.0, 'y': 0.6428}, {'x': 2.25, 'y': 0.5825}, {'x': 2.5, 'y': 0.535}, {'x': 2.75, 'y': 0.4968}, {'x': 3.0, 'y': 0.4655}]}","{'formula': 'exp(0.1*x)/(x - 0.1)', 'latex': '\\frac{e^{0.1 x}}{x - 0.1}', 'properties': {'singularities': [], 'is_periodic': False, 'domain': 'Union(Interval.open(-oo, 0.100000000000000), Interval.open(0.100000000000000, oo))'}}",manual
MCM_012_48481165,"{'a': 0, 'b': 1, 'c': 2}","{'points': [{'x': -3.0, 'y': -0.3272}, {'x': -2.75, 'y': -0.3392}, {'x': -2.5, 'y': -0.3526}, {'x': -2.25, 'y': -0.3677}, {'x': -2.0, 'y': -0.3851}, {'x': -1.75, 'y': -0.4056}, {'x': -1.5, 'y': -0.4305}, {'x': -1.25, 'y': -0.4624}, {'x': -1.0, 'y': -0.5068}, {'x': -0.75, 'y': -0.579}, {'x': -0.5, 'y': -0.7438}, {'x': -0.25, 'y': -2.3557}, {'x': 0.0, 'y': 0.0}, {'x': 0.25, 'y': 0.2617}, {'x': 0.5, 'y': 0.3188}, {'x': 0.75, 'y': 0.3352}, {'x': 1.0, 'y': 0.3379}, {'x': 1.25, 'y': 0.3348}, {'x': 1.5, 'y': 0.3292}, {'x': 1.75, 'y': 0.3224}, {'x': 2.0, 'y': 0.3151}, {'x': 2.25, 'y': 0.3077}, {'x': 2.5, 'y': 0.3003}, {'x': 2.75, 'y': 0.2932}, {'x': 3.0, 'y': 0.2863}]}","{'formula': 'log(0.5*Abs(x) + 1)/(x + 0.2)', 'latex': '\\frac{\\log{\\left(0.5 \\left|{x}\\right| + 1 \\right)}}{x + 0.2}', 'properties': {'singularities': [], 'is_periodic': False, 'domain': 'Union(Interval.open(-oo, -0.200000000000000), Interval.open(-0.200000000000000, oo))'}}",manual
MCM_012_aa5f61a2,"{'a': 0, 'b': 1, 'c': 2}","{'points': [{'x': -3.0, 'y': 0.2709}, {'x': -2.75, 'y': 0.3045}, {'x': -2.5, 'y': 0.3219}, {'x': -2.25, 'y': 0.321}, {'x': -2.0, 'y': 0.3}, {'x': -1.75, 'y': 0.2578}, {'x': -1.5, 'y': 0.1938}, {'x': -1.25, 'y': 0.1079}, {'x': -1.0, 'y': 0.0}, {'x': -0.75, 'y': -0.1304}, {'x': -0.5, 'y': -0.285}, {'x': -0.25, 'y': -0.4684}, {'x': 0.0, 'y': -0.6922}, {'x': 0.25, 'y': -0.9853}, {'x': 0.5, 'y': -1.4309}, {'x': 0.75, 'y': -2.36}, {'x': 1.0, 'y': -7.4447}, {'x': 1.25, 'y': 4.142}, {'x': 1.5, 'y': 1.1652}, {'x': 1.75, 'y': 0.446}, {'x': 2.0, 'y': 0.1162}, {'x': 2.25, 'y': -0.068}, {'x': 2.5, 'y': -0.1766}, {'x': 2.75, 'y': -0.2381}, {'x': 3.0, 'y': -0.267}]}","{'formula': '0.90483741803596*exp(-0.1*x)*sin(x + 1)/(x - 1.1)', 'latex': '\\frac{0.90483741803596 e^{- 0.1 x} \\sin{\\left(x + 1 \\right)}}{x - 1.1}', 'properties': {'singularities': [], 'is_periodic': False, 'domain': 'Union(Interval.open(-oo, 1.10000000000000), Interval.open(1.10000000000000, oo))'}}",manual
MCM_012_1af55303,"{'a': 0, 'b': 1, 'c': 2}","{'points': [{'x': -3.0, 'y': 0.0455}, {'x': -2.75, 'y': 0.1339}, {'x': -2.5, 'y': 0.2302}, {'x': -2.25, 'y': 0.3311}, {'x': -2.0, 'y': 0.433}, {'x': -1.75, 'y': 0.5319}, {'x': -1.5, 'y': 0.6234}, {'x': -1.25, 'y': 0.703}, {'x': -1.0, 'y': 0.765}, {'x': -0.75, 'y': 0.8019}, {'x': -0.5, 'y': 0.799}, {'x': -0.25, 'y': 0.7069}, {'x': 0.0, 'y': 0.0}, {'x': 0.25, 'y': 1.6494}, {'x': 0.5, 'y': 1.1986}, {'x': 0.75, 'y': 1.0487}, {'x': 1.0, 'y': 0.935}, {'x': 1.25, 'y': 0.8252}, {'x': 1.5, 'y': 0.7125}, {'x': 1.75, 'y': 0.5964}, {'x': 2.0, 'y': 0.4786}, {'x': 2.25, 'y': 0.3619}, {'x': 2.5, 'y': 0.2494}, {'x': 2.75, 'y': 0.144}, {'x': 3.0, 'y': 0.0487}]}","{'formula': 'sin(x)/(x - 0.1)', 'latex': '\\frac{\\sin{\\left(x \\right)}}{x - 0.1}', 'properties': {'singularities': [], 'is_periodic': False, 'domain': 'Union(Interval.open(-oo, 0.100000000000000), Interval.open(0.100000000000000, oo))'}}",manual_rich
MCM_012_df693751,"{'a': 0, 'b': 1, 'c': 2}","{'points': [{'x': -3.0, 'y': 0.3094}, {'x': -2.75, 'y': 0.3133}, {'x': -2.5, 'y': 0.2967}, {'x': -2.25, 'y': 0.2564}, {'x': -2.0, 'y': 0.1892}, {'x': -1.75, 'y': 0.0914}, {'x': -1.5, 'y': -0.0416}, {'x': -1.25, 'y': -0.2175}, {'x': -1.0, 'y': -0.4503}, {'x': -0.75, 'y': -0.7702}, {'x': -0.5, 'y': -1.2537}, {'x': -0.25, 'y': -2.1531}, {'x': 0.0, 'y': -5.0}, {'x': 0.25, 'y': 19.3782}, {'x': 0.5, 'y': 2.9253}, {'x': 0.75, 'y': 1.3303}, {'x': 1.0, 'y': 0.6754}, {'x': 1.25, 'y': 0.3003}, {'x': 1.5, 'y': 0.0544}, {'x': 1.75, 'y': -0.115}, {'x': 2.0, 'y': -0.2312}, {'x': 2.25, 'y': -0.3064}, {'x': 2.5, 'y': -0.3483}, {'x': 2.75, 'y': -0.3625}, {'x': 3.0, 'y': -0.3536}]}","{'formula': 'cos(x)/(x - 0.2)', 'latex': '\\frac{\\cos{\\left(x \\right)}}{x - 0.2}', 'properties': {'singularities': [], 'is_periodic': False, 'domain': 'Union(Interval.open(-oo, 0.200000000000000), Interval.open(0.200000000000000, oo))'}}",manual_rich
MCM_012_32855d18,"{'a': 0, 'b': 1, 'c': 2}","{'points': [{'x': -3.0, 'y': -0.0175}, {'x': -2.75, 'y': -0.0246}, {'x': -2.5, 'y': -0.0349}, {'x': -2.25, 'y': -0.0502}, {'x': -2.0, 'y': -0.0732}, {'x': -1.75, 'y': -0.1086}, {'x': -1.5, 'y': -0.1653}, {'x': -1.25, 'y': -0.2605}, {'x': -1.0, 'y': -0.4328}, {'x': -0.75, 'y': -0.7873}, {'x': -0.5, 'y': -1.7329}, {'x': -0.25, 'y': -7.788}, {'x': 0.0, 'y': 6.6667}, {'x': 0.25, 'y': 3.2101}, {'x': 0.5, 'y': 2.5365}, {'x': 0.75, 'y': 2.3522}, {'x': 1.0, 'y': 2.3637}, {'x': 1.25, 'y': 2.4931}, {'x': 1.5, 'y': 2.7162}, {'x': 1.75, 'y': 3.0287}, {'x': 2.0, 'y': 3.4368}, {'x': 2.25, 'y': 3.9532}, {'x': 2.5, 'y': 4.5972}, {'x': 2.75, 'y': 5.394}, {'x': 3.0, 'y': 6.3764}]}","{'formula': 'exp(x)/(x + 0.15)', 'latex': '\\frac{e^{x}}{x + 0.15}', 'properties': {'singularities': [], 'is_periodic': False, 'domain': 'Union(Interval.open(-oo, -0.150000000000000), Interval.open(-0.150000000000000, oo))'}}",manual_rich
MCM_012_82b50349,"{'a': 0, 'b': 1, 'c': 2}","{'points': [{'x': -3.0, 'y': -0.0463}, {'x': -2.75, 'y': -0.0607}, {'x': -2.5, 'y': -0.0804}, {'x': -2.25, 'y': -0.1078}, {'x': -2.0, 'y': -0.1471}, {'x': -1.75, 'y': -0.205}, {'x': -1.5, 'y': -0.2946}, {'x': -1.25, 'y': -0.4426}, {'x': -1.0, 'y': -0.7143}, {'x': -0.75, 'y': -1.3213}, {'x': -0.5, 'y': -3.5355}, {'x': -0.25, 'y': 16.8179}, {'x': 0.0, 'y': 3.3333}, {'x': 0.25, 'y': 2.1622}, {'x': 0.5, 'y': 1.7678}, {'x': 0.75, 'y': 1.6017}, {'x': 1.0, 'y': 1.5385}, {'x': 1.25, 'y': 1.5345}, {'x': 1.5, 'y': 1.5713}, {'x': 1.75, 'y': 1.6408}, {'x': 2.0, 'y': 1.7391}, {'x': 2.25, 'y': 1.8654}, {'x': 2.5, 'y': 2.0203}, {'x': 2.75, 'y': 2.2056}, {'x': 3.0, 'y': 2.4242}]}","{'formula': '2**x/(x + 0.3)', 'latex': '\\frac{2^{x}}{x + 0.3}', 'properties': {'singularities': [], 'is_periodic': False, 'domain': 'Union(Interval.open(-oo, -0.300000000000000), Interval.open(-0.300000000000000, oo))'}}",manual_rich
MCM_012_7efebffe,"{'a': 0, 'b': 1, 'c': 2}","{'points': [{'x': -3.0, 'y': -0.009}, {'x': -2.75, 'y': -0.0127}, {'x': -2.5, 'y': -0.0178}, {'x': -2.25, 'y': -0.0252}, {'x': -2.0, 'y': -0.0358}, {'x': -1.75, 'y': -0.0513}, {'x': -1.5, 'y': -0.074}, {'x': -1.25, 'y': -0.1078}, {'x': -1.0, 'y': -0.1587}, {'x': -0.75, 'y': -0.2371}, {'x': -0.5, 'y': -0.3608}, {'x': -0.25, 'y': -0.5628}, {'x': 0.0, 'y': -0.9091}, {'x': 0.25, 'y': -1.5483}, {'x': 0.5, 'y': -2.8868}, {'x': 0.75, 'y': -6.5129}, {'x': 1.0, 'y': -30.0}, {'x': 1.25, 'y': 26.3215}, {'x': 1.5, 'y': 12.9904}, {'x': 1.75, 'y': 10.5208}, {'x': 2.0, 'y': 10.0}, {'x': 2.25, 'y': 10.2997}, {'x': 2.5, 'y': 11.1346}, {'x': 2.75, 'y': 12.4337}, {'x': 3.0, 'y': 14.2105}]}","{'formula': '3**x/(x - 1.1)', 'latex': '\\frac{3^{x}}{x - 1.1}', 'properties': {'singularities': [], 'is_periodic': False, 'domain': 'Union(Interval.open(-oo, 1.10000000000000), Interval.open(1.10000000000000, oo))'}}",manual_rich
MCM_012_b39dbc7b,"{'a': 0, 'b': 1, 'c': 2}","{'points': [{'x': -3.0, 'y': -4.4444}, {'x': -2.75, 'y': -4.3401}, {'x': -2.5, 'y': -4.3514}, {'x': -2.25, 'y': -4.5303}, {'x': -2.0, 'y': -5.0}, {'x': -1.75, 'y': -6.1156}, {'x': -1.5, 'y': -9.4281}, {'x': -1.25, 'y': -47.5683}, {'x': -1.0, 'y': 10.0}, {'x': -0.75, 'y': 3.7373}, {'x': -0.5, 'y': 2.0203}, {'x': -0.25, 'y': 1.2518}, {'x': 0.0, 'y': 0.8333}, {'x': 0.25, 'y': 0.5799}, {'x': 0.5, 'y': 0.4159}, {'x': 0.75, 'y': 0.3049}, {'x': 1.0, 'y': 0.2273}, {'x': 1.25, 'y': 0.1716}, {'x': 1.5, 'y': 0.1309}, {'x': 1.75, 'y': 0.1008}, {'x': 2.0, 'y': 0.0781}, {'x': 2.25, 'y': 0.0609}, {'x': 2.5, 'y': 0.0478}, {'x': 2.75, 'y': 0.0376}, {'x': 3.0, 'y': 0.0298}]}","{'formula': '0.5**x/(x + 1.2)', 'latex': '\\frac{{0.5}^{x}}{x + 1.2}', 'properties': {'singularities': [], 'is_periodic': False, 'domain': 'Union(Interval.open(-oo, -1.20000000000000), Interval.open(-1.20000000000000, oo))'}}",manual_rich
MCM_013_37845dec,"{'a': 0, 'b': 1, 'c': 3}","{'points': [{'x': -3.0, 'y': -180.0188}, {'x': -2.75, 'y': -119.4627}, {'x': -2.5, 'y': -76.0548}, {'x': -2.25, 'y': -46.0465}, {'x': -2.0, 'y': -26.1994}, {'x': -1.75, 'y': -13.7781}, {'x': -1.5, 'y': -6.536}, {'x': -1.25, 'y': -2.6932}, {'x': -1.0, 'y': -0.9048}, {'x': -0.75, 'y': -0.2202}, {'x': -0.5, 'y': -0.0297}, {'x': -0.25, 'y': -0.001}, {'x': 0.0, 'y': 0.0}, {'x': 0.25, 'y': 0.001}, {'x': 0.5, 'y': 0.0329}, {'x': 0.75, 'y': 0.2558}, {'x': 1.0, 'y': 1.1052}, {'x': 1.25, 'y': 3.4581}, {'x': 1.5, 'y': 8.8227}, {'x': 1.75, 'y': 19.552}, {'x': 2.0, 'y': 39.0849}, {'x': 2.25, 'y': 72.2152}, {'x': 2.5, 'y': 125.3931}, {'x': 2.75, 'y': 207.0592}, {'x': 3.0, 'y': 328.0157}]}","{'formula': 'x**5*exp(0.1*x)', 'latex': 'x^{5} e^{0.1 x}', 'properties': {'singularities': [], 'is_periodic': False, 'domain': 'Reals'}}",manual
MCM_013_a32edbe1,"{'a': 0, 'b': 1, 'c': 3}","{'points': [{'x': -3.0, 'y': 18.4042}, {'x': -2.75, 'y': 13.5308}, {'x': -2.5, 'y': 9.8792}, {'x': -2.25, 'y': 7.1516}, {'x': -2.0, 'y': 5.1217}, {'x': -1.75, 'y': 3.6174}, {'x': -1.5, 'y': 2.508}, {'x': -1.25, 'y': 1.6946}, {'x': -1.0, 'y': 1.1022}, {'x': -0.75, 'y': 0.6742}, {'x': -0.5, 'y': 0.3679}, {'x': -0.25, 'y': 0.1512}, {'x': 0.0, 'y': 0.0}, {'x': 0.25, 'y': 0.1512}, {'x': 0.5, 'y': 0.3679}, {'x': 0.75, 'y': 0.6742}, {'x': 1.0, 'y': 1.1022}, {'x': 1.25, 'y': 1.6946}, {'x': 1.5, 'y': 2.508}, {'x': 1.75, 'y': 3.6174}, {'x': 2.0, 'y': 5.1217}, {'x': 2.25, 'y': 7.1516}, {'x': 2.5, 'y': 9.8792}, {'x': 2.75, 'y': 13.5308}, {'x': 3.0, 'y': 18.4042}]}","{'formula': 'exp(Abs(x))*log(0.5*Abs(x) + 1)', 'latex': 'e^{\\left|{x}\\right|} \\log{\\left(0.5 \\left|{x}\\right| + 1 \\right)}', 'properties': {'singularities': [], 'is_periodic': False, 'domain': 'Reals'}}",manual
MCM_013_dfff27f6,"{'a': 0, 'b': 1, 'c': 3}","{'points': [{'x': -3.0, 'y': -241.9895}, {'x': -2.75, 'y': -156.2604}, {'x': -2.5, 'y': -96.6414}, {'x': -2.25, 'y': -56.6577}, {'x': -2.0, 'y': -31.0072}, {'x': -1.75, 'y': -15.4434}, {'x': -1.5, 'y': -6.66}, {'x': -1.25, 'y': -2.1799}, {'x': -1.0, 'y': -1.0}, {'x': -0.75, 'y': 0.6302}, {'x': -0.5, 'y': 0.8932}, {'x': -0.25, 'y': 0.9542}, {'x': 0.0, 'y': 0.9731}, {'x': 0.25, 'y': 0.9834}, {'x': 0.5, 'y': 1.0161}, {'x': 0.75, 'y': 1.2184}, {'x': 1.0, 'y': 1.9709}, {'x': 1.25, 'y': 4.0053}, {'x': 1.5, 'y': 8.5203}, {'x': 1.75, 'y': 17.2966}, {'x': 2.0, 'y': 32.7979}, {'x': 2.25, 'y': 58.44}, {'x': 2.5, 'y': 98.5258}, {'x': 2.75, 'y': 158.1872}, {'x': 3.0, 'y': 243.9344}]}","{'formula': 'x**5 + 0.990049833749168*exp(-0.01*x)*Abs(sin(x + 1))**0.1', 'latex': 'x^{5} + 0.990049833749168 e^{- 0.01 x} \\left|{\\sin{\\left(x + 1 \\right)}}\\right|^{0.1}', 'properties': {'singularities': [], 'is_periodic': False, 'domain': 'Reals'}}",manual
MCM_013_a5af8475,"{'a': 0, 'b': 1, 'c': 3}","{'points': [{'x': -3.0, 'y': 0.0434}, {'x': -2.75, 'y': 0.1269}, {'x': -2.5, 'y': 0.2166}, {'x': -2.25, 'y': 0.3088}, {'x': -2.0, 'y': 0.3992}, {'x': -1.75, 'y': 0.4828}, {'x': -1.5, 'y': 0.5535}, {'x': -1.25, 'y': 0.6038}, {'x': -1.0, 'y': 0.6228}, {'x': -0.75, 'y': 0.5922}, {'x': -0.5, 'y': 0.4746}, {'x': -0.25, 'y': 0.1967}, {'x': 0.0, 'y': 0.0}, {'x': 0.25, 'y': 0.2259}, {'x': 0.5, 'y': -0.0914}, {'x': 0.75, 'y': 0.6609}, {'x': 1.0, 'y': 0.7985}, {'x': 1.25, 'y': 0.7732}, {'x': 1.5, 'y': 0.6938}, {'x': 1.75, 'y': 0.5917}, {'x': 2.0, 'y': 0.4796}, {'x': 2.25, 'y': 0.3647}, {'x': 2.5, 'y': 0.2521}, {'x': 2.75, 'y': 0.1459}, {'x': 3.0, 'y': 0.0493}]}","{'formula': 'sin(x)*sin(1/(x - 0.2))', 'latex': '\\sin{\\left(x \\right)} \\sin{\\left(\\frac{1}{x - 0.2} \\right)}', 'properties': {'singularities': [], 'is_periodic': False, 'domain': 'Union(Interval.open(-oo, 0.200000000000000), Interval.open(0.200000000000000, oo))'}}",manual_rich
MCM_013_df1ce0f7,"{'a': 0, 'b': 1, 'c': 3}","{'points': [{'x': -3.0, 'y': 0.3403}, {'x': -2.75, 'y': 0.3468}, {'x': -2.5, 'y': 0.3307}, {'x': -2.25, 'y': 0.288}, {'x': -2.0, 'y': 0.2141}, {'x': -1.75, 'y': 0.1043}, {'x': -1.5, 'y': -0.0477}, {'x': -1.25, 'y': -0.2488}, {'x': -1.0, 'y': -0.4988}, {'x': -0.75, 'y': -0.7283}, {'x': -0.5, 'y': -0.2463}, {'x': -0.25, 'y': 0.5271}, {'x': 0.0, 'y': 0.3742}, {'x': 0.25, 'y': 0.5799}, {'x': 0.5, 'y': 0.8771}, {'x': 0.75, 'y': 0.6557}, {'x': 1.0, 'y': 0.4128}, {'x': 1.25, 'y': 0.2066}, {'x': 1.5, 'y': 0.0403}, {'x': 1.75, 'y': -0.0895}, {'x': 2.0, 'y': -0.1867}, {'x': 2.25, 'y': -0.2542}, {'x': 2.5, 'y': -0.2952}, {'x': 2.75, 'y': -0.3124}, {'x': 3.0, 'y': -0.309}]}","{'formula': 'sin(1/(x + 0.15))*cos(x)', 'latex': '\\sin{\\left(\\frac{1}{x + 0.15} \\right)} \\cos{\\left(x \\right)}', 'properties': {'singularities': [], 'is_periodic': False, 'domain': 'Union(Interval.open(-oo, -0.150000000000000), Interval.open(-0.150000000000000, oo))'}}",manual_rich
MCM_013_e300faee,"{'a': 0, 'b': 1, 'c': 3}","{'points': [{'x': -3.0, 'y': -0.018}, {'x': -2.75, 'y': -0.0254}, {'x': -2.5, 'y': -0.036}, {'x': -2.25, 'y': -0.0517}, {'x': -2.0, 'y': -0.0751}, {'x': -1.75, 'y': -0.1106}, {'x': -1.5, 'y': -0.1652}, {'x': -1.25, 'y': -0.2489}, {'x': -1.0, 'y': -0.3642}, {'x': -0.75, 'y': -0.3756}, {'x': -0.5, 'y': 0.5816}, {'x': -0.25, 'y': 0.711}, {'x': 0.0, 'y': -0.1906}, {'x': 0.25, 'y': 1.2449}, {'x': 0.5, 'y': 1.5646}, {'x': 0.75, 'y': 1.7249}, {'x': 1.0, 'y': 1.8908}, {'x': 1.25, 'y': 2.0988}, {'x': 1.5, 'y': 2.3637}, {'x': 1.75, 'y': 2.6971}, {'x': 2.0, 'y': 3.1124}, {'x': 2.25, 'y': 3.626}, {'x': 2.5, 'y': 4.259}, {'x': 2.75, 'y': 5.0373}, {'x': 3.0, 'y': 5.9938}]}","{'formula': 'exp(x)*sin(1/(x + 0.3))', 'latex': 'e^{x} \\sin{\\left(\\frac{1}{x + 0.3} \\right)}', 'properties': {'singularities': [], 'is_periodic': False, 'domain': 'Union(Interval.open(-oo, -0.300000000000000), Interval.open(-0.300000000000000, oo))'}}",manual_rich
MCM_013_92f16bc9,"{'a': 0, 'b': 1, 'c': 3}","{'points': [{'x': -3.0, 'y': -0.0302}, {'x': -2.75, 'y': -0.0382}, {'x': -2.5, 'y': -0.0485}, {'x': -2.25, 'y': -0.0618}, {'x': -2.0, 'y': -0.0793}, {'x': -1.75, 'y': -0.1022}, {'x': -1.5, 'y': -0.1327}, {'x': -1.25, 'y': -0.1736}, {'x': -1.0, 'y': -0.2292}, {'x': -0.75, 'y': -0.306}, {'x': -0.5, 'y': -0.4137}, {'x': -0.25, 'y': -0.5675}, {'x': 0.0, 'y': -0.7889}, {'x': 0.25, 'y': -1.0979}, {'x': 0.5, 'y': -1.4077}, {'x': 0.75, 'y': -0.472}, {'x': 1.0, 'y': 1.088}, {'x': 1.25, 'y': 0.8899}, {'x': 1.5, 'y': 1.6927}, {'x': 1.75, 'y': 3.3618}, {'x': 2.0, 'y': 3.5848}, {'x': 2.25, 'y': 3.6344}, {'x': 2.5, 'y': 3.7057}, {'x': 2.75, 'y': 3.832}, {'x': 3.0, 'y': 4.0188}]}","{'formula': '2**x*sin(1/(x - 1.1))', 'latex': '2^{x} \\sin{\\left(\\frac{1}{x - 1.1} \\right)}', 'properties': {'singularities': [], 'is_periodic': False, 'domain': 'Union(Interval.open(-oo, 1.10000000000000), Interval.open(1.10000000000000, oo))'}}",manual_rich
MCM_013_ae75b4d4,"{'a': 0, 'b': 1, 'c': 3}","{'points': [{'x': -3.0, 'y': -0.0195}, {'x': -2.75, 'y': -0.0293}, {'x': -2.5, 'y': -0.0446}, {'x': -2.25, 'y': -0.0688}, {'x': -2.0, 'y': -0.1054}, {'x': -1.75, 'y': -0.1418}, {'x': -1.5, 'y': 0.0367}, {'x': -1.25, 'y': -0.2312}, {'x': -1.0, 'y': -0.3196}, {'x': -0.75, 'y': 0.3489}, {'x': -0.5, 'y': 0.5715}, {'x': -0.25, 'y': 0.6601}, {'x': 0.0, 'y': 0.7402}, {'x': 0.25, 'y': 0.8374}, {'x': 0.5, 'y': 0.9611}, {'x': 0.75, 'y': 1.1184}, {'x': 1.0, 'y': 1.3172}, {'x': 1.25, 'y': 1.5671}, {'x': 1.5, 'y': 1.8808}, {'x': 1.75, 'y': 2.274}, {'x': 2.0, 'y': 2.7669}, {'x': 2.25, 'y': 3.3854}, {'x': 2.5, 'y': 4.162}, {'x': 2.75, 'y': 5.1385}, {'x': 3.0, 'y': 6.368}]}","{'formula': '3**x*sin(1/(x + 1.2))', 'latex': '3^{x} \\sin{\\left(\\frac{1}{x + 1.2} \\right)}', 'properties': {'singularities': [], 'is_periodic': False, 'domain': 'Union(Interval.open(-oo, -1.20000000000000), Interval.open(-1.20000000000000, oo))'}}",manual_rich
MCM_013_6f6765e4,"{'a': 0, 'b': 1, 'c': 3}","{'points': [{'x': -3.0, 'y': -2.5361}, {'x': -2.75, 'y': -2.3123}, {'x': -2.5, 'y': -2.1225}, {'x': -2.25, 'y': -1.9636}, {'x': -2.0, 'y': -1.8336}, {'x': -1.75, 'y': -1.7309}, {'x': -1.5, 'y': -1.6549}, {'x': -1.25, 'y': -1.605}, {'x': -1.0, 'y': -1.5779}, {'x': -0.75, 'y': -1.5527}, {'x': -0.5, 'y': -1.4077}, {'x': -0.25, 'y': -0.3337}, {'x': 0.0, 'y': 0.544}, {'x': 0.25, 'y': 0.3146}, {'x': 0.5, 'y': 0.4232}, {'x': 0.75, 'y': 0.5943}, {'x': 1.0, 'y': 0.4481}, {'x': 1.25, 'y': 0.3212}, {'x': 1.5, 'y': 0.2316}, {'x': 1.75, 'y': 0.1694}, {'x': 2.0, 'y': 0.1256}, {'x': 2.25, 'y': 0.0943}, {'x': 2.5, 'y': 0.0715}, {'x': 2.75, 'y': 0.0548}, {'x': 3.0, 'y': 0.0423}]}","{'formula': '0.5**x*sin(1/(x - 0.1))', 'latex': '{0.5}^{x} \\sin{\\left(\\frac{1}{x - 0.1} \\right)}', 'properties': {'singularities': [], 'is_periodic': False, 'domain': 'Union(Interval.open(-oo, 0.100000000000000), Interval.open(0.100000000000000, oo))'}}",manual_rich
MCM_020_c1c78085,"{'a': 0, 'b': 2, 'c': 0}","{'points': [{'x': -3.0, 'y': 3.0}, {'x': -2.75, 'y': 2.75}, {'x': -2.5, 'y': 2.5}, {'x': -2.25, 'y': 2.25}, {'x': -2.0, 'y': 2.0}, {'x': -1.75, 'y': 1.75}, {'x': -1.5, 'y': 1.5}, {'x': -1.25, 'y': 1.25}, {'x': -1.0, 'y': 1.0}, {'x': -0.75, 'y': 0.75}, {'x': -0.5, 'y': 0.5}, {'x': -0.25, 'y': 0.25}, {'x': 0.0, 'y': 0.0}, {'x': 0.25, 'y': 0.25}, {'x': 0.5, 'y': 0.5}, {'x': 0.75, 'y': 0.75}, {'x': 1.0, 'y': 1.0}, {'x': 1.25, 'y': 1.25}, {'x': 1.5, 'y': 1.5}, {'x': 1.75, 'y': 1.75}, {'x': 2.0, 'y': 2.0}, {'x': 2.25, 'y': 2.25}, {'x': 2.5, 'y': 2.5}, {'x': 2.75, 'y': 2.75}, {'x': 3.0, 'y': 3.0}]}","{'formula': 'Abs(x)', 'latex': '\\left|{x}\\right|', 'properties': {'singularities': [], 'is_periodic': False, 'domain': 'Reals'}}",manual
MCM_020_2f9b532a,"{'a': 0, 'b': 2, 'c': 0}","{'points': [{'x': -3.0, 'y': 3.0}, {'x': -2.75, 'y': 2.75}, {'x': -2.5, 'y': 2.5}, {'x': -2.25, 'y': 2.25}, {'x': -2.0, 'y': 2.0}, {'x': -1.75, 'y': 1.75}, {'x': -1.5, 'y': 1.5}, {'x': -1.25, 'y': 1.25}, {'x': -1.0, 'y': 1.0}, {'x': -0.75, 'y': 0.75}, {'x': -0.5, 'y': 0.5}, {'x': -0.25, 'y': 0.25}, {'x': 0.0, 'y': 0.0}, {'x': 0.25, 'y': 0.25}, {'x': 0.5, 'y': 0.5}, {'x': 0.75, 'y': 0.75}, {'x': 1.0, 'y': 1.0}, {'x': 1.25, 'y': 1.25}, {'x': 1.5, 'y': 1.5}, {'x': 1.75, 'y': 1.75}, {'x': 2.0, 'y': 2.0}, {'x': 2.25, 'y': 2.25}, {'x': 2.5, 'y': 2.5}, {'x': 2.75, 'y': 2.75}, {'x': 3.0, 'y': 3.0}]}","{'formula': 'Piecewise((x, x > 0), (-x, True))', 'latex': '\\begin{cases} x & \\text{for}\\: x > 0 \\\\- x & \\text{otherwise} \\end{cases}', 'properties': {'singularities': [], 'is_periodic': False, 'domain': 'Reals'}}",manual
MCM_020_f82f94eb,"{'a': 0, 'b': 2, 'c': 0}","{'points': [{'x': -3.0, 'y': 5.0}, {'x': -2.75, 'y': 4.75}, {'x': -2.5, 'y': 4.5}, {'x': -2.25, 'y': 4.25}, {'x': -2.0, 'y': 4.0}, {'x': -1.75, 'y': 3.75}, {'x': -1.5, 'y': 3.5}, {'x': -1.25, 'y': 3.25}, {'x': -1.0, 'y': 3.0}, {'x': -0.75, 'y': 2.75}, {'x': -0.5, 'y': 2.5}, {'x': -0.25, 'y': 2.25}, {'x': 0.0, 'y': 2.0}, {'x': 0.25, 'y': 1.75}, {'x': 0.5, 'y': 1.5}, {'x': 0.75, 'y': 1.25}, {'x': 1.0, 'y': 1.0}, {'x': 1.25, 'y': 0.75}, {'x': 1.5, 'y': 0.5}, {'x': 1.75, 'y': 0.25}, {'x': 2.0, 'y': 0.0}, {'x': 2.25, 'y': 0.25}, {'x': 2.5, 'y': 0.5}, {'x': 2.75, 'y': 0.75}, {'x': 3.0, 'y': 1.0}]}","{'formula': 'Abs(x - 2)', 'latex': '\\left|{x - 2}\\right|', 'properties': {'singularities': [], 'is_periodic': False, 'domain': 'Reals'}}",manual
MCM_020_9928d8de,"{'a': 0, 'b': 2, 'c': 0}","{'points': [{'x': -3.0, 'y': -1.0}, {'x': -2.75, 'y': -1.0}, {'x': -2.5, 'y': -1.0}, {'x': -2.25, 'y': -1.0}, {'x': -2.0, 'y': -1.0}, {'x': -1.75, 'y': -1.0}, {'x': -1.5, 'y': -1.0}, {'x': -1.25, 'y': -1.0}, {'x': -1.0, 'y': -1.0}, {'x': -0.75, 'y': -1.0}, {'x': -0.5, 'y': -1.0}, {'x': -0.25, 'y': -1.0}, {'x': 0.0, 'y': 0.0}, {'x': 0.25, 'y': 1.0}, {'x': 0.5, 'y': 1.0}, {'x': 0.75, 'y': 1.0}, {'x': 1.0, 'y': 1.0}, {'x': 1.25, 'y': 1.0}, {'x': 1.5, 'y': 1.0}, {'x': 1.75, 'y': 1.0}, {'x': 2.0, 'y': 1.0}, {'x': 2.25, 'y': 1.0}, {'x': 2.5, 'y': 1.0}, {'x': 2.75, 'y': 1.0}, {'x': 3.0, 'y': 1.0}]}","{'formula': 'sign(x)', 'latex': '\\operatorname{sign}{\\left(x \\right)}', 'properties': {'singularities': [], 'is_periodic': False, 'domain': 'Reals'}}",manual_rich
MCM_021_c30aa7dd,"{'a': 0, 'b': 2, 'c': 1}","{'points': [{'x': -3.0, 'y': 0.1411}, {'x': -2.75, 'y': 0.3817}, {'x': -2.5, 'y': 0.5985}, {'x': -2.25, 'y': 0.7781}, {'x': -2.0, 'y': 0.9093}, {'x': -1.75, 'y': 0.984}, {'x': -1.5, 'y': 0.9975}, {'x': -1.25, 'y': 0.949}, {'x': -1.0, 'y': 0.8415}, {'x': -0.75, 'y': 0.6816}, {'x': -0.5, 'y': 0.4794}, {'x': -0.25, 'y': 0.2474}, {'x': 0.0, 'y': 0.0}, {'x': 0.25, 'y': 0.2474}, {'x': 0.5, 'y': 0.4794}, {'x': 0.75, 'y': 0.6816}, {'x': 1.0, 'y': 0.8415}, {'x': 1.25, 'y': 0.949}, {'x': 1.5, 'y': 0.9975}, {'x': 1.75, 'y': 0.984}, {'x': 2.0, 'y': 0.9093}, {'x': 2.25, 'y': 0.7781}, {'x': 2.5, 'y': 0.5985}, {'x': 2.75, 'y': 0.3817}, {'x': 3.0, 'y': 0.1411}]}","{'formula': 'sin(Abs(x))', 'latex': '\\sin{\\left(\\left|{x}\\right| \\right)}', 'properties': {'singularities': [], 'is_periodic': False, 'domain': 'Reals'}}",manual
MCM_021_10242362,"{'a': 0, 'b': 2, 'c': 1}","{'points': [{'x': -3.0, 'y': -0.4161}, {'x': -2.75, 'y': -0.4161}, {'x': -2.5, 'y': -0.4161}, {'x': -2.25, 'y': -0.4161}, {'x': -2.0, 'y': 0.5403}, {'x': -1.75, 'y': 0.5403}, {'x': -1.5, 'y': 0.5403}, {'x': -1.25, 'y': 0.5403}, {'x': -1.0, 'y': 0.5403}, {'x': -0.75, 'y': 0.5403}, {'x': -0.5, 'y': 0.5403}, {'x': -0.25, 'y': 0.5403}, {'x': 0.0, 'y': 1.0}, {'x': 0.25, 'y': 1.0}, {'x': 0.5, 'y': 1.0}, {'x': 0.75, 'y': 1.0}, {'x': 1.0, 'y': 1.0}, {'x': 1.25, 'y': 1.0}, {'x': 1.5, 'y': 1.0}, {'x': 1.75, 'y': 1.0}, {'x': 2.0, 'y': 0.5403}, {'x': 2.25, 'y': 0.5403}, {'x': 2.5, 'y': 0.5403}, {'x': 2.75, 'y': 0.5403}, {'x': 3.0, 'y': 0.5403}]}","{'formula': 'cos(floor(0.5*x))', 'latex': '\\cos{\\left(\\left\\lfloor{0.5 x}\\right\\rfloor \\right)}', 'properties': {'singularities': [], 'is_periodic': False, 'domain': 'Reals'}}",manual
MCM_021_fe9614fc,"{'a': 0, 'b': 2, 'c': 1}","{'points': [{'x': -3.0, 'y': -0.99}, {'x': -2.75, 'y': -0.9243}, {'x': -2.5, 'y': -0.8011}, {'x': -2.25, 'y': -0.6282}, {'x': -2.0, 'y': -0.4161}, {'x': -1.75, 'y': -0.1782}, {'x': -1.5, 'y': 0.0707}, {'x': -1.25, 'y': 0.3153}, {'x': -1.0, 'y': 0.5403}, {'x': -0.75, 'y': 0.7317}, {'x': -0.5, 'y': 0.8776}, {'x': -0.25, 'y': 0.9689}, {'x': 0.0, 'y': 1.0}, {'x': 0.25, 'y': 0.9689}, {'x': 0.5, 'y': 0.8776}, {'x': 0.75, 'y': 0.7317}, {'x': 1.0, 'y': 0.5403}, {'x': 1.25, 'y': 0.3153}, {'x': 1.5, 'y': 0.0707}, {'x': 1.75, 'y': -0.1782}, {'x': 2.0, 'y': -0.4161}, {'x': 2.25, 'y': -0.6282}, {'x': 2.5, 'y': -0.8011}, {'x': 2.75, 'y': -0.9243}, {'x': 3.0, 'y': -0.99}]}","{'formula': 'cos(Abs(x))', 'latex': '\\cos{\\left(\\left|{x}\\right| \\right)}', 'properties': {'singularities': [], 'is_periodic': False, 'domain': 'Reals'}}",manual_rich
MCM_021_f807880b,"{'a': 0, 'b': 2, 'c': 1}","{'points': [{'x': -3.0, 'y': -0.8415}, {'x': -2.75, 'y': -0.8415}, {'x': -2.5, 'y': -0.8415}, {'x': -2.25, 'y': -0.8415}, {'x': -2.0, 'y': -0.8415}, {'x': -1.75, 'y': -0.8415}, {'x': -1.5, 'y': -0.8415}, {'x': -1.25, 'y': -0.8415}, {'x': -1.0, 'y': -0.8415}, {'x': -0.75, 'y': -0.8415}, {'x': -0.5, 'y': -0.8415}, {'x': -0.25, 'y': -0.8415}, {'x': 0.0, 'y': 0.0}, {'x': 0.25, 'y': 0.8415}, {'x': 0.5, 'y': 0.8415}, {'x': 0.75, 'y': 0.8415}, {'x': 1.0, 'y': 0.8415}, {'x': 1.25, 'y': 0.8415}, {'x': 1.5, 'y': 0.8415}, {'x': 1.75, 'y': 0.8415}, {'x': 2.0, 'y': 0.8415}, {'x': 2.25, 'y': 0.8415}, {'x': 2.5, 'y': 0.8415}, {'x': 2.75, 'y': 0.8415}, {'x': 3.0, 'y': 0.8415}]}","{'formula': 'sin(sign(x))', 'latex': '\\sin{\\left(\\operatorname{sign}{\\left(x \\right)} \\right)}', 'properties': {'singularities': [], 'is_periodic': False, 'domain': 'Reals'}}",manual_rich
MCM_021_9a826c41,"{'a': 0, 'b': 2, 'c': 1}","{'points': [{'x': -3.0, 'y': 0.5403}, {'x': -2.75, 'y': 0.5403}, {'x': -2.5, 'y': 0.5403}, {'x': -2.25, 'y': 0.5403}, {'x': -2.0, 'y': 0.5403}, {'x': -1.75, 'y': 0.5403}, {'x': -1.5, 'y': 0.5403}, {'x': -1.25, 'y': 0.5403}, {'x': -1.0, 'y': 0.5403}, {'x': -0.75, 'y': 0.5403}, {'x': -0.5, 'y': 0.5403}, {'x': -0.25, 'y': 0.5403}, {'x': 0.0, 'y': 1.0}, {'x': 0.25, 'y': 0.5403}, {'x': 0.5, 'y': 0.5403}, {'x': 0.75, 'y': 0.5403}, {'x': 1.0, 'y': 0.5403}, {'x': 1.25, 'y': 0.5403}, {'x': 1.5, 'y': 0.5403}, {'x': 1.75, 'y': 0.5403}, {'x': 2.0, 'y': 0.5403}, {'x': 2.25, 'y': 0.5403}, {'x': 2.5, 'y': 0.5403}, {'x': 2.75, 'y': 0.5403}, {'x': 3.0, 'y': 0.5403}]}","{'formula': 'cos(sign(x))', 'latex': '\\cos{\\left(\\operatorname{sign}{\\left(x \\right)} \\right)}', 'properties': {'singularities': [], 'is_periodic': False, 'domain': 'Reals'}}",manual_rich
MCM_022_be33063b,"{'a': 0, 'b': 2, 'c': 2}","{'points': [{'x': -3.0, 'y': -0.9677}, {'x': -2.75, 'y': -0.9649}, {'x': -2.5, 'y': -0.9615}, {'x': -2.25, 'y': -0.9574}, {'x': -2.0, 'y': -0.9524}, {'x': -1.75, 'y': -0.9459}, {'x': -1.5, 'y': -0.9375}, {'x': -1.25, 'y': -0.9259}, {'x': -1.0, 'y': -0.9091}, {'x': -0.75, 'y': -0.8824}, {'x': -0.5, 'y': -0.8333}, {'x': -0.25, 'y': -0.7143}, {'x': 0.0, 'y': 0.0}, {'x': 0.25, 'y': 1.6667}, {'x': 0.5, 'y': 1.25}, {'x': 0.75, 'y': 1.1538}, {'x': 1.0, 'y': 1.1111}, {'x': 1.25, 'y': 1.087}, {'x': 1.5, 'y': 1.0714}, {'x': 1.75, 'y': 1.0606}, {'x': 2.0, 'y': 1.0526}, {'x': 2.25, 'y': 1.0465}, {'x': 2.5, 'y': 1.0417}, {'x': 2.75, 'y': 1.0377}, {'x': 3.0, 'y': 1.0345}]}","{'formula': 'Abs(x)/(x - 0.1)', 'latex': '\\frac{\\left|{x}\\right|}{x - 0.1}', 'properties': {'singularities': [], 'is_periodic': False, 'domain': 'Union(Interval.open(-oo, 0.100000000000000), Interval.open(0.100000000000000, oo))'}}",manual
MCM_022_b679aec2,"{'a': 0, 'b': 2, 'c': 2}","{'points': [{'x': -3.0, 'y': 0.7143}, {'x': -2.75, 'y': 0.7843}, {'x': -2.5, 'y': 0.8696}, {'x': -2.25, 'y': 0.9756}, {'x': -2.0, 'y': 0.5556}, {'x': -1.75, 'y': 0.6452}, {'x': -1.5, 'y': 0.7692}, {'x': -1.25, 'y': 0.9524}, {'x': -1.0, 'y': 1.25}, {'x': -0.75, 'y': 1.8182}, {'x': -0.5, 'y': 3.3333}, {'x': -0.25, 'y': 20.0}, {'x': 0.0, 'y': 0.0}, {'x': 0.25, 'y': 0.0}, {'x': 0.5, 'y': 0.0}, {'x': 0.75, 'y': 0.0}, {'x': 1.0, 'y': 0.0}, {'x': 1.25, 'y': 0.0}, {'x': 1.5, 'y': 0.0}, {'x': 1.75, 'y': 0.0}, {'x': 2.0, 'y': 0.4545}, {'x': 2.25, 'y': 0.4082}, {'x': 2.5, 'y': 0.3704}, {'x': 2.75, 'y': 0.339}, {'x': 3.0, 'y': 0.3125}]}","{'formula': 'floor(0.5*x)/(x + 0.2)', 'latex': '\\frac{\\left\\lfloor{0.5 x}\\right\\rfloor}{x + 0.2}', 'properties': {'singularities': [], 'is_periodic': False, 'domain': 'Reals'}}",manual
MCM_022_986f61de,"{'a': 0, 'b': 2, 'c': 2}","{'points': [{'x': -3.0, 'y': -0.4878}, {'x': -2.75, 'y': -0.4545}, {'x': -2.5, 'y': -0.4167}, {'x': -2.25, 'y': -0.3731}, {'x': -2.0, 'y': -0.3226}, {'x': -1.75, 'y': -0.2632}, {'x': -1.5, 'y': -0.1923}, {'x': -1.25, 'y': -0.1064}, {'x': -1.0, 'y': 0.0}, {'x': -0.75, 'y': 0.1351}, {'x': -0.5, 'y': 0.3125}, {'x': -0.25, 'y': 0.5556}, {'x': 0.0, 'y': 0.9091}, {'x': 0.25, 'y': -1.4706}, {'x': 0.5, 'y': -2.5}, {'x': 0.75, 'y': -5.0}, {'x': 1.0, 'y': -20.0}, {'x': 1.25, 'y': 15.0}, {'x': 1.5, 'y': 6.25}, {'x': 1.75, 'y': 4.2308}, {'x': 2.0, 'y': 3.3333}, {'x': 2.25, 'y': 2.8261}, {'x': 2.5, 'y': 2.5}, {'x': 2.75, 'y': 2.2727}, {'x': 3.0, 'y': 2.1053}]}","{'formula': 'Piecewise(((x + 1)/(x - 1.1), x > 0), ((-x - 1)/(x - 1.1), True))', 'latex': '\\begin{cases} \\frac{x + 1}{x - 1.1} & \\text{for}\\: x > 0 \\\\\\frac{- x - 1}{x - 1.1} & \\text{otherwise} \\end{cases}', 'properties': {'singularities': [], 'is_periodic': False, 'domain': 'Reals'}}",manual
MCM_022_08a3e1b8,"{'a': 0, 'b': 2, 'c': 2}","{'points': [{'x': -3.0, 'y': 0.3125}, {'x': -2.75, 'y': 0.339}, {'x': -2.5, 'y': 0.3704}, {'x': -2.25, 'y': 0.4082}, {'x': -2.0, 'y': 0.4545}, {'x': -1.75, 'y': 0.5128}, {'x': -1.5, 'y': 0.5882}, {'x': -1.25, 'y': 0.6897}, {'x': -1.0, 'y': 0.8333}, {'x': -0.75, 'y': 1.0526}, {'x': -0.5, 'y': 1.4286}, {'x': -0.25, 'y': 2.2222}, {'x': 0.0, 'y': 0.0}, {'x': 0.25, 'y': 20.0}, {'x': 0.5, 'y': 3.3333}, {'x': 0.75, 'y': 1.8182}, {'x': 1.0, 'y': 1.25}, {'x': 1.25, 'y': 0.9524}, {'x': 1.5, 'y': 0.7692}, {'x': 1.75, 'y': 0.6452}, {'x': 2.0, 'y': 0.5556}, {'x': 2.25, 'y': 0.4878}, {'x': 2.5, 'y': 0.4348}, {'x': 2.75, 'y': 0.3922}, {'x': 3.0, 'y': 0.3571}]}","{'formula': 'sign(x)/(x - 0.2)', 'latex': '\\frac{\\operatorname{sign}{\\left(x \\right)}}{x - 0.2}', 'properties': {'singularities': [], 'is_periodic': False, 'domain': 'Reals'}}",manual_rich
MCM_023_b1aac76f,"{'a': 0, 'b': 2, 'c': 3}","{'points': [{'x': -3.0, 'y': -729.0}, {'x': -2.75, 'y': -432.51}, {'x': -2.5, 'y': -244.1406}, {'x': -2.25, 'y': -129.7463}, {'x': -2.0, 'y': -64.0}, {'x': -1.75, 'y': -28.7229}, {'x': -1.5, 'y': -11.3906}, {'x': -1.25, 'y': -3.8147}, {'x': -1.0, 'y': -1.0}, {'x': -0.75, 'y': -0.178}, {'x': -0.5, 'y': -0.0156}, {'x': -0.25, 'y': -0.0002}, {'x': 0.0, 'y': 0.0}, {'x': 0.25, 'y': 0.0002}, {'x': 0.5, 'y': 0.0156}, {'x': 0.75, 'y': 0.178}, {'x': 1.0, 'y': 1.0}, {'x': 1.25, 'y': 3.8147}, {'x': 1.5, 'y': 11.3906}, {'x': 1.75, 'y': 28.7229}, {'x': 2.0, 'y': 64.0}, {'x': 2.25, 'y': 129.7463}, {'x': 2.5, 'y': 244.1406}, {'x': 2.75, 'y': 432.51}, {'x': 3.0, 'y': 729.0}]}","{'formula': 'x**5*Abs(x)', 'latex': 'x^{5} \\left|{x}\\right|', 'properties': {'singularities': [], 'is_periodic': False, 'domain': 'Reals'}}",manual
MCM_023_f987e151,"{'a': 0, 'b': 2, 'c': 3}","{'points': [{'x': -3.0, 'y': -40.1711}, {'x': -2.75, 'y': -31.2853}, {'x': -2.5, 'y': -24.365}, {'x': -2.25, 'y': -18.9755}, {'x': -2.0, 'y': -7.3891}, {'x': -1.75, 'y': -5.7546}, {'x': -1.5, 'y': -4.4817}, {'x': -1.25, 'y': -3.4903}, {'x': -1.0, 'y': -2.7183}, {'x': -0.75, 'y': -2.117}, {'x': -0.5, 'y': -1.6487}, {'x': -0.25, 'y': -1.284}, {'x': 0.0, 'y': 0.0}, {'x': 0.25, 'y': 0.0}, {'x': 0.5, 'y': 0.0}, {'x': 0.75, 'y': 0.0}, {'x': 1.0, 'y': 0.0}, {'x': 1.25, 'y': 0.0}, {'x': 1.5, 'y': 0.0}, {'x': 1.75, 'y': 0.0}, {'x': 2.0, 'y': 7.3891}, {'x': 2.25, 'y': 9.4877}, {'x': 2.5, 'y': 12.1825}, {'x': 2.75, 'y': 15.6426}, {'x': 3.0, 'y': 20.0855}]}","{'formula': 'exp(Abs(x))*floor(0.5*x)', 'latex': 'e^{\\left|{x}\\right|} \\left\\lfloor{0.5 x}\\right\\rfloor', 'properties': {'singularities': [], 'is_periodic': False, 'domain': 'Reals'}}",manual
MCM_023_2ad52eec,"{'a': 0, 'b': 2, 'c': 3}","{'points': [{'x': -3.0, 'y': -241.9282}, {'x': -2.75, 'y': -156.2188}, {'x': -2.5, 'y': -96.6149}, {'x': -2.25, 'y': -56.6425}, {'x': -2.0, 'y': -31.0}, {'x': -1.75, 'y': -15.4414}, {'x': -1.5, 'y': -6.6607}, {'x': -1.25, 'y': -2.1812}, {'x': -1.0, 'y': -1.0}, {'x': -0.75, 'y': 0.6332}, {'x': -0.5, 'y': 0.9018}, {'x': -0.25, 'y': 0.9707}, {'x': 0.0, 'y': 1.0}, {'x': 0.25, 'y': 1.0235}, {'x': 0.5, 'y': 1.0726}, {'x': 0.75, 'y': 1.2949}, {'x': 1.0, 'y': 2.0718}, {'x': 1.25, 'y': 4.1362}, {'x': 1.5, 'y': 8.6897}, {'x': 1.75, 'y': 17.5195}, {'x': 2.0, 'y': 33.1161}, {'x': 2.25, 'y': 58.7901}, {'x': 2.5, 'y': 98.7897}, {'x': 2.75, 'y': 158.4177}, {'x': 3.0, 'y': 244.1487}]}","{'formula': 'x**5 + Abs(x + 1)**0.1', 'latex': 'x^{5} + \\left|{x + 1}\\right|^{0.1}', 'properties': {'singularities': [], 'is_periodic': False, 'domain': 'Reals'}}",manual
MCM_023_67382301,"{'a': 0, 'b': 2, 'c': 3}","{'points': [{'x': -3.0, 'y': -0.9223}, {'x': -2.75, 'y': -0.9145}, {'x': -2.5, 'y': -0.9049}, {'x': -2.25, 'y': -0.8931}, {'x': -2.0, 'y': -0.8781}, {'x': -1.75, 'y': -0.8586}, {'x': -1.5, 'y': -0.8323}, {'x': -1.25, 'y': -0.7953}, {'x': -1.0, 'y': -0.7402}, {'x': -0.75, 'y': -0.6515}, {'x': -0.5, 'y': -0.495}, {'x': -0.25, 'y': -0.1988}, {'x': 0.0, 'y': 0.0}, {'x': 0.25, 'y': 0.2282}, {'x': 0.5, 'y': -0.0953}, {'x': 0.75, 'y': 0.7272}, {'x': 1.0, 'y': 0.949}, {'x': 1.25, 'y': 1.0185}, {'x': 1.5, 'y': 1.0434}, {'x': 1.75, 'y': 1.0523}, {'x': 2.0, 'y': 1.0548}, {'x': 2.25, 'y': 1.0545}, {'x': 2.5, 'y': 1.053}, {'x': 2.75, 'y': 1.051}, {'x': 3.0, 'y': 1.0488}]}","{'formula': 'sin(1/(x - 0.2))*Abs(x)', 'latex': '\\sin{\\left(\\frac{1}{x - 0.2} \\right)} \\left|{x}\\right|', 'properties': {'singularities': [], 'is_periodic': False, 'domain': 'Union(Interval.open(-oo, 0.200000000000000), Interval.open(0.200000000000000, oo))'}}",manual_rich
MCM_023_4b17421d,"{'a': 0, 'b': 2, 'c': 3}","{'points': [{'x': -3.0, 'y': 0.3437}, {'x': -2.75, 'y': 0.3752}, {'x': -2.5, 'y': 0.4128}, {'x': -2.25, 'y': 0.4584}, {'x': -2.0, 'y': 0.5146}, {'x': -1.75, 'y': 0.5851}, {'x': -1.5, 'y': 0.6748}, {'x': -1.25, 'y': 0.7889}, {'x': -1.0, 'y': 0.9233}, {'x': -0.75, 'y': 0.9954}, {'x': -0.5, 'y': 0.2806}, {'x': -0.25, 'y': -0.544}, {'x': 0.0, 'y': 0.0}, {'x': 0.25, 'y': 0.5985}, {'x': 0.5, 'y': 0.9995}, {'x': 0.75, 'y': 0.8962}, {'x': 1.0, 'y': 0.764}, {'x': 1.25, 'y': 0.6551}, {'x': 1.5, 'y': 0.5696}, {'x': 1.75, 'y': 0.5024}, {'x': 2.0, 'y': 0.4485}, {'x': 2.25, 'y': 0.4047}, {'x': 2.5, 'y': 0.3685}, {'x': 2.75, 'y': 0.338}, {'x': 3.0, 'y': 0.3122}]}","{'formula': 'sin(1/(x + 0.15))*sign(x)', 'latex': '\\sin{\\left(\\frac{1}{x + 0.15} \\right)} \\operatorname{sign}{\\left(x \\right)}', 'properties': {'singularities': [], 'is_periodic': False, 'domain': 'Reals'}}",manual_rich
MCM_030_f720ee10,"{'a': 0, 'b': 3, 'c': 0}","{'points': [{'x': -3.0, 'y': 2.9999}, {'x': -2.75, 'y': 2.7497}, {'x': -2.5, 'y': 2.499}, {'x': -2.25, 'y': 2.2467}, {'x': -2.0, 'y': 1.9906}, {'x': -1.75, 'y': 1.7267}, {'x': -1.5, 'y': 1.4492}, {'x': -1.25, 'y': 1.1536}, {'x': -1.0, 'y': 0.8427}, {'x': -0.75, 'y': 0.5334}, {'x': -0.5, 'y': 0.2602}, {'x': -0.25, 'y': 0.0691}, {'x': 0.0, 'y': 0.0}, {'x': 0.25, 'y': 0.0691}, {'x': 0.5, 'y': 0.2602}, {'x': 0.75, 'y': 0.5334}, {'x': 1.0, 'y': 0.8427}, {'x': 1.25, 'y': 1.1536}, {'x': 1.5, 'y': 1.4492}, {'x': 1.75, 'y': 1.7267}, {'x': 2.0, 'y': 1.9906}, {'x': 2.25, 'y': 2.2467}, {'x': 2.5, 'y': 2.499}, {'x': 2.75, 'y': 2.7497}, {'x': 3.0, 'y': 2.9999}]}","{'formula': 'x*erf(x)', 'latex': 'x \\operatorname{erf}{\\left(x \\right)}', 'properties': {'singularities': [], 'is_periodic': False, 'domain': 'Reals'}}",manual
MCM_030_ada55a45,"{'a': 0, 'b': 3, 'c': 0}","{'points': [{'x': -3.0, 'y': 0.0}, {'x': -2.75, 'y': 0.0001}, {'x': -2.5, 'y': 0.0004}, {'x': -2.25, 'y': 0.0015}, {'x': -2.0, 'y': 0.0047}, {'x': -1.75, 'y': 0.0133}, {'x': -1.5, 'y': 0.0339}, {'x': -1.25, 'y': 0.0771}, {'x': -1.0, 'y': 0.1573}, {'x': -0.75, 'y': 0.2888}, {'x': -0.5, 'y': 0.4795}, {'x': -0.25, 'y': 0.7237}, {'x': 0.0, 'y': 1.0}, {'x': 0.25, 'y': 1.2763}, {'x': 0.5, 'y': 1.5205}, {'x': 0.75, 'y': 1.7112}, {'x': 1.0, 'y': 1.8427}, {'x': 1.25, 'y': 1.9229}, {'x': 1.5, 'y': 1.9661}, {'x': 1.75, 'y': 1.9867}, {'x': 2.0, 'y': 1.9953}, {'x': 2.25, 'y': 1.9985}, {'x': 2.5, 'y': 1.9996}, {'x': 2.75, 'y': 1.9999}, {'x': 3.0, 'y': 2.0}]}","{'formula': 'erf(x) + 1', 'latex': '\\operatorname{erf}{\\left(x \\right)} + 1', 'properties': {'singularities': [], 'is_periodic': False, 'domain': 'Reals'}}",manual
MCM_030_03445722,"{'a': 0, 'b': 3, 'c': 0}","{'points': [{'x': -3.0, 'y': 3.0}, {'x': -2.75, 'y': 2.75}, {'x': -2.5, 'y': 2.5}, {'x': -2.25, 'y': 2.25}, {'x': -2.0, 'y': 2.0}, {'x': -1.75, 'y': 1.7498}, {'x': -1.5, 'y': 1.4994}, {'x': -1.25, 'y': 1.2482}, {'x': -1.0, 'y': 0.9953}, {'x': -0.75, 'y': 0.74}, {'x': -0.5, 'y': 0.4831}, {'x': -0.25, 'y': 0.2307}, {'x': 0.0, 'y': 0.0}, {'x': 0.25, 'y': -0.1778}, {'x': 0.5, 'y': -0.2602}, {'x': 0.75, 'y': -0.2072}, {'x': 1.0, 'y': 0.0}, {'x': 1.25, 'y': 0.3454}, {'x': 1.5, 'y': 0.7807}, {'x': 1.75, 'y': 1.2445}, {'x': 2.0, 'y': 1.6854}, {'x': 2.25, 'y': 2.0765}, {'x': 2.5, 'y': 2.4153}, {'x': 2.75, 'y': 2.7133}, {'x': 3.0, 'y': 2.986}]}","{'formula': 'x*erf(x - 1)', 'latex': 'x \\operatorname{erf}{\\left(x - 1 \\right)}', 'properties': {'singularities': [], 'is_periodic': False, 'domain': 'Reals'}}",manual
MCM_030_2b0441fe,"{'a': 0, 'b': 3, 'c': 0}","{'points': [{'x': -3.0, 'y': 6.8126}, {'x': -2.75, 'y': 4.9857}, {'x': -2.5, 'y': 3.717}, {'x': -2.25, 'y': 2.8272}, {'x': -2.0, 'y': 2.1976}, {'x': -1.75, 'y': 1.7494}, {'x': -1.5, 'y': 1.4296}, {'x': -1.25, 'y': 1.2031}, {'x': -1.0, 'y': 1.0465}, {'x': -0.75, 'y': 0.9456}, {'x': -0.5, 'y': 0.8935}, {'x': -0.25, 'y': 0.8912}, {'x': 0.0, 'y': 0.9514}, {'x': 0.25, 'y': 0.8912}, {'x': 0.5, 'y': 0.8935}, {'x': 0.75, 'y': 0.9456}, {'x': 1.0, 'y': 1.0465}, {'x': 1.25, 'y': 1.2031}, {'x': 1.5, 'y': 1.4296}, {'x': 1.75, 'y': 1.7494}, {'x': 2.0, 'y': 2.1976}, {'x': 2.25, 'y': 2.8272}, {'x': 2.5, 'y': 3.717}, {'x': 2.75, 'y': 4.9857}, {'x': 3.0, 'y': 6.8126}]}","{'formula': 'gamma(Abs(x) + 1.1)', 'latex': '\\Gamma\\left(\\left|{x}\\right| + 1.1\\right)', 'properties': {'singularities': [], 'is_periodic': False, 'domain': 'Reals'}}",manual_rich
MCM_030_2e50b892,"{'a': 0, 'b': 3, 'c': 0}","{'points': [{'x': -3.0, 'y': -0.2601}, {'x': -2.75, 'y': -0.1641}, {'x': -2.5, 'y': -0.0484}, {'x': -2.25, 'y': 0.0827}, {'x': -2.0, 'y': 0.2239}, {'x': -1.75, 'y': 0.369}, {'x': -1.5, 'y': 0.5118}, {'x': -1.25, 'y': 0.6459}, {'x': -1.0, 'y': 0.7652}, {'x': -0.75, 'y': 0.8642}, {'x': -0.5, 'y': 0.9385}, {'x': -0.25, 'y': 0.9844}, {'x': 0.0, 'y': 1.0}, {'x': 0.25, 'y': 0.9844}, {'x': 0.5, 'y': 0.9385}, {'x': 0.75, 'y': 0.8642}, {'x': 1.0, 'y': 0.7652}, {'x': 1.25, 'y': 0.6459}, {'x': 1.5, 'y': 0.5118}, {'x': 1.75, 'y': 0.369}, {'x': 2.0, 'y': 0.2239}, {'x': 2.25, 'y': 0.0827}, {'x': 2.5, 'y': -0.0484}, {'x': 2.75, 'y': -0.1641}, {'x': 3.0, 'y': -0.2601}]}","{'formula': 'besselj(0, Abs(x))', 'latex': 'J_{0}\\left(\\left|{x}\\right|\\right)', 'properties': {'singularities': [], 'is_periodic': True, 'domain': 'Reals', 'period_value': '0'}}",manual_rich
MCM_030_bb87f8ea,"{'a': 0, 'b': 3, 'c': 0}","{'points': [{'x': -3.0, 'y': -1.0}, {'x': -2.75, 'y': -0.9999}, {'x': -2.5, 'y': -0.9996}, {'x': -2.25, 'y': -0.9985}, {'x': -2.0, 'y': -0.9953}, {'x': -1.75, 'y': -0.9867}, {'x': -1.5, 'y': -0.9661}, {'x': -1.25, 'y': -0.9229}, {'x': -1.0, 'y': -0.8427}, {'x': -0.75, 'y': -0.7112}, {'x': -0.5, 'y': -0.5205}, {'x': -0.25, 'y': -0.2763}, {'x': 0.0, 'y': 0.0}, {'x': 0.25, 'y': 0.2763}, {'x': 0.5, 'y': 0.5205}, {'x': 0.75, 'y': 0.7112}, {'x': 1.0, 'y': 0.8427}, {'x': 1.25, 'y': 0.9229}, {'x': 1.5, 'y': 0.9661}, {'x': 1.75, 'y': 0.9867}, {'x': 2.0, 'y': 0.9953}, {'x': 2.25, 'y': 0.9985}, {'x': 2.5, 'y': 0.9996}, {'x': 2.75, 'y': 0.9999}, {'x': 3.0, 'y': 1.0}]}","{'formula': 'erf(x)', 'latex': '\\operatorname{erf}{\\left(x \\right)}', 'properties': {'singularities': [], 'is_periodic': False, 'domain': 'Reals'}}",manual_rich
MCM_031_cde4f95b,"{'a': 0, 'b': 3, 'c': 1}","{'points': [{'x': -3.0, 'y': -0.8415}, {'x': -2.75, 'y': -0.8414}, {'x': -2.5, 'y': -0.8413}, {'x': -2.25, 'y': -0.8407}, {'x': -2.0, 'y': -0.8389}, {'x': -1.75, 'y': -0.8342}, {'x': -1.5, 'y': -0.8227}, {'x': -1.25, 'y': -0.7974}, {'x': -1.0, 'y': -0.7464}, {'x': -0.75, 'y': -0.6527}, {'x': -0.5, 'y': -0.4973}, {'x': -0.25, 'y': -0.2728}, {'x': 0.0, 'y': 0.0}, {'x': 0.25, 'y': 0.2728}, {'x': 0.5, 'y': 0.4973}, {'x': 0.75, 'y': 0.6527}, {'x': 1.0, 'y': 0.7464}, {'x': 1.25, 'y': 0.7974}, {'x': 1.5, 'y': 0.8227}, {'x': 1.75, 'y': 0.8342}, {'x': 2.0, 'y': 0.8389}, {'x': 2.25, 'y': 0.8407}, {'x': 2.5, 'y': 0.8413}, {'x': 2.75, 'y': 0.8414}, {'x': 3.0, 'y': 0.8415}]}","{'formula': 'sin(erf(x))', 'latex': '\\sin{\\left(\\operatorname{erf}{\\left(x \\right)} \\right)}', 'properties': {'singularities': [], 'is_periodic': False, 'domain': 'Reals'}}",manual
MCM_031_155ce099,"{'a': 0, 'b': 3, 'c': 1}","{'points': [{'x': -3.0, 'y': -0.4161}, {'x': -2.75, 'y': -0.2152}, {'x': -2.5, 'y': -0.0376}, {'x': -2.25, 'y': 0.1136}, {'x': -2.0, 'y': 0.2391}, {'x': -1.75, 'y': 0.3415}, {'x': -1.5, 'y': 0.4239}, {'x': -1.25, 'y': 0.4893}, {'x': -1.0, 'y': 0.5403}, {'x': -0.75, 'y': 0.5789}, {'x': -0.5, 'y': 0.6066}, {'x': -0.25, 'y': 0.6243}, {'x': 0.0, 'y': 0.6323}, {'x': 0.25, 'y': 0.6243}, {'x': 0.5, 'y': 0.6066}, {'x': 0.75, 'y': 0.5789}, {'x': 1.0, 'y': 0.5403}, {'x': 1.25, 'y': 0.4893}, {'x': 1.5, 'y': 0.4239}, {'x': 1.75, 'y': 0.3415}, {'x': 2.0, 'y': 0.2391}, {'x': 2.25, 'y': 0.1136}, {'x': 2.5, 'y': -0.0376}, {'x': 2.75, 'y': -0.2152}, {'x': 3.0, 'y': -0.4161}]}","{'formula': 'cos(gamma(0.5*Abs(x) + 1.5))', 'latex': '\\cos{\\left(\\Gamma\\left(0.5 \\left|{x}\\right| + 1.5\\right) \\right)}', 'properties': {'singularities': [], 'is_periodic': False, 'domain': 'Reals'}}",manual
MCM_031_dba49e53,"{'a': 0, 'b': 3, 'c': 1}","{'points': [{'x': -3.0, 'y': 0.505}, {'x': -2.75, 'y': -0.9629}, {'x': -2.5, 'y': -0.5442}, {'x': -2.25, 'y': 0.3093}, {'x': -2.0, 'y': 0.8099}, {'x': -1.75, 'y': 0.9841}, {'x': -1.5, 'y': 0.9901}, {'x': -1.25, 'y': 0.9331}, {'x': -1.0, 'y': 0.8657}, {'x': -0.75, 'y': 0.8109}, {'x': -0.5, 'y': 0.7793}, {'x': -0.25, 'y': 0.7778}, {'x': 0.0, 'y': 0.8142}, {'x': 0.25, 'y': 0.7778}, {'x': 0.5, 'y': 0.7793}, {'x': 0.75, 'y': 0.8109}, {'x': 1.0, 'y': 0.8657}, {'x': 1.25, 'y': 0.9331}, {'x': 1.5, 'y': 0.9901}, {'x': 1.75, 'y': 0.9841}, {'x': 2.0, 'y': 0.8099}, {'x': 2.25, 'y': 0.3093}, {'x': 2.5, 'y': -0.5442}, {'x': 2.75, 'y': -0.9629}, {'x': 3.0, 'y': 0.505}]}","{'formula': 'sin(gamma(Abs(x) + 1.1))', 'latex': '\\sin{\\left(\\Gamma\\left(\\left|{x}\\right| + 1.1\\right) \\right)}', 'properties': {'singularities': [], 'is_periodic': False, 'domain': 'Reals'}}",manual_rich
MCM_031_46c3bc4e,"{'a': 0, 'b': 3, 'c': 1}","{'points': [{'x': -3.0, 'y': 0.8631}, {'x': -2.75, 'y': 0.27}, {'x': -2.5, 'y': -0.839}, {'x': -2.25, 'y': -0.951}, {'x': -2.0, 'y': -0.5866}, {'x': -1.75, 'y': -0.1776}, {'x': -1.5, 'y': 0.1407}, {'x': -1.25, 'y': 0.3595}, {'x': -1.0, 'y': 0.5006}, {'x': -0.75, 'y': 0.5852}, {'x': -0.5, 'y': 0.6267}, {'x': -0.25, 'y': 0.6285}, {'x': 0.0, 'y': 0.5806}, {'x': 0.25, 'y': 0.6285}, {'x': 0.5, 'y': 0.6267}, {'x': 0.75, 'y': 0.5852}, {'x': 1.0, 'y': 0.5006}, {'x': 1.25, 'y': 0.3595}, {'x': 1.5, 'y': 0.1407}, {'x': 1.75, 'y': -0.1776}, {'x': 2.0, 'y': -0.5866}, {'x': 2.25, 'y': -0.951}, {'x': 2.5, 'y': -0.839}, {'x': 2.75, 'y': 0.27}, {'x': 3.0, 'y': 0.8631}]}","{'formula': 'cos(gamma(Abs(x) + 1.1))', 'latex': '\\cos{\\left(\\Gamma\\left(\\left|{x}\\right| + 1.1\\right) \\right)}', 'properties': {'singularities': [], 'is_periodic': False, 'domain': 'Reals'}}",manual_rich
MCM_031_774d2783,"{'a': 0, 'b': 3, 'c': 1}","{'points': [{'x': -3.0, 'y': -0.2571}, {'x': -2.75, 'y': -0.1634}, {'x': -2.5, 'y': -0.0484}, {'x': -2.25, 'y': 0.0827}, {'x': -2.0, 'y': 0.222}, {'x': -1.75, 'y': 0.3607}, {'x': -1.5, 'y': 0.4898}, {'x': -1.25, 'y': 0.6019}, {'x': -1.0, 'y': 0.6927}, {'x': -0.75, 'y': 0.7606}, {'x': -0.5, 'y': 0.8067}, {'x': -0.25, 'y': 0.833}, {'x': 0.0, 'y': 0.8415}, {'x': 0.25, 'y': 0.833}, {'x': 0.5, 'y': 0.8067}, {'x': 0.75, 'y': 0.7606}, {'x': 1.0, 'y': 0.6927}, {'x': 1.25, 'y': 0.6019}, {'x': 1.5, 'y': 0.4898}, {'x': 1.75, 'y': 0.3607}, {'x': 2.0, 'y': 0.222}, {'x': 2.25, 'y': 0.0827}, {'x': 2.5, 'y': -0.0484}, {'x': 2.75, 'y': -0.1634}, {'x': 3.0, 'y': -0.2571}]}","{'formula': 'sin(besselj(0, Abs(x)))', 'latex': '\\sin{\\left(J_{0}\\left(\\left|{x}\\right|\\right) \\right)}', 'properties': {'singularities': [], 'is_periodic': True, 'domain': 'Reals', 'period_value': '0'}}",manual_rich
MCM_031_04577ac4,"{'a': 0, 'b': 3, 'c': 1}","{'points': [{'x': -3.0, 'y': 0.9664}, {'x': -2.75, 'y': 0.9866}, {'x': -2.5, 'y': 0.9988}, {'x': -2.25, 'y': 0.9966}, {'x': -2.0, 'y': 0.975}, {'x': -1.75, 'y': 0.9327}, {'x': -1.5, 'y': 0.8719}, {'x': -1.25, 'y': 0.7986}, {'x': -1.0, 'y': 0.7212}, {'x': -0.75, 'y': 0.6492}, {'x': -0.5, 'y': 0.591}, {'x': -0.25, 'y': 0.5533}, {'x': 0.0, 'y': 0.5403}, {'x': 0.25, 'y': 0.5533}, {'x': 0.5, 'y': 0.591}, {'x': 0.75, 'y': 0.6492}, {'x': 1.0, 'y': 0.7212}, {'x': 1.25, 'y': 0.7986}, {'x': 1.5, 'y': 0.8719}, {'x': 1.75, 'y': 0.9327}, {'x': 2.0, 'y': 0.975}, {'x': 2.25, 'y': 0.9966}, {'x': 2.5, 'y': 0.9988}, {'x': 2.75, 'y': 0.9866}, {'x': 3.0, 'y': 0.9664}]}","{'formula': 'cos(besselj(0, Abs(x)))', 'latex': '\\cos{\\left(J_{0}\\left(\\left|{x}\\right|\\right) \\right)}', 'properties': {'singularities': [], 'is_periodic': True, 'domain': 'Reals', 'period_value': '0'}}",manual_rich
MCM_031_a4d79728,"{'a': 0, 'b': 3, 'c': 1}","{'points': [{'x': -3.0, 'y': 0.5403}, {'x': -2.75, 'y': 0.5404}, {'x': -2.5, 'y': 0.5406}, {'x': -2.25, 'y': 0.5415}, {'x': -2.0, 'y': 0.5442}, {'x': -1.75, 'y': 0.5515}, {'x': -1.5, 'y': 0.5685}, {'x': -1.25, 'y': 0.6035}, {'x': -1.0, 'y': 0.6654}, {'x': -0.75, 'y': 0.7576}, {'x': -0.5, 'y': 0.8676}, {'x': -0.25, 'y': 0.9621}, {'x': 0.0, 'y': 1.0}, {'x': 0.25, 'y': 0.9621}, {'x': 0.5, 'y': 0.8676}, {'x': 0.75, 'y': 0.7576}, {'x': 1.0, 'y': 0.6654}, {'x': 1.25, 'y': 0.6035}, {'x': 1.5, 'y': 0.5685}, {'x': 1.75, 'y': 0.5515}, {'x': 2.0, 'y': 0.5442}, {'x': 2.25, 'y': 0.5415}, {'x': 2.5, 'y': 0.5406}, {'x': 2.75, 'y': 0.5404}, {'x': 3.0, 'y': 0.5403}]}","{'formula': 'cos(erf(x))', 'latex': '\\cos{\\left(\\operatorname{erf}{\\left(x \\right)} \\right)}', 'properties': {'singularities': [], 'is_periodic': False, 'domain': 'Reals'}}",manual_rich
MCM_032_3904abdd,"{'a': 0, 'b': 3, 'c': 2}","{'points': [{'x': -3.0, 'y': 0.3226}, {'x': -2.75, 'y': 0.3508}, {'x': -2.5, 'y': 0.3845}, {'x': -2.25, 'y': 0.4249}, {'x': -2.0, 'y': 0.474}, {'x': -1.75, 'y': 0.5333}, {'x': -1.5, 'y': 0.6038}, {'x': -1.25, 'y': 0.6836}, {'x': -1.0, 'y': 0.7661}, {'x': -0.75, 'y': 0.8367}, {'x': -0.5, 'y': 0.8675}, {'x': -0.25, 'y': 0.7895}, {'x': 0.0, 'y': 0.0}, {'x': 0.25, 'y': 1.8422}, {'x': 0.5, 'y': 1.3012}, {'x': 0.75, 'y': 1.0941}, {'x': 1.0, 'y': 0.9363}, {'x': 1.25, 'y': 0.8025}, {'x': 1.5, 'y': 0.6901}, {'x': 1.75, 'y': 0.598}, {'x': 2.0, 'y': 0.5239}, {'x': 2.25, 'y': 0.4644}, {'x': 2.5, 'y': 0.4165}, {'x': 2.75, 'y': 0.3773}, {'x': 3.0, 'y': 0.3448}]}","{'formula': 'erf(x)/(x - 0.1)', 'latex': '\\frac{\\operatorname{erf}{\\left(x \\right)}}{x - 0.1}', 'properties': {'singularities': [], 'is_periodic': False, 'domain': 'Reals'}}",manual
MCM_032_3fb6a410,"{'a': 0, 'b': 3, 'c': 2}","{'points': [{'x': -3.0, 'y': -0.7143}, {'x': -2.75, 'y': -0.7011}, {'x': -2.5, 'y': -0.6993}, {'x': -2.25, 'y': -0.7107}, {'x': -2.0, 'y': -0.7385}, {'x': -1.75, 'y': -0.7886}, {'x': -1.5, 'y': -0.8715}, {'x': -1.25, 'y': -1.009}, {'x': -1.0, 'y': -1.25}, {'x': -0.75, 'y': -1.7335}, {'x': -0.5, 'y': -3.0635}, {'x': -0.25, 'y': -17.9315}, {'x': 0.0, 'y': 4.4311}, {'x': 0.25, 'y': 1.9924}, {'x': 0.5, 'y': 1.3129}, {'x': 0.75, 'y': 1.0036}, {'x': 1.0, 'y': 0.8333}, {'x': 1.25, 'y': 0.7307}, {'x': 1.5, 'y': 0.6665}, {'x': 1.75, 'y': 0.6268}, {'x': 2.0, 'y': 0.6042}, {'x': 2.25, 'y': 0.5947}, {'x': 2.5, 'y': 0.5957}, {'x': 2.75, 'y': 0.606}, {'x': 3.0, 'y': 0.625}]}","{'formula': '1.0*gamma(0.5*Abs(x) + 1.5)/(1.0*x + 0.2)', 'latex': '\\frac{1.0 \\Gamma\\left(0.5 \\left|{x}\\right| + 1.5\\right)}{1.0 x + 0.2}', 'properties': {'singularities': [], 'is_periodic': False, 'domain': 'Reals'}}",manual
MCM_032_34069ea9,"{'a': 0, 'b': 3, 'c': 2}","{'points': [{'x': -3.0, 'y': -0.0546}, {'x': -2.75, 'y': -0.0959}, {'x': -2.5, 'y': -0.1422}, {'x': -2.25, 'y': -0.1928}, {'x': -2.0, 'y': -0.2468}, {'x': -1.75, 'y': -0.3032}, {'x': -1.5, 'y': -0.3609}, {'x': -1.25, 'y': -0.4189}, {'x': -1.0, 'y': -0.4762}, {'x': -0.75, 'y': -0.5321}, {'x': -0.5, 'y': -0.5865}, {'x': -0.25, 'y': -0.6402}, {'x': 0.0, 'y': -0.6956}, {'x': 0.25, 'y': -0.7599}, {'x': 0.5, 'y': -0.853}, {'x': 0.75, 'y': -1.0544}, {'x': 1.0, 'y': -2.2389}, {'x': 1.25, 'y': 0.5517}, {'x': 1.5, 'y': -0.121}, {'x': 1.75, 'y': -0.2525}, {'x': 2.0, 'y': -0.2889}, {'x': 2.25, 'y': -0.2893}, {'x': 2.5, 'y': -0.2715}, {'x': 2.75, 'y': -0.2433}, {'x': 3.0, 'y': -0.209}]}","{'formula': 'besselj(0, Abs(x + 1))/(x - 1.1)', 'latex': '\\frac{J_{0}\\left(\\left|{x + 1}\\right|\\right)}{x - 1.1}', 'properties': {'singularities': [], 'is_periodic': False, 'domain': 'Reals'}}",manual
MCM_032_9cb90e8a,"{'a': 0, 'b': 3, 'c': 2}","{'points': [{'x': -3.0, 'y': -2.1976}, {'x': -2.75, 'y': -1.7494}, {'x': -2.5, 'y': -1.4296}, {'x': -2.25, 'y': -1.2031}, {'x': -2.0, 'y': -1.0465}, {'x': -1.75, 'y': -0.9456}, {'x': -1.5, 'y': -0.8935}, {'x': -1.25, 'y': -0.8912}, {'x': -1.0, 'y': -0.9514}, {'x': -0.75, 'y': -1.1125}, {'x': -0.5, 'y': -1.4892}, {'x': -0.25, 'y': -2.5461}, {'x': 0.0, 'y': -9.5135}, {'x': 0.25, 'y': 5.941}, {'x': 0.5, 'y': 2.2338}, {'x': 0.75, 'y': 1.4548}, {'x': 1.0, 'y': 1.1628}, {'x': 1.25, 'y': 1.0461}, {'x': 1.5, 'y': 1.0212}, {'x': 1.75, 'y': 1.0602}, {'x': 2.0, 'y': 1.1566}, {'x': 2.25, 'y': 1.315}, {'x': 2.5, 'y': 1.5488}, {'x': 2.75, 'y': 1.8814}, {'x': 3.0, 'y': 2.3492}]}","{'formula': 'gamma(Abs(x) + 1.1)/(x - 0.1)', 'latex': '\\frac{\\Gamma\\left(\\left|{x}\\right| + 1.1\\right)}{x - 0.1}', 'properties': {'singularities': [], 'is_periodic': False, 'domain': 'Reals'}}",manual_rich
MCM_032_9ceccd32,"{'a': 0, 'b': 3, 'c': 2}","{'points': [{'x': -3.0, 'y': 0.0813}, {'x': -2.75, 'y': 0.0556}, {'x': -2.5, 'y': 0.0179}, {'x': -2.25, 'y': -0.0338}, {'x': -2.0, 'y': -0.1018}, {'x': -1.75, 'y': -0.1892}, {'x': -1.5, 'y': -0.3011}, {'x': -1.25, 'y': -0.4455}, {'x': -1.0, 'y': -0.6377}, {'x': -0.75, 'y': -0.9097}, {'x': -0.5, 'y': -1.3407}, {'x': -0.25, 'y': -2.1876}, {'x': 0.0, 'y': -5.0}, {'x': 0.25, 'y': 19.6887}, {'x': 0.5, 'y': 3.1282}, {'x': 0.75, 'y': 1.5713}, {'x': 1.0, 'y': 0.9565}, {'x': 1.25, 'y': 0.6151}, {'x': 1.5, 'y': 0.3937}, {'x': 1.75, 'y': 0.2381}, {'x': 2.0, 'y': 0.1244}, {'x': 2.25, 'y': 0.0404}, {'x': 2.5, 'y': -0.021}, {'x': 2.75, 'y': -0.0644}, {'x': 3.0, 'y': -0.0929}]}","{'formula': 'besselj(0, Abs(x))/(x - 0.2)', 'latex': '\\frac{J_{0}\\left(\\left|{x}\\right|\\right)}{x - 0.2}', 'properties': {'singularities': [], 'is_periodic': False, 'domain': 'Reals'}}",manual_rich
MCM_032_17a1b504,"{'a': 0, 'b': 3, 'c': 2}","{'points': [{'x': -3.0, 'y': 0.3509}, {'x': -2.75, 'y': 0.3846}, {'x': -2.5, 'y': 0.4254}, {'x': -2.25, 'y': 0.4755}, {'x': -2.0, 'y': 0.538}, {'x': -1.75, 'y': 0.6167}, {'x': -1.5, 'y': 0.7156}, {'x': -1.25, 'y': 0.839}, {'x': -1.0, 'y': 0.9914}, {'x': -0.75, 'y': 1.1853}, {'x': -0.5, 'y': 1.4871}, {'x': -0.25, 'y': 2.7633}, {'x': 0.0, 'y': 0.0}, {'x': 0.25, 'y': 0.6908}, {'x': 0.5, 'y': 0.8008}, {'x': 0.75, 'y': 0.7902}, {'x': 1.0, 'y': 0.7328}, {'x': 1.25, 'y': 0.6592}, {'x': 1.5, 'y': 0.5855}, {'x': 1.75, 'y': 0.5193}, {'x': 2.0, 'y': 0.4629}, {'x': 2.25, 'y': 0.4161}, {'x': 2.5, 'y': 0.3772}, {'x': 2.75, 'y': 0.3448}, {'x': 3.0, 'y': 0.3175}]}","{'formula': 'erf(x)/(x + 0.15)', 'latex': '\\frac{\\operatorname{erf}{\\left(x \\right)}}{x + 0.15}', 'properties': {'singularities': [], 'is_periodic': False, 'domain': 'Reals'}}",manual_rich
MCM_033_667d9aa6,"{'a': 0, 'b': 3, 'c': 3}","{'points': [{'x': -3.0, 'y': 242.9946}, {'x': -2.75, 'y': 157.2605}, {'x': -2.5, 'y': 97.6165}, {'x': -2.25, 'y': 57.5807}, {'x': -2.0, 'y': 31.8503}, {'x': -1.75, 'y': 16.1943}, {'x': -1.5, 'y': 7.3364}, {'x': -1.25, 'y': 2.8165}, {'x': -1.0, 'y': 0.8427}, {'x': -0.75, 'y': 0.1688}, {'x': -0.5, 'y': 0.0163}, {'x': -0.25, 'y': 0.0003}, {'x': 0.0, 'y': 0.0}, {'x': 0.25, 'y': 0.0003}, {'x': 0.5, 'y': 0.0163}, {'x': 0.75, 'y': 0.1688}, {'x': 1.0, 'y': 0.8427}, {'x': 1.25, 'y': 2.8165}, {'x': 1.5, 'y': 7.3364}, {'x': 1.75, 'y': 16.1943}, {'x': 2.0, 'y': 31.8503}, {'x': 2.25, 'y': 57.5807}, {'x': 2.5, 'y': 97.6165}, {'x': 2.75, 'y': 157.2605}, {'x': 3.0, 'y': 242.9946}]}","{'formula': 'x**5*erf(x)', 'latex': 'x^{5} \\operatorname{erf}{\\left(x \\right)}', 'properties': {'singularities': [], 'is_periodic': False, 'domain': 'Reals'}}",manual
MCM_033_a46d73b1,"{'a': 0, 'b': 3, 'c': 3}","{'points': [{'x': -3.0, 'y': 40.1711}, {'x': -2.75, 'y': 27.9645}, {'x': -2.5, 'y': 19.5938}, {'x': -2.25, 'y': 13.823}, {'x': -2.0, 'y': 9.8226}, {'x': -1.75, 'y': 7.0336}, {'x': -1.5, 'y': 5.0778}, {'x': -1.25, 'y': 3.6979}, {'x': -1.0, 'y': 2.7183}, {'x': -0.75, 'y': 2.0184}, {'x': -0.5, 'y': 1.5153}, {'x': -0.25, 'y': 1.1512}, {'x': 0.0, 'y': 0.8862}, {'x': 0.25, 'y': 1.1512}, {'x': 0.5, 'y': 1.5153}, {'x': 0.75, 'y': 2.0184}, {'x': 1.0, 'y': 2.7183}, {'x': 1.25, 'y': 3.6979}, {'x': 1.5, 'y': 5.0778}, {'x': 1.75, 'y': 7.0336}, {'x': 2.0, 'y': 9.8226}, {'x': 2.25, 'y': 13.823}, {'x': 2.5, 'y': 19.5938}, {'x': 2.75, 'y': 27.9645}, {'x': 3.0, 'y': 40.1711}]}","{'formula': 'exp(Abs(x))*gamma(0.5*Abs(x) + 1.5)', 'latex': 'e^{\\left|{x}\\right|} \\Gamma\\left(0.5 \\left|{x}\\right| + 1.5\\right)', 'properties': {'singularities': [], 'is_periodic': False, 'domain': 'Reals'}}",manual
MCM_033_4f02c925,"{'a': 0, 'b': 3, 'c': 3}","{'points': [{'x': -3.0, 'y': -242.139}, {'x': -2.75, 'y': -156.3712}, {'x': -2.5, 'y': -96.721}, {'x': -2.25, 'y': -56.7078}, {'x': -2.0, 'y': -31.0264}, {'x': -1.75, 'y': -15.4276}, {'x': -1.5, 'y': -6.6001}, {'x': -1.25, 'y': -2.0533}, {'x': -1.0, 'y': 0.0}, {'x': -0.75, 'y': 0.7611}, {'x': -0.5, 'y': 0.9624}, {'x': -0.25, 'y': 0.9845}, {'x': 0.0, 'y': 0.9736}, {'x': 0.25, 'y': 0.9582}, {'x': 0.5, 'y': 0.9665}, {'x': 0.75, 'y': 1.1424}, {'x': 1.0, 'y': 1.861}, {'x': 1.25, 'y': 3.8312}, {'x': 1.5, 'y': 8.3325}, {'x': 1.75, 'y': 17.2478}, {'x': 2.0, 'y': 32.874}, {'x': 2.25, 'y': 58.5608}, {'x': 2.5, 'y': 98.5641}, {'x': 2.75, 'y': 158.1891}, {'x': 3.0, 'y': 243.9118}]}","{'formula': 'x**5 + Abs(besselj(0, Abs(x + 1)))**0.1', 'latex': 'x^{5} + \\left|{J_{0}\\left(\\left|{x + 1}\\right|\\right)}\\right|^{0.1}', 'properties': {'singularities': [], 'is_periodic': False, 'domain': 'Reals'}}",manual
MCM_033_ea88467b,"{'a': 0, 'b': 3, 'c': 3}","{'points': [{'x': -3.0, 'y': -2.0945}, {'x': -2.75, 'y': -1.6579}, {'x': -2.5, 'y': -1.3454}, {'x': -2.25, 'y': -1.1222}, {'x': -2.0, 'y': -0.9649}, {'x': -1.75, 'y': -0.8583}, {'x': -1.5, 'y': -0.7933}, {'x': -1.25, 'y': -0.7655}, {'x': -1.0, 'y': -0.7746}, {'x': -0.75, 'y': -0.8215}, {'x': -0.5, 'y': -0.8845}, {'x': -0.25, 'y': -0.7087}, {'x': 0.0, 'y': 0.9123}, {'x': 0.25, 'y': 0.8136}, {'x': 0.5, 'y': -0.1703}, {'x': 0.75, 'y': 0.9168}, {'x': 1.0, 'y': 0.9931}, {'x': 1.25, 'y': 0.9802}, {'x': 1.5, 'y': 0.9944}, {'x': 1.75, 'y': 1.052}, {'x': 2.0, 'y': 1.1591}, {'x': 2.25, 'y': 1.3251}, {'x': 2.5, 'y': 1.5657}, {'x': 2.75, 'y': 1.9055}, {'x': 3.0, 'y': 2.3817}]}","{'formula': 'sin(1/(x - 0.2))*gamma(Abs(x) + 1.1)', 'latex': '\\sin{\\left(\\frac{1}{x - 0.2} \\right)} \\Gamma\\left(\\left|{x}\\right| + 1.1\\right)', 'properties': {'singularities': [], 'is_periodic': False, 'domain': 'Reals'}}",manual_rich
MCM_033_1b016f01,"{'a': 0, 'b': 3, 'c': 3}","{'points': [{'x': -3.0, 'y': 0.0894}, {'x': -2.75, 'y': 0.0616}, {'x': -2.5, 'y': 0.02}, {'x': -2.25, 'y': -0.0379}, {'x': -2.0, 'y': -0.1152}, {'x': -1.75, 'y': -0.2159}, {'x': -1.5, 'y': -0.3454}, {'x': -1.25, 'y': -0.5096}, {'x': -1.0, 'y': -0.7065}, {'x': -0.75, 'y': -0.8603}, {'x': -0.5, 'y': -0.2634}, {'x': -0.25, 'y': 0.5356}, {'x': 0.0, 'y': 0.3742}, {'x': 0.25, 'y': 0.5892}, {'x': 0.5, 'y': 0.938}, {'x': 0.75, 'y': 0.7745}, {'x': 1.0, 'y': 0.5846}, {'x': 1.25, 'y': 0.4231}, {'x': 1.5, 'y': 0.2916}, {'x': 1.75, 'y': 0.1854}, {'x': 2.0, 'y': 0.1004}, {'x': 2.25, 'y': 0.0335}, {'x': 2.5, 'y': -0.0178}, {'x': 2.75, 'y': -0.0555}, {'x': 3.0, 'y': -0.0812}]}","{'formula': 'sin(1/(x + 0.15))*besselj(0, Abs(x))', 'latex': '\\sin{\\left(\\frac{1}{x + 0.15} \\right)} J_{0}\\left(\\left|{x}\\right|\\right)', 'properties': {'singularities': [], 'is_periodic': False, 'domain': 'Reals'}}",manual_rich
MCM_033_e3f9023e,"{'a': 0, 'b': 3, 'c': 3}","{'points': [{'x': -3.0, 'y': 0.362}, {'x': -2.75, 'y': 0.3969}, {'x': -2.5, 'y': 0.4389}, {'x': -2.25, 'y': 0.4899}, {'x': -2.0, 'y': 0.5523}, {'x': -1.75, 'y': 0.6278}, {'x': -1.5, 'y': 0.7151}, {'x': -1.25, 'y': 0.8018}, {'x': -1.0, 'y': 0.8342}, {'x': -0.75, 'y': 0.5655}, {'x': -0.5, 'y': -0.4991}, {'x': -0.25, 'y': -0.2523}, {'x': 0.0, 'y': 0.0}, {'x': 0.25, 'y': 0.2679}, {'x': 0.5, 'y': 0.4939}, {'x': 0.75, 'y': 0.5794}, {'x': 1.0, 'y': 0.5862}, {'x': 1.25, 'y': 0.555}, {'x': 1.5, 'y': 0.5095}, {'x': 1.75, 'y': 0.4624}, {'x': 2.0, 'y': 0.4192}, {'x': 2.25, 'y': 0.3816}, {'x': 2.5, 'y': 0.3495}, {'x': 2.75, 'y': 0.322}, {'x': 3.0, 'y': 0.2984}]}","{'formula': 'sin(1/(x + 0.3))*erf(x)', 'latex': '\\sin{\\left(\\frac{1}{x + 0.3} \\right)} \\operatorname{erf}{\\left(x \\right)}', 'properties': {'singularities': [], 'is_periodic': False, 'domain': 'Reals'}}",manual_rich
MCM_100_31df2915,"{'a': 1, 'b': 0, 'c': 0}","{'points': [{'x': -3.0, 'y': 9.0}, {'x': -2.75, 'y': 7.5625}, {'x': -2.5, 'y': 6.25}, {'x': -2.25, 'y': 5.0625}, {'x': -2.0, 'y': 4.0}, {'x': -1.75, 'y': 3.0625}, {'x': -1.5, 'y': 2.25}, {'x': -1.25, 'y': 1.5625}, {'x': -1.0, 'y': 1.0}, {'x': -0.75, 'y': 0.5625}, {'x': -0.5, 'y': 0.25}, {'x': -0.25, 'y': 0.0625}, {'x': 0.0, 'y': 0.0}, {'x': 0.25, 'y': 0.0625}, {'x': 0.5, 'y': 0.25}, {'x': 0.75, 'y': 0.5625}, {'x': 1.0, 'y': 1.0}, {'x': 1.25, 'y': 1.5625}, {'x': 1.5, 'y': 2.25}, {'x': 1.75, 'y': 3.0625}, {'x': 2.0, 'y': 4.0}, {'x': 2.25, 'y': 5.0625}, {'x': 2.5, 'y': 6.25}, {'x': 2.75, 'y': 7.5625}, {'x': 3.0, 'y': 9.0}]}","{'formula': 'x**2', 'latex': 'x^{2}', 'properties': {'singularities': [], 'is_periodic': False, 'domain': 'Reals'}}",manual
MCM_100_1abbb470,"{'a': 1, 'b': 0, 'c': 0}","{'points': [{'x': -3.0, 'y': -8.0}, {'x': -2.75, 'y': -6.5625}, {'x': -2.5, 'y': -5.25}, {'x': -2.25, 'y': -4.0625}, {'x': -2.0, 'y': -3.0}, {'x': -1.75, 'y': -2.0625}, {'x': -1.5, 'y': -1.25}, {'x': -1.25, 'y': -0.5625}, {'x': -1.0, 'y': 0.0}, {'x': -0.75, 'y': 0.4375}, {'x': -0.5, 'y': 0.75}, {'x': -0.25, 'y': 0.9375}, {'x': 0.0, 'y': 1.0}, {'x': 0.25, 'y': 0.9375}, {'x': 0.5, 'y': 0.75}, {'x': 0.75, 'y': 0.4375}, {'x': 1.0, 'y': 0.0}, {'x': 1.25, 'y': -0.5625}, {'x': 1.5, 'y': -1.25}, {'x': 1.75, 'y': -2.0625}, {'x': 2.0, 'y': -3.0}, {'x': 2.25, 'y': -4.0625}, {'x': 2.5, 'y': -5.25}, {'x': 2.75, 'y': -6.5625}, {'x': 3.0, 'y': -8.0}]}","{'formula': '1 - x**2', 'latex': '1 - x^{2}', 'properties': {'singularities': [], 'is_periodic': False, 'domain': 'Reals'}}",manual
MCM_100_0bbf26b3,"{'a': 1, 'b': 0, 'c': 0}","{'points': [{'x': -3.0, 'y': 3.0}, {'x': -2.75, 'y': 2.0625}, {'x': -2.5, 'y': 1.25}, {'x': -2.25, 'y': 0.5625}, {'x': -2.0, 'y': 0.0}, {'x': -1.75, 'y': -0.4375}, {'x': -1.5, 'y': -0.75}, {'x': -1.25, 'y': -0.9375}, {'x': -1.0, 'y': -1.0}, {'x': -0.75, 'y': -0.9375}, {'x': -0.5, 'y': -0.75}, {'x': -0.25, 'y': -0.4375}, {'x': 0.0, 'y': 0.0}, {'x': 0.25, 'y': 0.5625}, {'x': 0.5, 'y': 1.25}, {'x': 0.75, 'y': 2.0625}, {'x': 1.0, 'y': 3.0}, {'x': 1.25, 'y': 4.0625}, {'x': 1.5, 'y': 5.25}, {'x': 1.75, 'y': 6.5625}, {'x': 2.0, 'y': 8.0}, {'x': 2.25, 'y': 9.5625}, {'x': 2.5, 'y': 11.25}, {'x': 2.75, 'y': 13.0625}, {'x': 3.0, 'y': 15.0}]}","{'formula': 'x*(1.0*x + 2)', 'latex': 'x \\left(1.0 x + 2\\right)', 'properties': {'singularities': [], 'is_periodic': False, 'domain': 'Reals'}}",manual
MCM_100_ba55fa24,"{'a': 1, 'b': 0, 'c': 0}","{'points': [{'x': -3.0, 'y': 12.0}, {'x': -2.75, 'y': 10.3125}, {'x': -2.5, 'y': 8.75}, {'x': -2.25, 'y': 7.3125}, {'x': -2.0, 'y': 6.0}, {'x': -1.75, 'y': 4.8125}, {'x': -1.5, 'y': 3.75}, {'x': -1.25, 'y': 2.8125}, {'x': -1.0, 'y': 2.0}, {'x': -0.75, 'y': 1.3125}, {'x': -0.5, 'y': 0.75}, {'x': -0.25, 'y': 0.3125}, {'x': 0.0, 'y': 0.0}, {'x': 0.25, 'y': -0.1875}, {'x': 0.5, 'y': -0.25}, {'x': 0.75, 'y': -0.1875}, {'x': 1.0, 'y': 0.0}, {'x': 1.25, 'y': 0.3125}, {'x': 1.5, 'y': 0.75}, {'x': 1.75, 'y': 1.3125}, {'x': 2.0, 'y': 2.0}, {'x': 2.25, 'y': 2.8125}, {'x': 2.5, 'y': 3.75}, {'x': 2.75, 'y': 4.8125}, {'x': 3.0, 'y': 6.0}]}","{'formula': 'x**2 - x', 'latex': 'x^{2} - x', 'properties': {'singularities': [], 'is_periodic': False, 'domain': 'Reals'}}",manual_rich
MCM_100_36214fde,"{'a': 1, 'b': 0, 'c': 0}","{'points': [{'x': -3.0, 'y': 19.0}, {'x': -2.75, 'y': 16.125}, {'x': -2.5, 'y': 13.5}, {'x': -2.25, 'y': 11.125}, {'x': -2.0, 'y': 9.0}, {'x': -1.75, 'y': 7.125}, {'x': -1.5, 'y': 5.5}, {'x': -1.25, 'y': 4.125}, {'x': -1.0, 'y': 3.0}, {'x': -0.75, 'y': 2.125}, {'x': -0.5, 'y': 1.5}, {'x': -0.25, 'y': 1.125}, {'x': 0.0, 'y': 1.0}, {'x': 0.25, 'y': 1.125}, {'x': 0.5, 'y': 1.5}, {'x': 0.75, 'y': 2.125}, {'x': 1.0, 'y': 3.0}, {'x': 1.25, 'y': 4.125}, {'x': 1.5, 'y': 5.5}, {'x': 1.75, 'y': 7.125}, {'x': 2.0, 'y': 9.0}, {'x': 2.25, 'y': 11.125}, {'x': 2.5, 'y': 13.5}, {'x': 2.75, 'y': 16.125}, {'x': 3.0, 'y': 19.0}]}","{'formula': '2*x**2 + 1', 'latex': '2 x^{2} + 1', 'properties': {'singularities': [], 'is_periodic': False, 'domain': 'Reals'}}",manual_rich
MCM_100_8567e976,"{'a': 1, 'b': 0, 'c': 0}","{'points': [{'x': -3.0, 'y': 4.5}, {'x': -2.75, 'y': 3.7812}, {'x': -2.5, 'y': 3.125}, {'x': -2.25, 'y': 2.5312}, {'x': -2.0, 'y': 2.0}, {'x': -1.75, 'y': 1.5312}, {'x': -1.5, 'y': 1.125}, {'x': -1.25, 'y': 0.7812}, {'x': -1.0, 'y': 0.5}, {'x': -0.75, 'y': 0.2812}, {'x': -0.5, 'y': 0.125}, {'x': -0.25, 'y': 0.0312}, {'x': 0.0, 'y': 0.0}, {'x': 0.25, 'y': 0.0312}, {'x': 0.5, 'y': 0.125}, {'x': 0.75, 'y': 0.2812}, {'x': 1.0, 'y': 0.5}, {'x': 1.25, 'y': 0.7812}, {'x': 1.5, 'y': 1.125}, {'x': 1.75, 'y': 1.5312}, {'x': 2.0, 'y': 2.0}, {'x': 2.25, 'y': 2.5312}, {'x': 2.5, 'y': 3.125}, {'x': 2.75, 'y': 3.7812}, {'x': 3.0, 'y': 4.5}]}","{'formula': '0.5*x**2', 'latex': '0.5 x^{2}', 'properties': {'singularities': [], 'is_periodic': False, 'domain': 'Reals'}}",manual_rich
MCM_101_ef175d22,"{'a': 1, 'b': 0, 'c': 1}","{'points': [{'x': -3.0, 'y': 0.4121}, {'x': -2.75, 'y': 0.9578}, {'x': -2.5, 'y': -0.0332}, {'x': -2.25, 'y': -0.9393}, {'x': -2.0, 'y': -0.7568}, {'x': -1.75, 'y': 0.079}, {'x': -1.5, 'y': 0.7781}, {'x': -1.25, 'y': 1.0}, {'x': -1.0, 'y': 0.8415}, {'x': -0.75, 'y': 0.5333}, {'x': -0.5, 'y': 0.2474}, {'x': -0.25, 'y': 0.0625}, {'x': 0.0, 'y': 0.0}, {'x': 0.25, 'y': 0.0625}, {'x': 0.5, 'y': 0.2474}, {'x': 0.75, 'y': 0.5333}, {'x': 1.0, 'y': 0.8415}, {'x': 1.25, 'y': 1.0}, {'x': 1.5, 'y': 0.7781}, {'x': 1.75, 'y': 0.079}, {'x': 2.0, 'y': -0.7568}, {'x': 2.25, 'y': -0.9393}, {'x': 2.5, 'y': -0.0332}, {'x': 2.75, 'y': 0.9578}, {'x': 3.0, 'y': 0.4121}]}","{'formula': 'sin(x**2)', 'latex': '\\sin{\\left(x^{2} \\right)}', 'properties': {'singularities': [], 'is_periodic': False, 'domain': 'Reals'}}",manual
MCM_101_a9080859,"{'a': 1, 'b': 0, 'c': 1}","{'points': [{'x': -3.0, 'y': -0.1455}, {'x': -2.75, 'y': 0.9612}, {'x': -2.5, 'y': 0.5121}, {'x': -2.25, 'y': -0.6051}, {'x': -2.0, 'y': -0.99}, {'x': -1.75, 'y': -0.4721}, {'x': -1.5, 'y': 0.3153}, {'x': -1.25, 'y': 0.8459}, {'x': -1.0, 'y': 1.0}, {'x': -0.75, 'y': 0.9058}, {'x': -0.5, 'y': 0.7317}, {'x': -0.25, 'y': 0.5918}, {'x': 0.0, 'y': 0.5403}, {'x': 0.25, 'y': 0.5918}, {'x': 0.5, 'y': 0.7317}, {'x': 0.75, 'y': 0.9058}, {'x': 1.0, 'y': 1.0}, {'x': 1.25, 'y': 0.8459}, {'x': 1.5, 'y': 0.3153}, {'x': 1.75, 'y': -0.4721}, {'x': 2.0, 'y': -0.99}, {'x': 2.25, 'y': -0.6051}, {'x': 2.5, 'y': 0.5121}, {'x': 2.75, 'y': 0.9612}, {'x': 3.0, 'y': -0.1455}]}","{'formula': 'cos(x**2 - 1)', 'latex': '\\cos{\\left(x^{2} - 1 \\right)}', 'properties': {'singularities': [], 'is_periodic': False, 'domain': 'Reals'}}",manual
MCM_101_d8bf1c75,"{'a': 1, 'b': 0, 'c': 1}","{'points': [{'x': -3.0, 'y': 0.9738}, {'x': -2.75, 'y': 0.9983}, {'x': -2.5, 'y': 0.949}, {'x': -2.25, 'y': 0.8482}, {'x': -2.0, 'y': 0.7174}, {'x': -1.75, 'y': 0.5749}, {'x': -1.5, 'y': 0.435}, {'x': -1.25, 'y': 0.3074}, {'x': -1.0, 'y': 0.1987}, {'x': -0.75, 'y': 0.1123}, {'x': -0.5, 'y': 0.05}, {'x': -0.25, 'y': 0.0125}, {'x': 0.0, 'y': 0.0}, {'x': 0.25, 'y': 0.0125}, {'x': 0.5, 'y': 0.05}, {'x': 0.75, 'y': 0.1123}, {'x': 1.0, 'y': 0.1987}, {'x': 1.25, 'y': 0.3074}, {'x': 1.5, 'y': 0.435}, {'x': 1.75, 'y': 0.5749}, {'x': 2.0, 'y': 0.7174}, {'x': 2.25, 'y': 0.8482}, {'x': 2.5, 'y': 0.949}, {'x': 2.75, 'y': 0.9983}, {'x': 3.0, 'y': 0.9738}]}","{'formula': 'sin(0.2*x**2)', 'latex': '\\sin{\\left(0.2 x^{2} \\right)}', 'properties': {'singularities': [], 'is_periodic': False, 'domain': 'Reals'}}",manual
MCM_101_3183a6a0,"{'a': 1, 'b': 0, 'c': 1}","{'points': [{'x': -3.0, 'y': -0.9111}, {'x': -2.75, 'y': 0.2874}, {'x': -2.5, 'y': 0.9994}, {'x': -2.25, 'y': 0.343}, {'x': -2.0, 'y': -0.6536}, {'x': -1.75, 'y': -0.9969}, {'x': -1.5, 'y': -0.6282}, {'x': -1.25, 'y': 0.0083}, {'x': -1.0, 'y': 0.5403}, {'x': -0.75, 'y': 0.8459}, {'x': -0.5, 'y': 0.9689}, {'x': -0.25, 'y': 0.998}, {'x': 0.0, 'y': 1.0}, {'x': 0.25, 'y': 0.998}, {'x': 0.5, 'y': 0.9689}, {'x': 0.75, 'y': 0.8459}, {'x': 1.0, 'y': 0.5403}, {'x': 1.25, 'y': 0.0083}, {'x': 1.5, 'y': -0.6282}, {'x': 1.75, 'y': -0.9969}, {'x': 2.0, 'y': -0.6536}, {'x': 2.25, 'y': 0.343}, {'x': 2.5, 'y': 0.9994}, {'x': 2.75, 'y': 0.2874}, {'x': 3.0, 'y': -0.9111}]}","{'formula': 'cos(x**2)', 'latex': '\\cos{\\left(x^{2} \\right)}', 'properties': {'singularities': [], 'is_periodic': False, 'domain': 'Reals'}}",manual_rich
MCM_101_2027000f,"{'a': 1, 'b': 0, 'c': 1}","{'points': [{'x': -3.0, 'y': -0.5366}, {'x': -2.75, 'y': -0.7756}, {'x': -2.5, 'y': 0.6247}, {'x': -2.25, 'y': 0.8569}, {'x': -2.0, 'y': -0.2794}, {'x': -1.75, 'y': -0.995}, {'x': -1.5, 'y': -0.5716}, {'x': -1.25, 'y': 0.3232}, {'x': -1.0, 'y': 0.9093}, {'x': -0.75, 'y': 0.9668}, {'x': -0.5, 'y': 0.6816}, {'x': -0.25, 'y': 0.3074}, {'x': 0.0, 'y': 0.0}, {'x': 0.25, 'y': -0.1864}, {'x': 0.5, 'y': -0.2474}, {'x': 0.75, 'y': -0.1864}, {'x': 1.0, 'y': 0.0}, {'x': 1.25, 'y': 0.3074}, {'x': 1.5, 'y': 0.6816}, {'x': 1.75, 'y': 0.9668}, {'x': 2.0, 'y': 0.9093}, {'x': 2.25, 'y': 0.3232}, {'x': 2.5, 'y': -0.5716}, {'x': 2.75, 'y': -0.995}, {'x': 3.0, 'y': -0.2794}]}","{'formula': 'sin(x**2 - x)', 'latex': '\\sin{\\left(x^{2} - x \\right)}', 'properties': {'singularities': [], 'is_periodic': False, 'domain': 'Reals'}}",manual_rich
MCM_101_a38ec5d7,"{'a': 1, 'b': 0, 'c': 1}","{'points': [{'x': -3.0, 'y': 0.8439}, {'x': -2.75, 'y': -0.6312}, {'x': -2.5, 'y': -0.7808}, {'x': -2.25, 'y': 0.5154}, {'x': -2.0, 'y': 0.9602}, {'x': -1.75, 'y': 0.0999}, {'x': -1.5, 'y': -0.8206}, {'x': -1.25, 'y': -0.9463}, {'x': -1.0, 'y': -0.4161}, {'x': -0.75, 'y': 0.2554}, {'x': -0.5, 'y': 0.7317}, {'x': -0.25, 'y': 0.9516}, {'x': 0.0, 'y': 1.0}, {'x': 0.25, 'y': 0.9825}, {'x': 0.5, 'y': 0.9689}, {'x': 0.75, 'y': 0.9825}, {'x': 1.0, 'y': 1.0}, {'x': 1.25, 'y': 0.9516}, {'x': 1.5, 'y': 0.7317}, {'x': 1.75, 'y': 0.2554}, {'x': 2.0, 'y': -0.4161}, {'x': 2.25, 'y': -0.9463}, {'x': 2.5, 'y': -0.8206}, {'x': 2.75, 'y': 0.0999}, {'x': 3.0, 'y': 0.9602}]}","{'formula': 'cos(x**2 - x)', 'latex': '\\cos{\\left(x^{2} - x \\right)}', 'properties': {'singularities': [], 'is_periodic': False, 'domain': 'Reals'}}",manual_rich
MCM_101_9c0568b1,"{'a': 1, 'b': 0, 'c': 1}","{'points': [{'x': -3.0, 'y': 0.1499}, {'x': -2.75, 'y': -0.4051}, {'x': -2.5, 'y': 0.8038}, {'x': -2.25, 'y': -0.9916}, {'x': -2.0, 'y': 0.4121}, {'x': -1.75, 'y': 0.7459}, {'x': -1.5, 'y': -0.7055}, {'x': -1.25, 'y': -0.8324}, {'x': -1.0, 'y': 0.1411}, {'x': -0.75, 'y': 0.8503}, {'x': -0.5, 'y': 0.9975}, {'x': -0.25, 'y': 0.9023}, {'x': 0.0, 'y': 0.8415}, {'x': 0.25, 'y': 0.9023}, {'x': 0.5, 'y': 0.9975}, {'x': 0.75, 'y': 0.8503}, {'x': 1.0, 'y': 0.1411}, {'x': 1.25, 'y': -0.8324}, {'x': 1.5, 'y': -0.7055}, {'x': 1.75, 'y': 0.7459}, {'x': 2.0, 'y': 0.4121}, {'x': 2.25, 'y': -0.9916}, {'x': 2.5, 'y': 0.8038}, {'x': 2.75, 'y': -0.4051}, {'x': 3.0, 'y': 0.1499}]}","{'formula': 'sin(2*x**2 + 1)', 'latex': '\\sin{\\left(2 x^{2} + 1 \\right)}', 'properties': {'singularities': [], 'is_periodic': False, 'domain': 'Reals'}}",manual_rich
MCM_101_eaef3035,"{'a': 1, 'b': 0, 'c': 1}","{'points': [{'x': -3.0, 'y': 0.9887}, {'x': -2.75, 'y': -0.9143}, {'x': -2.5, 'y': 0.5949}, {'x': -2.25, 'y': 0.1291}, {'x': -2.0, 'y': -0.9111}, {'x': -1.75, 'y': 0.6661}, {'x': -1.5, 'y': 0.7087}, {'x': -1.25, 'y': -0.5542}, {'x': -1.0, 'y': -0.99}, {'x': -0.75, 'y': -0.5263}, {'x': -0.5, 'y': 0.0707}, {'x': -0.25, 'y': 0.4312}, {'x': 0.0, 'y': 0.5403}, {'x': 0.25, 'y': 0.4312}, {'x': 0.5, 'y': 0.0707}, {'x': 0.75, 'y': -0.5263}, {'x': 1.0, 'y': -0.99}, {'x': 1.25, 'y': -0.5542}, {'x': 1.5, 'y': 0.7087}, {'x': 1.75, 'y': 0.6661}, {'x': 2.0, 'y': -0.9111}, {'x': 2.25, 'y': 0.1291}, {'x': 2.5, 'y': 0.5949}, {'x': 2.75, 'y': -0.9143}, {'x': 3.0, 'y': 0.9887}]}","{'formula': 'cos(2*x**2 + 1)', 'latex': '\\cos{\\left(2 x^{2} + 1 \\right)}', 'properties': {'singularities': [], 'is_periodic': False, 'domain': 'Reals'}}",manual_rich
MCM_101_47a22177,"{'a': 1, 'b': 0, 'c': 1}","{'points': [{'x': -3.0, 'y': -0.9775}, {'x': -2.75, 'y': -0.5969}, {'x': -2.5, 'y': 0.0166}, {'x': -2.25, 'y': 0.5731}, {'x': -2.0, 'y': 0.9093}, {'x': -1.75, 'y': 0.9992}, {'x': -1.5, 'y': 0.9023}, {'x': -1.25, 'y': 0.7042}, {'x': -1.0, 'y': 0.4794}, {'x': -0.75, 'y': 0.2776}, {'x': -0.5, 'y': 0.1247}, {'x': -0.25, 'y': 0.0312}, {'x': 0.0, 'y': 0.0}, {'x': 0.25, 'y': 0.0312}, {'x': 0.5, 'y': 0.1247}, {'x': 0.75, 'y': 0.2776}, {'x': 1.0, 'y': 0.4794}, {'x': 1.25, 'y': 0.7042}, {'x': 1.5, 'y': 0.9023}, {'x': 1.75, 'y': 0.9992}, {'x': 2.0, 'y': 0.9093}, {'x': 2.25, 'y': 0.5731}, {'x': 2.5, 'y': 0.0166}, {'x': 2.75, 'y': -0.5969}, {'x': 3.0, 'y': -0.9775}]}","{'formula': 'sin(0.5*x**2)', 'latex': '\\sin{\\left(0.5 x^{2} \\right)}', 'properties': {'singularities': [], 'is_periodic': False, 'domain': 'Reals'}}",manual_rich
MCM_101_a48c1a95,"{'a': 1, 'b': 0, 'c': 1}","{'points': [{'x': -3.0, 'y': -0.2108}, {'x': -2.75, 'y': -0.8023}, {'x': -2.5, 'y': -0.9999}, {'x': -2.25, 'y': -0.8195}, {'x': -2.0, 'y': -0.4161}, {'x': -1.75, 'y': 0.0395}, {'x': -1.5, 'y': 0.4312}, {'x': -1.25, 'y': 0.71}, {'x': -1.0, 'y': 0.8776}, {'x': -0.75, 'y': 0.9607}, {'x': -0.5, 'y': 0.9922}, {'x': -0.25, 'y': 0.9995}, {'x': 0.0, 'y': 1.0}, {'x': 0.25, 'y': 0.9995}, {'x': 0.5, 'y': 0.9922}, {'x': 0.75, 'y': 0.9607}, {'x': 1.0, 'y': 0.8776}, {'x': 1.25, 'y': 0.71}, {'x': 1.5, 'y': 0.4312}, {'x': 1.75, 'y': 0.0395}, {'x': 2.0, 'y': -0.4161}, {'x': 2.25, 'y': -0.8195}, {'x': 2.5, 'y': -0.9999}, {'x': 2.75, 'y': -0.8023}, {'x': 3.0, 'y': -0.2108}]}","{'formula': 'cos(0.5*x**2)', 'latex': '\\cos{\\left(0.5 x^{2} \\right)}', 'properties': {'singularities': [], 'is_periodic': False, 'domain': 'Reals'}}",manual_rich
MCM_102_9e6d94e4,"{'a': 1, 'b': 0, 'c': 2}","{'points': [{'x': -3.0, 'y': -2.9032}, {'x': -2.75, 'y': -2.6535}, {'x': -2.5, 'y': -2.4038}, {'x': -2.25, 'y': -2.1543}, {'x': -2.0, 'y': -1.9048}, {'x': -1.75, 'y': -1.6554}, {'x': -1.5, 'y': -1.4062}, {'x': -1.25, 'y': -1.1574}, {'x': -1.0, 'y': -0.9091}, {'x': -0.75, 'y': -0.6618}, {'x': -0.5, 'y': -0.4167}, {'x': -0.25, 'y': -0.1786}, {'x': 0.0, 'y': 0.0}, {'x': 0.25, 'y': 0.4167}, {'x': 0.5, 'y': 0.625}, {'x': 0.75, 'y': 0.8654}, {'x': 1.0, 'y': 1.1111}, {'x': 1.25, 'y': 1.3587}, {'x': 1.5, 'y': 1.6071}, {'x': 1.75, 'y': 1.8561}, {'x': 2.0, 'y': 2.1053}, {'x': 2.25, 'y': 2.3547}, {'x': 2.5, 'y': 2.6042}, {'x': 2.75, 'y': 2.8538}, {'x': 3.0, 'y': 3.1034}]}","{'formula': 'x**2/(x - 0.1)', 'latex': '\\frac{x^{2}}{x - 0.1}', 'properties': {'singularities': [], 'is_periodic': False, 'domain': 'Union(Interval.open(-oo, 0.100000000000000), Interval.open(0.100000000000000, oo))'}}",manual
MCM_102_09a2d381,"{'a': 1, 'b': 0, 'c': 2}","{'points': [{'x': -3.0, 'y': 2.8571}, {'x': -2.75, 'y': 2.5735}, {'x': -2.5, 'y': 2.2826}, {'x': -2.25, 'y': 1.9817}, {'x': -2.0, 'y': 1.6667}, {'x': -1.75, 'y': 1.3306}, {'x': -1.5, 'y': 0.9615}, {'x': -1.25, 'y': 0.5357}, {'x': -1.0, 'y': 0.0}, {'x': -0.75, 'y': -0.7955}, {'x': -0.5, 'y': -2.5}, {'x': -0.25, 'y': -18.75}, {'x': 0.0, 'y': 5.0}, {'x': 0.25, 'y': 2.0833}, {'x': 0.5, 'y': 1.0714}, {'x': 0.75, 'y': 0.4605}, {'x': 1.0, 'y': 0.0}, {'x': 1.25, 'y': -0.3879}, {'x': 1.5, 'y': -0.7353}, {'x': 1.75, 'y': -1.0577}, {'x': 2.0, 'y': -1.3636}, {'x': 2.25, 'y': -1.6582}, {'x': 2.5, 'y': -1.9444}, {'x': 2.75, 'y': -2.2246}, {'x': 3.0, 'y': -2.5}]}","{'formula': '(1 - x**2)/(x + 0.2)', 'latex': '\\frac{1 - x^{2}}{x + 0.2}', 'properties': {'singularities': [], 'is_periodic': False, 'domain': 'Union(Interval.open(-oo, -0.200000000000000), Interval.open(-0.200000000000000, oo))'}}",manual
MCM_102_f8227d3e,"{'a': 1, 'b': 0, 'c': 2}","{'points': [{'x': -3.0, 'y': -0.7317}, {'x': -2.75, 'y': -0.5357}, {'x': -2.5, 'y': -0.3472}, {'x': -2.25, 'y': -0.1679}, {'x': -2.0, 'y': 0.0}, {'x': -1.75, 'y': 0.1535}, {'x': -1.5, 'y': 0.2885}, {'x': -1.25, 'y': 0.3989}, {'x': -1.0, 'y': 0.4762}, {'x': -0.75, 'y': 0.5068}, {'x': -0.5, 'y': 0.4688}, {'x': -0.25, 'y': 0.3241}, {'x': 0.0, 'y': 0.0}, {'x': 0.25, 'y': -0.6618}, {'x': 0.5, 'y': -2.0833}, {'x': 0.75, 'y': -5.8929}, {'x': 1.0, 'y': -30.0}, {'x': 1.25, 'y': 27.0833}, {'x': 1.5, 'y': 13.125}, {'x': 1.75, 'y': 10.0962}, {'x': 2.0, 'y': 8.8889}, {'x': 2.25, 'y': 8.3152}, {'x': 2.5, 'y': 8.0357}, {'x': 2.75, 'y': 7.9167}, {'x': 3.0, 'y': 7.8947}]}","{'formula': 'x*(1.0*x + 2)/(x - 1.1)', 'latex': '\\frac{x \\left(1.0 x + 2\\right)}{x - 1.1}', 'properties': {'singularities': [], 'is_periodic': False, 'domain': 'Union(Interval.open(-oo, 1.10000000000000), Interval.open(1.10000000000000, oo))'}}",manual
MCM_102_e5bc0953,"{'a': 1, 'b': 0, 'c': 2}","{'points': [{'x': -3.0, 'y': -3.75}, {'x': -2.75, 'y': -3.4958}, {'x': -2.5, 'y': -3.2407}, {'x': -2.25, 'y': -2.9847}, {'x': -2.0, 'y': -2.7273}, {'x': -1.75, 'y': -2.4679}, {'x': -1.5, 'y': -2.2059}, {'x': -1.25, 'y': -1.9397}, {'x': -1.0, 'y': -1.6667}, {'x': -0.75, 'y': -1.3816}, {'x': -0.5, 'y': -1.0714}, {'x': -0.25, 'y': -0.6944}, {'x': 0.0, 'y': 0.0}, {'x': 0.25, 'y': -3.75}, {'x': 0.5, 'y': -0.8333}, {'x': 0.75, 'y': -0.3409}, {'x': 1.0, 'y': 0.0}, {'x': 1.25, 'y': 0.2976}, {'x': 1.5, 'y': 0.5769}, {'x': 1.75, 'y': 0.8468}, {'x': 2.0, 'y': 1.1111}, {'x': 2.25, 'y': 1.372}, {'x': 2.5, 'y': 1.6304}, {'x': 2.75, 'y': 1.8873}, {'x': 3.0, 'y': 2.1429}]}","{'formula': '(x**2 - x)/(x - 0.2)', 'latex': '\\frac{x^{2} - x}{x - 0.2}', 'properties': {'singularities': [], 'is_periodic': False, 'domain': 'Union(Interval.open(-oo, 0.200000000000000), Interval.open(0.200000000000000, oo))'}}",manual_rich
MCM_102_c5b2886a,"{'a': 1, 'b': 0, 'c': 2}","{'points': [{'x': -3.0, 'y': -6.6667}, {'x': -2.75, 'y': -6.2019}, {'x': -2.5, 'y': -5.7447}, {'x': -2.25, 'y': -5.2976}, {'x': -2.0, 'y': -4.8649}, {'x': -1.75, 'y': -4.4531}, {'x': -1.5, 'y': -4.0741}, {'x': -1.25, 'y': -3.75}, {'x': -1.0, 'y': -3.5294}, {'x': -0.75, 'y': -3.5417}, {'x': -0.5, 'y': -4.2857}, {'x': -0.25, 'y': -11.25}, {'x': 0.0, 'y': 6.6667}, {'x': 0.25, 'y': 2.8125}, {'x': 0.5, 'y': 2.3077}, {'x': 0.75, 'y': 2.3611}, {'x': 1.0, 'y': 2.6087}, {'x': 1.25, 'y': 2.9464}, {'x': 1.5, 'y': 3.3333}, {'x': 1.75, 'y': 3.75}, {'x': 2.0, 'y': 4.186}, {'x': 2.25, 'y': 4.6354}, {'x': 2.5, 'y': 5.0943}, {'x': 2.75, 'y': 5.5603}, {'x': 3.0, 'y': 6.0317}]}","{'formula': '(2*x**2 + 1)/(x + 0.15)', 'latex': '\\frac{2 x^{2} + 1}{x + 0.15}', 'properties': {'singularities': [], 'is_periodic': False, 'domain': 'Union(Interval.open(-oo, -0.150000000000000), Interval.open(-0.150000000000000, oo))'}}",manual_rich
MCM_102_58873e06,"{'a': 1, 'b': 0, 'c': 2}","{'points': [{'x': -3.0, 'y': -1.6667}, {'x': -2.75, 'y': -1.5434}, {'x': -2.5, 'y': -1.4205}, {'x': -2.25, 'y': -1.2981}, {'x': -2.0, 'y': -1.1765}, {'x': -1.75, 'y': -1.056}, {'x': -1.5, 'y': -0.9375}, {'x': -1.25, 'y': -0.8224}, {'x': -1.0, 'y': -0.7143}, {'x': -0.75, 'y': -0.625}, {'x': -0.5, 'y': -0.625}, {'x': -0.25, 'y': 0.625}, {'x': 0.0, 'y': 0.0}, {'x': 0.25, 'y': 0.0568}, {'x': 0.5, 'y': 0.1562}, {'x': 0.75, 'y': 0.2679}, {'x': 1.0, 'y': 0.3846}, {'x': 1.25, 'y': 0.504}, {'x': 1.5, 'y': 0.625}, {'x': 1.75, 'y': 0.747}, {'x': 2.0, 'y': 0.8696}, {'x': 2.25, 'y': 0.9926}, {'x': 2.5, 'y': 1.1161}, {'x': 2.75, 'y': 1.2398}, {'x': 3.0, 'y': 1.3636}]}","{'formula': '0.5*x**2/(x + 0.3)', 'latex': '\\frac{0.5 x^{2}}{x + 0.3}', 'properties': {'singularities': [], 'is_periodic': False, 'domain': 'Union(Interval.open(-oo, -0.300000000000000), Interval.open(-0.300000000000000, oo))'}}",manual_rich
MCM_103_31857b73,"{'a': 1, 'b': 0, 'c': 3}","{'points': [{'x': -3.0, 'y': -2187.0}, {'x': -2.75, 'y': -1189.4025}, {'x': -2.5, 'y': -610.3516}, {'x': -2.25, 'y': -291.9293}, {'x': -2.0, 'y': -128.0}, {'x': -1.75, 'y': -50.2651}, {'x': -1.5, 'y': -17.0859}, {'x': -1.25, 'y': -4.7684}, {'x': -1.0, 'y': -1.0}, {'x': -0.75, 'y': -0.1335}, {'x': -0.5, 'y': -0.0078}, {'x': -0.25, 'y': -0.0001}, {'x': 0.0, 'y': 0.0}, {'x': 0.25, 'y': 0.0001}, {'x': 0.5, 'y': 0.0078}, {'x': 0.75, 'y': 0.1335}, {'x': 1.0, 'y': 1.0}, {'x': 1.25, 'y': 4.7684}, {'x': 1.5, 'y': 17.0859}, {'x': 1.75, 'y': 50.2651}, {'x': 2.0, 'y': 128.0}, {'x': 2.25, 'y': 291.9293}, {'x': 2.5, 'y': 610.3516}, {'x': 2.75, 'y': 1189.4025}, {'x': 3.0, 'y': 2187.0}]}","{'formula': 'x**7', 'latex': 'x^{7}', 'properties': {'singularities': [], 'is_periodic': False, 'domain': 'Reals'}}",manual
MCM_103_87be65e9,"{'a': 1, 'b': 0, 'c': 3}","{'points': [{'x': -3.0, 'y': -160.6843}, {'x': -2.75, 'y': -102.6548}, {'x': -2.5, 'y': -63.9581}, {'x': -2.25, 'y': -38.5439}, {'x': -2.0, 'y': -22.1672}, {'x': -1.75, 'y': -11.8689}, {'x': -1.5, 'y': -5.6021}, {'x': -1.25, 'y': -1.9633}, {'x': -1.0, 'y': 0.0}, {'x': -0.75, 'y': 0.9262}, {'x': -0.5, 'y': 1.2365}, {'x': -0.25, 'y': 1.2038}, {'x': 0.0, 'y': 1.0}, {'x': 0.25, 'y': 1.2038}, {'x': 0.5, 'y': 1.2365}, {'x': 0.75, 'y': 0.9262}, {'x': 1.0, 'y': 0.0}, {'x': 1.25, 'y': -1.9633}, {'x': 1.5, 'y': -5.6021}, {'x': 1.75, 'y': -11.8689}, {'x': 2.0, 'y': -22.1672}, {'x': 2.25, 'y': -38.5439}, {'x': 2.5, 'y': -63.9581}, {'x': 2.75, 'y': -102.6548}, {'x': 3.0, 'y': -160.6843}]}","{'formula': '(1 - x**2)*exp(Abs(x))', 'latex': '\\left(1 - x^{2}\\right) e^{\\left|{x}\\right|}', 'properties': {'singularities': [], 'is_periodic': False, 'domain': 'Reals'}}",manual
MCM_103_d6ec4d2f,"{'a': 1, 'b': 0, 'c': 3}","{'points': [{'x': -3.0, 'y': -241.8839}, {'x': -2.75, 'y': -156.2013}, {'x': -2.5, 'y': -96.6337}, {'x': -2.25, 'y': -56.721}, {'x': -2.0, 'y': -32.0}, {'x': -1.75, 'y': -15.4924}, {'x': -1.5, 'y': -6.6221}, {'x': -1.25, 'y': -2.0582}, {'x': -1.0, 'y': 0.0}, {'x': -0.75, 'y': 0.7563}, {'x': -0.5, 'y': 0.9404}, {'x': -0.25, 'y': 0.9197}, {'x': 0.0, 'y': 0.0}, {'x': 0.25, 'y': 0.9451}, {'x': 0.5, 'y': 1.0538}, {'x': 0.75, 'y': 1.3124}, {'x': 1.0, 'y': 2.1161}, {'x': 1.25, 'y': 4.2022}, {'x': 1.5, 'y': 8.7741}, {'x': 1.75, 'y': 17.6201}, {'x': 2.0, 'y': 33.2311}, {'x': 2.25, 'y': 58.9183}, {'x': 2.5, 'y': 98.9301}, {'x': 2.75, 'y': 158.5694}, {'x': 3.0, 'y': 244.311}]}","{'formula': 'x**5 + Abs(x*(1.0*x + 2))**0.1', 'latex': 'x^{5} + \\left|{x \\left(1.0 x + 2\\right)}\\right|^{0.1}', 'properties': {'singularities': [], 'is_periodic': False, 'domain': 'Reals'}}",manual
MCM_103_d8f2b7c2,"{'a': 1, 'b': 0, 'c': 3}","{'points': [{'x': -3.0, 'y': -2.7669}, {'x': -2.75, 'y': -2.5147}, {'x': -2.5, 'y': -2.2623}, {'x': -2.25, 'y': -2.0094}, {'x': -2.0, 'y': -1.7562}, {'x': -1.75, 'y': -1.5026}, {'x': -1.5, 'y': -1.2485}, {'x': -1.25, 'y': -0.9942}, {'x': -1.0, 'y': -0.7402}, {'x': -0.75, 'y': -0.4887}, {'x': -0.5, 'y': -0.2475}, {'x': -0.25, 'y': -0.0497}, {'x': 0.0, 'y': 0.0}, {'x': 0.25, 'y': 0.0571}, {'x': 0.5, 'y': -0.0476}, {'x': 0.75, 'y': 0.5454}, {'x': 1.0, 'y': 0.949}, {'x': 1.25, 'y': 1.2731}, {'x': 1.5, 'y': 1.5651}, {'x': 1.75, 'y': 1.8416}, {'x': 2.0, 'y': 2.1097}, {'x': 2.25, 'y': 2.3727}, {'x': 2.5, 'y': 2.6326}, {'x': 2.75, 'y': 2.8903}, {'x': 3.0, 'y': 3.1464}]}","{'formula': 'x**2*sin(1/(x - 0.2))', 'latex': 'x^{2} \\sin{\\left(\\frac{1}{x - 0.2} \\right)}', 'properties': {'singularities': [], 'is_periodic': False, 'domain': 'Union(Interval.open(-oo, 0.200000000000000), Interval.open(0.200000000000000, oo))'}}",manual_rich
MCM_103_2f865ecd,"{'a': 1, 'b': 0, 'c': 3}","{'points': [{'x': -3.0, 'y': -4.1247}, {'x': -2.75, 'y': -3.8693}, {'x': -2.5, 'y': -3.612}, {'x': -2.25, 'y': -3.352}, {'x': -2.0, 'y': -3.0876}, {'x': -1.75, 'y': -2.8158}, {'x': -1.5, 'y': -2.5306}, {'x': -1.25, 'y': -2.2189}, {'x': -1.0, 'y': -1.8465}, {'x': -0.75, 'y': -1.3065}, {'x': -0.5, 'y': -0.2105}, {'x': -0.25, 'y': 0.17}, {'x': 0.0, 'y': 0.0}, {'x': 0.25, 'y': -0.1122}, {'x': 0.5, 'y': -0.2499}, {'x': 0.75, 'y': -0.168}, {'x': 1.0, 'y': 0.0}, {'x': 1.25, 'y': 0.2047}, {'x': 1.5, 'y': 0.4272}, {'x': 1.75, 'y': 0.6593}, {'x': 2.0, 'y': 0.8971}, {'x': 2.25, 'y': 1.1383}, {'x': 2.5, 'y': 1.3817}, {'x': 2.75, 'y': 1.6268}, {'x': 3.0, 'y': 1.8729}]}","{'formula': '(x**2 - x)*sin(1/(x + 0.15))', 'latex': '\\left(x^{2} - x\\right) \\sin{\\left(\\frac{1}{x + 0.15} \\right)}', 'properties': {'singularities': [], 'is_periodic': False, 'domain': 'Union(Interval.open(-oo, -0.150000000000000), Interval.open(-0.150000000000000, oo))'}}",manual_rich
MCM_103_d27f2e97,"{'a': 1, 'b': 0, 'c': 3}","{'points': [{'x': -3.0, 'y': -6.8773}, {'x': -2.75, 'y': -6.4004}, {'x': -2.5, 'y': -5.9272}, {'x': -2.25, 'y': -5.4583}, {'x': -2.0, 'y': -4.994}, {'x': -1.75, 'y': -4.5334}, {'x': -1.5, 'y': -4.071}, {'x': -1.25, 'y': -3.5835}, {'x': -1.0, 'y': -2.9697}, {'x': -0.75, 'y': -1.6898}, {'x': -0.5, 'y': 1.4384}, {'x': -0.25, 'y': 1.0271}, {'x': 0.0, 'y': -0.1906}, {'x': 0.25, 'y': 1.0908}, {'x': 0.5, 'y': 1.4235}, {'x': 0.75, 'y': 1.7314}, {'x': 1.0, 'y': 2.0867}, {'x': 1.25, 'y': 2.4805}, {'x': 1.5, 'y': 2.9008}, {'x': 1.75, 'y': 3.3394}, {'x': 2.0, 'y': 3.7909}, {'x': 2.25, 'y': 4.2518}, {'x': 2.5, 'y': 4.7196}, {'x': 2.75, 'y': 5.1927}, {'x': 3.0, 'y': 5.6699}]}","{'formula': '(2*x**2 + 1)*sin(1/(x + 0.3))', 'latex': '\\left(2 x^{2} + 1\\right) \\sin{\\left(\\frac{1}{x + 0.3} \\right)}', 'properties': {'singularities': [], 'is_periodic': False, 'domain': 'Union(Interval.open(-oo, -0.300000000000000), Interval.open(-0.300000000000000, oo))'}}",manual_rich
MCM_103_2000a165,"{'a': 1, 'b': 0, 'c': 3}","{'points': [{'x': -3.0, 'y': -1.0867}, {'x': -2.75, 'y': -0.9711}, {'x': -2.5, 'y': -0.8569}, {'x': -2.25, 'y': -0.7444}, {'x': -2.0, 'y': -0.634}, {'x': -1.75, 'y': -0.5263}, {'x': -1.5, 'y': -0.4221}, {'x': -1.25, 'y': -0.3225}, {'x': -1.0, 'y': -0.2292}, {'x': -0.75, 'y': -0.1447}, {'x': -0.5, 'y': -0.0731}, {'x': -0.25, 'y': -0.0211}, {'x': 0.0, 'y': 0.0}, {'x': 0.25, 'y': -0.0289}, {'x': 0.5, 'y': -0.1244}, {'x': 0.75, 'y': -0.0789}, {'x': 1.0, 'y': 0.272}, {'x': 1.25, 'y': 0.2923}, {'x': 1.5, 'y': 0.6733}, {'x': 1.75, 'y': 1.5304}, {'x': 2.0, 'y': 1.7924}, {'x': 2.25, 'y': 1.934}, {'x': 2.5, 'y': 2.0471}, {'x': 2.75, 'y': 2.1539}, {'x': 3.0, 'y': 2.2606}]}","{'formula': '0.5*x**2*sin(1/(x - 1.1))', 'latex': '0.5 x^{2} \\sin{\\left(\\frac{1}{x - 1.1} \\right)}', 'properties': {'singularities': [], 'is_periodic': False, 'domain': 'Union(Interval.open(-oo, 1.10000000000000), Interval.open(1.10000000000000, oo))'}}",manual_rich
MCM_110_580bea86,"{'a': 1, 'b': 1, 'c': 0}","{'points': [{'x': -3.0, 'y': 2.4596}, {'x': -2.75, 'y': 2.1303}, {'x': -2.5, 'y': 1.8682}, {'x': -2.25, 'y': 1.6591}, {'x': -2.0, 'y': 1.4918}, {'x': -1.75, 'y': 1.3583}, {'x': -1.5, 'y': 1.2523}, {'x': -1.25, 'y': 1.1691}, {'x': -1.0, 'y': 1.1052}, {'x': -0.75, 'y': 1.0579}, {'x': -0.5, 'y': 1.0253}, {'x': -0.25, 'y': 1.0063}, {'x': 0.0, 'y': 1.0}, {'x': 0.25, 'y': 1.0063}, {'x': 0.5, 'y': 1.0253}, {'x': 0.75, 'y': 1.0579}, {'x': 1.0, 'y': 1.1052}, {'x': 1.25, 'y': 1.1691}, {'x': 1.5, 'y': 1.2523}, {'x': 1.75, 'y': 1.3583}, {'x': 2.0, 'y': 1.4918}, {'x': 2.25, 'y': 1.6591}, {'x': 2.5, 'y': 1.8682}, {'x': 2.75, 'y': 2.1303}, {'x': 3.0, 'y': 2.4596}]}","{'formula': 'exp(0.1*x**2)', 'latex': 'e^{0.1 x^{2}}', 'properties': {'singularities': [], 'is_periodic': False, 'domain': 'Reals'}}",manual
MCM_110_c25cbb17,"{'a': 1, 'b': 1, 'c': 0}","{'points': [{'x': -3.0, 'y': 2.1972}, {'x': -2.75, 'y': 2.0232}, {'x': -2.5, 'y': 1.8326}, {'x': -2.25, 'y': 1.6219}, {'x': -2.0, 'y': 1.3863}, {'x': -1.75, 'y': 1.1192}, {'x': -1.5, 'y': 0.8109}, {'x': -1.25, 'y': 0.4463}, {'x': -1.0, 'y': 0.0}, {'x': -0.75, 'y': 0.3629}, {'x': -0.5, 'y': 0.5596}, {'x': -0.25, 'y': 0.6614}, {'x': 0.0, 'y': 0.6931}, {'x': 0.25, 'y': 0.6614}, {'x': 0.5, 'y': 0.5596}, {'x': 0.75, 'y': 0.3629}, {'x': 1.0, 'y': 0.0}, {'x': 1.25, 'y': 0.4463}, {'x': 1.5, 'y': 0.8109}, {'x': 1.75, 'y': 1.1192}, {'x': 2.0, 'y': 1.3863}, {'x': 2.25, 'y': 1.6219}, {'x': 2.5, 'y': 1.8326}, {'x': 2.75, 'y': 2.0232}, {'x': 3.0, 'y': 2.1972}]}","{'formula': 'log(Abs(x**2 - 1) + 1)', 'latex': '\\log{\\left(\\left|{x^{2} - 1}\\right| + 1 \\right)}', 'properties': {'singularities': [], 'is_periodic': False, 'domain': 'Reals'}}",manual
MCM_110_170d2f96,"{'a': 1, 'b': 1, 'c': 0}","{'points': [{'x': -3.0, 'y': 0.8586}, {'x': -2.75, 'y': 0.7739}, {'x': -2.5, 'y': 0.5496}, {'x': -2.25, 'y': 0.2699}, {'x': -2.0, 'y': 0.0}, {'x': -1.75, 'y': -0.2218}, {'x': -1.5, 'y': -0.3803}, {'x': -1.25, 'y': -0.4735}, {'x': -1.0, 'y': -0.504}, {'x': -0.75, 'y': -0.4735}, {'x': -0.5, 'y': -0.3803}, {'x': -0.25, 'y': -0.2218}, {'x': 0.0, 'y': 0.0}, {'x': 0.25, 'y': 0.2699}, {'x': 0.5, 'y': 0.5496}, {'x': 0.75, 'y': 0.7739}, {'x': 1.0, 'y': 0.8586}, {'x': 1.25, 'y': 0.7312}, {'x': 1.5, 'y': 0.3799}, {'x': 1.75, 'y': -0.1003}, {'x': 2.0, 'y': -0.5073}, {'x': 2.25, 'y': -0.6185}, {'x': 2.5, 'y': -0.3485}, {'x': 2.75, 'y': 0.1278}, {'x': 3.0, 'y': 0.4431}]}","{'formula': 'exp(-x*(0.05*x + 0.1))*sin(x*(0.5*x + 1))', 'latex': 'e^{- x \\left(0.05 x + 0.1\\right)} \\sin{\\left(x \\left(0.5 x + 1\\right) \\right)}', 'properties': {'singularities': [], 'is_periodic': False, 'domain': 'Reals'}}",manual
MCM_110_c82b37f4,"{'a': 1, 'b': 1, 'c': 0}","{'points': [{'x': -3.0, 'y': 0.4234}, {'x': -2.75, 'y': 1.0496}, {'x': -2.5, 'y': 1.4962}, {'x': -2.25, 'y': 1.7507}, {'x': -2.0, 'y': 1.8186}, {'x': -1.75, 'y': 1.722}, {'x': -1.5, 'y': 1.4962}, {'x': -1.25, 'y': 1.1862}, {'x': -1.0, 'y': 0.8415}, {'x': -0.75, 'y': 0.5112}, {'x': -0.5, 'y': 0.2397}, {'x': -0.25, 'y': 0.0619}, {'x': 0.0, 'y': 0.0}, {'x': 0.25, 'y': 0.0619}, {'x': 0.5, 'y': 0.2397}, {'x': 0.75, 'y': 0.5112}, {'x': 1.0, 'y': 0.8415}, {'x': 1.25, 'y': 1.1862}, {'x': 1.5, 'y': 1.4962}, {'x': 1.75, 'y': 1.722}, {'x': 2.0, 'y': 1.8186}, {'x': 2.25, 'y': 1.7507}, {'x': 2.5, 'y': 1.4962}, {'x': 2.75, 'y': 1.0496}, {'x': 3.0, 'y': 0.4234}]}","{'formula': 'x*sin(x)', 'latex': 'x \\sin{\\left(x \\right)}', 'properties': {'singularities': [], 'is_periodic': False, 'domain': 'Reals'}}",manual_rich
MCM_110_8b5f89b1,"{'a': 1, 'b': 1, 'c': 0}","{'points': [{'x': -3.0, 'y': -8.9099}, {'x': -2.75, 'y': -6.99}, {'x': -2.5, 'y': -5.0071}, {'x': -2.25, 'y': -3.1801}, {'x': -2.0, 'y': -1.6646}, {'x': -1.75, 'y': -0.5459}, {'x': -1.5, 'y': 0.1592}, {'x': -1.25, 'y': 0.4927}, {'x': -1.0, 'y': 0.5403}, {'x': -0.75, 'y': 0.4116}, {'x': -0.5, 'y': 0.2194}, {'x': -0.25, 'y': 0.0606}, {'x': 0.0, 'y': 0.0}, {'x': 0.25, 'y': 0.0606}, {'x': 0.5, 'y': 0.2194}, {'x': 0.75, 'y': 0.4116}, {'x': 1.0, 'y': 0.5403}, {'x': 1.25, 'y': 0.4927}, {'x': 1.5, 'y': 0.1592}, {'x': 1.75, 'y': -0.5459}, {'x': 2.0, 'y': -1.6646}, {'x': 2.25, 'y': -3.1801}, {'x': 2.5, 'y': -5.0071}, {'x': 2.75, 'y': -6.99}, {'x': 3.0, 'y': -8.9099}]}","{'formula': 'x**2*cos(x)', 'latex': 'x^{2} \\cos{\\left(x \\right)}', 'properties': {'singularities': [], 'is_periodic': False, 'domain': 'Reals'}}",manual_rich
MCM_110_8e1c2cbd,"{'a': 1, 'b': 1, 'c': 0}","{'points': [{'x': -3.0, 'y': 3.0498}, {'x': -2.75, 'y': 2.8139}, {'x': -2.5, 'y': 2.5821}, {'x': -2.25, 'y': 2.3554}, {'x': -2.0, 'y': 2.1353}, {'x': -1.75, 'y': 1.9238}, {'x': -1.5, 'y': 1.7231}, {'x': -1.25, 'y': 1.5365}, {'x': -1.0, 'y': 1.3679}, {'x': -0.75, 'y': 1.2224}, {'x': -0.5, 'y': 1.1065}, {'x': -0.25, 'y': 1.0288}, {'x': 0.0, 'y': 1.0}, {'x': 0.25, 'y': 1.034}, {'x': 0.5, 'y': 1.1487}, {'x': 0.75, 'y': 1.367}, {'x': 1.0, 'y': 1.7183}, {'x': 1.25, 'y': 2.2403}, {'x': 1.5, 'y': 2.9817}, {'x': 1.75, 'y': 4.0046}, {'x': 2.0, 'y': 5.3891}, {'x': 2.25, 'y': 7.2377}, {'x': 2.5, 'y': 9.6825}, {'x': 2.75, 'y': 12.8926}, {'x': 3.0, 'y': 17.0855}]}","{'formula': '-x + exp(x)', 'latex': '- x + e^{x}', 'properties': {'singularities': [], 'is_periodic': False, 'domain': 'Reals'}}",manual_rich
MCM_110_cce00681,"{'a': 1, 'b': 1, 'c': 0}","{'points': [{'x': -3.0, 'y': 9.125}, {'x': -2.75, 'y': 7.7112}, {'x': -2.5, 'y': 6.4268}, {'x': -2.25, 'y': 5.2727}, {'x': -2.0, 'y': 4.25}, {'x': -1.75, 'y': 3.3598}, {'x': -1.5, 'y': 2.6036}, {'x': -1.25, 'y': 1.9829}, {'x': -1.0, 'y': 1.5}, {'x': -0.75, 'y': 1.1571}, {'x': -0.5, 'y': 0.9571}, {'x': -0.25, 'y': 0.9034}, {'x': 0.0, 'y': 1.0}, {'x': 0.25, 'y': 1.2517}, {'x': 0.5, 'y': 1.6642}, {'x': 0.75, 'y': 2.2443}, {'x': 1.0, 'y': 3.0}, {'x': 1.25, 'y': 3.9409}, {'x': 1.5, 'y': 5.0784}, {'x': 1.75, 'y': 6.4261}, {'x': 2.0, 'y': 8.0}, {'x': 2.25, 'y': 9.8193}, {'x': 2.5, 'y': 11.9069}, {'x': 2.75, 'y': 14.2897}, {'x': 3.0, 'y': 17.0}]}","{'formula': '2**x + x**2', 'latex': '2^{x} + x^{2}', 'properties': {'singularities': [], 'is_periodic': False, 'domain': 'Reals'}}",manual_rich
MCM_111_49abc45a,"{'a': 1, 'b': 1, 'c': 1}","{'points': [{'x': -3.0, 'y': 0.6303}, {'x': -2.75, 'y': 0.8475}, {'x': -2.5, 'y': 0.9561}, {'x': -2.25, 'y': 0.9961}, {'x': -2.0, 'y': 0.9969}, {'x': -1.75, 'y': 0.9775}, {'x': -1.5, 'y': 0.9497}, {'x': -1.25, 'y': 0.9204}, {'x': -1.0, 'y': 0.8935}, {'x': -0.75, 'y': 0.8713}, {'x': -0.5, 'y': 0.8549}, {'x': -0.25, 'y': 0.8448}, {'x': 0.0, 'y': 0.8415}, {'x': 0.25, 'y': 0.8448}, {'x': 0.5, 'y': 0.8549}, {'x': 0.75, 'y': 0.8713}, {'x': 1.0, 'y': 0.8935}, {'x': 1.25, 'y': 0.9204}, {'x': 1.5, 'y': 0.9497}, {'x': 1.75, 'y': 0.9775}, {'x': 2.0, 'y': 0.9969}, {'x': 2.25, 'y': 0.9961}, {'x': 2.5, 'y': 0.9561}, {'x': 2.75, 'y': 0.8475}, {'x': 3.0, 'y': 0.6303}]}","{'formula': 'sin(exp(0.1*x**2))', 'latex': '\\sin{\\left(e^{0.1 x^{2}} \\right)}', 'properties': {'singularities': [], 'is_periodic': False, 'domain': 'Reals'}}",manual
MCM_111_8facfb9e,"{'a': 1, 'b': 1, 'c': 1}","{'points': [{'x': -3.0, 'y': -0.5863}, {'x': -2.75, 'y': -0.4371}, {'x': -2.5, 'y': -0.2588}, {'x': -2.25, 'y': -0.051}, {'x': -2.0, 'y': 0.1835}, {'x': -1.75, 'y': 0.4364}, {'x': -1.5, 'y': 0.6888}, {'x': -1.25, 'y': 0.9021}, {'x': -1.0, 'y': 1.0}, {'x': -0.75, 'y': 0.9349}, {'x': -0.5, 'y': 0.8475}, {'x': -0.25, 'y': 0.7891}, {'x': 0.0, 'y': 0.7692}, {'x': 0.25, 'y': 0.7891}, {'x': 0.5, 'y': 0.8475}, {'x': 0.75, 'y': 0.9349}, {'x': 1.0, 'y': 1.0}, {'x': 1.25, 'y': 0.9021}, {'x': 1.5, 'y': 0.6888}, {'x': 1.75, 'y': 0.4364}, {'x': 2.0, 'y': 0.1835}, {'x': 2.25, 'y': -0.051}, {'x': 2.5, 'y': -0.2588}, {'x': 2.75, 'y': -0.4371}, {'x': 3.0, 'y': -0.5863}]}","{'formula': 'cos(log(Abs(x**2 - 1) + 1))', 'latex': '\\cos{\\left(\\log{\\left(\\left|{x^{2} - 1}\\right| + 1 \\right)} \\right)}', 'properties': {'singularities': [], 'is_periodic': False, 'domain': 'Reals'}}",manual
MCM_111_fac4b2cc,"{'a': 1, 'b': 1, 'c': 1}","{'points': [{'x': -3.0, 'y': -0.9049}, {'x': -2.75, 'y': -0.9651}, {'x': -2.5, 'y': -0.9854}, {'x': -2.25, 'y': -0.9865}, {'x': -2.0, 'y': -0.9701}, {'x': -1.75, 'y': -0.9177}, {'x': -1.5, 'y': -0.7997}, {'x': -1.25, 'y': -0.5921}, {'x': -1.0, 'y': -0.2966}, {'x': -0.75, 'y': 0.05}, {'x': -0.5, 'y': 0.3877}, {'x': -0.25, 'y': 0.6605}, {'x': 0.0, 'y': 0.8415}, {'x': 0.25, 'y': 0.9378}, {'x': 0.5, 'y': 0.9772}, {'x': 0.75, 'y': 0.9876}, {'x': 1.0, 'y': 0.9822}, {'x': 1.25, 'y': 0.9534}, {'x': 1.5, 'y': 0.8764}, {'x': 1.75, 'y': 0.7213}, {'x': 2.0, 'y': 0.4734}, {'x': 2.25, 'y': 0.1493}, {'x': 2.5, 'y': -0.2013}, {'x': 2.75, 'y': -0.5164}, {'x': 3.0, 'y': -0.7505}]}","{'formula': 'sin(sin(x) + cos(x))', 'latex': '\\sin{\\left(\\sin{\\left(x \\right)} + \\cos{\\left(x \\right)} \\right)}', 'properties': {'singularities': [], 'is_periodic': True, 'domain': 'Reals', 'period_value': '2*pi'}}",manual_rich
MCM_111_5c6b324e,"{'a': 1, 'b': 1, 'c': 1}","{'points': [{'x': -3.0, 'y': 0.4257}, {'x': -2.75, 'y': 0.2617}, {'x': -2.5, 'y': 0.1703}, {'x': -2.25, 'y': 0.1638}, {'x': -2.0, 'y': 0.2429}, {'x': -1.75, 'y': 0.3973}, {'x': -1.5, 'y': 0.6004}, {'x': -1.25, 'y': 0.8059}, {'x': -1.0, 'y': 0.955}, {'x': -0.75, 'y': 0.9987}, {'x': -0.5, 'y': 0.9218}, {'x': -0.25, 'y': 0.7508}, {'x': 0.0, 'y': 0.5403}, {'x': 0.25, 'y': 0.3471}, {'x': 0.5, 'y': 0.2122}, {'x': 0.75, 'y': 0.1568}, {'x': 1.0, 'y': 0.1879}, {'x': 1.25, 'y': 0.3017}, {'x': 1.5, 'y': 0.4817}, {'x': 1.75, 'y': 0.6926}, {'x': 2.0, 'y': 0.8808}, {'x': 2.25, 'y': 0.9888}, {'x': 2.5, 'y': 0.9795}, {'x': 2.75, 'y': 0.8563}, {'x': 3.0, 'y': 0.6608}]}","{'formula': 'cos(sin(x) + cos(x))', 'latex': '\\cos{\\left(\\sin{\\left(x \\right)} + \\cos{\\left(x \\right)} \\right)}', 'properties': {'singularities': [], 'is_periodic': True, 'domain': 'Reals', 'period_value': '2*pi'}}",manual_rich
MCM_111_de1315c3,"{'a': 1, 'b': 1, 'c': 1}","{'points': [{'x': -3.0, 'y': 0.4108}, {'x': -2.75, 'y': 0.8672}, {'x': -2.5, 'y': 0.9972}, {'x': -2.25, 'y': 0.9839}, {'x': -2.0, 'y': 0.9695}, {'x': -1.75, 'y': 0.9886}, {'x': -1.5, 'y': 0.9972}, {'x': -1.25, 'y': 0.927}, {'x': -1.0, 'y': 0.7456}, {'x': -0.75, 'y': 0.4892}, {'x': -0.5, 'y': 0.2374}, {'x': -0.25, 'y': 0.0618}, {'x': 0.0, 'y': 0.0}, {'x': 0.25, 'y': 0.0618}, {'x': 0.5, 'y': 0.2374}, {'x': 0.75, 'y': 0.4892}, {'x': 1.0, 'y': 0.7456}, {'x': 1.25, 'y': 0.927}, {'x': 1.5, 'y': 0.9972}, {'x': 1.75, 'y': 0.9886}, {'x': 2.0, 'y': 0.9695}, {'x': 2.25, 'y': 0.9839}, {'x': 2.5, 'y': 0.9972}, {'x': 2.75, 'y': 0.8672}, {'x': 3.0, 'y': 0.4108}]}","{'formula': 'sin(x*sin(x))', 'latex': '\\sin{\\left(x \\sin{\\left(x \\right)} \\right)}', 'properties': {'singularities': [], 'is_periodic': False, 'domain': 'Reals'}}",manual_rich
MCM_111_781c7d6e,"{'a': 1, 'b': 1, 'c': 1}","{'points': [{'x': -3.0, 'y': 0.9117}, {'x': -2.75, 'y': 0.4979}, {'x': -2.5, 'y': 0.0745}, {'x': -2.25, 'y': -0.1789}, {'x': -2.0, 'y': -0.2453}, {'x': -1.75, 'y': -0.1506}, {'x': -1.5, 'y': 0.0745}, {'x': -1.25, 'y': 0.3752}, {'x': -1.0, 'y': 0.6664}, {'x': -0.75, 'y': 0.8721}, {'x': -0.5, 'y': 0.9714}, {'x': -0.25, 'y': 0.9981}, {'x': 0.0, 'y': 1.0}, {'x': 0.25, 'y': 0.9981}, {'x': 0.5, 'y': 0.9714}, {'x': 0.75, 'y': 0.8721}, {'x': 1.0, 'y': 0.6664}, {'x': 1.25, 'y': 0.3752}, {'x': 1.5, 'y': 0.0745}, {'x': 1.75, 'y': -0.1506}, {'x': 2.0, 'y': -0.2453}, {'x': 2.25, 'y': -0.1789}, {'x': 2.5, 'y': 0.0745}, {'x': 2.75, 'y': 0.4979}, {'x': 3.0, 'y': 0.9117}]}","{'formula': 'cos(x*sin(x))', 'latex': '\\cos{\\left(x \\sin{\\left(x \\right)} \\right)}', 'properties': {'singularities': [], 'is_periodic': False, 'domain': 'Reals'}}",manual_rich
MCM_111_629879ad,"{'a': 1, 'b': 1, 'c': 1}","{'points': [{'x': -3.0, 'y': -0.4924}, {'x': -2.75, 'y': -0.6494}, {'x': -2.5, 'y': 0.9569}, {'x': -2.25, 'y': 0.0385}, {'x': -2.0, 'y': -0.9956}, {'x': -1.75, 'y': -0.5192}, {'x': -1.5, 'y': 0.1585}, {'x': -1.25, 'y': 0.473}, {'x': -1.0, 'y': 0.5144}, {'x': -0.75, 'y': 0.4001}, {'x': -0.5, 'y': 0.2176}, {'x': -0.25, 'y': 0.0605}, {'x': 0.0, 'y': 0.0}, {'x': 0.25, 'y': 0.0605}, {'x': 0.5, 'y': 0.2176}, {'x': 0.75, 'y': 0.4001}, {'x': 1.0, 'y': 0.5144}, {'x': 1.25, 'y': 0.473}, {'x': 1.5, 'y': 0.1585}, {'x': 1.75, 'y': -0.5192}, {'x': 2.0, 'y': -0.9956}, {'x': 2.25, 'y': 0.0385}, {'x': 2.5, 'y': 0.9569}, {'x': 2.75, 'y': -0.6494}, {'x': 3.0, 'y': -0.4924}]}","{'formula': 'sin(x**2*cos(x))', 'latex': '\\sin{\\left(x^{2} \\cos{\\left(x \\right)} \\right)}', 'properties': {'singularities': [], 'is_periodic': False, 'domain': 'Reals'}}",manual_rich
MCM_111_dbb06d0a,"{'a': 1, 'b': 1, 'c': 1}","{'points': [{'x': -3.0, 'y': -0.8704}, {'x': -2.75, 'y': 0.7604}, {'x': -2.5, 'y': 0.2905}, {'x': -2.25, 'y': -0.9993}, {'x': -2.0, 'y': -0.0937}, {'x': -1.75, 'y': 0.8547}, {'x': -1.5, 'y': 0.9874}, {'x': -1.25, 'y': 0.8811}, {'x': -1.0, 'y': 0.8576}, {'x': -0.75, 'y': 0.9165}, {'x': -0.5, 'y': 0.976}, {'x': -0.25, 'y': 0.9982}, {'x': 0.0, 'y': 1.0}, {'x': 0.25, 'y': 0.9982}, {'x': 0.5, 'y': 0.976}, {'x': 0.75, 'y': 0.9165}, {'x': 1.0, 'y': 0.8576}, {'x': 1.25, 'y': 0.8811}, {'x': 1.5, 'y': 0.9874}, {'x': 1.75, 'y': 0.8547}, {'x': 2.0, 'y': -0.0937}, {'x': 2.25, 'y': -0.9993}, {'x': 2.5, 'y': 0.2905}, {'x': 2.75, 'y': 0.7604}, {'x': 3.0, 'y': -0.8704}]}","{'formula': 'cos(x**2*cos(x))', 'latex': '\\cos{\\left(x^{2} \\cos{\\left(x \\right)} \\right)}', 'properties': {'singularities': [], 'is_periodic': False, 'domain': 'Reals'}}",manual_rich
MCM_111_779a5869,"{'a': 1, 'b': 1, 'c': 1}","{'points': [{'x': -3.0, 'y': 0.0917}, {'x': -2.75, 'y': 0.3218}, {'x': -2.5, 'y': 0.5308}, {'x': -2.25, 'y': 0.7077}, {'x': -2.0, 'y': 0.8448}, {'x': -1.75, 'y': 0.9383}, {'x': -1.5, 'y': 0.9884}, {'x': -1.25, 'y': 0.9994}, {'x': -1.0, 'y': 0.9795}, {'x': -0.75, 'y': 0.9399}, {'x': -0.5, 'y': 0.8942}, {'x': -0.25, 'y': 0.8567}, {'x': 0.0, 'y': 0.8415}, {'x': 0.25, 'y': 0.8594}, {'x': 0.5, 'y': 0.9122}, {'x': 0.75, 'y': 0.9793}, {'x': 1.0, 'y': 0.9891}, {'x': 1.25, 'y': 0.7841}, {'x': 1.5, 'y': 0.1592}, {'x': 1.75, 'y': -0.7598}, {'x': 2.0, 'y': -0.7797}, {'x': 2.25, 'y': 0.8161}, {'x': 2.5, 'y': -0.2549}, {'x': 2.75, 'y': 0.3205}, {'x': 3.0, 'y': -0.9814}]}","{'formula': '-sin(x - exp(x))', 'latex': '- \\sin{\\left(x - e^{x} \\right)}', 'properties': {'singularities': [], 'is_periodic': False, 'domain': 'Reals'}}",manual_rich
MCM_111_048d02f0,"{'a': 1, 'b': 1, 'c': 1}","{'points': [{'x': -3.0, 'y': -0.9958}, {'x': -2.75, 'y': -0.9468}, {'x': -2.5, 'y': -0.8475}, {'x': -2.25, 'y': -0.7065}, {'x': -2.0, 'y': -0.535}, {'x': -1.75, 'y': -0.3457}, {'x': -1.5, 'y': -0.1517}, {'x': -1.25, 'y': 0.0343}, {'x': -1.0, 'y': 0.2015}, {'x': -0.75, 'y': 0.3414}, {'x': -0.5, 'y': 0.4478}, {'x': -0.25, 'y': 0.5158}, {'x': 0.0, 'y': 0.5403}, {'x': 0.25, 'y': 0.5114}, {'x': 0.5, 'y': 0.4097}, {'x': 0.75, 'y': 0.2024}, {'x': 1.0, 'y': -0.147}, {'x': 1.25, 'y': -0.6206}, {'x': 1.5, 'y': -0.9872}, {'x': 1.75, 'y': -0.6502}, {'x': 2.0, 'y': 0.6262}, {'x': 2.25, 'y': 0.578}, {'x': 2.5, 'y': -0.967}, {'x': 2.75, 'y': 0.9472}, {'x': 3.0, 'y': -0.192}]}","{'formula': 'cos(x - exp(x))', 'latex': '\\cos{\\left(x - e^{x} \\right)}', 'properties': {'singularities': [], 'is_periodic': False, 'domain': 'Reals'}}",manual_rich
MCM_111_478e2b45,"{'a': 1, 'b': 1, 'c': 1}","{'points': [{'x': -3.0, 'y': 0.2953}, {'x': -2.75, 'y': 0.9898}, {'x': -2.5, 'y': 0.1431}, {'x': -2.25, 'y': -0.8471}, {'x': -2.0, 'y': -0.895}, {'x': -1.75, 'y': -0.2165}, {'x': -1.5, 'y': 0.5125}, {'x': -1.25, 'y': 0.9163}, {'x': -1.0, 'y': 0.9975}, {'x': -0.75, 'y': 0.9156}, {'x': -0.5, 'y': 0.8175}, {'x': -0.25, 'y': 0.7854}, {'x': 0.0, 'y': 0.8415}, {'x': 0.25, 'y': 0.9495}, {'x': 0.5, 'y': 0.9956}, {'x': 0.75, 'y': 0.7816}, {'x': 1.0, 'y': 0.1411}, {'x': 1.25, 'y': -0.7169}, {'x': 1.5, 'y': -0.9338}, {'x': 1.75, 'y': 0.1424}, {'x': 2.0, 'y': 0.9894}, {'x': 2.25, 'y': -0.3844}, {'x': 2.5, 'y': -0.6127}, {'x': 2.75, 'y': 0.9884}, {'x': 3.0, 'y': -0.9614}]}","{'formula': 'sin(2**x + x**2)', 'latex': '\\sin{\\left(2^{x} + x^{2} \\right)}', 'properties': {'singularities': [], 'is_periodic': False, 'domain': 'Reals'}}",manual_rich
MCM_111_aabf2ecf,"{'a': 1, 'b': 1, 'c': 1}","{'points': [{'x': -3.0, 'y': -0.9554}, {'x': -2.75, 'y': 0.1423}, {'x': -2.5, 'y': 0.9897}, {'x': -2.25, 'y': 0.5315}, {'x': -2.0, 'y': -0.4461}, {'x': -1.75, 'y': -0.9763}, {'x': -1.5, 'y': -0.8587}, {'x': -1.25, 'y': -0.4006}, {'x': -1.0, 'y': 0.0707}, {'x': -0.75, 'y': 0.402}, {'x': -0.5, 'y': 0.5759}, {'x': -0.25, 'y': 0.6189}, {'x': 0.0, 'y': 0.5403}, {'x': 0.25, 'y': 0.3137}, {'x': 0.5, 'y': -0.0933}, {'x': 0.75, 'y': -0.6237}, {'x': 1.0, 'y': -0.99}, {'x': 1.25, 'y': -0.6972}, {'x': 1.5, 'y': 0.3579}, {'x': 1.75, 'y': 0.9898}, {'x': 2.0, 'y': -0.1455}, {'x': 2.25, 'y': -0.9232}, {'x': 2.5, 'y': 0.7903}, {'x': 2.75, 'y': -0.1519}, {'x': 3.0, 'y': -0.2752}]}","{'formula': 'cos(2**x + x**2)', 'latex': '\\cos{\\left(2^{x} + x^{2} \\right)}', 'properties': {'singularities': [], 'is_periodic': False, 'domain': 'Reals'}}",manual_rich
MCM_112_f9e96247,"{'a': 1, 'b': 1, 'c': 2}","{'points': [{'x': -3.0, 'y': -0.7934}, {'x': -2.75, 'y': -0.7475}, {'x': -2.5, 'y': -0.7186}, {'x': -2.25, 'y': -0.706}, {'x': -2.0, 'y': -0.7104}, {'x': -1.75, 'y': -0.7342}, {'x': -1.5, 'y': -0.7827}, {'x': -1.25, 'y': -0.866}, {'x': -1.0, 'y': -1.0047}, {'x': -0.75, 'y': -1.2445}, {'x': -0.5, 'y': -1.7089}, {'x': -0.25, 'y': -2.8751}, {'x': 0.0, 'y': -10.0}, {'x': 0.25, 'y': 6.7085}, {'x': 0.5, 'y': 2.5633}, {'x': 0.75, 'y': 1.6275}, {'x': 1.0, 'y': 1.228}, {'x': 1.25, 'y': 1.0166}, {'x': 1.5, 'y': 0.8945}, {'x': 1.75, 'y': 0.8232}, {'x': 2.0, 'y': 0.7852}, {'x': 2.25, 'y': 0.7717}, {'x': 2.5, 'y': 0.7784}, {'x': 2.75, 'y': 0.8039}, {'x': 3.0, 'y': 0.8481}]}","{'formula': 'exp(0.1*x**2)/(x - 0.1)', 'latex': '\\frac{e^{0.1 x^{2}}}{x - 0.1}', 'properties': {'singularities': [], 'is_periodic': False, 'domain': 'Union(Interval.open(-oo, 0.100000000000000), Interval.open(0.100000000000000, oo))'}}",manual
MCM_112_d2fca292,"{'a': 1, 'b': 1, 'c': 2}","{'points': [{'x': -3.0, 'y': -0.7847}, {'x': -2.75, 'y': -0.7934}, {'x': -2.5, 'y': -0.7968}, {'x': -2.25, 'y': -0.7912}, {'x': -2.0, 'y': -0.7702}, {'x': -1.75, 'y': -0.7221}, {'x': -1.5, 'y': -0.6238}, {'x': -1.25, 'y': -0.425}, {'x': -1.0, 'y': 0.0}, {'x': -0.75, 'y': -0.6598}, {'x': -0.5, 'y': -1.8654}, {'x': -0.25, 'y': -13.228}, {'x': 0.0, 'y': 3.4657}, {'x': 0.25, 'y': 1.4698}, {'x': 0.5, 'y': 0.7995}, {'x': 0.75, 'y': 0.382}, {'x': 1.0, 'y': 0.0}, {'x': 1.25, 'y': 0.3078}, {'x': 1.5, 'y': 0.477}, {'x': 1.75, 'y': 0.574}, {'x': 2.0, 'y': 0.6301}, {'x': 2.25, 'y': 0.662}, {'x': 2.5, 'y': 0.6787}, {'x': 2.75, 'y': 0.6858}, {'x': 3.0, 'y': 0.6866}]}","{'formula': 'log(Abs(x**2 - 1) + 1)/(x + 0.2)', 'latex': '\\frac{\\log{\\left(\\left|{x^{2} - 1}\\right| + 1 \\right)}}{x + 0.2}', 'properties': {'singularities': [], 'is_periodic': False, 'domain': 'Union(Interval.open(-oo, -0.200000000000000), Interval.open(-0.200000000000000, oo))'}}",manual
MCM_112_89f5722d,"{'a': 1, 'b': 1, 'c': 2}","{'points': [{'x': -3.0, 'y': -0.2094}, {'x': -2.75, 'y': -0.201}, {'x': -2.5, 'y': -0.1527}, {'x': -2.25, 'y': -0.0806}, {'x': -2.0, 'y': 0.0}, {'x': -1.75, 'y': 0.0778}, {'x': -1.5, 'y': 0.1463}, {'x': -1.25, 'y': 0.2015}, {'x': -1.0, 'y': 0.24}, {'x': -0.75, 'y': 0.2559}, {'x': -0.5, 'y': 0.2377}, {'x': -0.25, 'y': 0.1643}, {'x': 0.0, 'y': 0.0}, {'x': 0.25, 'y': -0.3175}, {'x': 0.5, 'y': -0.9161}, {'x': 0.75, 'y': -2.2111}, {'x': 1.0, 'y': -8.5855}, {'x': 1.25, 'y': 4.8745}, {'x': 1.5, 'y': 0.9497}, {'x': 1.75, 'y': -0.1543}, {'x': 2.0, 'y': -0.5637}, {'x': 2.25, 'y': -0.5378}, {'x': 2.5, 'y': -0.2489}, {'x': 2.75, 'y': 0.0774}, {'x': 3.0, 'y': 0.2332}]}","{'formula': 'exp(-x*(0.05*x + 0.1))*sin(x*(0.5*x + 1))/(x - 1.1)', 'latex': '\\frac{e^{- x \\left(0.05 x + 0.1\\right)} \\sin{\\left(x \\left(0.5 x + 1\\right) \\right)}}{x - 1.1}', 'properties': {'singularities': [], 'is_periodic': False, 'domain': 'Union(Interval.open(-oo, 1.10000000000000), Interval.open(1.10000000000000, oo))'}}",manual
MCM_112_f78adeb0,"{'a': 1, 'b': 1, 'c': 2}","{'points': [{'x': -3.0, 'y': 0.3649}, {'x': -2.75, 'y': 0.4582}, {'x': -2.5, 'y': 0.5383}, {'x': -2.25, 'y': 0.5984}, {'x': -2.0, 'y': 0.6312}, {'x': -1.75, 'y': 0.6282}, {'x': -1.5, 'y': 0.5792}, {'x': -1.25, 'y': 0.4694}, {'x': -1.0, 'y': 0.2738}, {'x': -0.75, 'y': -0.0589}, {'x': -0.5, 'y': -0.6636}, {'x': -0.25, 'y': -2.0615}, {'x': 0.0, 'y': -10.0}, {'x': 0.25, 'y': 8.1088}, {'x': 0.5, 'y': 3.3925}, {'x': 0.75, 'y': 2.1744}, {'x': 1.0, 'y': 1.5353}, {'x': 1.25, 'y': 1.0994}, {'x': 1.5, 'y': 0.763}, {'x': 1.75, 'y': 0.4883}, {'x': 2.0, 'y': 0.2596}, {'x': 2.25, 'y': 0.0697}, {'x': 2.5, 'y': -0.0844}, {'x': 2.75, 'y': -0.2048}, {'x': 3.0, 'y': -0.2927}]}","{'formula': '(sin(x) + cos(x))/(x - 0.1)', 'latex': '\\frac{\\sin{\\left(x \\right)} + \\cos{\\left(x \\right)}}{x - 0.1}', 'properties': {'singularities': [], 'is_periodic': False, 'domain': 'Union(Interval.open(-oo, 0.100000000000000), Interval.open(0.100000000000000, oo))'}}",manual_rich
MCM_112_811f7881,"{'a': 1, 'b': 1, 'c': 2}","{'points': [{'x': -3.0, 'y': -0.1323}, {'x': -2.75, 'y': -0.3558}, {'x': -2.5, 'y': -0.5541}, {'x': -2.25, 'y': -0.7146}, {'x': -2.0, 'y': -0.8266}, {'x': -1.75, 'y': -0.8831}, {'x': -1.5, 'y': -0.8801}, {'x': -1.25, 'y': -0.8181}, {'x': -1.0, 'y': -0.7012}, {'x': -0.75, 'y': -0.5381}, {'x': -0.5, 'y': -0.3424}, {'x': -0.25, 'y': -0.1374}, {'x': 0.0, 'y': 0.0}, {'x': 0.25, 'y': 1.237}, {'x': 0.5, 'y': 0.799}, {'x': 0.75, 'y': 0.9295}, {'x': 1.0, 'y': 1.0518}, {'x': 1.25, 'y': 1.1297}, {'x': 1.5, 'y': 1.151}, {'x': 1.75, 'y': 1.111}, {'x': 2.0, 'y': 1.0103}, {'x': 2.25, 'y': 0.854}, {'x': 2.5, 'y': 0.6505}, {'x': 2.75, 'y': 0.4116}, {'x': 3.0, 'y': 0.1512}]}","{'formula': 'x*sin(x)/(x - 0.2)', 'latex': '\\frac{x \\sin{\\left(x \\right)}}{x - 0.2}', 'properties': {'singularities': [], 'is_periodic': False, 'domain': 'Union(Interval.open(-oo, 0.200000000000000), Interval.open(0.200000000000000, oo))'}}",manual_rich
MCM_112_270d7972,"{'a': 1, 'b': 1, 'c': 2}","{'points': [{'x': -3.0, 'y': 3.1263}, {'x': -2.75, 'y': 2.6885}, {'x': -2.5, 'y': 2.1307}, {'x': -2.25, 'y': 1.5143}, {'x': -2.0, 'y': 0.8998}, {'x': -1.75, 'y': 0.3412}, {'x': -1.5, 'y': -0.1179}, {'x': -1.25, 'y': -0.4479}, {'x': -1.0, 'y': -0.6356}, {'x': -0.75, 'y': -0.686}, {'x': -0.5, 'y': -0.6268}, {'x': -0.25, 'y': -0.6056}, {'x': 0.0, 'y': 0.0}, {'x': 0.25, 'y': 0.1514}, {'x': 0.5, 'y': 0.3375}, {'x': 0.75, 'y': 0.4573}, {'x': 1.0, 'y': 0.4698}, {'x': 1.25, 'y': 0.3519}, {'x': 1.5, 'y': 0.0965}, {'x': 1.75, 'y': -0.2873}, {'x': 2.0, 'y': -0.7742}, {'x': 2.25, 'y': -1.3251}, {'x': 2.5, 'y': -1.8895}, {'x': 2.75, 'y': -2.4104}, {'x': 3.0, 'y': -2.8285}]}","{'formula': 'x**2*cos(x)/(x + 0.15)', 'latex': '\\frac{x^{2} \\cos{\\left(x \\right)}}{x + 0.15}', 'properties': {'singularities': [], 'is_periodic': False, 'domain': 'Union(Interval.open(-oo, -0.150000000000000), Interval.open(-0.150000000000000, oo))'}}",manual_rich
MCM_112_e9d90824,"{'a': 1, 'b': 1, 'c': 2}","{'points': [{'x': -3.0, 'y': -1.1296}, {'x': -2.75, 'y': -1.1485}, {'x': -2.5, 'y': -1.1737}, {'x': -2.25, 'y': -1.2079}, {'x': -2.0, 'y': -1.2561}, {'x': -1.75, 'y': -1.3267}, {'x': -1.5, 'y': -1.4359}, {'x': -1.25, 'y': -1.6174}, {'x': -1.0, 'y': -1.9541}, {'x': -0.75, 'y': -2.7164}, {'x': -0.5, 'y': -5.5327}, {'x': -0.25, 'y': 20.576}, {'x': 0.0, 'y': 3.3333}, {'x': 0.25, 'y': 1.88}, {'x': 0.5, 'y': 1.4359}, {'x': 0.75, 'y': 1.3019}, {'x': 1.0, 'y': 1.3218}, {'x': 1.25, 'y': 1.4454}, {'x': 1.5, 'y': 1.6565}, {'x': 1.75, 'y': 1.9535}, {'x': 2.0, 'y': 2.3431}, {'x': 2.25, 'y': 2.8383}, {'x': 2.5, 'y': 3.458}, {'x': 2.75, 'y': 4.2271}, {'x': 3.0, 'y': 5.1774}]}","{'formula': '(-x + exp(x))/(x + 0.3)', 'latex': '\\frac{- x + e^{x}}{x + 0.3}', 'properties': {'singularities': [], 'is_periodic': False, 'domain': 'Union(Interval.open(-oo, -0.300000000000000), Interval.open(-0.300000000000000, oo))'}}",manual_rich
MCM_112_3716e30e,"{'a': 1, 'b': 1, 'c': 2}","{'points': [{'x': -3.0, 'y': -2.2256}, {'x': -2.75, 'y': -2.0029}, {'x': -2.5, 'y': -1.7852}, {'x': -2.25, 'y': -1.5739}, {'x': -2.0, 'y': -1.371}, {'x': -1.75, 'y': -1.1789}, {'x': -1.5, 'y': -1.0014}, {'x': -1.25, 'y': -0.8438}, {'x': -1.0, 'y': -0.7143}, {'x': -0.75, 'y': -0.6255}, {'x': -0.5, 'y': -0.5982}, {'x': -0.25, 'y': -0.6692}, {'x': 0.0, 'y': -0.9091}, {'x': 0.25, 'y': -1.4726}, {'x': 0.5, 'y': -2.7737}, {'x': 0.75, 'y': -6.4123}, {'x': 1.0, 'y': -30.0}, {'x': 1.25, 'y': 26.2728}, {'x': 1.5, 'y': 12.6961}, {'x': 1.75, 'y': 9.8863}, {'x': 2.0, 'y': 8.8889}, {'x': 2.25, 'y': 8.5385}, {'x': 2.5, 'y': 8.5049}, {'x': 2.75, 'y': 8.6604}, {'x': 3.0, 'y': 8.9474}]}","{'formula': '(2**x + x**2)/(x - 1.1)', 'latex': '\\frac{2^{x} + x^{2}}{x - 1.1}', 'properties': {'singularities': [], 'is_periodic': False, 'domain': 'Union(Interval.open(-oo, 1.10000000000000), Interval.open(1.10000000000000, oo))'}}",manual_rich
MCM_113_5766cba0,"{'a': 1, 'b': 1, 'c': 3}","{'points': [{'x': -3.0, 'y': -597.6836}, {'x': -2.75, 'y': -335.0416}, {'x': -2.5, 'y': -182.4459}, {'x': -2.25, 'y': -95.6696}, {'x': -2.0, 'y': -47.7384}, {'x': -1.75, 'y': -22.2943}, {'x': -1.5, 'y': -9.5098}, {'x': -1.25, 'y': -3.5679}, {'x': -1.0, 'y': -1.1052}, {'x': -0.75, 'y': -0.251}, {'x': -0.5, 'y': -0.032}, {'x': -0.25, 'y': -0.001}, {'x': 0.0, 'y': 0.0}, {'x': 0.25, 'y': 0.001}, {'x': 0.5, 'y': 0.032}, {'x': 0.75, 'y': 0.251}, {'x': 1.0, 'y': 1.1052}, {'x': 1.25, 'y': 3.5679}, {'x': 1.5, 'y': 9.5098}, {'x': 1.75, 'y': 22.2943}, {'x': 2.0, 'y': 47.7384}, {'x': 2.25, 'y': 95.6696}, {'x': 2.5, 'y': 182.4459}, {'x': 2.75, 'y': 335.0416}, {'x': 3.0, 'y': 597.6836}]}","{'formula': 'x**5*exp(0.1*x**2)', 'latex': 'x^{5} e^{0.1 x^{2}}', 'properties': {'singularities': [], 'is_periodic': False, 'domain': 'Reals'}}",manual
MCM_113_8dd74f47,"{'a': 1, 'b': 1, 'c': 3}","{'points': [{'x': -3.0, 'y': 44.1324}, {'x': -2.75, 'y': 31.6482}, {'x': -2.5, 'y': 22.3254}, {'x': -2.25, 'y': 15.3878}, {'x': -2.0, 'y': 10.2434}, {'x': -1.75, 'y': 6.4407}, {'x': -1.5, 'y': 3.6343}, {'x': -1.25, 'y': 1.5577}, {'x': -1.0, 'y': 0.0}, {'x': -0.75, 'y': 0.7683}, {'x': -0.5, 'y': 0.9227}, {'x': -0.25, 'y': 0.8493}, {'x': 0.0, 'y': 0.6931}, {'x': 0.25, 'y': 0.8493}, {'x': 0.5, 'y': 0.9227}, {'x': 0.75, 'y': 0.7683}, {'x': 1.0, 'y': 0.0}, {'x': 1.25, 'y': 1.5577}, {'x': 1.5, 'y': 3.6343}, {'x': 1.75, 'y': 6.4407}, {'x': 2.0, 'y': 10.2434}, {'x': 2.25, 'y': 15.3878}, {'x': 2.5, 'y': 22.3254}, {'x': 2.75, 'y': 31.6482}, {'x': 3.0, 'y': 44.1324}]}","{'formula': 'exp(Abs(x))*log(Abs(x**2 - 1) + 1)', 'latex': 'e^{\\left|{x}\\right|} \\log{\\left(\\left|{x^{2} - 1}\\right| + 1 \\right)}', 'properties': {'singularities': [], 'is_periodic': False, 'domain': 'Reals'}}",manual
MCM_113_38425ad3,"{'a': 1, 'b': 1, 'c': 3}","{'points': [{'x': -3.0, 'y': -242.0151}, {'x': -2.75, 'y': -156.3017}, {'x': -2.5, 'y': -96.7143}, {'x': -2.25, 'y': -56.7878}, {'x': -2.0, 'y': -32.0}, {'x': -1.75, 'y': -15.5529}, {'x': -1.5, 'y': -6.6859}, {'x': -1.25, 'y': -2.1238}, {'x': -1.0, 'y': -0.0662}, {'x': -0.75, 'y': 0.6907}, {'x': -0.5, 'y': 0.8766}, {'x': -0.25, 'y': 0.8592}, {'x': 0.0, 'y': 0.0}, {'x': 0.25, 'y': 0.8782}, {'x': 0.5, 'y': 0.9732}, {'x': 0.75, 'y': 1.212}, {'x': 1.0, 'y': 1.9849}, {'x': 1.25, 'y': 4.0209}, {'x': 1.5, 'y': 8.5015}, {'x': 1.75, 'y': 17.2076}, {'x': 2.0, 'y': 32.9344}, {'x': 2.25, 'y': 58.6181}, {'x': 2.5, 'y': 98.5562}, {'x': 2.75, 'y': 158.0904}, {'x': 3.0, 'y': 243.9218}]}","{'formula': 'x**5 + exp(-0.005*x**2 - 0.01*x)*Abs(sin(0.5*x**2 + x))**0.1', 'latex': 'x^{5} + e^{- 0.005 x^{2} - 0.01 x} \\left|{\\sin{\\left(0.5 x^{2} + x \\right)}}\\right|^{0.1}', 'properties': {'singularities': [], 'is_periodic': False, 'domain': 'Reals'}}",manual
MCM_113_41efba9a,"{'a': 1, 'b': 1, 'c': 3}","{'points': [{'x': -3.0, 'y': 0.3477}, {'x': -2.75, 'y': 0.4343}, {'x': -2.5, 'y': 0.5066}, {'x': -2.25, 'y': 0.5582}, {'x': -2.0, 'y': 0.5819}, {'x': -1.75, 'y': 0.5702}, {'x': -1.5, 'y': 0.5143}, {'x': -1.25, 'y': 0.4032}, {'x': -1.0, 'y': 0.2229}, {'x': -0.75, 'y': -0.0435}, {'x': -0.5, 'y': -0.3941}, {'x': -0.25, 'y': -0.5738}, {'x': 0.0, 'y': 0.9589}, {'x': 0.25, 'y': 1.1104}, {'x': 0.5, 'y': -0.2586}, {'x': 0.75, 'y': 1.3703}, {'x': 1.0, 'y': 1.3113}, {'x': 1.25, 'y': 1.0302}, {'x': 1.5, 'y': 0.743}, {'x': 1.75, 'y': 0.4845}, {'x': 2.0, 'y': 0.2601}, {'x': 2.25, 'y': 0.0703}, {'x': 2.5, 'y': -0.0854}, {'x': 2.75, 'y': -0.2074}, {'x': 3.0, 'y': -0.2968}]}","{'formula': '(sin(x) + cos(x))*sin(1/(x - 0.2))', 'latex': '\\left(\\sin{\\left(x \\right)} + \\cos{\\left(x \\right)}\\right) \\sin{\\left(\\frac{1}{x - 0.2} \\right)}', 'properties': {'singularities': [], 'is_periodic': False, 'domain': 'Union(Interval.open(-oo, 0.200000000000000), Interval.open(0.200000000000000, oo))'}}",manual_rich
MCM_113_d5bcc812,"{'a': 1, 'b': 1, 'c': 3}","{'points': [{'x': -3.0, 'y': -7.7058}, {'x': -2.75, 'y': -6.5112}, {'x': -2.5, 'y': -5.2024}, {'x': -2.25, 'y': -3.9757}, {'x': -2.0, 'y': -2.9128}, {'x': -1.75, 'y': -2.0332}, {'x': -1.5, 'y': -1.3249}, {'x': -1.25, 'y': -0.7623}, {'x': -1.0, 'y': -0.3152}, {'x': -0.75, 'y': 0.0473}, {'x': -0.5, 'y': 0.3558}, {'x': -0.25, 'y': 0.643}, {'x': 0.0, 'y': 0.9514}, {'x': 0.25, 'y': 1.0839}, {'x': 0.5, 'y': 1.2125}, {'x': 0.75, 'y': 1.3365}, {'x': 1.0, 'y': 1.446}, {'x': 1.25, 'y': 1.521}, {'x': 1.5, 'y': 1.5272}, {'x': 1.75, 'y': 1.4095}, {'x': 2.0, 'y': 1.0838}, {'x': 2.25, 'y': 0.4238}, {'x': 2.5, 'y': -0.7533}, {'x': 2.75, 'y': -2.7055}, {'x': 3.0, 'y': -5.783}]}","{'formula': '(sin(x) + cos(x))*gamma(Abs(x) + 1.1)', 'latex': '\\left(\\sin{\\left(x \\right)} + \\cos{\\left(x \\right)}\\right) \\Gamma\\left(\\left|{x}\\right| + 1.1\\right)', 'properties': {'singularities': [], 'is_periodic': False, 'domain': 'Reals'}}",manual_rich
MCM_113_b4ee6785,"{'a': 1, 'b': 1, 'c': 3}","{'points': [{'x': -3.0, 'y': -0.1455}, {'x': -2.75, 'y': -0.3938}, {'x': -2.5, 'y': -0.6176}, {'x': -2.25, 'y': -0.8025}, {'x': -2.0, 'y': -0.9358}, {'x': -1.75, 'y': -1.0075}, {'x': -1.5, 'y': -1.0097}, {'x': -1.25, 'y': -0.9359}, {'x': -1.0, 'y': -0.7769}, {'x': -0.75, 'y': -0.5089}, {'x': -0.5, 'y': -0.0673}, {'x': -0.25, 'y': 0.0336}, {'x': 0.0, 'y': 0.0}, {'x': 0.25, 'y': 0.037}, {'x': 0.5, 'y': 0.2396}, {'x': 0.75, 'y': 0.4582}, {'x': 1.0, 'y': 0.6429}, {'x': 1.25, 'y': 0.7771}, {'x': 1.5, 'y': 0.8523}, {'x': 1.75, 'y': 0.865}, {'x': 2.0, 'y': 0.8157}, {'x': 2.25, 'y': 0.7085}, {'x': 2.5, 'y': 0.5513}, {'x': 2.75, 'y': 0.3548}, {'x': 3.0, 'y': 0.1322}]}","{'formula': 'x*sin(x)*sin(1/(x + 0.15))', 'latex': 'x \\sin{\\left(x \\right)} \\sin{\\left(\\frac{1}{x + 0.15} \\right)}', 'properties': {'singularities': [], 'is_periodic': False, 'domain': 'Union(Interval.open(-oo, -0.150000000000000), Interval.open(-0.150000000000000, oo))'}}",manual_rich
MCM_113_28ed8cf2,"{'a': 1, 'b': 1, 'c': 3}","{'points': [{'x': -3.0, 'y': 2.8842}, {'x': -2.75, 'y': 5.2329}, {'x': -2.5, 'y': 5.5613}, {'x': -2.25, 'y': 4.9494}, {'x': -2.0, 'y': 3.9966}, {'x': -1.75, 'y': 3.0124}, {'x': -1.5, 'y': 2.1391}, {'x': -1.25, 'y': 1.4271}, {'x': -1.0, 'y': 0.8806}, {'x': -0.75, 'y': 0.4834}, {'x': -0.5, 'y': 0.2142}, {'x': -0.25, 'y': 0.0551}, {'x': 0.0, 'y': 0.0}, {'x': 0.25, 'y': 0.0551}, {'x': 0.5, 'y': 0.2142}, {'x': 0.75, 'y': 0.4834}, {'x': 1.0, 'y': 0.8806}, {'x': 1.25, 'y': 1.4271}, {'x': 1.5, 'y': 2.1391}, {'x': 1.75, 'y': 3.0124}, {'x': 2.0, 'y': 3.9966}, {'x': 2.25, 'y': 4.9494}, {'x': 2.5, 'y': 5.5613}, {'x': 2.75, 'y': 5.2329}, {'x': 3.0, 'y': 2.8842}]}","{'formula': 'x*sin(x)*gamma(Abs(x) + 1.1)', 'latex': 'x \\sin{\\left(x \\right)} \\Gamma\\left(\\left|{x}\\right| + 1.1\\right)', 'properties': {'singularities': [], 'is_periodic': False, 'domain': 'Reals'}}",manual_rich
MCM_113_4dab5549,"{'a': 1, 'b': 1, 'c': 3}","{'points': [{'x': -3.0, 'y': 3.225}, {'x': -2.75, 'y': 2.7745}, {'x': -2.5, 'y': 2.1984}, {'x': -2.25, 'y': 1.5603}, {'x': -2.0, 'y': 0.9237}, {'x': -1.75, 'y': 0.3473}, {'x': -1.5, 'y': -0.1178}, {'x': -1.25, 'y': -0.428}, {'x': -1.0, 'y': -0.5348}, {'x': -0.75, 'y': -0.3273}, {'x': -0.5, 'y': 0.2104}, {'x': -0.25, 'y': 0.0553}, {'x': 0.0, 'y': 0.0}, {'x': 0.25, 'y': 0.0587}, {'x': 0.5, 'y': 0.2082}, {'x': 0.75, 'y': 0.3354}, {'x': 1.0, 'y': 0.3758}, {'x': 1.25, 'y': 0.2963}, {'x': 1.5, 'y': 0.0839}, {'x': 1.75, 'y': -0.2558}, {'x': 2.0, 'y': -0.7011}, {'x': 2.25, 'y': -1.2154}, {'x': 2.5, 'y': -1.7505}, {'x': 2.75, 'y': -2.251}, {'x': 3.0, 'y': -2.6588}]}","{'formula': 'x**2*sin(1/(x + 0.3))*cos(x)', 'latex': 'x^{2} \\sin{\\left(\\frac{1}{x + 0.3} \\right)} \\cos{\\left(x \\right)}', 'properties': {'singularities': [], 'is_periodic': False, 'domain': 'Union(Interval.open(-oo, -0.300000000000000), Interval.open(-0.300000000000000, oo))'}}",manual_rich
MCM_113_c9790aa1,"{'a': 1, 'b': 1, 'c': 3}","{'points': [{'x': -3.0, 'y': -60.7}, {'x': -2.75, 'y': -34.8505}, {'x': -2.5, 'y': -18.6117}, {'x': -2.25, 'y': -8.9908}, {'x': -2.0, 'y': -3.6581}, {'x': -1.75, 'y': -0.9549}, {'x': -1.5, 'y': 0.2275}, {'x': -1.25, 'y': 0.5927}, {'x': -1.0, 'y': 0.5654}, {'x': -0.75, 'y': 0.3892}, {'x': -0.5, 'y': 0.196}, {'x': -0.25, 'y': 0.054}, {'x': 0.0, 'y': 0.0}, {'x': 0.25, 'y': 0.054}, {'x': 0.5, 'y': 0.196}, {'x': 0.75, 'y': 0.3892}, {'x': 1.0, 'y': 0.5654}, {'x': 1.25, 'y': 0.5927}, {'x': 1.5, 'y': 0.2275}, {'x': 1.75, 'y': -0.9549}, {'x': 2.0, 'y': -3.6581}, {'x': 2.25, 'y': -8.9908}, {'x': 2.5, 'y': -18.6117}, {'x': 2.75, 'y': -34.8505}, {'x': 3.0, 'y': -60.7}]}","{'formula': 'x**2*cos(x)*gamma(Abs(x) + 1.1)', 'latex': 'x^{2} \\cos{\\left(x \\right)} \\Gamma\\left(\\left|{x}\\right| + 1.1\\right)', 'properties': {'singularities': [], 'is_periodic': False, 'domain': 'Reals'}}",manual_rich
MCM_113_fa7c1baf,"{'a': 1, 'b': 1, 'c': 3}","{'points': [{'x': -3.0, 'y': -0.7365}, {'x': -2.75, 'y': -0.7227}, {'x': -2.5, 'y': -0.7081}, {'x': -2.25, 'y': -0.6927}, {'x': -2.0, 'y': -0.6769}, {'x': -1.75, 'y': -0.6612}, {'x': -1.5, 'y': -0.6465}, {'x': -1.25, 'y': -0.6343}, {'x': -1.0, 'y': -0.627}, {'x': -0.75, 'y': -0.629}, {'x': -0.5, 'y': -0.6474}, {'x': -0.25, 'y': -0.6943}, {'x': 0.0, 'y': -0.7889}, {'x': 0.25, 'y': -0.9547}, {'x': 0.5, 'y': -1.1434}, {'x': 0.75, 'y': -0.3836}, {'x': 1.0, 'y': 0.9348}, {'x': 1.25, 'y': 0.8382}, {'x': 1.5, 'y': 1.7845}, {'x': 1.75, 'y': 4.0025}, {'x': 2.0, 'y': 4.8296}, {'x': 2.25, 'y': 5.53}, {'x': 2.5, 'y': 6.3428}, {'x': 2.75, 'y': 7.3441}, {'x': 3.0, 'y': 8.5829}]}","{'formula': '(-x + exp(x))*sin(1/(x - 1.1))', 'latex': '\\left(- x + e^{x}\\right) \\sin{\\left(\\frac{1}{x - 1.1} \\right)}', 'properties': {'singularities': [], 'is_periodic': False, 'domain': 'Union(Interval.open(-oo, 1.10000000000000), Interval.open(1.10000000000000, oo))'}}",manual_rich
MCM_113_6fc1f348,"{'a': 1, 'b': 1, 'c': 3}","{'points': [{'x': -3.0, 'y': 20.777}, {'x': -2.75, 'y': 14.0295}, {'x': -2.5, 'y': 9.5977}, {'x': -2.25, 'y': 6.6591}, {'x': -2.0, 'y': 4.6927}, {'x': -1.75, 'y': 3.3654}, {'x': -1.5, 'y': 2.4634}, {'x': -1.25, 'y': 1.8485}, {'x': -1.0, 'y': 1.4315}, {'x': -0.75, 'y': 1.1559}, {'x': -0.5, 'y': 0.9887}, {'x': -0.25, 'y': 0.9168}, {'x': 0.0, 'y': 0.9514}, {'x': 0.25, 'y': 0.9215}, {'x': 0.5, 'y': 1.0264}, {'x': 0.75, 'y': 1.2927}, {'x': 1.0, 'y': 1.7982}, {'x': 1.25, 'y': 2.6953}, {'x': 1.5, 'y': 4.2627}, {'x': 1.75, 'y': 7.0056}, {'x': 2.0, 'y': 11.8431}, {'x': 2.25, 'y': 20.4624}, {'x': 2.5, 'y': 35.9901}, {'x': 2.75, 'y': 64.2792}, {'x': 3.0, 'y': 116.3973}]}","{'formula': '(-x + exp(x))*gamma(Abs(x) + 1.1)', 'latex': '\\left(- x + e^{x}\\right) \\Gamma\\left(\\left|{x}\\right| + 1.1\\right)', 'properties': {'singularities': [], 'is_periodic': False, 'domain': 'Reals'}}",manual_rich
MCM_113_d4fca9ce,"{'a': 1, 'b': 1, 'c': 3}","{'points': [{'x': -3.0, 'y': -4.8127}, {'x': -2.75, 'y': -4.6369}, {'x': -2.5, 'y': -4.4704}, {'x': -2.25, 'y': -4.2962}, {'x': -2.0, 'y': -4.0332}, {'x': -1.75, 'y': -3.2575}, {'x': -1.5, 'y': 0.4962}, {'x': -1.25, 'y': -1.8103}, {'x': -1.0, 'y': -1.4384}, {'x': -0.75, 'y': 0.9202}, {'x': -0.5, 'y': 0.9474}, {'x': -0.25, 'y': 0.7848}, {'x': 0.0, 'y': 0.7402}, {'x': 0.25, 'y': 0.7964}, {'x': 0.5, 'y': 0.9235}, {'x': 0.75, 'y': 1.1011}, {'x': 1.0, 'y': 1.3172}, {'x': 1.25, 'y': 1.5642}, {'x': 1.5, 'y': 1.8382}, {'x': 1.75, 'y': 2.1369}, {'x': 2.0, 'y': 2.4595}, {'x': 2.25, 'y': 2.8065}, {'x': 2.5, 'y': 3.179}, {'x': 2.75, 'y': 3.5791}, {'x': 3.0, 'y': 4.0095}]}","{'formula': '(2**x + x**2)*sin(1/(x + 1.2))', 'latex': '\\left(2^{x} + x^{2}\\right) \\sin{\\left(\\frac{1}{x + 1.2} \\right)}', 'properties': {'singularities': [], 'is_periodic': False, 'domain': 'Union(Interval.open(-oo, -1.20000000000000), Interval.open(-1.20000000000000, oo))'}}",manual_rich
MCM_113_c27447cb,"{'a': 1, 'b': 1, 'c': 3}","{'points': [{'x': -3.0, 'y': 62.1652}, {'x': -2.75, 'y': 38.4458}, {'x': -2.5, 'y': 23.8885}, {'x': -2.25, 'y': 14.9069}, {'x': -2.0, 'y': 9.3399}, {'x': -1.75, 'y': 5.8776}, {'x': -1.5, 'y': 3.7221}, {'x': -1.25, 'y': 2.3856}, {'x': -1.0, 'y': 1.5697}, {'x': -0.75, 'y': 1.0942}, {'x': -0.5, 'y': 0.8552}, {'x': -0.25, 'y': 0.8051}, {'x': 0.0, 'y': 0.9514}, {'x': 0.25, 'y': 1.1155}, {'x': 0.5, 'y': 1.487}, {'x': 0.75, 'y': 2.1222}, {'x': 1.0, 'y': 3.1395}, {'x': 1.25, 'y': 4.7411}, {'x': 1.5, 'y': 7.2602}, {'x': 1.75, 'y': 11.2417}, {'x': 2.0, 'y': 17.581}, {'x': 2.25, 'y': 27.761}, {'x': 2.5, 'y': 44.2581}, {'x': 2.75, 'y': 71.2445}, {'x': 3.0, 'y': 115.8146}]}","{'formula': '(2**x + x**2)*gamma(Abs(x) + 1.1)', 'latex': '\\left(2^{x} + x^{2}\\right) \\Gamma\\left(\\left|{x}\\right| + 1.1\\right)', 'properties': {'singularities': [], 'is_periodic': False, 'domain': 'Reals'}}",manual_rich
MCM_120_841987f2,"{'a': 1, 'b': 2, 'c': 0}","{'points': [{'x': -3.0, 'y': 8.0}, {'x': -2.75, 'y': 6.0}, {'x': -2.5, 'y': 5.0}, {'x': -2.25, 'y': 4.0}, {'x': -2.0, 'y': 3.0}, {'x': -1.75, 'y': 2.0}, {'x': -1.5, 'y': 1.0}, {'x': -1.25, 'y': 0.0}, {'x': -1.0, 'y': 0.0}, {'x': -0.75, 'y': -1.0}, {'x': -0.5, 'y': -1.0}, {'x': -0.25, 'y': -1.0}, {'x': 0.0, 'y': -1.0}, {'x': 0.25, 'y': -1.0}, {'x': 0.5, 'y': -1.0}, {'x': 0.75, 'y': -1.0}, {'x': 1.0, 'y': 0.0}, {'x': 1.25, 'y': 0.0}, {'x': 1.5, 'y': 1.0}, {'x': 1.75, 'y': 2.0}, {'x': 2.0, 'y': 3.0}, {'x': 2.25, 'y': 4.0}, {'x': 2.5, 'y': 5.0}, {'x': 2.75, 'y': 6.0}, {'x': 3.0, 'y': 8.0}]}","{'formula': 'floor(x**2) - 1', 'latex': '\\left\\lfloor{x^{2}}\\right\\rfloor - 1', 'properties': {'singularities': [], 'is_periodic': False, 'domain': 'Reals'}}",manual
MCM_120_934b9f1d,"{'a': 1, 'b': 2, 'c': 0}","{'points': [{'x': -3.0, 'y': -1.5}, {'x': -2.75, 'y': -1.0312}, {'x': -2.5, 'y': -0.625}, {'x': -2.25, 'y': -0.2812}, {'x': -2.0, 'y': 0.0}, {'x': -1.75, 'y': 0.2188}, {'x': -1.5, 'y': 0.375}, {'x': -1.25, 'y': 0.4688}, {'x': -1.0, 'y': 0.5}, {'x': -0.75, 'y': 0.4688}, {'x': -0.5, 'y': 0.375}, {'x': -0.25, 'y': 0.2188}, {'x': 0.0, 'y': 0.0}, {'x': 0.25, 'y': 0.2812}, {'x': 0.5, 'y': 0.625}, {'x': 0.75, 'y': 1.0312}, {'x': 1.0, 'y': 1.5}, {'x': 1.25, 'y': 2.0312}, {'x': 1.5, 'y': 2.625}, {'x': 1.75, 'y': 3.2812}, {'x': 2.0, 'y': 4.0}, {'x': 2.25, 'y': 4.7812}, {'x': 2.5, 'y': 5.625}, {'x': 2.75, 'y': 6.5312}, {'x': 3.0, 'y': 7.5}]}","{'formula': 'Piecewise((x*(0.5*x + 1), x > 0), (x*(-0.5*x - 1), True))', 'latex': '\\begin{cases} x \\left(0.5 x + 1\\right) & \\text{for}\\: x > 0 \\\\x \\left(- 0.5 x - 1\\right) & \\text{otherwise} \\end{cases}', 'properties': {'singularities': [], 'is_periodic': False, 'domain': 'Reals'}}",manual
MCM_120_fef990d1,"{'a': 1, 'b': 2, 'c': 0}","{'points': [{'x': -3.0, 'y': 0.0}, {'x': -2.75, 'y': 0.0}, {'x': -2.5, 'y': 0.0}, {'x': -2.25, 'y': 0.0}, {'x': -2.0, 'y': 0.0}, {'x': -1.75, 'y': 0.0}, {'x': -1.5, 'y': 0.0}, {'x': -1.25, 'y': 0.0}, {'x': -1.0, 'y': 0.0}, {'x': -0.75, 'y': 0.0}, {'x': -0.5, 'y': 0.0}, {'x': -0.25, 'y': 0.0}, {'x': 0.0, 'y': 0.0}, {'x': 0.25, 'y': 0.5}, {'x': 0.5, 'y': 1.0}, {'x': 0.75, 'y': 1.5}, {'x': 1.0, 'y': 2.0}, {'x': 1.25, 'y': 2.5}, {'x': 1.5, 'y': 3.0}, {'x': 1.75, 'y': 3.5}, {'x': 2.0, 'y': 4.0}, {'x': 2.25, 'y': 4.5}, {'x': 2.5, 'y': 5.0}, {'x': 2.75, 'y': 5.5}, {'x': 3.0, 'y': 6.0}]}","{'formula': 'x + Abs(x)', 'latex': 'x + \\left|{x}\\right|', 'properties': {'singularities': [], 'is_periodic': False, 'domain': 'Reals'}}",manual_rich
MCM_120_8a14cf7c,"{'a': 1, 'b': 2, 'c': 0}","{'points': [{'x': -3.0, 'y': 3.0}, {'x': -2.75, 'y': 2.75}, {'x': -2.5, 'y': 2.5}, {'x': -2.25, 'y': 2.25}, {'x': -2.0, 'y': 2.0}, {'x': -1.75, 'y': 1.75}, {'x': -1.5, 'y': 1.5}, {'x': -1.25, 'y': 1.25}, {'x': -1.0, 'y': 1.0}, {'x': -0.75, 'y': 0.75}, {'x': -0.5, 'y': 0.5}, {'x': -0.25, 'y': 0.25}, {'x': 0.0, 'y': 0.0}, {'x': 0.25, 'y': 0.25}, {'x': 0.5, 'y': 0.5}, {'x': 0.75, 'y': 0.75}, {'x': 1.0, 'y': 1.0}, {'x': 1.25, 'y': 1.25}, {'x': 1.5, 'y': 1.5}, {'x': 1.75, 'y': 1.75}, {'x': 2.0, 'y': 2.0}, {'x': 2.25, 'y': 2.25}, {'x': 2.5, 'y': 2.5}, {'x': 2.75, 'y': 2.75}, {'x': 3.0, 'y': 3.0}]}","{'formula': 'x*sign(x)', 'latex': 'x \\operatorname{sign}{\\left(x \\right)}', 'properties': {'singularities': [], 'is_periodic': False, 'domain': 'Reals'}}",manual_rich
MCM_120_6f76d379,"{'a': 1, 'b': 2, 'c': 0}","{'points': [{'x': -3.0, 'y': -0.4234}, {'x': -2.75, 'y': -1.0496}, {'x': -2.5, 'y': -1.4962}, {'x': -2.25, 'y': -1.7507}, {'x': -2.0, 'y': -1.8186}, {'x': -1.75, 'y': -1.722}, {'x': -1.5, 'y': -1.4962}, {'x': -1.25, 'y': -1.1862}, {'x': -1.0, 'y': -0.8415}, {'x': -0.75, 'y': -0.5112}, {'x': -0.5, 'y': -0.2397}, {'x': -0.25, 'y': -0.0619}, {'x': 0.0, 'y': 0.0}, {'x': 0.25, 'y': 0.0619}, {'x': 0.5, 'y': 0.2397}, {'x': 0.75, 'y': 0.5112}, {'x': 1.0, 'y': 0.8415}, {'x': 1.25, 'y': 1.1862}, {'x': 1.5, 'y': 1.4962}, {'x': 1.75, 'y': 1.722}, {'x': 2.0, 'y': 1.8186}, {'x': 2.25, 'y': 1.7507}, {'x': 2.5, 'y': 1.4962}, {'x': 2.75, 'y': 1.0496}, {'x': 3.0, 'y': 0.4234}]}","{'formula': 'sin(x)*Abs(x)', 'latex': '\\sin{\\left(x \\right)} \\left|{x}\\right|', 'properties': {'singularities': [], 'is_periodic': False, 'domain': 'Reals'}}",manual_rich
MCM_120_e97e25ee,"{'a': 1, 'b': 2, 'c': 0}","{'points': [{'x': -3.0, 'y': 0.1411}, {'x': -2.75, 'y': 0.3817}, {'x': -2.5, 'y': 0.5985}, {'x': -2.25, 'y': 0.7781}, {'x': -2.0, 'y': 0.9093}, {'x': -1.75, 'y': 0.984}, {'x': -1.5, 'y': 0.9975}, {'x': -1.25, 'y': 0.949}, {'x': -1.0, 'y': 0.8415}, {'x': -0.75, 'y': 0.6816}, {'x': -0.5, 'y': 0.4794}, {'x': -0.25, 'y': 0.2474}, {'x': 0.0, 'y': 0.0}, {'x': 0.25, 'y': 0.2474}, {'x': 0.5, 'y': 0.4794}, {'x': 0.75, 'y': 0.6816}, {'x': 1.0, 'y': 0.8415}, {'x': 1.25, 'y': 0.949}, {'x': 1.5, 'y': 0.9975}, {'x': 1.75, 'y': 0.984}, {'x': 2.0, 'y': 0.9093}, {'x': 2.25, 'y': 0.7781}, {'x': 2.5, 'y': 0.5985}, {'x': 2.75, 'y': 0.3817}, {'x': 3.0, 'y': 0.1411}]}","{'formula': 'Abs(sin(x))', 'latex': '\\left|{\\sin{\\left(x \\right)}}\\right|', 'properties': {'singularities': [], 'is_periodic': True, 'domain': 'Reals', 'period_value': 'pi'}}",manual_rich
MCM_121_743a7a37,"{'a': 1, 'b': 2, 'c': 1}","{'points': [{'x': -3.0, 'y': -0.1455}, {'x': -2.75, 'y': 0.9602}, {'x': -2.5, 'y': 0.2837}, {'x': -2.25, 'y': -0.6536}, {'x': -2.0, 'y': -0.99}, {'x': -1.75, 'y': -0.4161}, {'x': -1.5, 'y': 0.5403}, {'x': -1.25, 'y': 1.0}, {'x': -1.0, 'y': 1.0}, {'x': -0.75, 'y': 0.5403}, {'x': -0.5, 'y': 0.5403}, {'x': -0.25, 'y': 0.5403}, {'x': 0.0, 'y': 0.5403}, {'x': 0.25, 'y': 0.5403}, {'x': 0.5, 'y': 0.5403}, {'x': 0.75, 'y': 0.5403}, {'x': 1.0, 'y': 1.0}, {'x': 1.25, 'y': 1.0}, {'x': 1.5, 'y': 0.5403}, {'x': 1.75, 'y': -0.4161}, {'x': 2.0, 'y': -0.99}, {'x': 2.25, 'y': -0.6536}, {'x': 2.5, 'y': 0.2837}, {'x': 2.75, 'y': 0.9602}, {'x': 3.0, 'y': -0.1455}]}","{'formula': 'cos(floor(x**2) - 1)', 'latex': '\\cos{\\left(\\left\\lfloor{x^{2}}\\right\\rfloor - 1 \\right)}', 'properties': {'singularities': [], 'is_periodic': False, 'domain': 'Reals'}}",manual
MCM_121_6760d6ba,"{'a': 1, 'b': 2, 'c': 1}","{'points': [{'x': -3.0, 'y': 0.0}, {'x': -2.75, 'y': 0.0}, {'x': -2.5, 'y': 0.0}, {'x': -2.25, 'y': 0.0}, {'x': -2.0, 'y': 0.0}, {'x': -1.75, 'y': 0.0}, {'x': -1.5, 'y': 0.0}, {'x': -1.25, 'y': 0.0}, {'x': -1.0, 'y': 0.0}, {'x': -0.75, 'y': 0.0}, {'x': -0.5, 'y': 0.0}, {'x': -0.25, 'y': 0.0}, {'x': 0.0, 'y': 0.0}, {'x': 0.25, 'y': 0.4794}, {'x': 0.5, 'y': 0.8415}, {'x': 0.75, 'y': 0.9975}, {'x': 1.0, 'y': 0.9093}, {'x': 1.25, 'y': 0.5985}, {'x': 1.5, 'y': 0.1411}, {'x': 1.75, 'y': -0.3508}, {'x': 2.0, 'y': -0.7568}, {'x': 2.25, 'y': -0.9775}, {'x': 2.5, 'y': -0.9589}, {'x': 2.75, 'y': -0.7055}, {'x': 3.0, 'y': -0.2794}]}","{'formula': 'sin(x + Abs(x))', 'latex': '\\sin{\\left(x + \\left|{x}\\right| \\right)}', 'properties': {'singularities': [], 'is_periodic': False, 'domain': 'Reals'}}",manual_rich
MCM_121_94b563cd,"{'a': 1, 'b': 2, 'c': 1}","{'points': [{'x': -3.0, 'y': 1.0}, {'x': -2.75, 'y': 1.0}, {'x': -2.5, 'y': 1.0}, {'x': -2.25, 'y': 1.0}, {'x': -2.0, 'y': 1.0}, {'x': -1.75, 'y': 1.0}, {'x': -1.5, 'y': 1.0}, {'x': -1.25, 'y': 1.0}, {'x': -1.0, 'y': 1.0}, {'x': -0.75, 'y': 1.0}, {'x': -0.5, 'y': 1.0}, {'x': -0.25, 'y': 1.0}, {'x': 0.0, 'y': 1.0}, {'x': 0.25, 'y': 0.8776}, {'x': 0.5, 'y': 0.5403}, {'x': 0.75, 'y': 0.0707}, {'x': 1.0, 'y': -0.4161}, {'x': 1.25, 'y': -0.8011}, {'x': 1.5, 'y': -0.99}, {'x': 1.75, 'y': -0.9365}, {'x': 2.0, 'y': -0.6536}, {'x': 2.25, 'y': -0.2108}, {'x': 2.5, 'y': 0.2837}, {'x': 2.75, 'y': 0.7087}, {'x': 3.0, 'y': 0.9602}]}","{'formula': 'cos(x + Abs(x))', 'latex': '\\cos{\\left(x + \\left|{x}\\right| \\right)}', 'properties': {'singularities': [], 'is_periodic': False, 'domain': 'Reals'}}",manual_rich
MCM_121_cde2050a,"{'a': 1, 'b': 2, 'c': 1}","{'points': [{'x': -3.0, 'y': 0.1411}, {'x': -2.75, 'y': 0.3817}, {'x': -2.5, 'y': 0.5985}, {'x': -2.25, 'y': 0.7781}, {'x': -2.0, 'y': 0.9093}, {'x': -1.75, 'y': 0.984}, {'x': -1.5, 'y': 0.9975}, {'x': -1.25, 'y': 0.949}, {'x': -1.0, 'y': 0.8415}, {'x': -0.75, 'y': 0.6816}, {'x': -0.5, 'y': 0.4794}, {'x': -0.25, 'y': 0.2474}, {'x': 0.0, 'y': 0.0}, {'x': 0.25, 'y': 0.2474}, {'x': 0.5, 'y': 0.4794}, {'x': 0.75, 'y': 0.6816}, {'x': 1.0, 'y': 0.8415}, {'x': 1.25, 'y': 0.949}, {'x': 1.5, 'y': 0.9975}, {'x': 1.75, 'y': 0.984}, {'x': 2.0, 'y': 0.9093}, {'x': 2.25, 'y': 0.7781}, {'x': 2.5, 'y': 0.5985}, {'x': 2.75, 'y': 0.3817}, {'x': 3.0, 'y': 0.1411}]}","{'formula': 'sin(x*sign(x))', 'latex': '\\sin{\\left(x \\operatorname{sign}{\\left(x \\right)} \\right)}', 'properties': {'singularities': [], 'is_periodic': False, 'domain': 'Reals'}}",manual_rich
MCM_121_412d0ea8,"{'a': 1, 'b': 2, 'c': 1}","{'points': [{'x': -3.0, 'y': -0.99}, {'x': -2.75, 'y': -0.9243}, {'x': -2.5, 'y': -0.8011}, {'x': -2.25, 'y': -0.6282}, {'x': -2.0, 'y': -0.4161}, {'x': -1.75, 'y': -0.1782}, {'x': -1.5, 'y': 0.0707}, {'x': -1.25, 'y': 0.3153}, {'x': -1.0, 'y': 0.5403}, {'x': -0.75, 'y': 0.7317}, {'x': -0.5, 'y': 0.8776}, {'x': -0.25, 'y': 0.9689}, {'x': 0.0, 'y': 1.0}, {'x': 0.25, 'y': 0.9689}, {'x': 0.5, 'y': 0.8776}, {'x': 0.75, 'y': 0.7317}, {'x': 1.0, 'y': 0.5403}, {'x': 1.25, 'y': 0.3153}, {'x': 1.5, 'y': 0.0707}, {'x': 1.75, 'y': -0.1782}, {'x': 2.0, 'y': -0.4161}, {'x': 2.25, 'y': -0.6282}, {'x': 2.5, 'y': -0.8011}, {'x': 2.75, 'y': -0.9243}, {'x': 3.0, 'y': -0.99}]}","{'formula': 'cos(x*sign(x))', 'latex': '\\cos{\\left(x \\operatorname{sign}{\\left(x \\right)} \\right)}', 'properties': {'singularities': [], 'is_periodic': False, 'domain': 'Reals'}}",manual_rich
MCM_121_afa6ca41,"{'a': 1, 'b': 2, 'c': 1}","{'points': [{'x': -3.0, 'y': -0.4108}, {'x': -2.75, 'y': -0.8672}, {'x': -2.5, 'y': -0.9972}, {'x': -2.25, 'y': -0.9839}, {'x': -2.0, 'y': -0.9695}, {'x': -1.75, 'y': -0.9886}, {'x': -1.5, 'y': -0.9972}, {'x': -1.25, 'y': -0.927}, {'x': -1.0, 'y': -0.7456}, {'x': -0.75, 'y': -0.4892}, {'x': -0.5, 'y': -0.2374}, {'x': -0.25, 'y': -0.0618}, {'x': 0.0, 'y': 0.0}, {'x': 0.25, 'y': 0.0618}, {'x': 0.5, 'y': 0.2374}, {'x': 0.75, 'y': 0.4892}, {'x': 1.0, 'y': 0.7456}, {'x': 1.25, 'y': 0.927}, {'x': 1.5, 'y': 0.9972}, {'x': 1.75, 'y': 0.9886}, {'x': 2.0, 'y': 0.9695}, {'x': 2.25, 'y': 0.9839}, {'x': 2.5, 'y': 0.9972}, {'x': 2.75, 'y': 0.8672}, {'x': 3.0, 'y': 0.4108}]}","{'formula': 'sin(sin(x)*Abs(x))', 'latex': '\\sin{\\left(\\sin{\\left(x \\right)} \\left|{x}\\right| \\right)}', 'properties': {'singularities': [], 'is_periodic': False, 'domain': 'Reals'}}",manual_rich
MCM_121_146adb12,"{'a': 1, 'b': 2, 'c': 1}","{'points': [{'x': -3.0, 'y': 0.9117}, {'x': -2.75, 'y': 0.4979}, {'x': -2.5, 'y': 0.0745}, {'x': -2.25, 'y': -0.1789}, {'x': -2.0, 'y': -0.2453}, {'x': -1.75, 'y': -0.1506}, {'x': -1.5, 'y': 0.0745}, {'x': -1.25, 'y': 0.3752}, {'x': -1.0, 'y': 0.6664}, {'x': -0.75, 'y': 0.8721}, {'x': -0.5, 'y': 0.9714}, {'x': -0.25, 'y': 0.9981}, {'x': 0.0, 'y': 1.0}, {'x': 0.25, 'y': 0.9981}, {'x': 0.5, 'y': 0.9714}, {'x': 0.75, 'y': 0.8721}, {'x': 1.0, 'y': 0.6664}, {'x': 1.25, 'y': 0.3752}, {'x': 1.5, 'y': 0.0745}, {'x': 1.75, 'y': -0.1506}, {'x': 2.0, 'y': -0.2453}, {'x': 2.25, 'y': -0.1789}, {'x': 2.5, 'y': 0.0745}, {'x': 2.75, 'y': 0.4979}, {'x': 3.0, 'y': 0.9117}]}","{'formula': 'cos(sin(x)*Abs(x))', 'latex': '\\cos{\\left(\\sin{\\left(x \\right)} \\left|{x}\\right| \\right)}', 'properties': {'singularities': [], 'is_periodic': False, 'domain': 'Reals'}}",manual_rich
MCM_121_d8c3e50b,"{'a': 1, 'b': 2, 'c': 1}","{'points': [{'x': -3.0, 'y': 0.1407}, {'x': -2.75, 'y': 0.3725}, {'x': -2.5, 'y': 0.5634}, {'x': -2.25, 'y': 0.7019}, {'x': -2.0, 'y': 0.7891}, {'x': -1.75, 'y': 0.8327}, {'x': -1.5, 'y': 0.8401}, {'x': -1.25, 'y': 0.8128}, {'x': -1.0, 'y': 0.7456}, {'x': -0.75, 'y': 0.6301}, {'x': -0.5, 'y': 0.4613}, {'x': -0.25, 'y': 0.2449}, {'x': 0.0, 'y': 0.0}, {'x': 0.25, 'y': 0.2449}, {'x': 0.5, 'y': 0.4613}, {'x': 0.75, 'y': 0.6301}, {'x': 1.0, 'y': 0.7456}, {'x': 1.25, 'y': 0.8128}, {'x': 1.5, 'y': 0.8401}, {'x': 1.75, 'y': 0.8327}, {'x': 2.0, 'y': 0.7891}, {'x': 2.25, 'y': 0.7019}, {'x': 2.5, 'y': 0.5634}, {'x': 2.75, 'y': 0.3725}, {'x': 3.0, 'y': 0.1407}]}","{'formula': 'sin(Abs(sin(x)))', 'latex': '\\sin{\\left(\\left|{\\sin{\\left(x \\right)}}\\right| \\right)}', 'properties': {'singularities': [], 'is_periodic': True, 'domain': 'Reals', 'period_value': '2*pi'}}",manual_rich
MCM_121_b2f06974,"{'a': 1, 'b': 2, 'c': 1}","{'points': [{'x': -3.0, 'y': 0.9901}, {'x': -2.75, 'y': 0.928}, {'x': -2.5, 'y': 0.8262}, {'x': -2.25, 'y': 0.7123}, {'x': -2.0, 'y': 0.6143}, {'x': -1.75, 'y': 0.5537}, {'x': -1.5, 'y': 0.5424}, {'x': -1.25, 'y': 0.5825}, {'x': -1.0, 'y': 0.6664}, {'x': -0.75, 'y': 0.7765}, {'x': -0.5, 'y': 0.8873}, {'x': -0.25, 'y': 0.9696}, {'x': 0.0, 'y': 1.0}, {'x': 0.25, 'y': 0.9696}, {'x': 0.5, 'y': 0.8873}, {'x': 0.75, 'y': 0.7765}, {'x': 1.0, 'y': 0.6664}, {'x': 1.25, 'y': 0.5825}, {'x': 1.5, 'y': 0.5424}, {'x': 1.75, 'y': 0.5537}, {'x': 2.0, 'y': 0.6143}, {'x': 2.25, 'y': 0.7123}, {'x': 2.5, 'y': 0.8262}, {'x': 2.75, 'y': 0.928}, {'x': 3.0, 'y': 0.9901}]}","{'formula': 'cos(Abs(sin(x)))', 'latex': '\\cos{\\left(\\left|{\\sin{\\left(x \\right)}}\\right| \\right)}', 'properties': {'singularities': [], 'is_periodic': True, 'domain': 'Reals', 'period_value': '2*pi'}}",manual_rich
MCM_122_d2d7675c,"{'a': 1, 'b': 2, 'c': 2}","{'points': [{'x': -3.0, 'y': -2.8571}, {'x': -2.75, 'y': -2.3529}, {'x': -2.5, 'y': -2.1739}, {'x': -2.25, 'y': -1.9512}, {'x': -2.0, 'y': -1.6667}, {'x': -1.75, 'y': -1.2903}, {'x': -1.5, 'y': -0.7692}, {'x': -1.25, 'y': 0.0}, {'x': -1.0, 'y': 0.0}, {'x': -0.75, 'y': 1.8182}, {'x': -0.5, 'y': 3.3333}, {'x': -0.25, 'y': 20.0}, {'x': 0.0, 'y': -5.0}, {'x': 0.25, 'y': -2.2222}, {'x': 0.5, 'y': -1.4286}, {'x': 0.75, 'y': -1.0526}, {'x': 1.0, 'y': 0.0}, {'x': 1.25, 'y': 0.0}, {'x': 1.5, 'y': 0.5882}, {'x': 1.75, 'y': 1.0256}, {'x': 2.0, 'y': 1.3636}, {'x': 2.25, 'y': 1.6327}, {'x': 2.5, 'y': 1.8519}, {'x': 2.75, 'y': 2.0339}, {'x': 3.0, 'y': 2.5}]}","{'formula': '(floor(x**2) - 1)/(x + 0.2)', 'latex': '\\frac{\\left\\lfloor{x^{2}}\\right\\rfloor - 1}{x + 0.2}', 'properties': {'singularities': [], 'is_periodic': False, 'domain': 'Reals'}}",manual
MCM_122_a590f56f,"{'a': 1, 'b': 2, 'c': 2}","{'points': [{'x': -3.0, 'y': 0.3659}, {'x': -2.75, 'y': 0.2679}, {'x': -2.5, 'y': 0.1736}, {'x': -2.25, 'y': 0.084}, {'x': -2.0, 'y': 0.0}, {'x': -1.75, 'y': -0.0768}, {'x': -1.5, 'y': -0.1442}, {'x': -1.25, 'y': -0.1995}, {'x': -1.0, 'y': -0.2381}, {'x': -0.75, 'y': -0.2534}, {'x': -0.5, 'y': -0.2344}, {'x': -0.25, 'y': -0.162}, {'x': 0.0, 'y': 0.0}, {'x': 0.25, 'y': -0.3309}, {'x': 0.5, 'y': -1.0417}, {'x': 0.75, 'y': -2.9464}, {'x': 1.0, 'y': -15.0}, {'x': 1.25, 'y': 13.5417}, {'x': 1.5, 'y': 6.5625}, {'x': 1.75, 'y': 5.0481}, {'x': 2.0, 'y': 4.4444}, {'x': 2.25, 'y': 4.1576}, {'x': 2.5, 'y': 4.0179}, {'x': 2.75, 'y': 3.9583}, {'x': 3.0, 'y': 3.9474}]}","{'formula': 'Piecewise((x*(0.5*x + 1)/(x - 1.1), x > 0), (-x*(0.5*x + 1)/(x - 1.1), True))', 'latex': '\\begin{cases} \\frac{x \\left(0.5 x + 1\\right)}{x - 1.1} & \\text{for}\\: x > 0 \\\\- \\frac{x \\left(0.5 x + 1\\right)}{x - 1.1} & \\text{otherwise} \\end{cases}', 'properties': {'singularities': [], 'is_periodic': False, 'domain': 'Reals'}}",manual
MCM_122_e029dfef,"{'a': 1, 'b': 2, 'c': 2}","{'points': [{'x': -3.0, 'y': 0.0}, {'x': -2.75, 'y': 0.0}, {'x': -2.5, 'y': 0.0}, {'x': -2.25, 'y': 0.0}, {'x': -2.0, 'y': 0.0}, {'x': -1.75, 'y': 0.0}, {'x': -1.5, 'y': 0.0}, {'x': -1.25, 'y': 0.0}, {'x': -1.0, 'y': 0.0}, {'x': -0.75, 'y': 0.0}, {'x': -0.5, 'y': 0.0}, {'x': -0.25, 'y': 0.0}, {'x': 0.0, 'y': 0.0}, {'x': 0.25, 'y': 3.3333}, {'x': 0.5, 'y': 2.5}, {'x': 0.75, 'y': 2.3077}, {'x': 1.0, 'y': 2.2222}, {'x': 1.25, 'y': 2.1739}, {'x': 1.5, 'y': 2.1429}, {'x': 1.75, 'y': 2.1212}, {'x': 2.0, 'y': 2.1053}, {'x': 2.25, 'y': 2.093}, {'x': 2.5, 'y': 2.0833}, {'x': 2.75, 'y': 2.0755}, {'x': 3.0, 'y': 2.069}]}","{'formula': '(x + Abs(x))/(x - 0.1)', 'latex': '\\frac{x + \\left|{x}\\right|}{x - 0.1}', 'properties': {'singularities': [], 'is_periodic': False, 'domain': 'Union(Interval.open(-oo, 0.100000000000000), Interval.open(0.100000000000000, oo))'}}",manual_rich
MCM_122_83527937,"{'a': 1, 'b': 2, 'c': 2}","{'points': [{'x': -3.0, 'y': -0.9375}, {'x': -2.75, 'y': -0.9322}, {'x': -2.5, 'y': -0.9259}, {'x': -2.25, 'y': -0.9184}, {'x': -2.0, 'y': -0.9091}, {'x': -1.75, 'y': -0.8974}, {'x': -1.5, 'y': -0.8824}, {'x': -1.25, 'y': -0.8621}, {'x': -1.0, 'y': -0.8333}, {'x': -0.75, 'y': -0.7895}, {'x': -0.5, 'y': -0.7143}, {'x': -0.25, 'y': -0.5556}, {'x': 0.0, 'y': 0.0}, {'x': 0.25, 'y': 5.0}, {'x': 0.5, 'y': 1.6667}, {'x': 0.75, 'y': 1.3636}, {'x': 1.0, 'y': 1.25}, {'x': 1.25, 'y': 1.1905}, {'x': 1.5, 'y': 1.1538}, {'x': 1.75, 'y': 1.129}, {'x': 2.0, 'y': 1.1111}, {'x': 2.25, 'y': 1.0976}, {'x': 2.5, 'y': 1.087}, {'x': 2.75, 'y': 1.0784}, {'x': 3.0, 'y': 1.0714}]}","{'formula': 'x*sign(x)/(x - 0.2)', 'latex': '\\frac{x \\operatorname{sign}{\\left(x \\right)}}{x - 0.2}', 'properties': {'singularities': [], 'is_periodic': False, 'domain': 'Reals'}}",manual_rich
MCM_122_e6c467c7,"{'a': 1, 'b': 2, 'c': 2}","{'points': [{'x': -3.0, 'y': 0.1485}, {'x': -2.75, 'y': 0.4037}, {'x': -2.5, 'y': 0.6367}, {'x': -2.25, 'y': 0.8336}, {'x': -2.0, 'y': 0.983}, {'x': -1.75, 'y': 1.0762}, {'x': -1.5, 'y': 1.1083}, {'x': -1.25, 'y': 1.0784}, {'x': -1.0, 'y': 0.99}, {'x': -0.75, 'y': 0.852}, {'x': -0.5, 'y': 0.6849}, {'x': -0.25, 'y': 0.6185}, {'x': 0.0, 'y': 0.0}, {'x': 0.25, 'y': 0.1546}, {'x': 0.5, 'y': 0.3688}, {'x': 0.75, 'y': 0.568}, {'x': 1.0, 'y': 0.7317}, {'x': 1.25, 'y': 0.8473}, {'x': 1.5, 'y': 0.9068}, {'x': 1.75, 'y': 0.9063}, {'x': 2.0, 'y': 0.8459}, {'x': 2.25, 'y': 0.7294}, {'x': 2.5, 'y': 0.5646}, {'x': 2.75, 'y': 0.3619}, {'x': 3.0, 'y': 0.1344}]}","{'formula': 'sin(x)*Abs(x)/(x + 0.15)', 'latex': '\\frac{\\sin{\\left(x \\right)} \\left|{x}\\right|}{x + 0.15}', 'properties': {'singularities': [], 'is_periodic': False, 'domain': 'Union(Interval.open(-oo, -0.150000000000000), Interval.open(-0.150000000000000, oo))'}}",manual_rich
MCM_122_c8c97405,"{'a': 1, 'b': 2, 'c': 2}","{'points': [{'x': -3.0, 'y': -0.0523}, {'x': -2.75, 'y': -0.1558}, {'x': -2.5, 'y': -0.272}, {'x': -2.25, 'y': -0.399}, {'x': -2.0, 'y': -0.5349}, {'x': -1.75, 'y': -0.6786}, {'x': -1.5, 'y': -0.8312}, {'x': -1.25, 'y': -0.9989}, {'x': -1.0, 'y': -1.2021}, {'x': -0.75, 'y': -1.5148}, {'x': -0.5, 'y': -2.3971}, {'x': -0.25, 'y': 4.9481}, {'x': 0.0, 'y': 0.0}, {'x': 0.25, 'y': 0.4498}, {'x': 0.5, 'y': 0.5993}, {'x': 0.75, 'y': 0.6492}, {'x': 1.0, 'y': 0.6473}, {'x': 1.25, 'y': 0.6122}, {'x': 1.5, 'y': 0.5542}, {'x': 1.75, 'y': 0.48}, {'x': 2.0, 'y': 0.3953}, {'x': 2.25, 'y': 0.3051}, {'x': 2.5, 'y': 0.2137}, {'x': 2.75, 'y': 0.1251}, {'x': 3.0, 'y': 0.0428}]}","{'formula': 'Abs(sin(x))/(x + 0.3)', 'latex': '\\frac{\\left|{\\sin{\\left(x \\right)}}\\right|}{x + 0.3}', 'properties': {'singularities': [], 'is_periodic': False, 'domain': 'Union(Interval.open(-oo, -0.300000000000000), Interval.open(-0.300000000000000, oo))'}}",manual_rich
MCM_123_cfbd1217,"{'a': 1, 'b': 2, 'c': 3}","{'points': [{'x': -3.0, 'y': 160.6843}, {'x': -2.75, 'y': 93.8558}, {'x': -2.5, 'y': 60.9125}, {'x': -2.25, 'y': 37.9509}, {'x': -2.0, 'y': 22.1672}, {'x': -1.75, 'y': 11.5092}, {'x': -1.5, 'y': 4.4817}, {'x': -1.25, 'y': 0.0}, {'x': -1.0, 'y': 0.0}, {'x': -0.75, 'y': -2.117}, {'x': -0.5, 'y': -1.6487}, {'x': -0.25, 'y': -1.284}, {'x': 0.0, 'y': -1.0}, {'x': 0.25, 'y': -1.284}, {'x': 0.5, 'y': -1.6487}, {'x': 0.75, 'y': -2.117}, {'x': 1.0, 'y': 0.0}, {'x': 1.25, 'y': 0.0}, {'x': 1.5, 'y': 4.4817}, {'x': 1.75, 'y': 11.5092}, {'x': 2.0, 'y': 22.1672}, {'x': 2.25, 'y': 37.9509}, {'x': 2.5, 'y': 60.9125}, {'x': 2.75, 'y': 93.8558}, {'x': 3.0, 'y': 160.6843}]}","{'formula': '(floor(x**2) - 1)*exp(Abs(x))', 'latex': '\\left(\\left\\lfloor{x^{2}}\\right\\rfloor - 1\\right) e^{\\left|{x}\\right|}', 'properties': {'singularities': [], 'is_periodic': False, 'domain': 'Reals'}}",manual
MCM_123_5cbde55d,"{'a': 1, 'b': 2, 'c': 3}","{'points': [{'x': -3.0, 'y': -241.9586}, {'x': -2.75, 'y': -156.2733}, {'x': -2.5, 'y': -96.7022}, {'x': -2.25, 'y': -56.7842}, {'x': -2.0, 'y': -32.0}, {'x': -1.75, 'y': -15.5541}, {'x': -1.5, 'y': -6.6872}, {'x': -1.25, 'y': -2.1247}, {'x': -1.0, 'y': -0.067}, {'x': -0.75, 'y': 0.6897}, {'x': -0.5, 'y': 0.8753}, {'x': -0.25, 'y': 0.858}, {'x': 0.0, 'y': 0.0}, {'x': 0.25, 'y': 0.8818}, {'x': 0.5, 'y': 0.9853}, {'x': 0.75, 'y': 1.2404}, {'x': 1.0, 'y': 2.0414}, {'x': 1.25, 'y': 4.1252}, {'x': 1.5, 'y': 8.6951}, {'x': 1.75, 'y': 17.5393}, {'x': 2.0, 'y': 33.1487}, {'x': 2.25, 'y': 58.8344}, {'x': 2.5, 'y': 98.8448}, {'x': 2.75, 'y': 158.4828}, {'x': 3.0, 'y': 244.2232}]}","{'formula': 'x**5 + Abs(x*(0.5*x + 1))**0.1', 'latex': 'x^{5} + \\left|{x \\left(0.5 x + 1\\right)}\\right|^{0.1}', 'properties': {'singularities': [], 'is_periodic': False, 'domain': 'Reals'}}",manual
MCM_123_cf32b24b,"{'a': 1, 'b': 2, 'c': 3}","{'points': [{'x': -3.0, 'y': 0.0}, {'x': -2.75, 'y': 0.0}, {'x': -2.5, 'y': 0.0}, {'x': -2.25, 'y': 0.0}, {'x': -2.0, 'y': 0.0}, {'x': -1.75, 'y': 0.0}, {'x': -1.5, 'y': 0.0}, {'x': -1.25, 'y': 0.0}, {'x': -1.0, 'y': 0.0}, {'x': -0.75, 'y': 0.0}, {'x': -0.5, 'y': 0.0}, {'x': -0.25, 'y': 0.0}, {'x': 0.0, 'y': 0.0}, {'x': 0.25, 'y': 0.4565}, {'x': 0.5, 'y': -0.1906}, {'x': 0.75, 'y': 1.4543}, {'x': 1.0, 'y': 1.898}, {'x': 1.25, 'y': 2.037}, {'x': 1.5, 'y': 2.0867}, {'x': 1.75, 'y': 2.1046}, {'x': 2.0, 'y': 2.1097}, {'x': 2.25, 'y': 2.1091}, {'x': 2.5, 'y': 2.1061}, {'x': 2.75, 'y': 2.102}, {'x': 3.0, 'y': 2.0976}]}","{'formula': '(x + Abs(x))*sin(1/(x - 0.2))', 'latex': '\\left(x + \\left|{x}\\right|\\right) \\sin{\\left(\\frac{1}{x - 0.2} \\right)}', 'properties': {'singularities': [], 'is_periodic': False, 'domain': 'Union(Interval.open(-oo, 0.200000000000000), Interval.open(0.200000000000000, oo))'}}",manual_rich
MCM_123_8b3b3ee3,"{'a': 1, 'b': 2, 'c': 3}","{'points': [{'x': -3.0, 'y': 0.0}, {'x': -2.75, 'y': 0.0}, {'x': -2.5, 'y': 0.0}, {'x': -2.25, 'y': 0.0}, {'x': -2.0, 'y': 0.0}, {'x': -1.75, 'y': 0.0}, {'x': -1.5, 'y': 0.0}, {'x': -1.25, 'y': 0.0}, {'x': -1.0, 'y': 0.0}, {'x': -0.75, 'y': 0.0}, {'x': -0.5, 'y': 0.0}, {'x': -0.25, 'y': 0.0}, {'x': 0.0, 'y': 0.0}, {'x': 0.25, 'y': 0.4456}, {'x': 0.5, 'y': 0.8935}, {'x': 0.75, 'y': 1.4184}, {'x': 1.0, 'y': 2.093}, {'x': 1.25, 'y': 3.0076}, {'x': 1.5, 'y': 4.2889}, {'x': 1.75, 'y': 6.1228}, {'x': 2.0, 'y': 8.7905}, {'x': 2.25, 'y': 12.7223}, {'x': 2.5, 'y': 18.5851}, {'x': 2.75, 'y': 27.4215}, {'x': 3.0, 'y': 40.8757}]}","{'formula': '(x + Abs(x))*gamma(Abs(x) + 1.1)', 'latex': '\\left(x + \\left|{x}\\right|\\right) \\Gamma\\left(\\left|{x}\\right| + 1.1\\right)', 'properties': {'singularities': [], 'is_periodic': False, 'domain': 'Reals'}}",manual_rich
MCM_123_a3c67f66,"{'a': 1, 'b': 2, 'c': 3}","{'points': [{'x': -3.0, 'y': -1.0312}, {'x': -2.75, 'y': -1.0318}, {'x': -2.5, 'y': -1.032}, {'x': -2.25, 'y': -1.0314}, {'x': -2.0, 'y': -1.0292}, {'x': -1.75, 'y': -1.0239}, {'x': -1.5, 'y': -1.0123}, {'x': -1.25, 'y': -0.9862}, {'x': -1.0, 'y': -0.9233}, {'x': -0.75, 'y': -0.7466}, {'x': -0.5, 'y': -0.1403}, {'x': -0.25, 'y': 0.136}, {'x': 0.0, 'y': 0.0}, {'x': 0.25, 'y': 0.1496}, {'x': 0.5, 'y': 0.4997}, {'x': 0.75, 'y': 0.6721}, {'x': 1.0, 'y': 0.764}, {'x': 1.25, 'y': 0.8188}, {'x': 1.5, 'y': 0.8545}, {'x': 1.75, 'y': 0.8791}, {'x': 2.0, 'y': 0.8971}, {'x': 2.25, 'y': 0.9106}, {'x': 2.5, 'y': 0.9212}, {'x': 2.75, 'y': 0.9296}, {'x': 3.0, 'y': 0.9365}]}","{'formula': 'x*sin(1/(x + 0.15))*sign(x)', 'latex': 'x \\sin{\\left(\\frac{1}{x + 0.15} \\right)} \\operatorname{sign}{\\left(x \\right)}', 'properties': {'singularities': [], 'is_periodic': False, 'domain': 'Reals'}}",manual_rich
MCM_123_30dd0e06,"{'a': 1, 'b': 2, 'c': 3}","{'points': [{'x': -3.0, 'y': 20.4379}, {'x': -2.75, 'y': 13.7108}, {'x': -2.5, 'y': 9.2926}, {'x': -2.25, 'y': 6.3612}, {'x': -2.0, 'y': 4.3952}, {'x': -1.75, 'y': 3.0614}, {'x': -1.5, 'y': 2.1444}, {'x': -1.25, 'y': 1.5038}, {'x': -1.0, 'y': 1.0465}, {'x': -0.75, 'y': 0.7092}, {'x': -0.5, 'y': 0.4468}, {'x': -0.25, 'y': 0.2228}, {'x': 0.0, 'y': 0.0}, {'x': 0.25, 'y': 0.2228}, {'x': 0.5, 'y': 0.4468}, {'x': 0.75, 'y': 0.7092}, {'x': 1.0, 'y': 1.0465}, {'x': 1.25, 'y': 1.5038}, {'x': 1.5, 'y': 2.1444}, {'x': 1.75, 'y': 3.0614}, {'x': 2.0, 'y': 4.3952}, {'x': 2.25, 'y': 6.3612}, {'x': 2.5, 'y': 9.2926}, {'x': 2.75, 'y': 13.7108}, {'x': 3.0, 'y': 20.4379}]}","{'formula': 'x*gamma(Abs(x) + 1.1)*sign(x)', 'latex': 'x \\Gamma\\left(\\left|{x}\\right| + 1.1\\right) \\operatorname{sign}{\\left(x \\right)}', 'properties': {'singularities': [], 'is_periodic': False, 'domain': 'Reals'}}",manual_rich
MCM_123_36db1fa2,"{'a': 1, 'b': 2, 'c': 3}","{'points': [{'x': -3.0, 'y': 0.1532}, {'x': -2.75, 'y': 0.4166}, {'x': -2.5, 'y': 0.6569}, {'x': -2.25, 'y': 0.8589}, {'x': -2.0, 'y': 1.0091}, {'x': -1.75, 'y': 1.0956}, {'x': -1.5, 'y': 1.1075}, {'x': -1.25, 'y': 1.0305}, {'x': -1.0, 'y': 0.833}, {'x': -0.75, 'y': 0.4065}, {'x': -0.5, 'y': -0.2299}, {'x': -0.25, 'y': -0.0565}, {'x': 0.0, 'y': 0.0}, {'x': 0.25, 'y': 0.06}, {'x': 0.5, 'y': 0.2275}, {'x': 0.75, 'y': 0.4165}, {'x': 1.0, 'y': 0.5853}, {'x': 1.25, 'y': 0.7133}, {'x': 1.5, 'y': 0.7891}, {'x': 1.75, 'y': 0.8071}, {'x': 2.0, 'y': 0.766}, {'x': 2.25, 'y': 0.6691}, {'x': 2.5, 'y': 0.5231}, {'x': 2.75, 'y': 0.338}, {'x': 3.0, 'y': 0.1263}]}","{'formula': 'sin(x)*sin(1/(x + 0.3))*Abs(x)', 'latex': '\\sin{\\left(x \\right)} \\sin{\\left(\\frac{1}{x + 0.3} \\right)} \\left|{x}\\right|', 'properties': {'singularities': [], 'is_periodic': False, 'domain': 'Union(Interval.open(-oo, -0.300000000000000), Interval.open(-0.300000000000000, oo))'}}",manual_rich
MCM_123_480c7092,"{'a': 1, 'b': 2, 'c': 3}","{'points': [{'x': -3.0, 'y': -2.8842}, {'x': -2.75, 'y': -5.2329}, {'x': -2.5, 'y': -5.5613}, {'x': -2.25, 'y': -4.9494}, {'x': -2.0, 'y': -3.9966}, {'x': -1.75, 'y': -3.0124}, {'x': -1.5, 'y': -2.1391}, {'x': -1.25, 'y': -1.4271}, {'x': -1.0, 'y': -0.8806}, {'x': -0.75, 'y': -0.4834}, {'x': -0.5, 'y': -0.2142}, {'x': -0.25, 'y': -0.0551}, {'x': 0.0, 'y': 0.0}, {'x': 0.25, 'y': 0.0551}, {'x': 0.5, 'y': 0.2142}, {'x': 0.75, 'y': 0.4834}, {'x': 1.0, 'y': 0.8806}, {'x': 1.25, 'y': 1.4271}, {'x': 1.5, 'y': 2.1391}, {'x': 1.75, 'y': 3.0124}, {'x': 2.0, 'y': 3.9966}, {'x': 2.25, 'y': 4.9494}, {'x': 2.5, 'y': 5.5613}, {'x': 2.75, 'y': 5.2329}, {'x': 3.0, 'y': 2.8842}]}","{'formula': 'sin(x)*Abs(x)*gamma(Abs(x) + 1.1)', 'latex': '\\sin{\\left(x \\right)} \\left|{x}\\right| \\Gamma\\left(\\left|{x}\\right| + 1.1\\right)', 'properties': {'singularities': [], 'is_periodic': False, 'domain': 'Reals'}}",manual_rich
MCM_123_f27955ff,"{'a': 1, 'b': 2, 'c': 3}","{'points': [{'x': -3.0, 'y': -0.0341}, {'x': -2.75, 'y': -0.098}, {'x': -2.5, 'y': -0.1641}, {'x': -2.25, 'y': -0.2288}, {'x': -2.0, 'y': -0.2883}, {'x': -1.75, 'y': -0.3382}, {'x': -1.5, 'y': -0.3743}, {'x': -1.25, 'y': -0.3917}, {'x': -1.0, 'y': -0.3857}, {'x': -0.75, 'y': -0.3508}, {'x': -0.5, 'y': -0.2805}, {'x': -0.25, 'y': -0.167}, {'x': 0.0, 'y': 0.0}, {'x': 0.25, 'y': -0.2284}, {'x': 0.5, 'y': -0.4772}, {'x': 0.75, 'y': -0.1913}, {'x': 1.0, 'y': 0.4578}, {'x': 1.25, 'y': 0.3551}, {'x': 1.5, 'y': 0.597}, {'x': 1.75, 'y': 0.9835}, {'x': 2.0, 'y': 0.8149}, {'x': 2.25, 'y': 0.5945}, {'x': 2.5, 'y': 0.392}, {'x': 2.75, 'y': 0.2174}, {'x': 3.0, 'y': 0.0709}]}","{'formula': 'sin(1/(x - 1.1))*Abs(sin(x))', 'latex': '\\sin{\\left(\\frac{1}{x - 1.1} \\right)} \\left|{\\sin{\\left(x \\right)}}\\right|', 'properties': {'singularities': [], 'is_periodic': False, 'domain': 'Union(Interval.open(-oo, 1.10000000000000), Interval.open(1.10000000000000, oo))'}}",manual_rich
MCM_123_1c68eb56,"{'a': 1, 'b': 2, 'c': 3}","{'points': [{'x': -3.0, 'y': 0.9614}, {'x': -2.75, 'y': 1.9029}, {'x': -2.5, 'y': 2.2245}, {'x': -2.25, 'y': 2.1998}, {'x': -2.0, 'y': 1.9983}, {'x': -1.75, 'y': 1.7214}, {'x': -1.5, 'y': 1.426}, {'x': -1.25, 'y': 1.1417}, {'x': -1.0, 'y': 0.8806}, {'x': -0.75, 'y': 0.6446}, {'x': -0.5, 'y': 0.4284}, {'x': -0.25, 'y': 0.2205}, {'x': 0.0, 'y': 0.0}, {'x': 0.25, 'y': 0.2205}, {'x': 0.5, 'y': 0.4284}, {'x': 0.75, 'y': 0.6446}, {'x': 1.0, 'y': 0.8806}, {'x': 1.25, 'y': 1.1417}, {'x': 1.5, 'y': 1.426}, {'x': 1.75, 'y': 1.7214}, {'x': 2.0, 'y': 1.9983}, {'x': 2.25, 'y': 2.1998}, {'x': 2.5, 'y': 2.2245}, {'x': 2.75, 'y': 1.9029}, {'x': 3.0, 'y': 0.9614}]}","{'formula': 'Abs(sin(x))*gamma(Abs(x) + 1.1)', 'latex': '\\left|{\\sin{\\left(x \\right)}}\\right| \\Gamma\\left(\\left|{x}\\right| + 1.1\\right)', 'properties': {'singularities': [], 'is_periodic': False, 'domain': 'Reals'}}",manual_rich
MCM_130_a338f8ab,"{'a': 1, 'b': 3, 'c': 0}","{'points': [{'x': -3.0, 'y': 1.0}, {'x': -2.75, 'y': 1.0}, {'x': -2.5, 'y': 1.0}, {'x': -2.25, 'y': 1.0}, {'x': -2.0, 'y': 1.0}, {'x': -1.75, 'y': 1.0}, {'x': -1.5, 'y': 0.9985}, {'x': -1.25, 'y': 0.9729}, {'x': -1.0, 'y': 0.8427}, {'x': -0.75, 'y': 0.5737}, {'x': -0.5, 'y': 0.2763}, {'x': -0.25, 'y': 0.0704}, {'x': 0.0, 'y': 0.0}, {'x': 0.25, 'y': 0.0704}, {'x': 0.5, 'y': 0.2763}, {'x': 0.75, 'y': 0.5737}, {'x': 1.0, 'y': 0.8427}, {'x': 1.25, 'y': 0.9729}, {'x': 1.5, 'y': 0.9985}, {'x': 1.75, 'y': 1.0}, {'x': 2.0, 'y': 1.0}, {'x': 2.25, 'y': 1.0}, {'x': 2.5, 'y': 1.0}, {'x': 2.75, 'y': 1.0}, {'x': 3.0, 'y': 1.0}]}","{'formula': 'erf(x**2)', 'latex': '\\operatorname{erf}{\\left(x^{2} \\right)}', 'properties': {'singularities': [], 'is_periodic': False, 'domain': 'Reals'}}",manual
MCM_130_5302b52e,"{'a': 1, 'b': 3, 'c': 0}","{'points': [{'x': -3.0, 'y': 0.5118}, {'x': -2.75, 'y': 0.7513}, {'x': -2.5, 'y': 0.9047}, {'x': -2.25, 'y': 0.9803}, {'x': -2.0, 'y': 1.0}, {'x': -1.75, 'y': 0.9881}, {'x': -1.5, 'y': 0.9652}, {'x': -1.25, 'y': 0.9458}, {'x': -1.0, 'y': 0.9385}, {'x': -0.75, 'y': 0.9458}, {'x': -0.5, 'y': 0.9652}, {'x': -0.25, 'y': 0.9881}, {'x': 0.0, 'y': 1.0}, {'x': 0.25, 'y': 0.9803}, {'x': 0.5, 'y': 0.9047}, {'x': 0.75, 'y': 0.7513}, {'x': 1.0, 'y': 0.5118}, {'x': 1.25, 'y': 0.2059}, {'x': 1.5, 'y': -0.1085}, {'x': 1.75, 'y': -0.3401}, {'x': 2.0, 'y': -0.3971}, {'x': 2.25, 'y': -0.246}, {'x': 2.5, 'y': 0.0353}, {'x': 2.75, 'y': 0.2648}, {'x': 3.0, 'y': 0.2663}]}","{'formula': 'besselj(0, Abs(0.5*x**2 + x))', 'latex': 'J_{0}\\left(\\left|{0.5 x^{2} + x}\\right|\\right)', 'properties': {'singularities': [], 'is_periodic': True, 'domain': 'Reals', 'period_value': '0'}}",manual
MCM_130_1feb86c3,"{'a': 1, 'b': 3, 'c': 0}","{'points': [{'x': -3.0, 'y': 3.8126}, {'x': -2.75, 'y': 2.2357}, {'x': -2.5, 'y': 1.217}, {'x': -2.25, 'y': 0.5772}, {'x': -2.0, 'y': 0.1976}, {'x': -1.75, 'y': -0.0006}, {'x': -1.5, 'y': -0.0704}, {'x': -1.25, 'y': -0.0469}, {'x': -1.0, 'y': 0.0465}, {'x': -0.75, 'y': 0.1956}, {'x': -0.5, 'y': 0.3935}, {'x': -0.25, 'y': 0.6412}, {'x': 0.0, 'y': 0.9514}, {'x': 0.25, 'y': 1.1412}, {'x': 0.5, 'y': 1.3935}, {'x': 0.75, 'y': 1.6956}, {'x': 1.0, 'y': 2.0465}, {'x': 1.25, 'y': 2.4531}, {'x': 1.5, 'y': 2.9296}, {'x': 1.75, 'y': 3.4994}, {'x': 2.0, 'y': 4.1976}, {'x': 2.25, 'y': 5.0772}, {'x': 2.5, 'y': 6.217}, {'x': 2.75, 'y': 7.7357}, {'x': 3.0, 'y': 9.8126}]}","{'formula': 'x + gamma(Abs(x) + 1.1)', 'latex': 'x + \\Gamma\\left(\\left|{x}\\right| + 1.1\\right)', 'properties': {'singularities': [], 'is_periodic': False, 'domain': 'Reals'}}",manual_rich
MCM_130_e75b36ad,"{'a': 1, 'b': 3, 'c': 0}","{'points': [{'x': -3.0, 'y': 0.7802}, {'x': -2.75, 'y': 0.4514}, {'x': -2.5, 'y': 0.121}, {'x': -2.25, 'y': -0.1862}, {'x': -2.0, 'y': -0.4478}, {'x': -1.75, 'y': -0.6458}, {'x': -1.5, 'y': -0.7677}, {'x': -1.25, 'y': -0.8074}, {'x': -1.0, 'y': -0.7652}, {'x': -0.75, 'y': -0.6482}, {'x': -0.5, 'y': -0.4692}, {'x': -0.25, 'y': -0.2461}, {'x': 0.0, 'y': 0.0}, {'x': 0.25, 'y': 0.2461}, {'x': 0.5, 'y': 0.4692}, {'x': 0.75, 'y': 0.6482}, {'x': 1.0, 'y': 0.7652}, {'x': 1.25, 'y': 0.8074}, {'x': 1.5, 'y': 0.7677}, {'x': 1.75, 'y': 0.6458}, {'x': 2.0, 'y': 0.4478}, {'x': 2.25, 'y': 0.1862}, {'x': 2.5, 'y': -0.121}, {'x': 2.75, 'y': -0.4514}, {'x': 3.0, 'y': -0.7802}]}","{'formula': 'x*besselj(0, Abs(x))', 'latex': 'x J_{0}\\left(\\left|{x}\\right|\\right)', 'properties': {'singularities': [], 'is_periodic': False, 'domain': 'Reals'}}",manual_rich
MCM_130_f4dd4673,"{'a': 1, 'b': 3, 'c': 0}","{'points': [{'x': -3.0, 'y': 0.1411}, {'x': -2.75, 'y': 0.3816}, {'x': -2.5, 'y': 0.5982}, {'x': -2.25, 'y': 0.7769}, {'x': -2.0, 'y': 0.905}, {'x': -1.75, 'y': 0.9709}, {'x': -1.5, 'y': 0.9637}, {'x': -1.25, 'y': 0.8758}, {'x': -1.0, 'y': 0.7091}, {'x': -0.75, 'y': 0.4848}, {'x': -0.5, 'y': 0.2495}, {'x': -0.25, 'y': 0.0684}, {'x': 0.0, 'y': 0.0}, {'x': 0.25, 'y': 0.0684}, {'x': 0.5, 'y': 0.2495}, {'x': 0.75, 'y': 0.4848}, {'x': 1.0, 'y': 0.7091}, {'x': 1.25, 'y': 0.8758}, {'x': 1.5, 'y': 0.9637}, {'x': 1.75, 'y': 0.9709}, {'x': 2.0, 'y': 0.905}, {'x': 2.25, 'y': 0.7769}, {'x': 2.5, 'y': 0.5982}, {'x': 2.75, 'y': 0.3816}, {'x': 3.0, 'y': 0.1411}]}","{'formula': 'sin(x)*erf(x)', 'latex': '\\sin{\\left(x \\right)} \\operatorname{erf}{\\left(x \\right)}', 'properties': {'singularities': [], 'is_periodic': False, 'domain': 'Reals'}}",manual_rich
MCM_131_fd8ad08f,"{'a': 1, 'b': 3, 'c': 1}","{'points': [{'x': -3.0, 'y': 0.8415}, {'x': -2.75, 'y': 0.8415}, {'x': -2.5, 'y': 0.8415}, {'x': -2.25, 'y': 0.8415}, {'x': -2.0, 'y': 0.8415}, {'x': -1.75, 'y': 0.8415}, {'x': -1.5, 'y': 0.8407}, {'x': -1.25, 'y': 0.8265}, {'x': -1.0, 'y': 0.7464}, {'x': -0.75, 'y': 0.5427}, {'x': -0.5, 'y': 0.2728}, {'x': -0.25, 'y': 0.0704}, {'x': 0.0, 'y': 0.0}, {'x': 0.25, 'y': 0.0704}, {'x': 0.5, 'y': 0.2728}, {'x': 0.75, 'y': 0.5427}, {'x': 1.0, 'y': 0.7464}, {'x': 1.25, 'y': 0.8265}, {'x': 1.5, 'y': 0.8407}, {'x': 1.75, 'y': 0.8415}, {'x': 2.0, 'y': 0.8415}, {'x': 2.25, 'y': 0.8415}, {'x': 2.5, 'y': 0.8415}, {'x': 2.75, 'y': 0.8415}, {'x': 3.0, 'y': 0.8415}]}","{'formula': 'sin(erf(x**2))', 'latex': '\\sin{\\left(\\operatorname{erf}{\\left(x^{2} \\right)} \\right)}', 'properties': {'singularities': [], 'is_periodic': False, 'domain': 'Reals'}}",manual
MCM_131_0580f7d0,"{'a': 1, 'b': 3, 'c': 1}","{'points': [{'x': -3.0, 'y': 0.9956}, {'x': -2.75, 'y': 0.9056}, {'x': -2.5, 'y': 0.8131}, {'x': -2.25, 'y': 0.2077}, {'x': -2.0, 'y': 0.5941}, {'x': -1.75, 'y': -0.9126}, {'x': -1.5, 'y': -0.0376}, {'x': -1.25, 'y': 0.5165}, {'x': -1.0, 'y': 0.6323}, {'x': -0.75, 'y': 0.561}, {'x': -0.5, 'y': 0.4239}, {'x': -0.25, 'y': 0.293}, {'x': 0.0, 'y': 0.2391}, {'x': 0.25, 'y': 0.293}, {'x': 0.5, 'y': 0.4239}, {'x': 0.75, 'y': 0.561}, {'x': 1.0, 'y': 0.6323}, {'x': 1.25, 'y': 0.5165}, {'x': 1.5, 'y': -0.0376}, {'x': 1.75, 'y': -0.9126}, {'x': 2.0, 'y': 0.5941}, {'x': 2.25, 'y': 0.2077}, {'x': 2.5, 'y': 0.8131}, {'x': 2.75, 'y': 0.9056}, {'x': 3.0, 'y': 0.9956}]}","{'formula': 'cos(gamma(Abs(x**2 - 1) + 1.5))', 'latex': '\\cos{\\left(\\Gamma\\left(\\left|{x^{2} - 1}\\right| + 1.5\\right) \\right)}', 'properties': {'singularities': [], 'is_periodic': False, 'domain': 'Reals'}}",manual
MCM_131_1853ef44,"{'a': 1, 'b': 3, 'c': 1}","{'points': [{'x': -3.0, 'y': -0.6218}, {'x': -2.75, 'y': 0.787}, {'x': -2.5, 'y': 0.9381}, {'x': -2.25, 'y': 0.5457}, {'x': -2.0, 'y': 0.1963}, {'x': -1.75, 'y': -0.0006}, {'x': -1.5, 'y': -0.0703}, {'x': -1.25, 'y': -0.0469}, {'x': -1.0, 'y': 0.0465}, {'x': -0.75, 'y': 0.1944}, {'x': -0.5, 'y': 0.3834}, {'x': -0.25, 'y': 0.5981}, {'x': 0.0, 'y': 0.8142}, {'x': 0.25, 'y': 0.9091}, {'x': 0.5, 'y': 0.9843}, {'x': 0.75, 'y': 0.9922}, {'x': 1.0, 'y': 0.889}, {'x': 1.25, 'y': 0.6354}, {'x': 1.5, 'y': 0.2104}, {'x': 1.75, 'y': -0.3502}, {'x': 2.0, 'y': -0.8704}, {'x': 2.25, 'y': -0.9342}, {'x': 2.5, 'y': -0.0661}, {'x': 2.75, 'y': 0.993}, {'x': 3.0, 'y': -0.3782}]}","{'formula': 'sin(x + gamma(Abs(x) + 1.1))', 'latex': '\\sin{\\left(x + \\Gamma\\left(\\left|{x}\\right| + 1.1\\right) \\right)}', 'properties': {'singularities': [], 'is_periodic': False, 'domain': 'Reals'}}",manual_rich
MCM_131_cae7a2a1,"{'a': 1, 'b': 3, 'c': 1}","{'points': [{'x': -3.0, 'y': -0.7832}, {'x': -2.75, 'y': -0.617}, {'x': -2.5, 'y': 0.3464}, {'x': -2.25, 'y': 0.838}, {'x': -2.0, 'y': 0.9805}, {'x': -1.75, 'y': 1.0}, {'x': -1.5, 'y': 0.9975}, {'x': -1.25, 'y': 0.9989}, {'x': -1.0, 'y': 0.9989}, {'x': -0.75, 'y': 0.9809}, {'x': -0.5, 'y': 0.9236}, {'x': -0.25, 'y': 0.8014}, {'x': 0.0, 'y': 0.5806}, {'x': 0.25, 'y': 0.4165}, {'x': 0.5, 'y': 0.1764}, {'x': 0.75, 'y': -0.1245}, {'x': 1.0, 'y': -0.458}, {'x': 1.25, 'y': -0.7722}, {'x': 1.5, 'y': -0.9776}, {'x': 1.75, 'y': -0.9367}, {'x': 2.0, 'y': -0.4923}, {'x': 2.25, 'y': 0.3568}, {'x': 2.5, 'y': 0.9978}, {'x': 2.75, 'y': 0.118}, {'x': 3.0, 'y': -0.9257}]}","{'formula': 'cos(x + gamma(Abs(x) + 1.1))', 'latex': '\\cos{\\left(x + \\Gamma\\left(\\left|{x}\\right| + 1.1\\right) \\right)}', 'properties': {'singularities': [], 'is_periodic': False, 'domain': 'Reals'}}",manual_rich
MCM_131_54239351,"{'a': 1, 'b': 3, 'c': 1}","{'points': [{'x': -3.0, 'y': 0.7034}, {'x': -2.75, 'y': 0.4362}, {'x': -2.5, 'y': 0.1207}, {'x': -2.25, 'y': -0.1851}, {'x': -2.0, 'y': -0.433}, {'x': -1.75, 'y': -0.6018}, {'x': -1.5, 'y': -0.6945}, {'x': -1.25, 'y': -0.7225}, {'x': -1.0, 'y': -0.6927}, {'x': -0.75, 'y': -0.6037}, {'x': -0.5, 'y': -0.4522}, {'x': -0.25, 'y': -0.2436}, {'x': 0.0, 'y': 0.0}, {'x': 0.25, 'y': 0.2436}, {'x': 0.5, 'y': 0.4522}, {'x': 0.75, 'y': 0.6037}, {'x': 1.0, 'y': 0.6927}, {'x': 1.25, 'y': 0.7225}, {'x': 1.5, 'y': 0.6945}, {'x': 1.75, 'y': 0.6018}, {'x': 2.0, 'y': 0.433}, {'x': 2.25, 'y': 0.1851}, {'x': 2.5, 'y': -0.1207}, {'x': 2.75, 'y': -0.4362}, {'x': 3.0, 'y': -0.7034}]}","{'formula': 'sin(x*besselj(0, Abs(x)))', 'latex': '\\sin{\\left(x J_{0}\\left(\\left|{x}\\right|\\right) \\right)}', 'properties': {'singularities': [], 'is_periodic': False, 'domain': 'Reals'}}",manual_rich
MCM_131_7db5a69b,"{'a': 1, 'b': 3, 'c': 1}","{'points': [{'x': -3.0, 'y': 0.7108}, {'x': -2.75, 'y': 0.8998}, {'x': -2.5, 'y': 0.9927}, {'x': -2.25, 'y': 0.9827}, {'x': -2.0, 'y': 0.9014}, {'x': -1.75, 'y': 0.7986}, {'x': -1.5, 'y': 0.7195}, {'x': -1.25, 'y': 0.6914}, {'x': -1.0, 'y': 0.7212}, {'x': -0.75, 'y': 0.7972}, {'x': -0.5, 'y': 0.8919}, {'x': -0.25, 'y': 0.9699}, {'x': 0.0, 'y': 1.0}, {'x': 0.25, 'y': 0.9699}, {'x': 0.5, 'y': 0.8919}, {'x': 0.75, 'y': 0.7972}, {'x': 1.0, 'y': 0.7212}, {'x': 1.25, 'y': 0.6914}, {'x': 1.5, 'y': 0.7195}, {'x': 1.75, 'y': 0.7986}, {'x': 2.0, 'y': 0.9014}, {'x': 2.25, 'y': 0.9827}, {'x': 2.5, 'y': 0.9927}, {'x': 2.75, 'y': 0.8998}, {'x': 3.0, 'y': 0.7108}]}","{'formula': 'cos(x*besselj(0, Abs(x)))', 'latex': '\\cos{\\left(x J_{0}\\left(\\left|{x}\\right|\\right) \\right)}', 'properties': {'singularities': [], 'is_periodic': False, 'domain': 'Reals'}}",manual_rich
MCM_131_0a912b38,"{'a': 1, 'b': 3, 'c': 1}","{'points': [{'x': -3.0, 'y': 0.1406}, {'x': -2.75, 'y': 0.3724}, {'x': -2.5, 'y': 0.5632}, {'x': -2.25, 'y': 0.7011}, {'x': -2.0, 'y': 0.7865}, {'x': -1.75, 'y': 0.8254}, {'x': -1.5, 'y': 0.8213}, {'x': -1.25, 'y': 0.7681}, {'x': -1.0, 'y': 0.6512}, {'x': -0.75, 'y': 0.466}, {'x': -0.5, 'y': 0.247}, {'x': -0.25, 'y': 0.0683}, {'x': 0.0, 'y': 0.0}, {'x': 0.25, 'y': 0.0683}, {'x': 0.5, 'y': 0.247}, {'x': 0.75, 'y': 0.466}, {'x': 1.0, 'y': 0.6512}, {'x': 1.25, 'y': 0.7681}, {'x': 1.5, 'y': 0.8213}, {'x': 1.75, 'y': 0.8254}, {'x': 2.0, 'y': 0.7865}, {'x': 2.25, 'y': 0.7011}, {'x': 2.5, 'y': 0.5632}, {'x': 2.75, 'y': 0.3724}, {'x': 3.0, 'y': 0.1406}]}","{'formula': 'sin(sin(x)*erf(x))', 'latex': '\\sin{\\left(\\sin{\\left(x \\right)} \\operatorname{erf}{\\left(x \\right)} \\right)}', 'properties': {'singularities': [], 'is_periodic': False, 'domain': 'Reals'}}",manual_rich
MCM_131_190a1117,"{'a': 1, 'b': 3, 'c': 1}","{'points': [{'x': -3.0, 'y': 0.9901}, {'x': -2.75, 'y': 0.9281}, {'x': -2.5, 'y': 0.8263}, {'x': -2.25, 'y': 0.7131}, {'x': -2.0, 'y': 0.6177}, {'x': -1.75, 'y': 0.5646}, {'x': -1.5, 'y': 0.5705}, {'x': -1.25, 'y': 0.6404}, {'x': -1.0, 'y': 0.7589}, {'x': -0.75, 'y': 0.8848}, {'x': -0.5, 'y': 0.969}, {'x': -0.25, 'y': 0.9977}, {'x': 0.0, 'y': 1.0}, {'x': 0.25, 'y': 0.9977}, {'x': 0.5, 'y': 0.969}, {'x': 0.75, 'y': 0.8848}, {'x': 1.0, 'y': 0.7589}, {'x': 1.25, 'y': 0.6404}, {'x': 1.5, 'y': 0.5705}, {'x': 1.75, 'y': 0.5646}, {'x': 2.0, 'y': 0.6177}, {'x': 2.25, 'y': 0.7131}, {'x': 2.5, 'y': 0.8263}, {'x': 2.75, 'y': 0.9281}, {'x': 3.0, 'y': 0.9901}]}","{'formula': 'cos(sin(x)*erf(x))', 'latex': '\\cos{\\left(\\sin{\\left(x \\right)} \\operatorname{erf}{\\left(x \\right)} \\right)}', 'properties': {'singularities': [], 'is_periodic': False, 'domain': 'Reals'}}",manual_rich
MCM_132_c576c997,"{'a': 1, 'b': 3, 'c': 2}","{'points': [{'x': -3.0, 'y': -0.3226}, {'x': -2.75, 'y': -0.3509}, {'x': -2.5, 'y': -0.3846}, {'x': -2.25, 'y': -0.4255}, {'x': -2.0, 'y': -0.4762}, {'x': -1.75, 'y': -0.5405}, {'x': -1.5, 'y': -0.6241}, {'x': -1.25, 'y': -0.7206}, {'x': -1.0, 'y': -0.7661}, {'x': -0.75, 'y': -0.6749}, {'x': -0.5, 'y': -0.4605}, {'x': -0.25, 'y': -0.2012}, {'x': 0.0, 'y': 0.0}, {'x': 0.25, 'y': 0.4695}, {'x': 0.5, 'y': 0.6908}, {'x': 0.75, 'y': 0.8826}, {'x': 1.0, 'y': 0.9363}, {'x': 1.25, 'y': 0.846}, {'x': 1.5, 'y': 0.7132}, {'x': 1.75, 'y': 0.6061}, {'x': 2.0, 'y': 0.5263}, {'x': 2.25, 'y': 0.4651}, {'x': 2.5, 'y': 0.4167}, {'x': 2.75, 'y': 0.3774}, {'x': 3.0, 'y': 0.3448}]}","{'formula': 'erf(x**2)/(x - 0.1)', 'latex': '\\frac{\\operatorname{erf}{\\left(x^{2} \\right)}}{x - 0.1}', 'properties': {'singularities': [], 'is_periodic': False, 'domain': 'Reals'}}",manual
MCM_132_320b42ec,"{'a': 1, 'b': 3, 'c': 2}","{'points': [{'x': -3.0, 'y': -42604.4507}, {'x': -2.75, 'y': -2242.4065}, {'x': -2.5, 'y': -196.9612}, {'x': -2.25, 'y': -28.2489}, {'x': -2.0, 'y': -6.4621}, {'x': -1.75, 'y': -2.2986}, {'x': -1.5, 'y': -1.2372}, {'x': -1.25, 'y': -0.9791}, {'x': -1.0, 'y': -1.1078}, {'x': -0.75, 'y': -1.773}, {'x': -0.5, 'y': -3.7767}, {'x': -0.25, 'y': -25.4683}, {'x': 0.0, 'y': 6.6467}, {'x': 0.25, 'y': 2.8298}, {'x': 0.5, 'y': 1.6186}, {'x': 0.75, 'y': 1.0265}, {'x': 1.0, 'y': 0.7385}, {'x': 1.25, 'y': 0.709}, {'x': 1.5, 'y': 0.9461}, {'x': 1.75, 'y': 1.8271}, {'x': 2.0, 'y': 5.2871}, {'x': 2.25, 'y': 23.6369}, {'x': 2.5, 'y': 167.7818}, {'x': 2.75, 'y': 1938.3514}, {'x': 3.0, 'y': 37278.8944}]}","{'formula': '1.0*gamma(Abs(x**2 - 1) + 1.5)/(1.0*x + 0.2)', 'latex': '\\frac{1.0 \\Gamma\\left(\\left|{x^{2} - 1}\\right| + 1.5\\right)}{1.0 x + 0.2}', 'properties': {'singularities': [], 'is_periodic': False, 'domain': 'Reals'}}",manual
MCM_132_ce18c054,"{'a': 1, 'b': 3, 'c': 2}","{'points': [{'x': -3.0, 'y': -0.1248}, {'x': -2.75, 'y': -0.1951}, {'x': -2.5, 'y': -0.2513}, {'x': -2.25, 'y': -0.2926}, {'x': -2.0, 'y': -0.3226}, {'x': -1.75, 'y': -0.3467}, {'x': -1.5, 'y': -0.3712}, {'x': -1.25, 'y': -0.4025}, {'x': -1.0, 'y': -0.4469}, {'x': -0.75, 'y': -0.5113}, {'x': -0.5, 'y': -0.6032}, {'x': -0.25, 'y': -0.7319}, {'x': 0.0, 'y': -0.9091}, {'x': 0.25, 'y': -1.1533}, {'x': 0.5, 'y': -1.5078}, {'x': 0.75, 'y': -2.1465}, {'x': 1.0, 'y': -5.1183}, {'x': 1.25, 'y': 1.3727}, {'x': 1.5, 'y': -0.2712}, {'x': 1.75, 'y': -0.5232}, {'x': 2.0, 'y': -0.4413}, {'x': 2.25, 'y': -0.2139}, {'x': 2.5, 'y': 0.0252}, {'x': 2.75, 'y': 0.1605}, {'x': 3.0, 'y': 0.1402}]}","{'formula': 'besselj(0, Abs(x*(0.5*x + 1)))/(x - 1.1)', 'latex': '\\frac{J_{0}\\left(\\left|{x \\left(0.5 x + 1\\right)}\\right|\\right)}{x - 1.1}', 'properties': {'singularities': [], 'is_periodic': False, 'domain': 'Reals'}}",manual
MCM_132_2e3c4d1c,"{'a': 1, 'b': 3, 'c': 2}","{'points': [{'x': -3.0, 'y': -1.2299}, {'x': -2.75, 'y': -0.7845}, {'x': -2.5, 'y': -0.4681}, {'x': -2.25, 'y': -0.2456}, {'x': -2.0, 'y': -0.0941}, {'x': -1.75, 'y': 0.0003}, {'x': -1.5, 'y': 0.044}, {'x': -1.25, 'y': 0.0348}, {'x': -1.0, 'y': -0.0423}, {'x': -0.75, 'y': -0.2301}, {'x': -0.5, 'y': -0.6559}, {'x': -0.25, 'y': -1.8319}, {'x': 0.0, 'y': -9.5135}, {'x': 0.25, 'y': 7.6077}, {'x': 0.5, 'y': 3.4838}, {'x': 0.75, 'y': 2.6086}, {'x': 1.0, 'y': 2.2739}, {'x': 1.25, 'y': 2.1331}, {'x': 1.5, 'y': 2.0926}, {'x': 1.75, 'y': 2.1208}, {'x': 2.0, 'y': 2.2093}, {'x': 2.25, 'y': 2.3615}, {'x': 2.5, 'y': 2.5904}, {'x': 2.75, 'y': 2.9191}, {'x': 3.0, 'y': 3.3837}]}","{'formula': '(x + gamma(Abs(x) + 1.1))/(x - 0.1)', 'latex': '\\frac{x + \\Gamma\\left(\\left|{x}\\right| + 1.1\\right)}{x - 0.1}', 'properties': {'singularities': [], 'is_periodic': False, 'domain': 'Reals'}}",manual_rich
MCM_132_d208560c,"{'a': 1, 'b': 3, 'c': 2}","{'points': [{'x': -3.0, 'y': -0.2438}, {'x': -2.75, 'y': -0.153}, {'x': -2.5, 'y': -0.0448}, {'x': -2.25, 'y': 0.076}, {'x': -2.0, 'y': 0.2035}, {'x': -1.75, 'y': 0.3312}, {'x': -1.5, 'y': 0.4516}, {'x': -1.25, 'y': 0.5568}, {'x': -1.0, 'y': 0.6377}, {'x': -0.75, 'y': 0.6823}, {'x': -0.5, 'y': 0.6703}, {'x': -0.25, 'y': 0.5469}, {'x': 0.0, 'y': 0.0}, {'x': 0.25, 'y': 4.9222}, {'x': 0.5, 'y': 1.5641}, {'x': 0.75, 'y': 1.1785}, {'x': 1.0, 'y': 0.9565}, {'x': 1.25, 'y': 0.7689}, {'x': 1.5, 'y': 0.5906}, {'x': 1.75, 'y': 0.4166}, {'x': 2.0, 'y': 0.2488}, {'x': 2.25, 'y': 0.0908}, {'x': 2.5, 'y': -0.0526}, {'x': 2.75, 'y': -0.177}, {'x': 3.0, 'y': -0.2786}]}","{'formula': 'x*besselj(0, Abs(x))/(x - 0.2)', 'latex': '\\frac{x J_{0}\\left(\\left|{x}\\right|\\right)}{x - 0.2}', 'properties': {'singularities': [], 'is_periodic': False, 'domain': 'Reals'}}",manual_rich
MCM_132_1db19a25,"{'a': 1, 'b': 3, 'c': 2}","{'points': [{'x': -3.0, 'y': -0.0495}, {'x': -2.75, 'y': -0.1468}, {'x': -2.5, 'y': -0.2546}, {'x': -2.25, 'y': -0.37}, {'x': -2.0, 'y': -0.4892}, {'x': -1.75, 'y': -0.6068}, {'x': -1.5, 'y': -0.7138}, {'x': -1.25, 'y': -0.7962}, {'x': -1.0, 'y': -0.8342}, {'x': -0.75, 'y': -0.8079}, {'x': -0.5, 'y': -0.713}, {'x': -0.25, 'y': -0.6836}, {'x': 0.0, 'y': 0.0}, {'x': 0.25, 'y': 0.1709}, {'x': 0.5, 'y': 0.3839}, {'x': 0.75, 'y': 0.5386}, {'x': 1.0, 'y': 0.6166}, {'x': 1.25, 'y': 0.6256}, {'x': 1.5, 'y': 0.5841}, {'x': 1.75, 'y': 0.511}, {'x': 2.0, 'y': 0.421}, {'x': 2.25, 'y': 0.3237}, {'x': 2.5, 'y': 0.2257}, {'x': 2.75, 'y': 0.1316}, {'x': 3.0, 'y': 0.0448}]}","{'formula': 'sin(x)*erf(x)/(x + 0.15)', 'latex': '\\frac{\\sin{\\left(x \\right)} \\operatorname{erf}{\\left(x \\right)}}{x + 0.15}', 'properties': {'singularities': [], 'is_periodic': False, 'domain': 'Reals'}}",manual_rich
MCM_133_ae4bf1d5,"{'a': 1, 'b': 3, 'c': 3}","{'points': [{'x': -3.0, 'y': -243.0}, {'x': -2.75, 'y': -157.2764}, {'x': -2.5, 'y': -97.6562}, {'x': -2.25, 'y': -57.665}, {'x': -2.0, 'y': -32.0}, {'x': -1.75, 'y': -16.4128}, {'x': -1.5, 'y': -7.5826}, {'x': -1.25, 'y': -2.969}, {'x': -1.0, 'y': -0.8427}, {'x': -0.75, 'y': -0.1361}, {'x': -0.5, 'y': -0.0086}, {'x': -0.25, 'y': -0.0001}, {'x': 0.0, 'y': 0.0}, {'x': 0.25, 'y': 0.0001}, {'x': 0.5, 'y': 0.0086}, {'x': 0.75, 'y': 0.1361}, {'x': 1.0, 'y': 0.8427}, {'x': 1.25, 'y': 2.969}, {'x': 1.5, 'y': 7.5826}, {'x': 1.75, 'y': 16.4128}, {'x': 2.0, 'y': 32.0}, {'x': 2.25, 'y': 57.665}, {'x': 2.5, 'y': 97.6562}, {'x': 2.75, 'y': 157.2764}, {'x': 3.0, 'y': 243.0}]}","{'formula': 'x**5*erf(x**2)', 'latex': 'x^{5} \\operatorname{erf}{\\left(x^{2} \\right)}', 'properties': {'singularities': [], 'is_periodic': False, 'domain': 'Reals'}}",manual
MCM_133_b396447f,"{'a': 1, 'b': 3, 'c': 3}","{'points': [{'x': -3.0, 'y': -242.0648}, {'x': -2.75, 'y': -156.3046}, {'x': -2.5, 'y': -96.6662}, {'x': -2.25, 'y': -56.667}, {'x': -2.0, 'y': -31.0}, {'x': -1.75, 'y': -15.4143}, {'x': -1.5, 'y': -6.5973}, {'x': -1.25, 'y': -2.0573}, {'x': -1.0, 'y': -0.0063}, {'x': -0.75, 'y': 0.7571}, {'x': -0.5, 'y': 0.9652}, {'x': -0.25, 'y': 0.9978}, {'x': 0.0, 'y': 1.0}, {'x': 0.25, 'y': 0.999}, {'x': 0.5, 'y': 1.0213}, {'x': 0.75, 'y': 1.2091}, {'x': 1.0, 'y': 1.9352}, {'x': 1.25, 'y': 3.9056}, {'x': 1.5, 'y': 8.3946}, {'x': 1.75, 'y': 17.3108}, {'x': 2.0, 'y': 32.9118}, {'x': 2.25, 'y': 58.5342}, {'x': 2.5, 'y': 98.372}, {'x': 2.75, 'y': 158.1519}, {'x': 3.0, 'y': 243.8761}]}","{'formula': 'x**5 + Abs(besselj(0, Abs(x*(0.5*x + 1))))**0.1', 'latex': 'x^{5} + \\left|{J_{0}\\left(\\left|{x \\left(0.5 x + 1\\right)}\\right|\\right)}\\right|^{0.1}', 'properties': {'singularities': [], 'is_periodic': False, 'domain': 'Reals'}}",manual
MCM_133_e21d3e30,"{'a': 1, 'b': 3, 'c': 3}","{'points': [{'x': -3.0, 'y': -1.1721}, {'x': -2.75, 'y': -0.7434}, {'x': -2.5, 'y': -0.4405}, {'x': -2.25, 'y': -0.2291}, {'x': -2.0, 'y': -0.0868}, {'x': -1.75, 'y': 0.0003}, {'x': -1.5, 'y': 0.0391}, {'x': -1.25, 'y': 0.0299}, {'x': -1.0, 'y': -0.0344}, {'x': -0.75, 'y': -0.1699}, {'x': -0.5, 'y': -0.3895}, {'x': -0.25, 'y': -0.5099}, {'x': 0.0, 'y': 0.9123}, {'x': 0.25, 'y': 1.0418}, {'x': 0.5, 'y': -0.2656}, {'x': 0.75, 'y': 1.644}, {'x': 1.0, 'y': 1.9421}, {'x': 1.25, 'y': 1.9987}, {'x': 1.5, 'y': 2.0378}, {'x': 1.75, 'y': 2.1043}, {'x': 2.0, 'y': 2.2139}, {'x': 2.25, 'y': 2.3796}, {'x': 2.5, 'y': 2.6187}, {'x': 2.75, 'y': 2.9565}, {'x': 3.0, 'y': 3.4305}]}","{'formula': '(x + gamma(Abs(x) + 1.1))*sin(1/(x - 0.2))', 'latex': '\\left(x + \\Gamma\\left(\\left|{x}\\right| + 1.1\\right)\\right) \\sin{\\left(\\frac{1}{x - 0.2} \\right)}', 'properties': {'singularities': [], 'is_periodic': False, 'domain': 'Reals'}}",manual_rich
MCM_133_854aff46,"{'a': 1, 'b': 3, 'c': 3}","{'points': [{'x': -3.0, 'y': 25.974}, {'x': -2.75, 'y': 11.1468}, {'x': -2.5, 'y': 4.5237}, {'x': -2.25, 'y': 1.6318}, {'x': -2.0, 'y': 0.4343}, {'x': -1.75, 'y': -0.0011}, {'x': -1.5, 'y': -0.1006}, {'x': -1.25, 'y': -0.0565}, {'x': -1.0, 'y': 0.0486}, {'x': -0.75, 'y': 0.185}, {'x': -0.5, 'y': 0.3516}, {'x': -0.25, 'y': 0.5714}, {'x': 0.0, 'y': 0.9051}, {'x': 0.25, 'y': 1.0169}, {'x': 0.5, 'y': 1.2451}, {'x': 0.75, 'y': 1.6034}, {'x': 1.0, 'y': 2.1416}, {'x': 1.25, 'y': 2.9512}, {'x': 1.5, 'y': 4.1883}, {'x': 1.75, 'y': 6.1217}, {'x': 2.0, 'y': 9.2248}, {'x': 2.25, 'y': 14.3541}, {'x': 2.5, 'y': 23.1088}, {'x': 2.75, 'y': 38.5683}, {'x': 3.0, 'y': 66.8497}]}","{'formula': '(x + gamma(Abs(x) + 1.1))*gamma(Abs(x) + 1.1)', 'latex': '\\left(x + \\Gamma\\left(\\left|{x}\\right| + 1.1\\right)\\right) \\Gamma\\left(\\left|{x}\\right| + 1.1\\right)', 'properties': {'singularities': [], 'is_periodic': False, 'domain': 'Reals'}}",manual_rich
MCM_133_4eadc818,"{'a': 1, 'b': 3, 'c': 3}","{'points': [{'x': -3.0, 'y': -0.2682}, {'x': -2.75, 'y': -0.1694}, {'x': -2.5, 'y': -0.0499}, {'x': -2.25, 'y': 0.0853}, {'x': -2.0, 'y': 0.2304}, {'x': -1.75, 'y': 0.3779}, {'x': -1.5, 'y': 0.5181}, {'x': -1.25, 'y': 0.637}, {'x': -1.0, 'y': 0.7065}, {'x': -0.75, 'y': 0.6452}, {'x': -0.5, 'y': 0.1317}, {'x': -0.25, 'y': -0.1339}, {'x': 0.0, 'y': 0.0}, {'x': 0.25, 'y': 0.1473}, {'x': 0.5, 'y': 0.469}, {'x': 0.75, 'y': 0.5809}, {'x': 1.0, 'y': 0.5846}, {'x': 1.25, 'y': 0.5289}, {'x': 1.5, 'y': 0.4373}, {'x': 1.75, 'y': 0.3244}, {'x': 2.0, 'y': 0.2008}, {'x': 2.25, 'y': 0.0754}, {'x': 2.5, 'y': -0.0446}, {'x': 2.75, 'y': -0.1526}, {'x': 3.0, 'y': -0.2435}]}","{'formula': 'x*sin(1/(x + 0.15))*besselj(0, Abs(x))', 'latex': 'x \\sin{\\left(\\frac{1}{x + 0.15} \\right)} J_{0}\\left(\\left|{x}\\right|\\right)', 'properties': {'singularities': [], 'is_periodic': False, 'domain': 'Reals'}}",manual_rich
MCM_133_b672356f,"{'a': 1, 'b': 3, 'c': 3}","{'points': [{'x': -3.0, 'y': 5.3149}, {'x': -2.75, 'y': 2.2505}, {'x': -2.5, 'y': 0.4496}, {'x': -2.25, 'y': -0.5264}, {'x': -2.0, 'y': -0.9841}, {'x': -1.75, 'y': -1.1298}, {'x': -1.5, 'y': -1.0976}, {'x': -1.25, 'y': -0.9713}, {'x': -1.0, 'y': -0.8008}, {'x': -0.75, 'y': -0.6129}, {'x': -0.5, 'y': -0.4193}, {'x': -0.25, 'y': -0.2193}, {'x': 0.0, 'y': 0.0}, {'x': 0.25, 'y': 0.2193}, {'x': 0.5, 'y': 0.4193}, {'x': 0.75, 'y': 0.6129}, {'x': 1.0, 'y': 0.8008}, {'x': 1.25, 'y': 0.9713}, {'x': 1.5, 'y': 1.0976}, {'x': 1.75, 'y': 1.1298}, {'x': 2.0, 'y': 0.9841}, {'x': 2.25, 'y': 0.5264}, {'x': 2.5, 'y': -0.4496}, {'x': 2.75, 'y': -2.2505}, {'x': 3.0, 'y': -5.3149}]}","{'formula': 'x*besselj(0, Abs(x))*gamma(Abs(x) + 1.1)', 'latex': 'x J_{0}\\left(\\left|{x}\\right|\\right) \\Gamma\\left(\\left|{x}\\right| + 1.1\\right)', 'properties': {'singularities': [], 'is_periodic': False, 'domain': 'Reals'}}",manual_rich
MCM_133_23088f83,"{'a': 1, 'b': 3, 'c': 3}","{'points': [{'x': -3.0, 'y': -0.0511}, {'x': -2.75, 'y': -0.1515}, {'x': -2.5, 'y': -0.2627}, {'x': -2.25, 'y': -0.3812}, {'x': -2.0, 'y': -0.5022}, {'x': -1.75, 'y': -0.6177}, {'x': -1.5, 'y': -0.7133}, {'x': -1.25, 'y': -0.7608}, {'x': -1.0, 'y': -0.7019}, {'x': -0.75, 'y': -0.3855}, {'x': -0.5, 'y': 0.2393}, {'x': -0.25, 'y': 0.0624}, {'x': 0.0, 'y': 0.0}, {'x': 0.25, 'y': 0.0663}, {'x': 0.5, 'y': 0.2368}, {'x': 0.75, 'y': 0.395}, {'x': 1.0, 'y': 0.4932}, {'x': 1.25, 'y': 0.5267}, {'x': 1.5, 'y': 0.5083}, {'x': 1.75, 'y': 0.455}, {'x': 2.0, 'y': 0.3812}, {'x': 2.25, 'y': 0.2969}, {'x': 2.5, 'y': 0.2091}, {'x': 2.75, 'y': 0.1229}, {'x': 3.0, 'y': 0.0421}]}","{'formula': 'sin(x)*sin(1/(x + 0.3))*erf(x)', 'latex': '\\sin{\\left(x \\right)} \\sin{\\left(\\frac{1}{x + 0.3} \\right)} \\operatorname{erf}{\\left(x \\right)}', 'properties': {'singularities': [], 'is_periodic': False, 'domain': 'Reals'}}",manual_rich
MCM_133_28e20cfa,"{'a': 1, 'b': 3, 'c': 3}","{'points': [{'x': -3.0, 'y': 0.9614}, {'x': -2.75, 'y': 1.9027}, {'x': -2.5, 'y': 2.2236}, {'x': -2.25, 'y': 2.1965}, {'x': -2.0, 'y': 1.9889}, {'x': -1.75, 'y': 1.6984}, {'x': -1.5, 'y': 1.3777}, {'x': -1.25, 'y': 1.0537}, {'x': -1.0, 'y': 0.7421}, {'x': -0.75, 'y': 0.4584}, {'x': -0.5, 'y': 0.223}, {'x': -0.25, 'y': 0.0609}, {'x': 0.0, 'y': 0.0}, {'x': 0.25, 'y': 0.0609}, {'x': 0.5, 'y': 0.223}, {'x': 0.75, 'y': 0.4584}, {'x': 1.0, 'y': 0.7421}, {'x': 1.25, 'y': 1.0537}, {'x': 1.5, 'y': 1.3777}, {'x': 1.75, 'y': 1.6984}, {'x': 2.0, 'y': 1.9889}, {'x': 2.25, 'y': 2.1965}, {'x': 2.5, 'y': 2.2236}, {'x': 2.75, 'y': 1.9027}, {'x': 3.0, 'y': 0.9614}]}","{'formula': 'sin(x)*erf(x)*gamma(Abs(x) + 1.1)', 'latex': '\\sin{\\left(x \\right)} \\operatorname{erf}{\\left(x \\right)} \\Gamma\\left(\\left|{x}\\right| + 1.1\\right)', 'properties': {'singularities': [], 'is_periodic': False, 'domain': 'Reals'}}",manual_rich
MCM_200_866b0b8c,"{'a': 2, 'b': 0, 'c': 0}","{'points': [{'x': -3.0, 'y': -27.0}, {'x': -2.75, 'y': -20.7969}, {'x': -2.5, 'y': -15.625}, {'x': -2.25, 'y': -11.3906}, {'x': -2.0, 'y': -8.0}, {'x': -1.75, 'y': -5.3594}, {'x': -1.5, 'y': -3.375}, {'x': -1.25, 'y': -1.9531}, {'x': -1.0, 'y': -1.0}, {'x': -0.75, 'y': -0.4219}, {'x': -0.5, 'y': -0.125}, {'x': -0.25, 'y': -0.0156}, {'x': 0.0, 'y': 0.0}, {'x': 0.25, 'y': 0.0156}, {'x': 0.5, 'y': 0.125}, {'x': 0.75, 'y': 0.4219}, {'x': 1.0, 'y': 1.0}, {'x': 1.25, 'y': 1.9531}, {'x': 1.5, 'y': 3.375}, {'x': 1.75, 'y': 5.3594}, {'x': 2.0, 'y': 8.0}, {'x': 2.25, 'y': 11.3906}, {'x': 2.5, 'y': 15.625}, {'x': 2.75, 'y': 20.7969}, {'x': 3.0, 'y': 27.0}]}","{'formula': 'x**3', 'latex': 'x^{3}', 'properties': {'singularities': [], 'is_periodic': False, 'domain': 'Reals'}}",manual
MCM_200_e942f14f,"{'a': 2, 'b': 0, 'c': 0}","{'points': [{'x': -3.0, 'y': 24.0}, {'x': -2.75, 'y': 18.0469}, {'x': -2.5, 'y': 13.125}, {'x': -2.25, 'y': 9.1406}, {'x': -2.0, 'y': 6.0}, {'x': -1.75, 'y': 3.6094}, {'x': -1.5, 'y': 1.875}, {'x': -1.25, 'y': 0.7031}, {'x': -1.0, 'y': 0.0}, {'x': -0.75, 'y': -0.3281}, {'x': -0.5, 'y': -0.375}, {'x': -0.25, 'y': -0.2344}, {'x': 0.0, 'y': 0.0}, {'x': 0.25, 'y': 0.2344}, {'x': 0.5, 'y': 0.375}, {'x': 0.75, 'y': 0.3281}, {'x': 1.0, 'y': 0.0}, {'x': 1.25, 'y': -0.7031}, {'x': 1.5, 'y': -1.875}, {'x': 1.75, 'y': -3.6094}, {'x': 2.0, 'y': -6.0}, {'x': 2.25, 'y': -9.1406}, {'x': 2.5, 'y': -13.125}, {'x': 2.75, 'y': -18.0469}, {'x': 3.0, 'y': -24.0}]}","{'formula': '-x**3 + x', 'latex': '- x^{3} + x', 'properties': {'singularities': [], 'is_periodic': False, 'domain': 'Reals'}}",manual
MCM_200_24e16e5c,"{'a': 2, 'b': 0, 'c': 0}","{'points': [{'x': -3.0, 'y': -18.0}, {'x': -2.75, 'y': -11.3438}, {'x': -2.5, 'y': -6.25}, {'x': -2.25, 'y': -2.5312}, {'x': -2.0, 'y': 0.0}, {'x': -1.75, 'y': 1.5312}, {'x': -1.5, 'y': 2.25}, {'x': -1.25, 'y': 2.3438}, {'x': -1.0, 'y': 2.0}, {'x': -0.75, 'y': 1.4062}, {'x': -0.5, 'y': 0.75}, {'x': -0.25, 'y': 0.2188}, {'x': 0.0, 'y': 0.0}, {'x': 0.25, 'y': 0.2812}, {'x': 0.5, 'y': 1.25}, {'x': 0.75, 'y': 3.0938}, {'x': 1.0, 'y': 6.0}, {'x': 1.25, 'y': 10.1562}, {'x': 1.5, 'y': 15.75}, {'x': 1.75, 'y': 22.9688}, {'x': 2.0, 'y': 32.0}, {'x': 2.25, 'y': 43.0312}, {'x': 2.5, 'y': 56.25}, {'x': 2.75, 'y': 71.8438}, {'x': 3.0, 'y': 90.0}]}","{'formula': '2*x**2*(x + 2)', 'latex': '2 x^{2} \\left(x + 2\\right)', 'properties': {'singularities': [], 'is_periodic': False, 'domain': 'Reals'}}",manual
MCM_200_22984f5b,"{'a': 2, 'b': 0, 'c': 0}","{'points': [{'x': -3.0, 'y': 4.0}, {'x': -2.75, 'y': 3.0625}, {'x': -2.5, 'y': 2.25}, {'x': -2.25, 'y': 1.5625}, {'x': -2.0, 'y': 1.0}, {'x': -1.75, 'y': 0.5625}, {'x': -1.5, 'y': 0.25}, {'x': -1.25, 'y': 0.0625}, {'x': -1.0, 'y': 0.0}, {'x': -0.75, 'y': 0.0625}, {'x': -0.5, 'y': 0.25}, {'x': -0.25, 'y': 0.5625}, {'x': 0.0, 'y': 1.0}, {'x': 0.25, 'y': 1.5625}, {'x': 0.5, 'y': 2.25}, {'x': 0.75, 'y': 3.0625}, {'x': 1.0, 'y': 4.0}, {'x': 1.25, 'y': 5.0625}, {'x': 1.5, 'y': 6.25}, {'x': 1.75, 'y': 7.5625}, {'x': 2.0, 'y': 9.0}, {'x': 2.25, 'y': 10.5625}, {'x': 2.5, 'y': 12.25}, {'x': 2.75, 'y': 14.0625}, {'x': 3.0, 'y': 16.0}]}","{'formula': '(x + 1)**2', 'latex': '\\left(x + 1\\right)^{2}', 'properties': {'singularities': [], 'is_periodic': False, 'domain': 'Reals'}}",manual_rich
MCM_200_56f9efbe,"{'a': 2, 'b': 0, 'c': 0}","{'points': [{'x': -3.0, 'y': 12.25}, {'x': -2.75, 'y': 10.5625}, {'x': -2.5, 'y': 9.0}, {'x': -2.25, 'y': 7.5625}, {'x': -2.0, 'y': 6.25}, {'x': -1.75, 'y': 5.0625}, {'x': -1.5, 'y': 4.0}, {'x': -1.25, 'y': 3.0625}, {'x': -1.0, 'y': 2.25}, {'x': -0.75, 'y': 1.5625}, {'x': -0.5, 'y': 1.0}, {'x': -0.25, 'y': 0.5625}, {'x': 0.0, 'y': 0.25}, {'x': 0.25, 'y': 0.0625}, {'x': 0.5, 'y': 0.0}, {'x': 0.75, 'y': 0.0625}, {'x': 1.0, 'y': 0.25}, {'x': 1.25, 'y': 0.5625}, {'x': 1.5, 'y': 1.0}, {'x': 1.75, 'y': 1.5625}, {'x': 2.0, 'y': 2.25}, {'x': 2.25, 'y': 3.0625}, {'x': 2.5, 'y': 4.0}, {'x': 2.75, 'y': 5.0625}, {'x': 3.0, 'y': 6.25}]}","{'formula': '(x - 0.5)**2', 'latex': '\\left(x - 0.5\\right)^{2}', 'properties': {'singularities': [], 'is_periodic': False, 'domain': 'Reals'}}",manual_rich
MCM_200_bda4062e,"{'a': 2, 'b': 0, 'c': 0}","{'points': [{'x': -3.0, 'y': 25.0}, {'x': -2.75, 'y': 20.25}, {'x': -2.5, 'y': 16.0}, {'x': -2.25, 'y': 12.25}, {'x': -2.0, 'y': 9.0}, {'x': -1.75, 'y': 6.25}, {'x': -1.5, 'y': 4.0}, {'x': -1.25, 'y': 2.25}, {'x': -1.0, 'y': 1.0}, {'x': -0.75, 'y': 0.25}, {'x': -0.5, 'y': 0.0}, {'x': -0.25, 'y': 0.25}, {'x': 0.0, 'y': 1.0}, {'x': 0.25, 'y': 2.25}, {'x': 0.5, 'y': 4.0}, {'x': 0.75, 'y': 6.25}, {'x': 1.0, 'y': 9.0}, {'x': 1.25, 'y': 12.25}, {'x': 1.5, 'y': 16.0}, {'x': 1.75, 'y': 20.25}, {'x': 2.0, 'y': 25.0}, {'x': 2.25, 'y': 30.25}, {'x': 2.5, 'y': 36.0}, {'x': 2.75, 'y': 42.25}, {'x': 3.0, 'y': 49.0}]}","{'formula': '(2*x + 1)**2', 'latex': '\\left(2 x + 1\\right)^{2}', 'properties': {'singularities': [], 'is_periodic': False, 'domain': 'Reals'}}",manual_rich
MCM_201_4768826f,"{'a': 2, 'b': 0, 'c': 1}","{'points': [{'x': -3.0, 'y': -0.9564}, {'x': -2.75, 'y': -0.9299}, {'x': -2.5, 'y': -0.0829}, {'x': -2.25, 'y': 0.923}, {'x': -2.0, 'y': -0.9894}, {'x': -1.75, 'y': 0.7979}, {'x': -1.5, 'y': 0.2313}, {'x': -1.25, 'y': -0.9278}, {'x': -1.0, 'y': -0.8415}, {'x': -0.75, 'y': -0.4095}, {'x': -0.5, 'y': -0.1247}, {'x': -0.25, 'y': -0.0156}, {'x': 0.0, 'y': 0.0}, {'x': 0.25, 'y': 0.0156}, {'x': 0.5, 'y': 0.1247}, {'x': 0.75, 'y': 0.4095}, {'x': 1.0, 'y': 0.8415}, {'x': 1.25, 'y': 0.9278}, {'x': 1.5, 'y': -0.2313}, {'x': 1.75, 'y': -0.7979}, {'x': 2.0, 'y': 0.9894}, {'x': 2.25, 'y': -0.923}, {'x': 2.5, 'y': 0.0829}, {'x': 2.75, 'y': 0.9299}, {'x': 3.0, 'y': 0.9564}]}","{'formula': 'sin(x**3)', 'latex': '\\sin{\\left(x^{3} \\right)}', 'properties': {'singularities': [], 'is_periodic': False, 'domain': 'Reals'}}",manual
MCM_201_78d81f12,"{'a': 2, 'b': 0, 'c': 1}","{'points': [{'x': -3.0, 'y': 0.4242}, {'x': -2.75, 'y': 0.6948}, {'x': -2.5, 'y': 0.848}, {'x': -2.25, 'y': -0.9599}, {'x': -2.0, 'y': 0.9602}, {'x': -1.75, 'y': -0.8926}, {'x': -1.5, 'y': -0.2995}, {'x': -1.25, 'y': 0.7628}, {'x': -1.0, 'y': 1.0}, {'x': -0.75, 'y': 0.9466}, {'x': -0.5, 'y': 0.9305}, {'x': -0.25, 'y': 0.9727}, {'x': 0.0, 'y': 1.0}, {'x': 0.25, 'y': 0.9727}, {'x': 0.5, 'y': 0.9305}, {'x': 0.75, 'y': 0.9466}, {'x': 1.0, 'y': 1.0}, {'x': 1.25, 'y': 0.7628}, {'x': 1.5, 'y': -0.2995}, {'x': 1.75, 'y': -0.8926}, {'x': 2.0, 'y': 0.9602}, {'x': 2.25, 'y': -0.9599}, {'x': 2.5, 'y': 0.848}, {'x': 2.75, 'y': 0.6948}, {'x': 3.0, 'y': 0.4242}]}","{'formula': 'cos(x**3 - x)', 'latex': '\\cos{\\left(x^{3} - x \\right)}', 'properties': {'singularities': [], 'is_periodic': False, 'domain': 'Reals'}}",manual
MCM_201_0d5a8b63,"{'a': 2, 'b': 0, 'c': 1}","{'points': [{'x': -3.0, 'y': -0.7568}, {'x': -2.75, 'y': 0.079}, {'x': -2.5, 'y': 0.7781}, {'x': -2.25, 'y': 1.0}, {'x': -2.0, 'y': 0.8415}, {'x': -1.75, 'y': 0.5333}, {'x': -1.5, 'y': 0.2474}, {'x': -1.25, 'y': 0.0625}, {'x': -1.0, 'y': 0.0}, {'x': -0.75, 'y': 0.0625}, {'x': -0.5, 'y': 0.2474}, {'x': -0.25, 'y': 0.5333}, {'x': 0.0, 'y': 0.8415}, {'x': 0.25, 'y': 1.0}, {'x': 0.5, 'y': 0.7781}, {'x': 0.75, 'y': 0.079}, {'x': 1.0, 'y': -0.7568}, {'x': 1.25, 'y': -0.9393}, {'x': 1.5, 'y': -0.0332}, {'x': 1.75, 'y': 0.9578}, {'x': 2.0, 'y': 0.4121}, {'x': 2.25, 'y': -0.9077}, {'x': 2.5, 'y': -0.3111}, {'x': 2.75, 'y': 0.9972}, {'x': 3.0, 'y': -0.2879}]}","{'formula': 'sin((x + 1)**2)', 'latex': '\\sin{\\left(\\left(x + 1\\right)^{2} \\right)}', 'properties': {'singularities': [], 'is_periodic': False, 'domain': 'Reals'}}",manual_rich
MCM_201_29f603a6,"{'a': 2, 'b': 0, 'c': 1}","{'points': [{'x': -3.0, 'y': -0.6536}, {'x': -2.75, 'y': -0.9969}, {'x': -2.5, 'y': -0.6282}, {'x': -2.25, 'y': 0.0083}, {'x': -2.0, 'y': 0.5403}, {'x': -1.75, 'y': 0.8459}, {'x': -1.5, 'y': 0.9689}, {'x': -1.25, 'y': 0.998}, {'x': -1.0, 'y': 1.0}, {'x': -0.75, 'y': 0.998}, {'x': -0.5, 'y': 0.9689}, {'x': -0.25, 'y': 0.8459}, {'x': 0.0, 'y': 0.5403}, {'x': 0.25, 'y': 0.0083}, {'x': 0.5, 'y': -0.6282}, {'x': 0.75, 'y': -0.9969}, {'x': 1.0, 'y': -0.6536}, {'x': 1.25, 'y': 0.343}, {'x': 1.5, 'y': 0.9994}, {'x': 1.75, 'y': 0.2874}, {'x': 2.0, 'y': -0.9111}, {'x': 2.25, 'y': -0.4197}, {'x': 2.5, 'y': 0.9504}, {'x': 2.75, 'y': 0.0746}, {'x': 3.0, 'y': -0.9577}]}","{'formula': 'cos((x + 1)**2)', 'latex': '\\cos{\\left(\\left(x + 1\\right)^{2} \\right)}', 'properties': {'singularities': [], 'is_periodic': False, 'domain': 'Reals'}}",manual_rich
MCM_201_968c4dbc,"{'a': 2, 'b': 0, 'c': 1}","{'points': [{'x': -3.0, 'y': -0.3111}, {'x': -2.75, 'y': -0.9077}, {'x': -2.5, 'y': 0.4121}, {'x': -2.25, 'y': 0.9578}, {'x': -2.0, 'y': -0.0332}, {'x': -1.75, 'y': -0.9393}, {'x': -1.5, 'y': -0.7568}, {'x': -1.25, 'y': 0.079}, {'x': -1.0, 'y': 0.7781}, {'x': -0.75, 'y': 1.0}, {'x': -0.5, 'y': 0.8415}, {'x': -0.25, 'y': 0.5333}, {'x': 0.0, 'y': 0.2474}, {'x': 0.25, 'y': 0.0625}, {'x': 0.5, 'y': 0.0}, {'x': 0.75, 'y': 0.0625}, {'x': 1.0, 'y': 0.2474}, {'x': 1.25, 'y': 0.5333}, {'x': 1.5, 'y': 0.8415}, {'x': 1.75, 'y': 1.0}, {'x': 2.0, 'y': 0.7781}, {'x': 2.25, 'y': 0.079}, {'x': 2.5, 'y': -0.7568}, {'x': 2.75, 'y': -0.9393}, {'x': 3.0, 'y': -0.0332}]}","{'formula': 'sin((x - 0.5)**2)', 'latex': '\\sin{\\left(\\left(x - 0.5\\right)^{2} \\right)}', 'properties': {'singularities': [], 'is_periodic': False, 'domain': 'Reals'}}",manual_rich
MCM_201_641e858d,"{'a': 2, 'b': 0, 'c': 1}","{'points': [{'x': -3.0, 'y': 0.9504}, {'x': -2.75, 'y': -0.4197}, {'x': -2.5, 'y': -0.9111}, {'x': -2.25, 'y': 0.2874}, {'x': -2.0, 'y': 0.9994}, {'x': -1.75, 'y': 0.343}, {'x': -1.5, 'y': -0.6536}, {'x': -1.25, 'y': -0.9969}, {'x': -1.0, 'y': -0.6282}, {'x': -0.75, 'y': 0.0083}, {'x': -0.5, 'y': 0.5403}, {'x': -0.25, 'y': 0.8459}, {'x': 0.0, 'y': 0.9689}, {'x': 0.25, 'y': 0.998}, {'x': 0.5, 'y': 1.0}, {'x': 0.75, 'y': 0.998}, {'x': 1.0, 'y': 0.9689}, {'x': 1.25, 'y': 0.8459}, {'x': 1.5, 'y': 0.5403}, {'x': 1.75, 'y': 0.0083}, {'x': 2.0, 'y': -0.6282}, {'x': 2.25, 'y': -0.9969}, {'x': 2.5, 'y': -0.6536}, {'x': 2.75, 'y': 0.343}, {'x': 3.0, 'y': 0.9994}]}","{'formula': 'cos((x - 0.5)**2)', 'latex': '\\cos{\\left(\\left(x - 0.5\\right)^{2} \\right)}', 'properties': {'singularities': [], 'is_periodic': False, 'domain': 'Reals'}}",manual_rich
MCM_201_0a7ba9c0,"{'a': 2, 'b': 0, 'c': 1}","{'points': [{'x': -3.0, 'y': -0.1324}, {'x': -2.75, 'y': 0.9855}, {'x': -2.5, 'y': -0.2879}, {'x': -2.25, 'y': -0.3111}, {'x': -2.0, 'y': 0.4121}, {'x': -1.75, 'y': -0.0332}, {'x': -1.5, 'y': -0.7568}, {'x': -1.25, 'y': 0.7781}, {'x': -1.0, 'y': 0.8415}, {'x': -0.75, 'y': 0.2474}, {'x': -0.5, 'y': 0.0}, {'x': -0.25, 'y': 0.2474}, {'x': 0.0, 'y': 0.8415}, {'x': 0.25, 'y': 0.7781}, {'x': 0.5, 'y': -0.7568}, {'x': 0.75, 'y': -0.0332}, {'x': 1.0, 'y': 0.4121}, {'x': 1.25, 'y': -0.3111}, {'x': 1.5, 'y': -0.2879}, {'x': 1.75, 'y': 0.9855}, {'x': 2.0, 'y': -0.1324}, {'x': 2.25, 'y': -0.9192}, {'x': 2.5, 'y': -0.9918}, {'x': 2.75, 'y': -0.987}, {'x': 3.0, 'y': -0.9538}]}","{'formula': 'sin((2*x + 1)**2)', 'latex': '\\sin{\\left(\\left(2 x + 1\\right)^{2} \\right)}', 'properties': {'singularities': [], 'is_periodic': False, 'domain': 'Reals'}}",manual_rich
MCM_201_bc06e065,"{'a': 2, 'b': 0, 'c': 1}","{'points': [{'x': -3.0, 'y': 0.9912}, {'x': -2.75, 'y': 0.1695}, {'x': -2.5, 'y': -0.9577}, {'x': -2.25, 'y': 0.9504}, {'x': -2.0, 'y': -0.9111}, {'x': -1.75, 'y': 0.9994}, {'x': -1.5, 'y': -0.6536}, {'x': -1.25, 'y': -0.6282}, {'x': -1.0, 'y': 0.5403}, {'x': -0.75, 'y': 0.9689}, {'x': -0.5, 'y': 1.0}, {'x': -0.25, 'y': 0.9689}, {'x': 0.0, 'y': 0.5403}, {'x': 0.25, 'y': -0.6282}, {'x': 0.5, 'y': -0.6536}, {'x': 0.75, 'y': 0.9994}, {'x': 1.0, 'y': -0.9111}, {'x': 1.25, 'y': 0.9504}, {'x': 1.5, 'y': -0.9577}, {'x': 1.75, 'y': 0.1695}, {'x': 2.0, 'y': 0.9912}, {'x': 2.25, 'y': 0.3939}, {'x': 2.5, 'y': -0.128}, {'x': 2.75, 'y': -0.1608}, {'x': 3.0, 'y': 0.3006}]}","{'formula': 'cos((2*x + 1)**2)', 'latex': '\\cos{\\left(\\left(2 x + 1\\right)^{2} \\right)}', 'properties': {'singularities': [], 'is_periodic': False, 'domain': 'Reals'}}",manual_rich
MCM_202_c48a0b26,"{'a': 2, 'b': 0, 'c': 2}","{'points': [{'x': -3.0, 'y': 8.7097}, {'x': -2.75, 'y': 7.2971}, {'x': -2.5, 'y': 6.0096}, {'x': -2.25, 'y': 4.8471}, {'x': -2.0, 'y': 3.8095}, {'x': -1.75, 'y': 2.897}, {'x': -1.5, 'y': 2.1094}, {'x': -1.25, 'y': 1.4468}, {'x': -1.0, 'y': 0.9091}, {'x': -0.75, 'y': 0.4963}, {'x': -0.5, 'y': 0.2083}, {'x': -0.25, 'y': 0.0446}, {'x': 0.0, 'y': 0.0}, {'x': 0.25, 'y': 0.1042}, {'x': 0.5, 'y': 0.3125}, {'x': 0.75, 'y': 0.649}, {'x': 1.0, 'y': 1.1111}, {'x': 1.25, 'y': 1.6984}, {'x': 1.5, 'y': 2.4107}, {'x': 1.75, 'y': 3.2481}, {'x': 2.0, 'y': 4.2105}, {'x': 2.25, 'y': 5.298}, {'x': 2.5, 'y': 6.5104}, {'x': 2.75, 'y': 7.8479}, {'x': 3.0, 'y': 9.3103}]}","{'formula': 'x**3/(x - 0.1)', 'latex': '\\frac{x^{3}}{x - 0.1}', 'properties': {'singularities': [], 'is_periodic': False, 'domain': 'Union(Interval.open(-oo, 0.100000000000000), Interval.open(0.100000000000000, oo))'}}",manual
MCM_202_21806600,"{'a': 2, 'b': 0, 'c': 2}","{'points': [{'x': -3.0, 'y': -8.5714}, {'x': -2.75, 'y': -7.0772}, {'x': -2.5, 'y': -5.7065}, {'x': -2.25, 'y': -4.4588}, {'x': -2.0, 'y': -3.3333}, {'x': -1.75, 'y': -2.3286}, {'x': -1.5, 'y': -1.4423}, {'x': -1.25, 'y': -0.6696}, {'x': -1.0, 'y': 0.0}, {'x': -0.75, 'y': 0.5966}, {'x': -0.5, 'y': 1.25}, {'x': -0.25, 'y': 4.6875}, {'x': 0.0, 'y': 0.0}, {'x': 0.25, 'y': 0.5208}, {'x': 0.5, 'y': 0.5357}, {'x': 0.75, 'y': 0.3454}, {'x': 1.0, 'y': 0.0}, {'x': 1.25, 'y': -0.4849}, {'x': 1.5, 'y': -1.1029}, {'x': 1.75, 'y': -1.851}, {'x': 2.0, 'y': -2.7273}, {'x': 2.25, 'y': -3.7309}, {'x': 2.5, 'y': -4.8611}, {'x': 2.75, 'y': -6.1176}, {'x': 3.0, 'y': -7.5}]}","{'formula': 'x*(1 - x**2)/(x + 0.2)', 'latex': '\\frac{x \\left(1 - x^{2}\\right)}{x + 0.2}', 'properties': {'singularities': [], 'is_periodic': False, 'domain': 'Union(Interval.open(-oo, -0.200000000000000), Interval.open(-0.200000000000000, oo))'}}",manual
MCM_202_7e01b7f0,"{'a': 2, 'b': 0, 'c': 2}","{'points': [{'x': -3.0, 'y': 4.3902}, {'x': -2.75, 'y': 2.9464}, {'x': -2.5, 'y': 1.7361}, {'x': -2.25, 'y': 0.7556}, {'x': -2.0, 'y': 0.0}, {'x': -1.75, 'y': -0.5373}, {'x': -1.5, 'y': -0.8654}, {'x': -1.25, 'y': -0.9973}, {'x': -1.0, 'y': -0.9524}, {'x': -0.75, 'y': -0.7601}, {'x': -0.5, 'y': -0.4688}, {'x': -0.25, 'y': -0.162}, {'x': 0.0, 'y': 0.0}, {'x': 0.25, 'y': -0.3309}, {'x': 0.5, 'y': -2.0833}, {'x': 0.75, 'y': -8.8393}, {'x': 1.0, 'y': -60.0}, {'x': 1.25, 'y': 67.7083}, {'x': 1.5, 'y': 39.375}, {'x': 1.75, 'y': 35.3365}, {'x': 2.0, 'y': 35.5556}, {'x': 2.25, 'y': 37.4185}, {'x': 2.5, 'y': 40.1786}, {'x': 2.75, 'y': 43.5417}, {'x': 3.0, 'y': 47.3684}]}","{'formula': '2*x**2*(x + 2)/(x - 1.1)', 'latex': '\\frac{2 x^{2} \\left(x + 2\\right)}{x - 1.1}', 'properties': {'singularities': [], 'is_periodic': False, 'domain': 'Union(Interval.open(-oo, 1.10000000000000), Interval.open(1.10000000000000, oo))'}}",manual
MCM_202_e965e990,"{'a': 2, 'b': 0, 'c': 2}","{'points': [{'x': -3.0, 'y': -1.2903}, {'x': -2.75, 'y': -1.0746}, {'x': -2.5, 'y': -0.8654}, {'x': -2.25, 'y': -0.6649}, {'x': -2.0, 'y': -0.4762}, {'x': -1.75, 'y': -0.3041}, {'x': -1.5, 'y': -0.1562}, {'x': -1.25, 'y': -0.0463}, {'x': -1.0, 'y': 0.0}, {'x': -0.75, 'y': -0.0735}, {'x': -0.5, 'y': -0.4167}, {'x': -0.25, 'y': -1.6071}, {'x': 0.0, 'y': -10.0}, {'x': 0.25, 'y': 10.4167}, {'x': 0.5, 'y': 5.625}, {'x': 0.75, 'y': 4.7115}, {'x': 1.0, 'y': 4.4444}, {'x': 1.25, 'y': 4.4022}, {'x': 1.5, 'y': 4.4643}, {'x': 1.75, 'y': 4.5833}, {'x': 2.0, 'y': 4.7368}, {'x': 2.25, 'y': 4.9128}, {'x': 2.5, 'y': 5.1042}, {'x': 2.75, 'y': 5.3066}, {'x': 3.0, 'y': 5.5172}]}","{'formula': '(x + 1)**2/(x - 0.1)', 'latex': '\\frac{\\left(x + 1\\right)^{2}}{x - 0.1}', 'properties': {'singularities': [], 'is_periodic': False, 'domain': 'Union(Interval.open(-oo, 0.100000000000000), Interval.open(0.100000000000000, oo))'}}",manual_rich
MCM_202_2b518b8f,"{'a': 2, 'b': 0, 'c': 2}","{'points': [{'x': -3.0, 'y': -3.8281}, {'x': -2.75, 'y': -3.5805}, {'x': -2.5, 'y': -3.3333}, {'x': -2.25, 'y': -3.0867}, {'x': -2.0, 'y': -2.8409}, {'x': -1.75, 'y': -2.5962}, {'x': -1.5, 'y': -2.3529}, {'x': -1.25, 'y': -2.1121}, {'x': -1.0, 'y': -1.875}, {'x': -0.75, 'y': -1.6447}, {'x': -0.5, 'y': -1.4286}, {'x': -0.25, 'y': -1.25}, {'x': 0.0, 'y': -1.25}, {'x': 0.25, 'y': 1.25}, {'x': 0.5, 'y': 0.0}, {'x': 0.75, 'y': 0.1136}, {'x': 1.0, 'y': 0.3125}, {'x': 1.25, 'y': 0.5357}, {'x': 1.5, 'y': 0.7692}, {'x': 1.75, 'y': 1.0081}, {'x': 2.0, 'y': 1.25}, {'x': 2.25, 'y': 1.4939}, {'x': 2.5, 'y': 1.7391}, {'x': 2.75, 'y': 1.9853}, {'x': 3.0, 'y': 2.2321}]}","{'formula': '(x - 0.5)**2/(x - 0.2)', 'latex': '\\frac{\\left(x - 0.5\\right)^{2}}{x - 0.2}', 'properties': {'singularities': [], 'is_periodic': False, 'domain': 'Union(Interval.open(-oo, 0.200000000000000), Interval.open(0.200000000000000, oo))'}}",manual_rich
MCM_202_5e8a352e,"{'a': 2, 'b': 0, 'c': 2}","{'points': [{'x': -3.0, 'y': -8.7719}, {'x': -2.75, 'y': -7.7885}, {'x': -2.5, 'y': -6.8085}, {'x': -2.25, 'y': -5.8333}, {'x': -2.0, 'y': -4.8649}, {'x': -1.75, 'y': -3.9062}, {'x': -1.5, 'y': -2.963}, {'x': -1.25, 'y': -2.0455}, {'x': -1.0, 'y': -1.1765}, {'x': -0.75, 'y': -0.4167}, {'x': -0.5, 'y': 0.0}, {'x': -0.25, 'y': -2.5}, {'x': 0.0, 'y': 6.6667}, {'x': 0.25, 'y': 5.625}, {'x': 0.5, 'y': 6.1538}, {'x': 0.75, 'y': 6.9444}, {'x': 1.0, 'y': 7.8261}, {'x': 1.25, 'y': 8.75}, {'x': 1.5, 'y': 9.697}, {'x': 1.75, 'y': 10.6579}, {'x': 2.0, 'y': 11.6279}, {'x': 2.25, 'y': 12.6042}, {'x': 2.5, 'y': 13.5849}, {'x': 2.75, 'y': 14.569}, {'x': 3.0, 'y': 15.5556}]}","{'formula': '(2*x + 1)**2/(x + 0.15)', 'latex': '\\frac{\\left(2 x + 1\\right)^{2}}{x + 0.15}', 'properties': {'singularities': [], 'is_periodic': False, 'domain': 'Union(Interval.open(-oo, -0.150000000000000), Interval.open(-0.150000000000000, oo))'}}",manual_rich
MCM_203_ad8839df,"{'a': 2, 'b': 0, 'c': 3}","{'points': [{'x': -3.0, 'y': 6561.0}, {'x': -2.75, 'y': 3270.8569}, {'x': -2.5, 'y': 1525.8789}, {'x': -2.25, 'y': 656.8408}, {'x': -2.0, 'y': 256.0}, {'x': -1.75, 'y': 87.9639}, {'x': -1.5, 'y': 25.6289}, {'x': -1.25, 'y': 5.9605}, {'x': -1.0, 'y': 1.0}, {'x': -0.75, 'y': 0.1001}, {'x': -0.5, 'y': 0.0039}, {'x': -0.25, 'y': 0.0}, {'x': 0.0, 'y': 0.0}, {'x': 0.25, 'y': 0.0}, {'x': 0.5, 'y': 0.0039}, {'x': 0.75, 'y': 0.1001}, {'x': 1.0, 'y': 1.0}, {'x': 1.25, 'y': 5.9605}, {'x': 1.5, 'y': 25.6289}, {'x': 1.75, 'y': 87.9639}, {'x': 2.0, 'y': 256.0}, {'x': 2.25, 'y': 656.8408}, {'x': 2.5, 'y': 1525.8789}, {'x': 2.75, 'y': 3270.8569}, {'x': 3.0, 'y': 6561.0}]}","{'formula': 'x**8', 'latex': 'x^{8}', 'properties': {'singularities': [], 'is_periodic': False, 'domain': 'Reals'}}",manual
MCM_203_0bedddcc,"{'a': 2, 'b': 0, 'c': 3}","{'points': [{'x': -3.0, 'y': 482.0529}, {'x': -2.75, 'y': 282.3006}, {'x': -2.5, 'y': 159.8952}, {'x': -2.25, 'y': 86.7238}, {'x': -2.0, 'y': 44.3343}, {'x': -1.75, 'y': 20.7705}, {'x': -1.5, 'y': 8.4032}, {'x': -1.25, 'y': 2.4541}, {'x': -1.0, 'y': 0.0}, {'x': -0.75, 'y': -0.6946}, {'x': -0.5, 'y': -0.6183}, {'x': -0.25, 'y': -0.3009}, {'x': 0.0, 'y': 0.0}, {'x': 0.25, 'y': 0.3009}, {'x': 0.5, 'y': 0.6183}, {'x': 0.75, 'y': 0.6946}, {'x': 1.0, 'y': 0.0}, {'x': 1.25, 'y': -2.4541}, {'x': 1.5, 'y': -8.4032}, {'x': 1.75, 'y': -20.7705}, {'x': 2.0, 'y': -44.3343}, {'x': 2.25, 'y': -86.7238}, {'x': 2.5, 'y': -159.8952}, {'x': 2.75, 'y': -282.3006}, {'x': 3.0, 'y': -482.0529}]}","{'formula': 'x*(1 - x**2)*exp(Abs(x))', 'latex': 'x \\left(1 - x^{2}\\right) e^{\\left|{x}\\right|}', 'properties': {'singularities': [], 'is_periodic': False, 'domain': 'Reals'}}",manual
MCM_203_a6e755b2,"{'a': 2, 'b': 0, 'c': 3}","{'points': [{'x': -3.0, 'y': -241.6649}, {'x': -2.75, 'y': -156.0015}, {'x': -2.5, 'y': -96.4551}, {'x': -2.25, 'y': -56.5677}, {'x': -2.0, 'y': -32.0}, {'x': -1.75, 'y': -15.3696}, {'x': -1.5, 'y': -6.5093}, {'x': -1.25, 'y': -1.9628}, {'x': -1.0, 'y': 0.0718}, {'x': -0.75, 'y': 0.7974}, {'x': -0.5, 'y': 0.9404}, {'x': -0.25, 'y': 0.858}, {'x': 0.0, 'y': 0.0}, {'x': 0.25, 'y': 0.8818}, {'x': 0.5, 'y': 1.0538}, {'x': 0.75, 'y': 1.3569}, {'x': 1.0, 'y': 2.1962}, {'x': 1.25, 'y': 4.3126}, {'x': 1.5, 'y': 8.9112}, {'x': 1.75, 'y': 17.7812}, {'x': 2.0, 'y': 33.4142}, {'x': 2.25, 'y': 59.1218}, {'x': 2.5, 'y': 99.1525}, {'x': 2.75, 'y': 158.8097}, {'x': 3.0, 'y': 244.5683}]}","{'formula': 'x**5 + 1.07177346253629*Abs(x**0.2*(x + 2)**0.1)', 'latex': 'x^{5} + 1.07177346253629 \\left|{x^{0.2} \\left(x + 2\\right)^{0.1}}\\right|', 'properties': {'singularities': [], 'is_periodic': False, 'domain': 'Interval(0, oo)'}}",manual
MCM_203_548f6fa8,"{'a': 2, 'b': 0, 'c': 3}","{'points': [{'x': -3.0, 'y': -1.2298}, {'x': -2.75, 'y': -1.0184}, {'x': -2.5, 'y': -0.8144}, {'x': -2.25, 'y': -0.6202}, {'x': -2.0, 'y': -0.4391}, {'x': -1.75, 'y': -0.276}, {'x': -1.5, 'y': -0.1387}, {'x': -1.25, 'y': -0.0398}, {'x': -1.0, 'y': 0.0}, {'x': -0.75, 'y': -0.0543}, {'x': -0.5, 'y': -0.2475}, {'x': -0.25, 'y': -0.4473}, {'x': 0.0, 'y': 0.9589}, {'x': 0.25, 'y': 1.4265}, {'x': 0.5, 'y': -0.4288}, {'x': 0.75, 'y': 2.9693}, {'x': 1.0, 'y': 3.7959}, {'x': 1.25, 'y': 4.1249}, {'x': 1.5, 'y': 4.3474}, {'x': 1.75, 'y': 4.5475}, {'x': 2.0, 'y': 4.7467}, {'x': 2.25, 'y': 4.9505}, {'x': 2.5, 'y': 5.1599}, {'x': 2.75, 'y': 5.3744}, {'x': 3.0, 'y': 5.5936}]}","{'formula': '(x + 1)**2*sin(1/(x - 0.2))', 'latex': '\\left(x + 1\\right)^{2} \\sin{\\left(\\frac{1}{x - 0.2} \\right)}', 'properties': {'singularities': [], 'is_periodic': False, 'domain': 'Union(Interval.open(-oo, 0.200000000000000), Interval.open(0.200000000000000, oo))'}}",manual_rich
MCM_203_8b48ae25,"{'a': 2, 'b': 0, 'c': 3}","{'points': [{'x': -3.0, 'y': -4.2106}, {'x': -2.75, 'y': -3.9631}, {'x': -2.5, 'y': -3.7152}, {'x': -2.25, 'y': -3.4666}, {'x': -2.0, 'y': -3.2162}, {'x': -1.75, 'y': -2.9621}, {'x': -1.5, 'y': -2.6993}, {'x': -1.25, 'y': -2.4161}, {'x': -1.0, 'y': -2.0773}, {'x': -0.75, 'y': -1.5553}, {'x': -0.5, 'y': -0.2806}, {'x': -0.25, 'y': 0.306}, {'x': 0.0, 'y': 0.0935}, {'x': 0.25, 'y': 0.0374}, {'x': 0.5, 'y': 0.0}, {'x': 0.75, 'y': 0.056}, {'x': 1.0, 'y': 0.191}, {'x': 1.25, 'y': 0.3685}, {'x': 1.5, 'y': 0.5696}, {'x': 1.75, 'y': 0.7849}, {'x': 2.0, 'y': 1.0092}, {'x': 2.25, 'y': 1.2394}, {'x': 2.5, 'y': 1.4739}, {'x': 2.75, 'y': 1.7113}, {'x': 3.0, 'y': 1.951}]}","{'formula': '(x - 0.5)**2*sin(1/(x + 0.15))', 'latex': '\\left(x - 0.5\\right)^{2} \\sin{\\left(\\frac{1}{x + 0.15} \\right)}', 'properties': {'singularities': [], 'is_periodic': False, 'domain': 'Union(Interval.open(-oo, -0.150000000000000), Interval.open(-0.150000000000000, oo))'}}",manual_rich
MCM_203_ebe531c8,"{'a': 2, 'b': 0, 'c': 3}","{'points': [{'x': -3.0, 'y': -9.049}, {'x': -2.75, 'y': -8.0377}, {'x': -2.5, 'y': -7.0249}, {'x': -2.25, 'y': -6.0103}, {'x': -2.0, 'y': -4.994}, {'x': -1.75, 'y': -3.9767}, {'x': -1.5, 'y': -2.9607}, {'x': -1.25, 'y': -1.9546}, {'x': -1.0, 'y': -0.9899}, {'x': -0.75, 'y': -0.1988}, {'x': -0.5, 'y': 0.0}, {'x': -0.25, 'y': 0.2282}, {'x': 0.0, 'y': -0.1906}, {'x': 0.25, 'y': 2.1815}, {'x': 0.5, 'y': 3.7959}, {'x': 0.75, 'y': 5.0925}, {'x': 1.0, 'y': 6.2602}, {'x': 1.25, 'y': 7.3663}, {'x': 1.5, 'y': 8.4386}, {'x': 1.75, 'y': 9.4909}, {'x': 2.0, 'y': 10.5303}, {'x': 2.25, 'y': 11.561}, {'x': 2.5, 'y': 12.5856}, {'x': 2.75, 'y': 13.6056}, {'x': 3.0, 'y': 14.6223}]}","{'formula': '(2*x + 1)**2*sin(1/(x + 0.3))', 'latex': '\\left(2 x + 1\\right)^{2} \\sin{\\left(\\frac{1}{x + 0.3} \\right)}', 'properties': {'singularities': [], 'is_periodic': False, 'domain': 'Union(Interval.open(-oo, -0.300000000000000), Interval.open(-0.300000000000000, oo))'}}",manual_rich
MCM_210_9743544a,"{'a': 2, 'b': 1, 'c': 0}","{'points': [{'x': -3.0, 'y': 0.0672}, {'x': -2.75, 'y': 0.125}, {'x': -2.5, 'y': 0.2096}, {'x': -2.25, 'y': 0.3201}, {'x': -2.0, 'y': 0.4493}, {'x': -1.75, 'y': 0.5851}, {'x': -1.5, 'y': 0.7136}, {'x': -1.25, 'y': 0.8226}, {'x': -1.0, 'y': 0.9048}, {'x': -0.75, 'y': 0.9587}, {'x': -0.5, 'y': 0.9876}, {'x': -0.25, 'y': 0.9984}, {'x': 0.0, 'y': 1.0}, {'x': 0.25, 'y': 1.0016}, {'x': 0.5, 'y': 1.0126}, {'x': 0.75, 'y': 1.0431}, {'x': 1.0, 'y': 1.1052}, {'x': 1.25, 'y': 1.2157}, {'x': 1.5, 'y': 1.4014}, {'x': 1.75, 'y': 1.709}, {'x': 2.0, 'y': 2.2255}, {'x': 2.25, 'y': 3.1238}, {'x': 2.5, 'y': 4.7707}, {'x': 2.75, 'y': 8.002}, {'x': 3.0, 'y': 14.8797}]}","{'formula': 'exp(0.1*x**3)', 'latex': 'e^{0.1 x^{3}}', 'properties': {'singularities': [], 'is_periodic': False, 'domain': 'Reals'}}",manual
MCM_210_6484856f,"{'a': 2, 'b': 1, 'c': 0}","{'points': [{'x': -3.0, 'y': 3.2189}, {'x': -2.75, 'y': 2.9469}, {'x': -2.5, 'y': 2.6479}, {'x': -2.25, 'y': 2.3165}, {'x': -2.0, 'y': 1.9459}, {'x': -1.75, 'y': 1.5281}, {'x': -1.5, 'y': 1.0561}, {'x': -1.25, 'y': 0.5325}, {'x': -1.0, 'y': 0.0}, {'x': -0.75, 'y': 0.2838}, {'x': -0.5, 'y': 0.3185}, {'x': -0.25, 'y': 0.2106}, {'x': 0.0, 'y': 0.0}, {'x': 0.25, 'y': 0.2106}, {'x': 0.5, 'y': 0.3185}, {'x': 0.75, 'y': 0.2838}, {'x': 1.0, 'y': 0.0}, {'x': 1.25, 'y': 0.5325}, {'x': 1.5, 'y': 1.0561}, {'x': 1.75, 'y': 1.5281}, {'x': 2.0, 'y': 1.9459}, {'x': 2.25, 'y': 2.3165}, {'x': 2.5, 'y': 2.6479}, {'x': 2.75, 'y': 2.9469}, {'x': 3.0, 'y': 3.2189}]}","{'formula': 'log(Abs(x**3 - x) + 1)', 'latex': '\\log{\\left(\\left|{x^{3} - x}\\right| + 1 \\right)}', 'properties': {'singularities': [], 'is_periodic': False, 'domain': 'Reals'}}",manual
MCM_210_a6ca162d,"{'a': 2, 'b': 1, 'c': 0}","{'points': [{'x': -3.0, 'y': -1.0136}, {'x': -2.75, 'y': 1.012}, {'x': -2.5, 'y': -0.0227}, {'x': -2.25, 'y': -1.0825}, {'x': -2.0, 'y': 0.0}, {'x': -1.75, 'y': 0.6419}, {'x': -1.5, 'y': 0.8063}, {'x': -1.25, 'y': 0.8196}, {'x': -1.0, 'y': 0.7614}, {'x': -0.75, 'y': 0.6027}, {'x': -0.5, 'y': 0.3528}, {'x': -0.25, 'y': 0.108}, {'x': 0.0, 'y': 0.0}, {'x': 0.25, 'y': 0.1382}, {'x': 0.5, 'y': 0.5496}, {'x': 0.75, 'y': 0.8564}, {'x': 1.0, 'y': 0.1045}, {'x': 1.25, 'y': -0.562}, {'x': 1.5, 'y': 0.4549}, {'x': 1.75, 'y': -0.28}, {'x': 2.0, 'y': -0.0581}, {'x': 2.25, 'y': 0.0532}, {'x': 2.5, 'y': 0.0089}, {'x': 2.75, 'y': -0.027}, {'x': 3.0, 'y': 0.0095}]}","{'formula': 'exp(-x**2*(0.1*x + 0.2))*sin(x**2*(x + 2))', 'latex': 'e^{- x^{2} \\left(0.1 x + 0.2\\right)} \\sin{\\left(x^{2} \\left(x + 2\\right) \\right)}', 'properties': {'singularities': [], 'is_periodic': False, 'domain': 'Reals'}}",manual
MCM_210_71c6edd5,"{'a': 2, 'b': 1, 'c': 0}","{'points': [{'x': -3.0, 'y': 0.0001}, {'x': -2.75, 'y': 0.0005}, {'x': -2.5, 'y': 0.0019}, {'x': -2.25, 'y': 0.0063}, {'x': -2.0, 'y': 0.0183}, {'x': -1.75, 'y': 0.0468}, {'x': -1.5, 'y': 0.1054}, {'x': -1.25, 'y': 0.2096}, {'x': -1.0, 'y': 0.3679}, {'x': -0.75, 'y': 0.5698}, {'x': -0.5, 'y': 0.7788}, {'x': -0.25, 'y': 0.9394}, {'x': 0.0, 'y': 1.0}, {'x': 0.25, 'y': 0.9394}, {'x': 0.5, 'y': 0.7788}, {'x': 0.75, 'y': 0.5698}, {'x': 1.0, 'y': 0.3679}, {'x': 1.25, 'y': 0.2096}, {'x': 1.5, 'y': 0.1054}, {'x': 1.75, 'y': 0.0468}, {'x': 2.0, 'y': 0.0183}, {'x': 2.25, 'y': 0.0063}, {'x': 2.5, 'y': 0.0019}, {'x': 2.75, 'y': 0.0005}, {'x': 3.0, 'y': 0.0001}]}","{'formula': 'exp(-x**2)', 'latex': 'e^{- x^{2}}', 'properties': {'singularities': [], 'is_periodic': False, 'domain': 'Reals'}}",manual_rich
MCM_210_5b7e3e1e,"{'a': 2, 'b': 1, 'c': 0}","{'points': [{'x': -3.0, 'y': 0.0625}, {'x': -2.75, 'y': 0.0743}, {'x': -2.5, 'y': 0.0884}, {'x': -2.25, 'y': 0.1051}, {'x': -2.0, 'y': 0.125}, {'x': -1.75, 'y': 0.1487}, {'x': -1.5, 'y': 0.1768}, {'x': -1.25, 'y': 0.2102}, {'x': -1.0, 'y': 0.25}, {'x': -0.75, 'y': 0.2973}, {'x': -0.5, 'y': 0.3536}, {'x': -0.25, 'y': 0.4204}, {'x': 0.0, 'y': 0.5}, {'x': 0.25, 'y': 0.5946}, {'x': 0.5, 'y': 0.7071}, {'x': 0.75, 'y': 0.8409}, {'x': 1.0, 'y': 1.0}, {'x': 1.25, 'y': 1.1892}, {'x': 1.5, 'y': 1.4142}, {'x': 1.75, 'y': 1.6818}, {'x': 2.0, 'y': 2.0}, {'x': 2.25, 'y': 2.3784}, {'x': 2.5, 'y': 2.8284}, {'x': 2.75, 'y': 3.3636}, {'x': 3.0, 'y': 4.0}]}","{'formula': '2**(x - 1)', 'latex': '2^{x - 1}', 'properties': {'singularities': [], 'is_periodic': False, 'domain': 'Reals'}}",manual_rich
MCM_211_961cc600,"{'a': 2, 'b': 1, 'c': 1}","{'points': [{'x': -3.0, 'y': 0.0672}, {'x': -2.75, 'y': 0.1246}, {'x': -2.5, 'y': 0.2081}, {'x': -2.25, 'y': 0.3147}, {'x': -2.0, 'y': 0.4344}, {'x': -1.75, 'y': 0.5523}, {'x': -1.5, 'y': 0.6545}, {'x': -1.25, 'y': 0.7329}, {'x': -1.0, 'y': 0.7863}, {'x': -0.75, 'y': 0.8184}, {'x': -0.5, 'y': 0.8347}, {'x': -0.25, 'y': 0.8406}, {'x': 0.0, 'y': 0.8415}, {'x': 0.25, 'y': 0.8423}, {'x': 0.5, 'y': 0.8482}, {'x': 0.75, 'y': 0.864}, {'x': 1.0, 'y': 0.8935}, {'x': 1.25, 'y': 0.9376}, {'x': 1.5, 'y': 0.9857}, {'x': 1.75, 'y': 0.9905}, {'x': 2.0, 'y': 0.7932}, {'x': 2.25, 'y': 0.0178}, {'x': 2.5, 'y': -0.9983}, {'x': 2.75, 'y': 0.9891}, {'x': 3.0, 'y': 0.7367}]}","{'formula': 'sin(exp(0.1*x**3))', 'latex': '\\sin{\\left(e^{0.1 x^{3}} \\right)}', 'properties': {'singularities': [], 'is_periodic': False, 'domain': 'Reals'}}",manual
MCM_211_99367ea2,"{'a': 2, 'b': 1, 'c': 1}","{'points': [{'x': -3.0, 'y': -0.997}, {'x': -2.75, 'y': -0.9811}, {'x': -2.5, 'y': -0.8806}, {'x': -2.25, 'y': -0.6785}, {'x': -2.0, 'y': -0.3664}, {'x': -1.75, 'y': 0.0427}, {'x': -1.5, 'y': 0.4923}, {'x': -1.25, 'y': 0.8616}, {'x': -1.0, 'y': 1.0}, {'x': -0.75, 'y': 0.96}, {'x': -0.5, 'y': 0.9497}, {'x': -0.25, 'y': 0.9779}, {'x': 0.0, 'y': 1.0}, {'x': 0.25, 'y': 0.9779}, {'x': 0.5, 'y': 0.9497}, {'x': 0.75, 'y': 0.96}, {'x': 1.0, 'y': 1.0}, {'x': 1.25, 'y': 0.8616}, {'x': 1.5, 'y': 0.4923}, {'x': 1.75, 'y': 0.0427}, {'x': 2.0, 'y': -0.3664}, {'x': 2.25, 'y': -0.6785}, {'x': 2.5, 'y': -0.8806}, {'x': 2.75, 'y': -0.9811}, {'x': 3.0, 'y': -0.997}]}","{'formula': 'cos(log(Abs(x**3 - x) + 1))', 'latex': '\\cos{\\left(\\log{\\left(\\left|{x^{3} - x}\\right| + 1 \\right)} \\right)}', 'properties': {'singularities': [], 'is_periodic': False, 'domain': 'Reals'}}",manual
MCM_211_10db4f0c,"{'a': 2, 'b': 1, 'c': 1}","{'points': [{'x': -3.0, 'y': 0.4006}, {'x': -2.75, 'y': 0.8179}, {'x': -2.5, 'y': -0.0332}, {'x': -2.25, 'y': -0.8072}, {'x': -2.0, 'y': -0.6866}, {'x': -1.75, 'y': 0.0789}, {'x': -1.5, 'y': 0.7019}, {'x': -1.25, 'y': 0.8415}, {'x': -1.0, 'y': 0.7456}, {'x': -0.75, 'y': 0.5084}, {'x': -0.5, 'y': 0.2449}, {'x': -0.25, 'y': 0.0624}, {'x': 0.0, 'y': 0.0}, {'x': 0.25, 'y': 0.0624}, {'x': 0.5, 'y': 0.2449}, {'x': 0.75, 'y': 0.5084}, {'x': 1.0, 'y': 0.7456}, {'x': 1.25, 'y': 0.8415}, {'x': 1.5, 'y': 0.7019}, {'x': 1.75, 'y': 0.0789}, {'x': 2.0, 'y': -0.6866}, {'x': 2.25, 'y': -0.8072}, {'x': 2.5, 'y': -0.0332}, {'x': 2.75, 'y': 0.8179}, {'x': 3.0, 'y': 0.4006}]}","{'formula': 'sin(sin(x**2))', 'latex': '\\sin{\\left(\\sin{\\left(x^{2} \\right)} \\right)}', 'properties': {'singularities': [], 'is_periodic': False, 'domain': 'Reals'}}",manual_rich
MCM_211_1aaf8f03,"{'a': 2, 'b': 1, 'c': 1}","{'points': [{'x': -3.0, 'y': 0.9163}, {'x': -2.75, 'y': 0.5753}, {'x': -2.5, 'y': 0.9994}, {'x': -2.25, 'y': 0.5903}, {'x': -2.0, 'y': 0.727}, {'x': -1.75, 'y': 0.9969}, {'x': -1.5, 'y': 0.7123}, {'x': -1.25, 'y': 0.5403}, {'x': -1.0, 'y': 0.6664}, {'x': -0.75, 'y': 0.8611}, {'x': -0.5, 'y': 0.9696}, {'x': -0.25, 'y': 0.9981}, {'x': 0.0, 'y': 1.0}, {'x': 0.25, 'y': 0.9981}, {'x': 0.5, 'y': 0.9696}, {'x': 0.75, 'y': 0.8611}, {'x': 1.0, 'y': 0.6664}, {'x': 1.25, 'y': 0.5403}, {'x': 1.5, 'y': 0.7123}, {'x': 1.75, 'y': 0.9969}, {'x': 2.0, 'y': 0.727}, {'x': 2.25, 'y': 0.5903}, {'x': 2.5, 'y': 0.9994}, {'x': 2.75, 'y': 0.5753}, {'x': 3.0, 'y': 0.9163}]}","{'formula': 'cos(sin(x**2))', 'latex': '\\cos{\\left(\\sin{\\left(x^{2} \\right)} \\right)}', 'properties': {'singularities': [], 'is_periodic': False, 'domain': 'Reals'}}",manual_rich
MCM_211_cf9fb9b2,"{'a': 2, 'b': 1, 'c': 1}","{'points': [{'x': -3.0, 'y': -0.4042}, {'x': -2.75, 'y': -0.1773}, {'x': -2.5, 'y': 0.0707}, {'x': -2.25, 'y': 0.3101}, {'x': -2.0, 'y': 0.5144}, {'x': -1.75, 'y': 0.6681}, {'x': -1.5, 'y': 0.7692}, {'x': -1.25, 'y': 0.8243}, {'x': -1.0, 'y': 0.8415}, {'x': -0.75, 'y': 0.8243}, {'x': -0.5, 'y': 0.7692}, {'x': -0.25, 'y': 0.6681}, {'x': 0.0, 'y': 0.5144}, {'x': 0.25, 'y': 0.3101}, {'x': 0.5, 'y': 0.0707}, {'x': 0.75, 'y': -0.1773}, {'x': 1.0, 'y': -0.4042}, {'x': 1.25, 'y': -0.5877}, {'x': 1.5, 'y': -0.7182}, {'x': 1.75, 'y': -0.7982}, {'x': 2.0, 'y': -0.836}, {'x': 2.25, 'y': -0.8383}, {'x': 2.5, 'y': -0.8055}, {'x': 2.75, 'y': -0.7315}, {'x': 3.0, 'y': -0.6081}]}","{'formula': 'sin(cos(x + 1))', 'latex': '\\sin{\\left(\\cos{\\left(x + 1 \\right)} \\right)}', 'properties': {'singularities': [], 'is_periodic': True, 'domain': 'Reals', 'period_value': '2*pi'}}",manual_rich
MCM_211_8e2dbc85,"{'a': 2, 'b': 1, 'c': 1}","{'points': [{'x': -3.0, 'y': 0.9147}, {'x': -2.75, 'y': 0.9842}, {'x': -2.5, 'y': 0.9975}, {'x': -2.25, 'y': 0.9507}, {'x': -2.0, 'y': 0.8576}, {'x': -1.75, 'y': 0.744}, {'x': -1.5, 'y': 0.639}, {'x': -1.25, 'y': 0.5662}, {'x': -1.0, 'y': 0.5403}, {'x': -0.75, 'y': 0.5662}, {'x': -0.5, 'y': 0.639}, {'x': -0.25, 'y': 0.744}, {'x': 0.0, 'y': 0.8576}, {'x': 0.25, 'y': 0.9507}, {'x': 0.5, 'y': 0.9975}, {'x': 0.75, 'y': 0.9842}, {'x': 1.0, 'y': 0.9147}, {'x': 1.25, 'y': 0.8091}, {'x': 1.5, 'y': 0.6959}, {'x': 1.75, 'y': 0.6024}, {'x': 2.0, 'y': 0.5487}, {'x': 2.25, 'y': 0.5452}, {'x': 2.5, 'y': 0.5926}, {'x': 2.75, 'y': 0.6818}, {'x': 3.0, 'y': 0.7939}]}","{'formula': 'cos(cos(x + 1))', 'latex': '\\cos{\\left(\\cos{\\left(x + 1 \\right)} \\right)}', 'properties': {'singularities': [], 'is_periodic': True, 'domain': 'Reals', 'period_value': '2*pi'}}",manual_rich
MCM_211_881a484b,"{'a': 2, 'b': 1, 'c': 1}","{'points': [{'x': -3.0, 'y': 0.0001}, {'x': -2.75, 'y': 0.0005}, {'x': -2.5, 'y': 0.0019}, {'x': -2.25, 'y': 0.0063}, {'x': -2.0, 'y': 0.0183}, {'x': -1.75, 'y': 0.0468}, {'x': -1.5, 'y': 0.1052}, {'x': -1.25, 'y': 0.2081}, {'x': -1.0, 'y': 0.3596}, {'x': -0.75, 'y': 0.5394}, {'x': -0.5, 'y': 0.7024}, {'x': -0.25, 'y': 0.8072}, {'x': 0.0, 'y': 0.8415}, {'x': 0.25, 'y': 0.8072}, {'x': 0.5, 'y': 0.7024}, {'x': 0.75, 'y': 0.5394}, {'x': 1.0, 'y': 0.3596}, {'x': 1.25, 'y': 0.2081}, {'x': 1.5, 'y': 0.1052}, {'x': 1.75, 'y': 0.0468}, {'x': 2.0, 'y': 0.0183}, {'x': 2.25, 'y': 0.0063}, {'x': 2.5, 'y': 0.0019}, {'x': 2.75, 'y': 0.0005}, {'x': 3.0, 'y': 0.0001}]}","{'formula': 'sin(exp(-x**2))', 'latex': '\\sin{\\left(e^{- x^{2}} \\right)}', 'properties': {'singularities': [], 'is_periodic': False, 'domain': 'Reals'}}",manual_rich
MCM_211_fd889bfe,"{'a': 2, 'b': 1, 'c': 1}","{'points': [{'x': -3.0, 'y': 1.0}, {'x': -2.75, 'y': 1.0}, {'x': -2.5, 'y': 1.0}, {'x': -2.25, 'y': 1.0}, {'x': -2.0, 'y': 0.9998}, {'x': -1.75, 'y': 0.9989}, {'x': -1.5, 'y': 0.9945}, {'x': -1.25, 'y': 0.9781}, {'x': -1.0, 'y': 0.9331}, {'x': -0.75, 'y': 0.842}, {'x': -0.5, 'y': 0.7118}, {'x': -0.25, 'y': 0.5903}, {'x': 0.0, 'y': 0.5403}, {'x': 0.25, 'y': 0.5903}, {'x': 0.5, 'y': 0.7118}, {'x': 0.75, 'y': 0.842}, {'x': 1.0, 'y': 0.9331}, {'x': 1.25, 'y': 0.9781}, {'x': 1.5, 'y': 0.9945}, {'x': 1.75, 'y': 0.9989}, {'x': 2.0, 'y': 0.9998}, {'x': 2.25, 'y': 1.0}, {'x': 2.5, 'y': 1.0}, {'x': 2.75, 'y': 1.0}, {'x': 3.0, 'y': 1.0}]}","{'formula': 'cos(exp(-x**2))', 'latex': '\\cos{\\left(e^{- x^{2}} \\right)}', 'properties': {'singularities': [], 'is_periodic': False, 'domain': 'Reals'}}",manual_rich
MCM_211_4eea7478,"{'a': 2, 'b': 1, 'c': 1}","{'points': [{'x': -3.0, 'y': 0.0625}, {'x': -2.75, 'y': 0.0743}, {'x': -2.5, 'y': 0.0883}, {'x': -2.25, 'y': 0.1049}, {'x': -2.0, 'y': 0.1247}, {'x': -1.75, 'y': 0.1481}, {'x': -1.5, 'y': 0.1759}, {'x': -1.25, 'y': 0.2087}, {'x': -1.0, 'y': 0.2474}, {'x': -0.75, 'y': 0.2929}, {'x': -0.5, 'y': 0.3462}, {'x': -0.25, 'y': 0.4082}, {'x': 0.0, 'y': 0.4794}, {'x': 0.25, 'y': 0.5602}, {'x': 0.5, 'y': 0.6496}, {'x': 0.75, 'y': 0.7452}, {'x': 1.0, 'y': 0.8415}, {'x': 1.25, 'y': 0.9281}, {'x': 1.5, 'y': 0.9878}, {'x': 1.75, 'y': 0.9938}, {'x': 2.0, 'y': 0.9093}, {'x': 2.25, 'y': 0.6912}, {'x': 2.5, 'y': 0.3081}, {'x': 2.75, 'y': -0.2202}, {'x': 3.0, 'y': -0.7568}]}","{'formula': 'sin(2**(x - 1))', 'latex': '\\sin{\\left(2^{x - 1} \\right)}', 'properties': {'singularities': [], 'is_periodic': True, 'domain': 'Reals', 'period_value': '0'}}",manual_rich
MCM_211_9eaf9133,"{'a': 2, 'b': 1, 'c': 1}","{'points': [{'x': -3.0, 'y': 0.998}, {'x': -2.75, 'y': 0.9972}, {'x': -2.5, 'y': 0.9961}, {'x': -2.25, 'y': 0.9945}, {'x': -2.0, 'y': 0.9922}, {'x': -1.75, 'y': 0.989}, {'x': -1.5, 'y': 0.9844}, {'x': -1.25, 'y': 0.978}, {'x': -1.0, 'y': 0.9689}, {'x': -0.75, 'y': 0.9561}, {'x': -0.5, 'y': 0.9381}, {'x': -0.25, 'y': 0.9129}, {'x': 0.0, 'y': 0.8776}, {'x': 0.25, 'y': 0.8284}, {'x': 0.5, 'y': 0.7602}, {'x': 0.75, 'y': 0.6668}, {'x': 1.0, 'y': 0.5403}, {'x': 1.25, 'y': 0.3724}, {'x': 1.5, 'y': 0.1559}, {'x': 1.75, 'y': -0.1108}, {'x': 2.0, 'y': -0.4161}, {'x': 2.25, 'y': -0.7226}, {'x': 2.5, 'y': -0.9514}, {'x': 2.75, 'y': -0.9755}, {'x': 3.0, 'y': -0.6536}]}","{'formula': 'cos(2**(x - 1))', 'latex': '\\cos{\\left(2^{x - 1} \\right)}', 'properties': {'singularities': [], 'is_periodic': True, 'domain': 'Reals', 'period_value': '0'}}",manual_rich
MCM_211_e76f4c76,"{'a': 2, 'b': 1, 'c': 1}","{'points': [{'x': -3.0, 'y': -0.742}, {'x': -2.75, 'y': -0.7161}, {'x': -2.5, 'y': -0.658}, {'x': -2.25, 'y': -0.5544}, {'x': -2.0, 'y': -0.3933}, {'x': -1.75, 'y': -0.1764}, {'x': -1.5, 'y': 0.0706}, {'x': -1.25, 'y': 0.3052}, {'x': -1.0, 'y': 0.492}, {'x': -0.75, 'y': 0.6195}, {'x': -0.5, 'y': 0.6956}, {'x': -0.25, 'y': 0.7341}, {'x': 0.0, 'y': 0.7456}, {'x': 0.25, 'y': 0.7341}, {'x': 0.5, 'y': 0.6956}, {'x': 0.75, 'y': 0.6195}, {'x': 1.0, 'y': 0.492}, {'x': 1.25, 'y': 0.3052}, {'x': 1.5, 'y': 0.0706}, {'x': 1.75, 'y': -0.1764}, {'x': 2.0, 'y': -0.3933}, {'x': 2.25, 'y': -0.5544}, {'x': 2.5, 'y': -0.658}, {'x': 2.75, 'y': -0.7161}, {'x': 3.0, 'y': -0.742}]}","{'formula': 'sin(sin(cos(x)))', 'latex': '\\sin{\\left(\\sin{\\left(\\cos{\\left(x \\right)} \\right)} \\right)}', 'properties': {'singularities': [], 'is_periodic': True, 'domain': 'Reals', 'period_value': '2*pi'}}",manual_rich
MCM_211_7d6b620a,"{'a': 2, 'b': 1, 'c': 1}","{'points': [{'x': -3.0, 'y': 0.6704}, {'x': -2.75, 'y': 0.698}, {'x': -2.5, 'y': 0.753}, {'x': -2.25, 'y': 0.8322}, {'x': -2.0, 'y': 0.9194}, {'x': -1.75, 'y': 0.9843}, {'x': -1.5, 'y': 0.9975}, {'x': -1.25, 'y': 0.9523}, {'x': -1.0, 'y': 0.8706}, {'x': -0.75, 'y': 0.785}, {'x': -0.5, 'y': 0.7185}, {'x': -0.25, 'y': 0.6791}, {'x': 0.0, 'y': 0.6664}, {'x': 0.25, 'y': 0.6791}, {'x': 0.5, 'y': 0.7185}, {'x': 0.75, 'y': 0.785}, {'x': 1.0, 'y': 0.8706}, {'x': 1.25, 'y': 0.9523}, {'x': 1.5, 'y': 0.9975}, {'x': 1.75, 'y': 0.9843}, {'x': 2.0, 'y': 0.9194}, {'x': 2.25, 'y': 0.8322}, {'x': 2.5, 'y': 0.753}, {'x': 2.75, 'y': 0.698}, {'x': 3.0, 'y': 0.6704}]}","{'formula': 'cos(sin(cos(x)))', 'latex': '\\cos{\\left(\\sin{\\left(\\cos{\\left(x \\right)} \\right)} \\right)}', 'properties': {'singularities': [], 'is_periodic': True, 'domain': 'Reals', 'period_value': '2*pi'}}",manual_rich
MCM_212_df11a6a5,"{'a': 2, 'b': 1, 'c': 2}","{'points': [{'x': -3.0, 'y': -0.0217}, {'x': -2.75, 'y': -0.0438}, {'x': -2.5, 'y': -0.0806}, {'x': -2.25, 'y': -0.1362}, {'x': -2.0, 'y': -0.214}, {'x': -1.75, 'y': -0.3163}, {'x': -1.5, 'y': -0.446}, {'x': -1.25, 'y': -0.6093}, {'x': -1.0, 'y': -0.8226}, {'x': -0.75, 'y': -1.1279}, {'x': -0.5, 'y': -1.646}, {'x': -0.25, 'y': -2.8527}, {'x': 0.0, 'y': -10.0}, {'x': 0.25, 'y': 6.6771}, {'x': 0.5, 'y': 2.5314}, {'x': 0.75, 'y': 1.6048}, {'x': 1.0, 'y': 1.228}, {'x': 1.25, 'y': 1.0571}, {'x': 1.5, 'y': 1.001}, {'x': 1.75, 'y': 1.0358}, {'x': 2.0, 'y': 1.1713}, {'x': 2.25, 'y': 1.4529}, {'x': 2.5, 'y': 1.9878}, {'x': 2.75, 'y': 3.0196}, {'x': 3.0, 'y': 5.1309}]}","{'formula': 'exp(0.1*x**3)/(x - 0.1)', 'latex': '\\frac{e^{0.1 x^{3}}}{x - 0.1}', 'properties': {'singularities': [], 'is_periodic': False, 'domain': 'Union(Interval.open(-oo, 0.100000000000000), Interval.open(0.100000000000000, oo))'}}",manual
MCM_212_08349581,"{'a': 2, 'b': 1, 'c': 2}","{'points': [{'x': -3.0, 'y': -1.1496}, {'x': -2.75, 'y': -1.1556}, {'x': -2.5, 'y': -1.1513}, {'x': -2.25, 'y': -1.13}, {'x': -2.0, 'y': -1.0811}, {'x': -1.75, 'y': -0.9859}, {'x': -1.5, 'y': -0.8123}, {'x': -1.25, 'y': -0.5071}, {'x': -1.0, 'y': 0.0}, {'x': -0.75, 'y': -0.5159}, {'x': -0.5, 'y': -1.0615}, {'x': -0.25, 'y': -4.2113}, {'x': 0.0, 'y': 0.0}, {'x': 0.25, 'y': 0.4679}, {'x': 0.5, 'y': 0.4549}, {'x': 0.75, 'y': 0.2987}, {'x': 1.0, 'y': 0.0}, {'x': 1.25, 'y': 0.3672}, {'x': 1.5, 'y': 0.6212}, {'x': 1.75, 'y': 0.7836}, {'x': 2.0, 'y': 0.8845}, {'x': 2.25, 'y': 0.9455}, {'x': 2.5, 'y': 0.9807}, {'x': 2.75, 'y': 0.999}, {'x': 3.0, 'y': 1.0059}]}","{'formula': 'log(Abs(x**3 - x) + 1)/(x + 0.2)', 'latex': '\\frac{\\log{\\left(\\left|{x^{3} - x}\\right| + 1 \\right)}}{x + 0.2}', 'properties': {'singularities': [], 'is_periodic': False, 'domain': 'Union(Interval.open(-oo, -0.200000000000000), Interval.open(-0.200000000000000, oo))'}}",manual
MCM_212_99b0b273,"{'a': 2, 'b': 1, 'c': 2}","{'points': [{'x': -3.0, 'y': 0.2472}, {'x': -2.75, 'y': -0.2629}, {'x': -2.5, 'y': 0.0063}, {'x': -2.25, 'y': 0.3231}, {'x': -2.0, 'y': 0.0}, {'x': -1.75, 'y': -0.2252}, {'x': -1.5, 'y': -0.3101}, {'x': -1.25, 'y': -0.3488}, {'x': -1.0, 'y': -0.3626}, {'x': -0.75, 'y': -0.3258}, {'x': -0.5, 'y': -0.2205}, {'x': -0.25, 'y': -0.08}, {'x': 0.0, 'y': 0.0}, {'x': 0.25, 'y': -0.1626}, {'x': 0.5, 'y': -0.9161}, {'x': 0.75, 'y': -2.447}, {'x': 1.0, 'y': -1.0454}, {'x': 1.25, 'y': -3.7467}, {'x': 1.5, 'y': 1.1372}, {'x': 1.75, 'y': -0.4308}, {'x': 2.0, 'y': -0.0646}, {'x': 2.25, 'y': 0.0463}, {'x': 2.5, 'y': 0.0064}, {'x': 2.75, 'y': -0.0163}, {'x': 3.0, 'y': 0.005}]}","{'formula': 'exp(-x**2*(0.1*x + 0.2))*sin(x**2*(x + 2))/(x - 1.1)', 'latex': '\\frac{e^{- x^{2} \\left(0.1 x + 0.2\\right)} \\sin{\\left(x^{2} \\left(x + 2\\right) \\right)}}{x - 1.1}', 'properties': {'singularities': [], 'is_periodic': False, 'domain': 'Union(Interval.open(-oo, 1.10000000000000), Interval.open(1.10000000000000, oo))'}}",manual
MCM_212_3ab8f8a3,"{'a': 2, 'b': 1, 'c': 2}","{'points': [{'x': -3.0, 'y': -0.1329}, {'x': -2.75, 'y': -0.3361}, {'x': -2.5, 'y': 0.0128}, {'x': -2.25, 'y': 0.3997}, {'x': -2.0, 'y': 0.3604}, {'x': -1.75, 'y': -0.0427}, {'x': -1.5, 'y': -0.4863}, {'x': -1.25, 'y': -0.7407}, {'x': -1.0, 'y': -0.765}, {'x': -0.75, 'y': -0.6274}, {'x': -0.5, 'y': -0.4123}, {'x': -0.25, 'y': -0.1785}, {'x': 0.0, 'y': 0.0}, {'x': 0.25, 'y': 0.4164}, {'x': 0.5, 'y': 0.6185}, {'x': 0.75, 'y': 0.8205}, {'x': 1.0, 'y': 0.935}, {'x': 1.25, 'y': 0.8695}, {'x': 1.5, 'y': 0.5558}, {'x': 1.75, 'y': 0.0479}, {'x': 2.0, 'y': -0.3983}, {'x': 2.25, 'y': -0.4369}, {'x': 2.5, 'y': -0.0138}, {'x': 2.75, 'y': 0.3614}, {'x': 3.0, 'y': 0.1421}]}","{'formula': 'sin(x**2)/(x - 0.1)', 'latex': '\\frac{\\sin{\\left(x^{2} \\right)}}{x - 0.1}', 'properties': {'singularities': [], 'is_periodic': False, 'domain': 'Union(Interval.open(-oo, 0.100000000000000), Interval.open(0.100000000000000, oo))'}}",manual_rich
MCM_212_1cc3f920,"{'a': 2, 'b': 1, 'c': 2}","{'points': [{'x': -3.0, 'y': 0.13}, {'x': -2.75, 'y': 0.0604}, {'x': -2.5, 'y': -0.0262}, {'x': -2.25, 'y': -0.1287}, {'x': -2.0, 'y': -0.2456}, {'x': -1.75, 'y': -0.3752}, {'x': -1.5, 'y': -0.5162}, {'x': -1.25, 'y': -0.6682}, {'x': -1.0, 'y': -0.8333}, {'x': -0.75, 'y': -1.0199}, {'x': -0.5, 'y': -1.2537}, {'x': -0.25, 'y': -1.626}, {'x': 0.0, 'y': -2.7015}, {'x': 0.25, 'y': 6.3064}, {'x': 0.5, 'y': 0.2358}, {'x': 0.75, 'y': -0.3241}, {'x': 1.0, 'y': -0.5202}, {'x': 1.25, 'y': -0.5983}, {'x': 1.5, 'y': -0.6163}, {'x': 1.75, 'y': -0.5963}, {'x': 2.0, 'y': -0.55}, {'x': 2.25, 'y': -0.4849}, {'x': 2.5, 'y': -0.4072}, {'x': 2.75, 'y': -0.3218}, {'x': 3.0, 'y': -0.2334}]}","{'formula': 'cos(x + 1)/(x - 0.2)', 'latex': '\\frac{\\cos{\\left(x + 1 \\right)}}{x - 0.2}', 'properties': {'singularities': [], 'is_periodic': False, 'domain': 'Union(Interval.open(-oo, 0.200000000000000), Interval.open(0.200000000000000, oo))'}}",manual_rich
MCM_212_ad89de1c,"{'a': 2, 'b': 1, 'c': 2}","{'points': [{'x': -3.0, 'y': -0.0}, {'x': -2.75, 'y': -0.0002}, {'x': -2.5, 'y': -0.0008}, {'x': -2.25, 'y': -0.003}, {'x': -2.0, 'y': -0.0099}, {'x': -1.75, 'y': -0.0292}, {'x': -1.5, 'y': -0.0781}, {'x': -1.25, 'y': -0.1906}, {'x': -1.0, 'y': -0.4328}, {'x': -0.75, 'y': -0.9496}, {'x': -0.5, 'y': -2.2251}, {'x': -0.25, 'y': -9.3941}, {'x': 0.0, 'y': 6.6667}, {'x': 0.25, 'y': 2.3485}, {'x': 0.5, 'y': 1.1982}, {'x': 0.75, 'y': 0.6331}, {'x': 1.0, 'y': 0.3199}, {'x': 1.25, 'y': 0.1497}, {'x': 1.5, 'y': 0.0639}, {'x': 1.75, 'y': 0.0246}, {'x': 2.0, 'y': 0.0085}, {'x': 2.25, 'y': 0.0026}, {'x': 2.5, 'y': 0.0007}, {'x': 2.75, 'y': 0.0002}, {'x': 3.0, 'y': 0.0}]}","{'formula': 'exp(-x**2)/(x + 0.15)', 'latex': '\\frac{e^{- x^{2}}}{x + 0.15}', 'properties': {'singularities': [], 'is_periodic': False, 'domain': 'Union(Interval.open(-oo, -0.150000000000000), Interval.open(-0.150000000000000, oo))'}}",manual_rich
MCM_212_9e9a5863,"{'a': 2, 'b': 1, 'c': 2}","{'points': [{'x': -3.0, 'y': -0.0231}, {'x': -2.75, 'y': -0.0303}, {'x': -2.5, 'y': -0.0402}, {'x': -2.25, 'y': -0.0539}, {'x': -2.0, 'y': -0.0735}, {'x': -1.75, 'y': -0.1025}, {'x': -1.5, 'y': -0.1473}, {'x': -1.25, 'y': -0.2213}, {'x': -1.0, 'y': -0.3571}, {'x': -0.75, 'y': -0.6607}, {'x': -0.5, 'y': -1.7678}, {'x': -0.25, 'y': 8.409}, {'x': 0.0, 'y': 1.6667}, {'x': 0.25, 'y': 1.0811}, {'x': 0.5, 'y': 0.8839}, {'x': 0.75, 'y': 0.8009}, {'x': 1.0, 'y': 0.7692}, {'x': 1.25, 'y': 0.7672}, {'x': 1.5, 'y': 0.7857}, {'x': 1.75, 'y': 0.8204}, {'x': 2.0, 'y': 0.8696}, {'x': 2.25, 'y': 0.9327}, {'x': 2.5, 'y': 1.0102}, {'x': 2.75, 'y': 1.1028}, {'x': 3.0, 'y': 1.2121}]}","{'formula': '2**(x - 1)/(x + 0.3)', 'latex': '\\frac{2^{x - 1}}{x + 0.3}', 'properties': {'singularities': [], 'is_periodic': False, 'domain': 'Union(Interval.open(-oo, -0.300000000000000), Interval.open(-0.300000000000000, oo))'}}",manual_rich
MCM_212_771ea157,"{'a': 2, 'b': 1, 'c': 2}","{'points': [{'x': -3.0, 'y': 0.2039}, {'x': -2.75, 'y': 0.2073}, {'x': -2.5, 'y': 0.1995}, {'x': -2.25, 'y': 0.1754}, {'x': -2.0, 'y': 0.1304}, {'x': -1.75, 'y': 0.0622}, {'x': -1.5, 'y': -0.0272}, {'x': -1.25, 'y': -0.132}, {'x': -1.0, 'y': -0.245}, {'x': -0.75, 'y': -0.3611}, {'x': -0.5, 'y': -0.4807}, {'x': -0.25, 'y': -0.6106}, {'x': 0.0, 'y': -0.765}, {'x': 0.25, 'y': -0.9697}, {'x': 0.5, 'y': -1.282}, {'x': 0.75, 'y': -1.9089}, {'x': 1.0, 'y': -5.144}, {'x': 1.25, 'y': 2.0675}, {'x': 1.5, 'y': 0.1767}, {'x': 1.75, 'y': -0.2728}, {'x': 2.0, 'y': -0.4492}, {'x': 2.25, 'y': -0.511}, {'x': 2.5, 'y': -0.513}, {'x': 2.75, 'y': -0.4838}, {'x': 3.0, 'y': -0.44}]}","{'formula': 'sin(cos(x))/(x - 1.1)', 'latex': '\\frac{\\sin{\\left(\\cos{\\left(x \\right)} \\right)}}{x - 1.1}', 'properties': {'singularities': [], 'is_periodic': False, 'domain': 'Union(Interval.open(-oo, 1.10000000000000), Interval.open(1.10000000000000, oo))'}}",manual_rich
MCM_213_bf15b05b,"{'a': 2, 'b': 1, 'c': 3}","{'points': [{'x': -3.0, 'y': -16.3309}, {'x': -2.75, 'y': -19.6547}, {'x': -2.5, 'y': -20.4699}, {'x': -2.25, 'y': -18.4597}, {'x': -2.0, 'y': -14.3785}, {'x': -1.75, 'y': -9.6036}, {'x': -1.5, 'y': -5.4185}, {'x': -1.25, 'y': -2.5103}, {'x': -1.0, 'y': -0.9048}, {'x': -0.75, 'y': -0.2275}, {'x': -0.5, 'y': -0.0309}, {'x': -0.25, 'y': -0.001}, {'x': 0.0, 'y': 0.0}, {'x': 0.25, 'y': 0.001}, {'x': 0.5, 'y': 0.0316}, {'x': 0.75, 'y': 0.2475}, {'x': 1.0, 'y': 1.1052}, {'x': 1.25, 'y': 3.71}, {'x': 1.5, 'y': 10.6422}, {'x': 1.75, 'y': 28.0508}, {'x': 2.0, 'y': 71.2173}, {'x': 2.25, 'y': 180.1363}, {'x': 2.5, 'y': 465.8919}, {'x': 2.75, 'y': 1258.5204}, {'x': 3.0, 'y': 3615.7748}]}","{'formula': 'x**5*exp(0.1*x**3)', 'latex': 'x^{5} e^{0.1 x^{3}}', 'properties': {'singularities': [], 'is_periodic': False, 'domain': 'Reals'}}",manual
MCM_213_dc909f01,"{'a': 2, 'b': 1, 'c': 3}","{'points': [{'x': -3.0, 'y': 64.6528}, {'x': -2.75, 'y': 46.0973}, {'x': -2.5, 'y': 32.2586}, {'x': -2.25, 'y': 21.9788}, {'x': -2.0, 'y': 14.3784}, {'x': -1.75, 'y': 8.7936}, {'x': -1.5, 'y': 4.7329}, {'x': -1.25, 'y': 1.8585}, {'x': -1.0, 'y': 0.0}, {'x': -0.75, 'y': 0.6007}, {'x': -0.5, 'y': 0.525}, {'x': -0.25, 'y': 0.2704}, {'x': 0.0, 'y': 0.0}, {'x': 0.25, 'y': 0.2704}, {'x': 0.5, 'y': 0.525}, {'x': 0.75, 'y': 0.6007}, {'x': 1.0, 'y': 0.0}, {'x': 1.25, 'y': 1.8585}, {'x': 1.5, 'y': 4.7329}, {'x': 1.75, 'y': 8.7936}, {'x': 2.0, 'y': 14.3784}, {'x': 2.25, 'y': 21.9788}, {'x': 2.5, 'y': 32.2586}, {'x': 2.75, 'y': 46.0973}, {'x': 3.0, 'y': 64.6528}]}","{'formula': 'exp(Abs(x))*log(Abs(x**3 - x) + 1)', 'latex': 'e^{\\left|{x}\\right|} \\log{\\left(\\left|{x^{3} - x}\\right| + 1 \\right)}', 'properties': {'singularities': [], 'is_periodic': False, 'domain': 'Reals'}}",manual
MCM_213_7d0e249e,"{'a': 2, 'b': 1, 'c': 3}","{'points': [{'x': -3.0, 'y': -241.9986}, {'x': -2.75, 'y': -156.2752}, {'x': -2.5, 'y': -96.9715}, {'x': -2.25, 'y': -56.6571}, {'x': -2.0, 'y': -32.0}, {'x': -1.75, 'y': -15.4564}, {'x': -1.5, 'y': -6.6151}, {'x': -1.25, 'y': -2.0715}, {'x': -1.0, 'y': -0.0269}, {'x': -0.75, 'y': 0.7133}, {'x': -0.5, 'y': 0.8698}, {'x': -0.25, 'y': 0.7995}, {'x': 0.0, 'y': 0.0}, {'x': 0.25, 'y': 0.8214}, {'x': 0.5, 'y': 0.9732}, {'x': 0.75, 'y': 1.2219}, {'x': 1.0, 'y': 1.7979}, {'x': 1.25, 'y': 3.9958}, {'x': 1.5, 'y': 8.518}, {'x': 1.75, 'y': 17.2936}, {'x': 2.0, 'y': 32.7524}, {'x': 2.25, 'y': 58.4108}, {'x': 2.5, 'y': 98.2801}, {'x': 2.75, 'y': 157.9731}, {'x': 3.0, 'y': 243.6274}]}","{'formula': 'x**5 + exp(-0.01*x**3 - 0.02*x**2)*Abs(sin(x**3 + 2*x**2))**0.1', 'latex': 'x^{5} + e^{- 0.01 x^{3} - 0.02 x^{2}} \\left|{\\sin{\\left(x^{3} + 2 x^{2} \\right)}}\\right|^{0.1}', 'properties': {'singularities': [], 'is_periodic': False, 'domain': 'Reals'}}",manual
MCM_213_d3e97ff9,"{'a': 2, 'b': 1, 'c': 3}","{'points': [{'x': -3.0, 'y': -0.1267}, {'x': -2.75, 'y': -0.3185}, {'x': -2.5, 'y': 0.012}, {'x': -2.25, 'y': 0.3728}, {'x': -2.0, 'y': 0.3323}, {'x': -1.75, 'y': -0.0388}, {'x': -1.5, 'y': -0.4317}, {'x': -1.25, 'y': -0.6362}, {'x': -1.0, 'y': -0.6228}, {'x': -0.75, 'y': -0.4633}, {'x': -0.5, 'y': -0.2449}, {'x': -0.25, 'y': -0.0497}, {'x': 0.0, 'y': 0.0}, {'x': 0.25, 'y': 0.057}, {'x': 0.5, 'y': -0.0471}, {'x': 0.75, 'y': 0.5171}, {'x': 1.0, 'y': 0.7985}, {'x': 1.25, 'y': 0.8148}, {'x': 1.5, 'y': 0.5412}, {'x': 1.75, 'y': 0.0475}, {'x': 2.0, 'y': -0.3991}, {'x': 2.25, 'y': -0.4403}, {'x': 2.5, 'y': -0.014}, {'x': 2.75, 'y': 0.3661}, {'x': 3.0, 'y': 0.1441}]}","{'formula': 'sin(x**2)*sin(1/(x - 0.2))', 'latex': '\\sin{\\left(x^{2} \\right)} \\sin{\\left(\\frac{1}{x - 0.2} \\right)}', 'properties': {'singularities': [], 'is_periodic': False, 'domain': 'Union(Interval.open(-oo, 0.200000000000000), Interval.open(0.200000000000000, oo))'}}",manual_rich
MCM_213_d0bca7de,"{'a': 2, 'b': 1, 'c': 3}","{'points': [{'x': -3.0, 'y': 2.8076}, {'x': -2.75, 'y': 4.7754}, {'x': -2.5, 'y': -0.1233}, {'x': -2.25, 'y': -2.6557}, {'x': -2.0, 'y': -1.6632}, {'x': -1.75, 'y': 0.1382}, {'x': -1.5, 'y': 1.1124}, {'x': -1.25, 'y': 1.203}, {'x': -1.0, 'y': 0.8806}, {'x': -0.75, 'y': 0.5043}, {'x': -0.5, 'y': 0.2211}, {'x': -0.25, 'y': 0.0557}, {'x': 0.0, 'y': 0.0}, {'x': 0.25, 'y': 0.0557}, {'x': 0.5, 'y': 0.2211}, {'x': 0.75, 'y': 0.5043}, {'x': 1.0, 'y': 0.8806}, {'x': 1.25, 'y': 1.203}, {'x': 1.5, 'y': 1.1124}, {'x': 1.75, 'y': 0.1382}, {'x': 2.0, 'y': -1.6632}, {'x': 2.25, 'y': -2.6557}, {'x': 2.5, 'y': -0.1233}, {'x': 2.75, 'y': 4.7754}, {'x': 3.0, 'y': 2.8076}]}","{'formula': 'sin(x**2)*gamma(Abs(x) + 1.1)', 'latex': '\\sin{\\left(x^{2} \\right)} \\Gamma\\left(\\left|{x}\\right| + 1.1\\right)', 'properties': {'singularities': [], 'is_periodic': False, 'domain': 'Reals'}}",manual_rich
MCM_213_e82bdaed,"{'a': 2, 'b': 1, 'c': 3}","{'points': [{'x': -3.0, 'y': 0.143}, {'x': -2.75, 'y': 0.0669}, {'x': -2.5, 'y': -0.0292}, {'x': -2.25, 'y': -0.1445}, {'x': -2.0, 'y': -0.278}, {'x': -1.75, 'y': -0.4281}, {'x': -1.5, 'y': -0.5922}, {'x': -1.25, 'y': -0.7644}, {'x': -1.0, 'y': -0.9233}, {'x': -0.75, 'y': -0.9645}, {'x': -0.5, 'y': -0.2463}, {'x': -0.25, 'y': 0.3981}, {'x': 0.0, 'y': 0.2022}, {'x': 0.25, 'y': 0.1887}, {'x': 0.5, 'y': 0.0707}, {'x': 0.75, 'y': -0.1597}, {'x': 1.0, 'y': -0.318}, {'x': 1.25, 'y': -0.4115}, {'x': 1.5, 'y': -0.4564}, {'x': 1.75, 'y': -0.4643}, {'x': 2.0, 'y': -0.444}, {'x': 2.25, 'y': -0.4023}, {'x': 2.5, 'y': -0.3451}, {'x': 2.75, 'y': -0.2774}, {'x': 3.0, 'y': -0.204}]}","{'formula': 'sin(1/(x + 0.15))*cos(x + 1)', 'latex': '\\sin{\\left(\\frac{1}{x + 0.15} \\right)} \\cos{\\left(x + 1 \\right)}', 'properties': {'singularities': [], 'is_periodic': False, 'domain': 'Union(Interval.open(-oo, -0.150000000000000), Interval.open(-0.150000000000000, oo))'}}",manual_rich
MCM_213_0e1295b1,"{'a': 2, 'b': 1, 'c': 3}","{'points': [{'x': -3.0, 'y': -2.8351}, {'x': -2.75, 'y': -0.8887}, {'x': -2.5, 'y': 0.2629}, {'x': -2.25, 'y': 0.8915}, {'x': -2.0, 'y': 1.1874}, {'x': -1.75, 'y': 1.28}, {'x': -1.5, 'y': 1.2546}, {'x': -1.25, 'y': 1.1657}, {'x': -1.0, 'y': 1.0465}, {'x': -0.75, 'y': 0.9162}, {'x': -0.5, 'y': 0.7841}, {'x': -0.25, 'y': 0.652}, {'x': 0.0, 'y': 0.514}, {'x': 0.25, 'y': 0.281}, {'x': 0.5, 'y': 0.0632}, {'x': 0.75, 'y': -0.1686}, {'x': 1.0, 'y': -0.4355}, {'x': 1.25, 'y': -0.7557}, {'x': 1.5, 'y': -1.1453}, {'x': 1.75, 'y': -1.617}, {'x': 2.0, 'y': -2.1756}, {'x': 2.25, 'y': -2.8106}, {'x': 2.5, 'y': -3.4808}, {'x': 2.75, 'y': -4.0911}, {'x': 3.0, 'y': -4.453}]}","{'formula': 'cos(x + 1)*gamma(Abs(x) + 1.1)', 'latex': '\\cos{\\left(x + 1 \\right)} \\Gamma\\left(\\left|{x}\\right| + 1.1\\right)', 'properties': {'singularities': [], 'is_periodic': False, 'domain': 'Reals'}}",manual_rich
MCM_213_e51b5bf1,"{'a': 2, 'b': 1, 'c': 3}","{'points': [{'x': -3.0, 'y': -0.0}, {'x': -2.75, 'y': -0.0002}, {'x': -2.5, 'y': -0.0008}, {'x': -2.25, 'y': -0.0031}, {'x': -2.0, 'y': -0.0102}, {'x': -1.75, 'y': -0.0298}, {'x': -1.5, 'y': -0.078}, {'x': -1.25, 'y': -0.1821}, {'x': -1.0, 'y': -0.3642}, {'x': -0.75, 'y': -0.4531}, {'x': -0.5, 'y': 0.7468}, {'x': -0.25, 'y': 0.8576}, {'x': 0.0, 'y': -0.1906}, {'x': 0.25, 'y': 0.9108}, {'x': 0.5, 'y': 0.7391}, {'x': 0.75, 'y': 0.4643}, {'x': 1.0, 'y': 0.2559}, {'x': 1.25, 'y': 0.126}, {'x': 1.5, 'y': 0.0556}, {'x': 1.75, 'y': 0.0219}, {'x': 2.0, 'y': 0.0077}, {'x': 2.25, 'y': 0.0024}, {'x': 2.5, 'y': 0.0007}, {'x': 2.75, 'y': 0.0002}, {'x': 3.0, 'y': 0.0}]}","{'formula': 'exp(-x**2)*sin(1/(x + 0.3))', 'latex': 'e^{- x^{2}} \\sin{\\left(\\frac{1}{x + 0.3} \\right)}', 'properties': {'singularities': [], 'is_periodic': False, 'domain': 'Union(Interval.open(-oo, -0.300000000000000), Interval.open(-0.300000000000000, oo))'}}",manual_rich
MCM_213_6e184627,"{'a': 2, 'b': 1, 'c': 3}","{'points': [{'x': -3.0, 'y': 0.0008}, {'x': -2.75, 'y': 0.0026}, {'x': -2.5, 'y': 0.0072}, {'x': -2.25, 'y': 0.0179}, {'x': -2.0, 'y': 0.0403}, {'x': -1.75, 'y': 0.0818}, {'x': -1.5, 'y': 0.1507}, {'x': -1.25, 'y': 0.2522}, {'x': -1.0, 'y': 0.385}, {'x': -0.75, 'y': 0.5388}, {'x': -0.5, 'y': 0.6959}, {'x': -0.25, 'y': 0.8372}, {'x': 0.0, 'y': 0.9514}, {'x': 0.25, 'y': 0.8372}, {'x': 0.5, 'y': 0.6959}, {'x': 0.75, 'y': 0.5388}, {'x': 1.0, 'y': 0.385}, {'x': 1.25, 'y': 0.2522}, {'x': 1.5, 'y': 0.1507}, {'x': 1.75, 'y': 0.0818}, {'x': 2.0, 'y': 0.0403}, {'x': 2.25, 'y': 0.0179}, {'x': 2.5, 'y': 0.0072}, {'x': 2.75, 'y': 0.0026}, {'x': 3.0, 'y': 0.0008}]}","{'formula': 'exp(-x**2)*gamma(Abs(x) + 1.1)', 'latex': 'e^{- x^{2}} \\Gamma\\left(\\left|{x}\\right| + 1.1\\right)', 'properties': {'singularities': [], 'is_periodic': False, 'domain': 'Reals'}}",manual_rich
MCM_213_ba7fd843,"{'a': 2, 'b': 1, 'c': 3}","{'points': [{'x': -3.0, 'y': -0.0151}, {'x': -2.75, 'y': -0.0191}, {'x': -2.5, 'y': -0.0242}, {'x': -2.25, 'y': -0.0309}, {'x': -2.0, 'y': -0.0396}, {'x': -1.75, 'y': -0.0511}, {'x': -1.5, 'y': -0.0663}, {'x': -1.25, 'y': -0.0868}, {'x': -1.0, 'y': -0.1146}, {'x': -0.75, 'y': -0.153}, {'x': -0.5, 'y': -0.2069}, {'x': -0.25, 'y': -0.2837}, {'x': 0.0, 'y': -0.3945}, {'x': 0.25, 'y': -0.549}, {'x': 0.5, 'y': -0.7039}, {'x': 0.75, 'y': -0.236}, {'x': 1.0, 'y': 0.544}, {'x': 1.25, 'y': 0.4449}, {'x': 1.5, 'y': 0.8464}, {'x': 1.75, 'y': 1.6809}, {'x': 2.0, 'y': 1.7924}, {'x': 2.25, 'y': 1.8172}, {'x': 2.5, 'y': 1.8528}, {'x': 2.75, 'y': 1.916}, {'x': 3.0, 'y': 2.0094}]}","{'formula': '2**(x - 1)*sin(1/(x - 1.1))', 'latex': '2^{x - 1} \\sin{\\left(\\frac{1}{x - 1.1} \\right)}', 'properties': {'singularities': [], 'is_periodic': False, 'domain': 'Union(Interval.open(-oo, 1.10000000000000), Interval.open(1.10000000000000, oo))'}}",manual_rich
MCM_213_bc42712e,"{'a': 2, 'b': 1, 'c': 3}","{'points': [{'x': -3.0, 'y': 0.4258}, {'x': -2.75, 'y': 0.3706}, {'x': -2.5, 'y': 0.3285}, {'x': -2.25, 'y': 0.2972}, {'x': -2.0, 'y': 0.2747}, {'x': -1.75, 'y': 0.26}, {'x': -1.5, 'y': 0.2527}, {'x': -1.25, 'y': 0.2529}, {'x': -1.0, 'y': 0.2616}, {'x': -0.75, 'y': 0.2811}, {'x': -0.5, 'y': 0.3159}, {'x': -0.25, 'y': 0.3747}, {'x': 0.0, 'y': 0.4757}, {'x': 0.25, 'y': 0.5299}, {'x': 0.5, 'y': 0.6318}, {'x': 0.75, 'y': 0.7952}, {'x': 1.0, 'y': 1.0465}, {'x': 1.25, 'y': 1.4307}, {'x': 1.5, 'y': 2.0218}, {'x': 1.75, 'y': 2.9421}, {'x': 2.0, 'y': 4.3952}, {'x': 2.25, 'y': 6.7242}, {'x': 2.5, 'y': 10.5133}, {'x': 2.75, 'y': 16.7699}, {'x': 3.0, 'y': 27.2505}]}","{'formula': '2**(x - 1)*gamma(Abs(x) + 1.1)', 'latex': '2^{x - 1} \\Gamma\\left(\\left|{x}\\right| + 1.1\\right)', 'properties': {'singularities': [], 'is_periodic': False, 'domain': 'Reals'}}",manual_rich
MCM_213_53669d8c,"{'a': 2, 'b': 1, 'c': 3}","{'points': [{'x': -3.0, 'y': 0.4409}, {'x': -2.75, 'y': 0.48}, {'x': -2.5, 'y': 0.4995}, {'x': -2.25, 'y': 0.4788}, {'x': -2.0, 'y': 0.3836}, {'x': -1.75, 'y': 0.1719}, {'x': -1.5, 'y': 0.0135}, {'x': -1.25, 'y': -0.2831}, {'x': -1.0, 'y': -0.4933}, {'x': -0.75, 'y': 0.5313}, {'x': -0.5, 'y': 0.7614}, {'x': -0.25, 'y': 0.7161}, {'x': 0.0, 'y': 0.6228}, {'x': 0.25, 'y': 0.5245}, {'x': 0.5, 'y': 0.4268}, {'x': 0.75, 'y': 0.3278}, {'x': 1.0, 'y': 0.2258}, {'x': 1.25, 'y': 0.1231}, {'x': 1.5, 'y': 0.0256}, {'x': 1.75, 'y': -0.059}, {'x': 2.0, 'y': -0.1243}, {'x': 2.25, 'y': -0.168}, {'x': 2.5, 'y': -0.1917}, {'x': 2.75, 'y': -0.1999}, {'x': 3.0, 'y': -0.1972}]}","{'formula': 'sin(1/(x + 1.2))*sin(cos(x))', 'latex': '\\sin{\\left(\\frac{1}{x + 1.2} \\right)} \\sin{\\left(\\cos{\\left(x \\right)} \\right)}', 'properties': {'singularities': [], 'is_periodic': False, 'domain': 'Union(Interval.open(-oo, -1.20000000000000), Interval.open(-1.20000000000000, oo))'}}",manual_rich
MCM_213_48ed445f,"{'a': 2, 'b': 1, 'c': 3}","{'points': [{'x': -3.0, 'y': -5.6955}, {'x': -2.75, 'y': -3.9796}, {'x': -2.5, 'y': -2.6694}, {'x': -2.25, 'y': -1.6614}, {'x': -2.0, 'y': -0.8884}, {'x': -1.75, 'y': -0.3102}, {'x': -1.5, 'y': 0.101}, {'x': -1.25, 'y': 0.3731}, {'x': -1.0, 'y': 0.5383}, {'x': -0.75, 'y': 0.6318}, {'x': -0.5, 'y': 0.6873}, {'x': -0.25, 'y': 0.7345}, {'x': 0.0, 'y': 0.8005}, {'x': 0.25, 'y': 0.7345}, {'x': 0.5, 'y': 0.6873}, {'x': 0.75, 'y': 0.6318}, {'x': 1.0, 'y': 0.5383}, {'x': 1.25, 'y': 0.3731}, {'x': 1.5, 'y': 0.101}, {'x': 1.75, 'y': -0.3102}, {'x': 2.0, 'y': -0.8884}, {'x': 2.25, 'y': -1.6614}, {'x': 2.5, 'y': -2.6694}, {'x': 2.75, 'y': -3.9796}, {'x': 3.0, 'y': -5.6955}]}","{'formula': 'sin(cos(x))*gamma(Abs(x) + 1.1)', 'latex': '\\sin{\\left(\\cos{\\left(x \\right)} \\right)} \\Gamma\\left(\\left|{x}\\right| + 1.1\\right)', 'properties': {'singularities': [], 'is_periodic': False, 'domain': 'Reals'}}",manual_rich
MCM_220_16d05c48,"{'a': 2, 'b': 2, 'c': 0}","{'points': [{'x': -3.0, 'y': 27.0}, {'x': -2.75, 'y': 20.7969}, {'x': -2.5, 'y': 15.625}, {'x': -2.25, 'y': 11.3906}, {'x': -2.0, 'y': 8.0}, {'x': -1.75, 'y': 5.3594}, {'x': -1.5, 'y': 3.375}, {'x': -1.25, 'y': 1.9531}, {'x': -1.0, 'y': 1.0}, {'x': -0.75, 'y': 0.4219}, {'x': -0.5, 'y': 0.125}, {'x': -0.25, 'y': 0.0156}, {'x': 0.0, 'y': 0.0}, {'x': 0.25, 'y': 0.0156}, {'x': 0.5, 'y': 0.125}, {'x': 0.75, 'y': 0.4219}, {'x': 1.0, 'y': 1.0}, {'x': 1.25, 'y': 1.9531}, {'x': 1.5, 'y': 3.375}, {'x': 1.75, 'y': 5.3594}, {'x': 2.0, 'y': 8.0}, {'x': 2.25, 'y': 11.3906}, {'x': 2.5, 'y': 15.625}, {'x': 2.75, 'y': 20.7969}, {'x': 3.0, 'y': 27.0}]}","{'formula': 'x**2*Abs(x)', 'latex': 'x^{2} \\left|{x}\\right|', 'properties': {'singularities': [], 'is_periodic': False, 'domain': 'Reals'}}",manual
MCM_220_d713cbc5,"{'a': 2, 'b': 2, 'c': 0}","{'points': [{'x': -3.0, 'y': -24.0}, {'x': -2.75, 'y': -19.0}, {'x': -2.5, 'y': -14.0}, {'x': -2.25, 'y': -10.0}, {'x': -2.0, 'y': -6.0}, {'x': -1.75, 'y': -4.0}, {'x': -1.5, 'y': -2.0}, {'x': -1.25, 'y': -1.0}, {'x': -1.0, 'y': 0.0}, {'x': -0.75, 'y': 0.0}, {'x': -0.5, 'y': 0.0}, {'x': -0.25, 'y': 0.0}, {'x': 0.0, 'y': 0.0}, {'x': 0.25, 'y': -1.0}, {'x': 0.5, 'y': -1.0}, {'x': 0.75, 'y': -1.0}, {'x': 1.0, 'y': 0.0}, {'x': 1.25, 'y': 0.0}, {'x': 1.5, 'y': 1.0}, {'x': 1.75, 'y': 3.0}, {'x': 2.0, 'y': 6.0}, {'x': 2.25, 'y': 9.0}, {'x': 2.5, 'y': 13.0}, {'x': 2.75, 'y': 18.0}, {'x': 3.0, 'y': 24.0}]}","{'formula': 'floor(x**3 - x)', 'latex': '\\left\\lfloor{x^{3} - x}\\right\\rfloor', 'properties': {'singularities': [], 'is_periodic': False, 'domain': 'Reals'}}",manual
MCM_220_f1d8d3cd,"{'a': 2, 'b': 2, 'c': 0}","{'points': [{'x': -3.0, 'y': 9.0}, {'x': -2.75, 'y': 5.6719}, {'x': -2.5, 'y': 3.125}, {'x': -2.25, 'y': 1.2656}, {'x': -2.0, 'y': 0.0}, {'x': -1.75, 'y': -0.7656}, {'x': -1.5, 'y': -1.125}, {'x': -1.25, 'y': -1.1719}, {'x': -1.0, 'y': -1.0}, {'x': -0.75, 'y': -0.7031}, {'x': -0.5, 'y': -0.375}, {'x': -0.25, 'y': -0.1094}, {'x': 0.0, 'y': 0.0}, {'x': 0.25, 'y': 0.1406}, {'x': 0.5, 'y': 0.625}, {'x': 0.75, 'y': 1.5469}, {'x': 1.0, 'y': 3.0}, {'x': 1.25, 'y': 5.0781}, {'x': 1.5, 'y': 7.875}, {'x': 1.75, 'y': 11.4844}, {'x': 2.0, 'y': 16.0}, {'x': 2.25, 'y': 21.5156}, {'x': 2.5, 'y': 28.125}, {'x': 2.75, 'y': 35.9219}, {'x': 3.0, 'y': 45.0}]}","{'formula': 'Piecewise((x**2*(x + 2), x > 0), (x**2*(-x - 2), True))', 'latex': '\\begin{cases} x^{2} \\left(x + 2\\right) & \\text{for}\\: x > 0 \\\\x^{2} \\left(- x - 2\\right) & \\text{otherwise} \\end{cases}', 'properties': {'singularities': [], 'is_periodic': False, 'domain': 'Reals'}}",manual
MCM_220_581d39de,"{'a': 2, 'b': 2, 'c': 0}","{'points': [{'x': -3.0, 'y': 8.0}, {'x': -2.75, 'y': 6.5625}, {'x': -2.5, 'y': 5.25}, {'x': -2.25, 'y': 4.0625}, {'x': -2.0, 'y': 3.0}, {'x': -1.75, 'y': 2.0625}, {'x': -1.5, 'y': 1.25}, {'x': -1.25, 'y': 0.5625}, {'x': -1.0, 'y': 0.0}, {'x': -0.75, 'y': 0.4375}, {'x': -0.5, 'y': 0.75}, {'x': -0.25, 'y': 0.9375}, {'x': 0.0, 'y': 1.0}, {'x': 0.25, 'y': 0.9375}, {'x': 0.5, 'y': 0.75}, {'x': 0.75, 'y': 0.4375}, {'x': 1.0, 'y': 0.0}, {'x': 1.25, 'y': 0.5625}, {'x': 1.5, 'y': 1.25}, {'x': 1.75, 'y': 2.0625}, {'x': 2.0, 'y': 3.0}, {'x': 2.25, 'y': 4.0625}, {'x': 2.5, 'y': 5.25}, {'x': 2.75, 'y': 6.5625}, {'x': 3.0, 'y': 8.0}]}","{'formula': 'Abs(x**2 - 1)', 'latex': '\\left|{x^{2} - 1}\\right|', 'properties': {'singularities': [], 'is_periodic': False, 'domain': 'Reals'}}",manual_rich
MCM_220_5e43cfa8,"{'a': 2, 'b': 2, 'c': 0}","{'points': [{'x': -3.0, 'y': -1.0}, {'x': -2.75, 'y': -1.0}, {'x': -2.5, 'y': -1.0}, {'x': -2.25, 'y': -1.0}, {'x': -2.0, 'y': -1.0}, {'x': -1.75, 'y': -1.0}, {'x': -1.5, 'y': -1.0}, {'x': -1.25, 'y': -1.0}, {'x': -1.0, 'y': -1.0}, {'x': -0.75, 'y': -1.0}, {'x': -0.5, 'y': -1.0}, {'x': -0.25, 'y': -1.0}, {'x': 0.0, 'y': 0.0}, {'x': 0.25, 'y': 1.0}, {'x': 0.5, 'y': 1.0}, {'x': 0.75, 'y': 1.0}, {'x': 1.0, 'y': 1.0}, {'x': 1.25, 'y': 1.0}, {'x': 1.5, 'y': 1.0}, {'x': 1.75, 'y': 1.0}, {'x': 2.0, 'y': 1.0}, {'x': 2.25, 'y': 1.0}, {'x': 2.5, 'y': 1.0}, {'x': 2.75, 'y': 1.0}, {'x': 3.0, 'y': 1.0}]}","{'formula': 'sign(sin(x))', 'latex': '\\operatorname{sign}{\\left(\\sin{\\left(x \\right)} \\right)}', 'properties': {'singularities': [], 'is_periodic': True, 'domain': 'Reals', 'period_value': '2*pi'}}",manual_rich
MCM_220_426a2a58,"{'a': 2, 'b': 2, 'c': 0}","{'points': [{'x': -3.0, 'y': 2.5}, {'x': -2.75, 'y': 2.25}, {'x': -2.5, 'y': 2.0}, {'x': -2.25, 'y': 1.75}, {'x': -2.0, 'y': 1.5}, {'x': -1.75, 'y': 1.25}, {'x': -1.5, 'y': 1.0}, {'x': -1.25, 'y': 0.75}, {'x': -1.0, 'y': 0.5}, {'x': -0.75, 'y': 0.25}, {'x': -0.5, 'y': 0.0}, {'x': -0.25, 'y': 0.25}, {'x': 0.0, 'y': 0.5}, {'x': 0.25, 'y': 0.75}, {'x': 0.5, 'y': 1.0}, {'x': 0.75, 'y': 1.25}, {'x': 1.0, 'y': 1.5}, {'x': 1.25, 'y': 1.75}, {'x': 1.5, 'y': 2.0}, {'x': 1.75, 'y': 2.25}, {'x': 2.0, 'y': 2.5}, {'x': 2.25, 'y': 2.75}, {'x': 2.5, 'y': 3.0}, {'x': 2.75, 'y': 3.25}, {'x': 3.0, 'y': 3.5}]}","{'formula': 'Abs(x + 0.5)', 'latex': '\\left|{x + 0.5}\\right|', 'properties': {'singularities': [], 'is_periodic': False, 'domain': 'Reals'}}",manual_rich
MCM_221_1b298420,"{'a': 2, 'b': 2, 'c': 1}","{'points': [{'x': -3.0, 'y': 0.9564}, {'x': -2.75, 'y': 0.9299}, {'x': -2.5, 'y': 0.0829}, {'x': -2.25, 'y': -0.923}, {'x': -2.0, 'y': 0.9894}, {'x': -1.75, 'y': -0.7979}, {'x': -1.5, 'y': -0.2313}, {'x': -1.25, 'y': 0.9278}, {'x': -1.0, 'y': 0.8415}, {'x': -0.75, 'y': 0.4095}, {'x': -0.5, 'y': 0.1247}, {'x': -0.25, 'y': 0.0156}, {'x': 0.0, 'y': 0.0}, {'x': 0.25, 'y': 0.0156}, {'x': 0.5, 'y': 0.1247}, {'x': 0.75, 'y': 0.4095}, {'x': 1.0, 'y': 0.8415}, {'x': 1.25, 'y': 0.9278}, {'x': 1.5, 'y': -0.2313}, {'x': 1.75, 'y': -0.7979}, {'x': 2.0, 'y': 0.9894}, {'x': 2.25, 'y': -0.923}, {'x': 2.5, 'y': 0.0829}, {'x': 2.75, 'y': 0.9299}, {'x': 3.0, 'y': 0.9564}]}","{'formula': 'sin(x**2*Abs(x))', 'latex': '\\sin{\\left(x^{2} \\left|{x}\\right| \\right)}', 'properties': {'singularities': [], 'is_periodic': False, 'domain': 'Reals'}}",manual
MCM_221_2b173415,"{'a': 2, 'b': 2, 'c': 1}","{'points': [{'x': -3.0, 'y': 0.4242}, {'x': -2.75, 'y': 0.9887}, {'x': -2.5, 'y': 0.1367}, {'x': -2.25, 'y': -0.8391}, {'x': -2.0, 'y': 0.9602}, {'x': -1.75, 'y': -0.6536}, {'x': -1.5, 'y': -0.4161}, {'x': -1.25, 'y': 0.5403}, {'x': -1.0, 'y': 1.0}, {'x': -0.75, 'y': 1.0}, {'x': -0.5, 'y': 1.0}, {'x': -0.25, 'y': 1.0}, {'x': 0.0, 'y': 1.0}, {'x': 0.25, 'y': 0.5403}, {'x': 0.5, 'y': 0.5403}, {'x': 0.75, 'y': 0.5403}, {'x': 1.0, 'y': 1.0}, {'x': 1.25, 'y': 1.0}, {'x': 1.5, 'y': 0.5403}, {'x': 1.75, 'y': -0.99}, {'x': 2.0, 'y': 0.9602}, {'x': 2.25, 'y': -0.9111}, {'x': 2.5, 'y': 0.9074}, {'x': 2.75, 'y': 0.6603}, {'x': 3.0, 'y': 0.4242}]}","{'formula': 'cos(floor(x**3 - x))', 'latex': '\\cos{\\left(\\left\\lfloor{x^{3} - x}\\right\\rfloor \\right)}', 'properties': {'singularities': [], 'is_periodic': False, 'domain': 'Reals'}}",manual
MCM_221_08fe0e6c,"{'a': 2, 'b': 2, 'c': 1}","{'points': [{'x': -3.0, 'y': 0.9894}, {'x': -2.75, 'y': 0.2757}, {'x': -2.5, 'y': -0.8589}, {'x': -2.25, 'y': -0.7962}, {'x': -2.0, 'y': 0.1411}, {'x': -1.75, 'y': 0.8815}, {'x': -1.5, 'y': 0.949}, {'x': -1.25, 'y': 0.5333}, {'x': -1.0, 'y': 0.0}, {'x': -0.75, 'y': 0.4237}, {'x': -0.5, 'y': 0.6816}, {'x': -0.25, 'y': 0.8061}, {'x': 0.0, 'y': 0.8415}, {'x': 0.25, 'y': 0.8061}, {'x': 0.5, 'y': 0.6816}, {'x': 0.75, 'y': 0.4237}, {'x': 1.0, 'y': 0.0}, {'x': 1.25, 'y': 0.5333}, {'x': 1.5, 'y': 0.949}, {'x': 1.75, 'y': 0.8815}, {'x': 2.0, 'y': 0.1411}, {'x': 2.25, 'y': -0.7962}, {'x': 2.5, 'y': -0.8589}, {'x': 2.75, 'y': 0.2757}, {'x': 3.0, 'y': 0.9894}]}","{'formula': 'sin(Abs(x**2 - 1))', 'latex': '\\sin{\\left(\\left|{x^{2} - 1}\\right| \\right)}', 'properties': {'singularities': [], 'is_periodic': False, 'domain': 'Reals'}}",manual_rich
MCM_221_51ff15aa,"{'a': 2, 'b': 2, 'c': 1}","{'points': [{'x': -3.0, 'y': -0.1455}, {'x': -2.75, 'y': 0.9612}, {'x': -2.5, 'y': 0.5121}, {'x': -2.25, 'y': -0.6051}, {'x': -2.0, 'y': -0.99}, {'x': -1.75, 'y': -0.4721}, {'x': -1.5, 'y': 0.3153}, {'x': -1.25, 'y': 0.8459}, {'x': -1.0, 'y': 1.0}, {'x': -0.75, 'y': 0.9058}, {'x': -0.5, 'y': 0.7317}, {'x': -0.25, 'y': 0.5918}, {'x': 0.0, 'y': 0.5403}, {'x': 0.25, 'y': 0.5918}, {'x': 0.5, 'y': 0.7317}, {'x': 0.75, 'y': 0.9058}, {'x': 1.0, 'y': 1.0}, {'x': 1.25, 'y': 0.8459}, {'x': 1.5, 'y': 0.3153}, {'x': 1.75, 'y': -0.4721}, {'x': 2.0, 'y': -0.99}, {'x': 2.25, 'y': -0.6051}, {'x': 2.5, 'y': 0.5121}, {'x': 2.75, 'y': 0.9612}, {'x': 3.0, 'y': -0.1455}]}","{'formula': 'cos(Abs(x**2 - 1))', 'latex': '\\cos{\\left(\\left|{x^{2} - 1}\\right| \\right)}', 'properties': {'singularities': [], 'is_periodic': False, 'domain': 'Reals'}}",manual_rich
MCM_221_5d8dbbf4,"{'a': 2, 'b': 2, 'c': 1}","{'points': [{'x': -3.0, 'y': -0.8415}, {'x': -2.75, 'y': -0.8415}, {'x': -2.5, 'y': -0.8415}, {'x': -2.25, 'y': -0.8415}, {'x': -2.0, 'y': -0.8415}, {'x': -1.75, 'y': -0.8415}, {'x': -1.5, 'y': -0.8415}, {'x': -1.25, 'y': -0.8415}, {'x': -1.0, 'y': -0.8415}, {'x': -0.75, 'y': -0.8415}, {'x': -0.5, 'y': -0.8415}, {'x': -0.25, 'y': -0.8415}, {'x': 0.0, 'y': 0.0}, {'x': 0.25, 'y': 0.8415}, {'x': 0.5, 'y': 0.8415}, {'x': 0.75, 'y': 0.8415}, {'x': 1.0, 'y': 0.8415}, {'x': 1.25, 'y': 0.8415}, {'x': 1.5, 'y': 0.8415}, {'x': 1.75, 'y': 0.8415}, {'x': 2.0, 'y': 0.8415}, {'x': 2.25, 'y': 0.8415}, {'x': 2.5, 'y': 0.8415}, {'x': 2.75, 'y': 0.8415}, {'x': 3.0, 'y': 0.8415}]}","{'formula': 'sin(sign(sin(x)))', 'latex': '\\sin{\\left(\\operatorname{sign}{\\left(\\sin{\\left(x \\right)} \\right)} \\right)}', 'properties': {'singularities': [], 'is_periodic': True, 'domain': 'Reals', 'period_value': '2*pi'}}",manual_rich
MCM_221_1743a7ee,"{'a': 2, 'b': 2, 'c': 1}","{'points': [{'x': -3.0, 'y': 0.5403}, {'x': -2.75, 'y': 0.5403}, {'x': -2.5, 'y': 0.5403}, {'x': -2.25, 'y': 0.5403}, {'x': -2.0, 'y': 0.5403}, {'x': -1.75, 'y': 0.5403}, {'x': -1.5, 'y': 0.5403}, {'x': -1.25, 'y': 0.5403}, {'x': -1.0, 'y': 0.5403}, {'x': -0.75, 'y': 0.5403}, {'x': -0.5, 'y': 0.5403}, {'x': -0.25, 'y': 0.5403}, {'x': 0.0, 'y': 1.0}, {'x': 0.25, 'y': 0.5403}, {'x': 0.5, 'y': 0.5403}, {'x': 0.75, 'y': 0.5403}, {'x': 1.0, 'y': 0.5403}, {'x': 1.25, 'y': 0.5403}, {'x': 1.5, 'y': 0.5403}, {'x': 1.75, 'y': 0.5403}, {'x': 2.0, 'y': 0.5403}, {'x': 2.25, 'y': 0.5403}, {'x': 2.5, 'y': 0.5403}, {'x': 2.75, 'y': 0.5403}, {'x': 3.0, 'y': 0.5403}]}","{'formula': 'cos(sign(sin(x)))', 'latex': '\\cos{\\left(\\operatorname{sign}{\\left(\\sin{\\left(x \\right)} \\right)} \\right)}', 'properties': {'singularities': [], 'is_periodic': True, 'domain': 'Reals', 'period_value': '2*pi'}}",manual_rich
MCM_221_13b411ad,"{'a': 2, 'b': 2, 'c': 1}","{'points': [{'x': -3.0, 'y': 0.5985}, {'x': -2.75, 'y': 0.7781}, {'x': -2.5, 'y': 0.9093}, {'x': -2.25, 'y': 0.984}, {'x': -2.0, 'y': 0.9975}, {'x': -1.75, 'y': 0.949}, {'x': -1.5, 'y': 0.8415}, {'x': -1.25, 'y': 0.6816}, {'x': -1.0, 'y': 0.4794}, {'x': -0.75, 'y': 0.2474}, {'x': -0.5, 'y': 0.0}, {'x': -0.25, 'y': 0.2474}, {'x': 0.0, 'y': 0.4794}, {'x': 0.25, 'y': 0.6816}, {'x': 0.5, 'y': 0.8415}, {'x': 0.75, 'y': 0.949}, {'x': 1.0, 'y': 0.9975}, {'x': 1.25, 'y': 0.984}, {'x': 1.5, 'y': 0.9093}, {'x': 1.75, 'y': 0.7781}, {'x': 2.0, 'y': 0.5985}, {'x': 2.25, 'y': 0.3817}, {'x': 2.5, 'y': 0.1411}, {'x': 2.75, 'y': -0.1082}, {'x': 3.0, 'y': -0.3508}]}","{'formula': 'sin(Abs(x + 0.5))', 'latex': '\\sin{\\left(\\left|{x + 0.5}\\right| \\right)}', 'properties': {'singularities': [], 'is_periodic': False, 'domain': 'Reals'}}",manual_rich
MCM_221_dcd0b9fc,"{'a': 2, 'b': 2, 'c': 1}","{'points': [{'x': -3.0, 'y': -0.8011}, {'x': -2.75, 'y': -0.6282}, {'x': -2.5, 'y': -0.4161}, {'x': -2.25, 'y': -0.1782}, {'x': -2.0, 'y': 0.0707}, {'x': -1.75, 'y': 0.3153}, {'x': -1.5, 'y': 0.5403}, {'x': -1.25, 'y': 0.7317}, {'x': -1.0, 'y': 0.8776}, {'x': -0.75, 'y': 0.9689}, {'x': -0.5, 'y': 1.0}, {'x': -0.25, 'y': 0.9689}, {'x': 0.0, 'y': 0.8776}, {'x': 0.25, 'y': 0.7317}, {'x': 0.5, 'y': 0.5403}, {'x': 0.75, 'y': 0.3153}, {'x': 1.0, 'y': 0.0707}, {'x': 1.25, 'y': -0.1782}, {'x': 1.5, 'y': -0.4161}, {'x': 1.75, 'y': -0.6282}, {'x': 2.0, 'y': -0.8011}, {'x': 2.25, 'y': -0.9243}, {'x': 2.5, 'y': -0.99}, {'x': 2.75, 'y': -0.9941}, {'x': 3.0, 'y': -0.9365}]}","{'formula': 'cos(Abs(x + 0.5))', 'latex': '\\cos{\\left(\\left|{x + 0.5}\\right| \\right)}', 'properties': {'singularities': [], 'is_periodic': False, 'domain': 'Reals'}}",manual_rich
MCM_222_091636ae,"{'a': 2, 'b': 2, 'c': 2}","{'points': [{'x': -3.0, 'y': -8.7097}, {'x': -2.75, 'y': -7.2971}, {'x': -2.5, 'y': -6.0096}, {'x': -2.25, 'y': -4.8471}, {'x': -2.0, 'y': -3.8095}, {'x': -1.75, 'y': -2.897}, {'x': -1.5, 'y': -2.1094}, {'x': -1.25, 'y': -1.4468}, {'x': -1.0, 'y': -0.9091}, {'x': -0.75, 'y': -0.4963}, {'x': -0.5, 'y': -0.2083}, {'x': -0.25, 'y': -0.0446}, {'x': 0.0, 'y': 0.0}, {'x': 0.25, 'y': 0.1042}, {'x': 0.5, 'y': 0.3125}, {'x': 0.75, 'y': 0.649}, {'x': 1.0, 'y': 1.1111}, {'x': 1.25, 'y': 1.6984}, {'x': 1.5, 'y': 2.4107}, {'x': 1.75, 'y': 3.2481}, {'x': 2.0, 'y': 4.2105}, {'x': 2.25, 'y': 5.298}, {'x': 2.5, 'y': 6.5104}, {'x': 2.75, 'y': 7.8479}, {'x': 3.0, 'y': 9.3103}]}","{'formula': 'x**2*Abs(x)/(x - 0.1)', 'latex': '\\frac{x^{2} \\left|{x}\\right|}{x - 0.1}', 'properties': {'singularities': [], 'is_periodic': False, 'domain': 'Union(Interval.open(-oo, 0.100000000000000), Interval.open(0.100000000000000, oo))'}}",manual
MCM_222_0d041d8d,"{'a': 2, 'b': 2, 'c': 2}","{'points': [{'x': -3.0, 'y': 8.5714}, {'x': -2.75, 'y': 7.451}, {'x': -2.5, 'y': 6.087}, {'x': -2.25, 'y': 4.878}, {'x': -2.0, 'y': 3.3333}, {'x': -1.75, 'y': 2.5806}, {'x': -1.5, 'y': 1.5385}, {'x': -1.25, 'y': 0.9524}, {'x': -1.0, 'y': 0.0}, {'x': -0.75, 'y': 0.0}, {'x': -0.5, 'y': 0.0}, {'x': -0.25, 'y': 0.0}, {'x': 0.0, 'y': 0.0}, {'x': 0.25, 'y': -2.2222}, {'x': 0.5, 'y': -1.4286}, {'x': 0.75, 'y': -1.0526}, {'x': 1.0, 'y': 0.0}, {'x': 1.25, 'y': 0.0}, {'x': 1.5, 'y': 0.5882}, {'x': 1.75, 'y': 1.5385}, {'x': 2.0, 'y': 2.7273}, {'x': 2.25, 'y': 3.6735}, {'x': 2.5, 'y': 4.8148}, {'x': 2.75, 'y': 6.1017}, {'x': 3.0, 'y': 7.5}]}","{'formula': 'floor(x**3 - x)/(x + 0.2)', 'latex': '\\frac{\\left\\lfloor{x^{3} - x}\\right\\rfloor}{x + 0.2}', 'properties': {'singularities': [], 'is_periodic': False, 'domain': 'Reals'}}",manual
MCM_222_0484b9fb,"{'a': 2, 'b': 2, 'c': 2}","{'points': [{'x': -3.0, 'y': -2.1951}, {'x': -2.75, 'y': -1.4732}, {'x': -2.5, 'y': -0.8681}, {'x': -2.25, 'y': -0.3778}, {'x': -2.0, 'y': 0.0}, {'x': -1.75, 'y': 0.2686}, {'x': -1.5, 'y': 0.4327}, {'x': -1.25, 'y': 0.4987}, {'x': -1.0, 'y': 0.4762}, {'x': -0.75, 'y': 0.3801}, {'x': -0.5, 'y': 0.2344}, {'x': -0.25, 'y': 0.081}, {'x': 0.0, 'y': 0.0}, {'x': 0.25, 'y': -0.1654}, {'x': 0.5, 'y': -1.0417}, {'x': 0.75, 'y': -4.4196}, {'x': 1.0, 'y': -30.0}, {'x': 1.25, 'y': 33.8542}, {'x': 1.5, 'y': 19.6875}, {'x': 1.75, 'y': 17.6683}, {'x': 2.0, 'y': 17.7778}, {'x': 2.25, 'y': 18.7092}, {'x': 2.5, 'y': 20.0893}, {'x': 2.75, 'y': 21.7708}, {'x': 3.0, 'y': 23.6842}]}","{'formula': 'Piecewise((x**2*(x + 2)/(x - 1.1), x > 0), (x**2*(-x - 2)/(x - 1.1), True))', 'latex': '\\begin{cases} \\frac{x^{2} \\left(x + 2\\right)}{x - 1.1} & \\text{for}\\: x > 0 \\\\\\frac{x^{2} \\left(- x - 2\\right)}{x - 1.1} & \\text{otherwise} \\end{cases}', 'properties': {'singularities': [], 'is_periodic': False, 'domain': 'Reals'}}",manual
MCM_222_2a754517,"{'a': 2, 'b': 2, 'c': 2}","{'points': [{'x': -3.0, 'y': -2.5806}, {'x': -2.75, 'y': -2.3026}, {'x': -2.5, 'y': -2.0192}, {'x': -2.25, 'y': -1.7287}, {'x': -2.0, 'y': -1.4286}, {'x': -1.75, 'y': -1.1149}, {'x': -1.5, 'y': -0.7812}, {'x': -1.25, 'y': -0.4167}, {'x': -1.0, 'y': 0.0}, {'x': -0.75, 'y': -0.5147}, {'x': -0.5, 'y': -1.25}, {'x': -0.25, 'y': -2.6786}, {'x': 0.0, 'y': -10.0}, {'x': 0.25, 'y': 6.25}, {'x': 0.5, 'y': 1.875}, {'x': 0.75, 'y': 0.6731}, {'x': 1.0, 'y': 0.0}, {'x': 1.25, 'y': 0.4891}, {'x': 1.5, 'y': 0.8929}, {'x': 1.75, 'y': 1.25}, {'x': 2.0, 'y': 1.5789}, {'x': 2.25, 'y': 1.8895}, {'x': 2.5, 'y': 2.1875}, {'x': 2.75, 'y': 2.4764}, {'x': 3.0, 'y': 2.7586}]}","{'formula': 'Abs(x**2 - 1)/(x - 0.1)', 'latex': '\\frac{\\left|{x^{2} - 1}\\right|}{x - 0.1}', 'properties': {'singularities': [], 'is_periodic': False, 'domain': 'Union(Interval.open(-oo, 0.100000000000000), Interval.open(0.100000000000000, oo))'}}",manual_rich
MCM_222_61c5edc5,"{'a': 2, 'b': 2, 'c': 2}","{'points': [{'x': -3.0, 'y': 0.3125}, {'x': -2.75, 'y': 0.339}, {'x': -2.5, 'y': 0.3704}, {'x': -2.25, 'y': 0.4082}, {'x': -2.0, 'y': 0.4545}, {'x': -1.75, 'y': 0.5128}, {'x': -1.5, 'y': 0.5882}, {'x': -1.25, 'y': 0.6897}, {'x': -1.0, 'y': 0.8333}, {'x': -0.75, 'y': 1.0526}, {'x': -0.5, 'y': 1.4286}, {'x': -0.25, 'y': 2.2222}, {'x': 0.0, 'y': 0.0}, {'x': 0.25, 'y': 20.0}, {'x': 0.5, 'y': 3.3333}, {'x': 0.75, 'y': 1.8182}, {'x': 1.0, 'y': 1.25}, {'x': 1.25, 'y': 0.9524}, {'x': 1.5, 'y': 0.7692}, {'x': 1.75, 'y': 0.6452}, {'x': 2.0, 'y': 0.5556}, {'x': 2.25, 'y': 0.4878}, {'x': 2.5, 'y': 0.4348}, {'x': 2.75, 'y': 0.3922}, {'x': 3.0, 'y': 0.3571}]}","{'formula': 'sign(sin(x))/(x - 0.2)', 'latex': '\\frac{\\operatorname{sign}{\\left(\\sin{\\left(x \\right)} \\right)}}{x - 0.2}', 'properties': {'singularities': [], 'is_periodic': False, 'domain': 'Reals'}}",manual_rich
MCM_222_10b1edad,"{'a': 2, 'b': 2, 'c': 2}","{'points': [{'x': -3.0, 'y': -0.8772}, {'x': -2.75, 'y': -0.8654}, {'x': -2.5, 'y': -0.8511}, {'x': -2.25, 'y': -0.8333}, {'x': -2.0, 'y': -0.8108}, {'x': -1.75, 'y': -0.7812}, {'x': -1.5, 'y': -0.7407}, {'x': -1.25, 'y': -0.6818}, {'x': -1.0, 'y': -0.5882}, {'x': -0.75, 'y': -0.4167}, {'x': -0.5, 'y': 0.0}, {'x': -0.25, 'y': -2.5}, {'x': 0.0, 'y': 3.3333}, {'x': 0.25, 'y': 1.875}, {'x': 0.5, 'y': 1.5385}, {'x': 0.75, 'y': 1.3889}, {'x': 1.0, 'y': 1.3043}, {'x': 1.25, 'y': 1.25}, {'x': 1.5, 'y': 1.2121}, {'x': 1.75, 'y': 1.1842}, {'x': 2.0, 'y': 1.1628}, {'x': 2.25, 'y': 1.1458}, {'x': 2.5, 'y': 1.1321}, {'x': 2.75, 'y': 1.1207}, {'x': 3.0, 'y': 1.1111}]}","{'formula': 'Abs(x + 0.5)/(x + 0.15)', 'latex': '\\frac{\\left|{x + 0.5}\\right|}{x + 0.15}', 'properties': {'singularities': [], 'is_periodic': False, 'domain': 'Union(Interval.open(-oo, -0.150000000000000), Interval.open(-0.150000000000000, oo))'}}",manual_rich
MCM_223_59c5f20d,"{'a': 2, 'b': 2, 'c': 3}","{'points': [{'x': -3.0, 'y': -6561.0}, {'x': -2.75, 'y': -3270.8569}, {'x': -2.5, 'y': -1525.8789}, {'x': -2.25, 'y': -656.8408}, {'x': -2.0, 'y': -256.0}, {'x': -1.75, 'y': -87.9639}, {'x': -1.5, 'y': -25.6289}, {'x': -1.25, 'y': -5.9605}, {'x': -1.0, 'y': -1.0}, {'x': -0.75, 'y': -0.1001}, {'x': -0.5, 'y': -0.0039}, {'x': -0.25, 'y': -0.0}, {'x': 0.0, 'y': 0.0}, {'x': 0.25, 'y': 0.0}, {'x': 0.5, 'y': 0.0039}, {'x': 0.75, 'y': 0.1001}, {'x': 1.0, 'y': 1.0}, {'x': 1.25, 'y': 5.9605}, {'x': 1.5, 'y': 25.6289}, {'x': 1.75, 'y': 87.9639}, {'x': 2.0, 'y': 256.0}, {'x': 2.25, 'y': 656.8408}, {'x': 2.5, 'y': 1525.8789}, {'x': 2.75, 'y': 3270.8569}, {'x': 3.0, 'y': 6561.0}]}","{'formula': 'x**7*Abs(x)', 'latex': 'x^{7} \\left|{x}\\right|', 'properties': {'singularities': [], 'is_periodic': False, 'domain': 'Reals'}}",manual
MCM_223_c3c09be3,"{'a': 2, 'b': 2, 'c': 3}","{'points': [{'x': -3.0, 'y': -482.0529}, {'x': -2.75, 'y': -297.21}, {'x': -2.5, 'y': -170.5549}, {'x': -2.25, 'y': -94.8774}, {'x': -2.0, 'y': -44.3343}, {'x': -1.75, 'y': -23.0184}, {'x': -1.5, 'y': -8.9634}, {'x': -1.25, 'y': -3.4903}, {'x': -1.0, 'y': 0.0}, {'x': -0.75, 'y': 0.0}, {'x': -0.5, 'y': 0.0}, {'x': -0.25, 'y': 0.0}, {'x': 0.0, 'y': 0.0}, {'x': 0.25, 'y': -1.284}, {'x': 0.5, 'y': -1.6487}, {'x': 0.75, 'y': -2.117}, {'x': 1.0, 'y': 0.0}, {'x': 1.25, 'y': 0.0}, {'x': 1.5, 'y': 4.4817}, {'x': 1.75, 'y': 17.2638}, {'x': 2.0, 'y': 44.3343}, {'x': 2.25, 'y': 85.3896}, {'x': 2.5, 'y': 158.3724}, {'x': 2.75, 'y': 281.5674}, {'x': 3.0, 'y': 482.0529}]}","{'formula': 'exp(Abs(x))*floor(x**3 - x)', 'latex': 'e^{\\left|{x}\\right|} \\left\\lfloor{x^{3} - x}\\right\\rfloor', 'properties': {'singularities': [], 'is_periodic': False, 'domain': 'Reals'}}",manual
MCM_223_3fb6d6ed,"{'a': 2, 'b': 2, 'c': 3}","{'points': [{'x': -3.0, 'y': -241.7543}, {'x': -2.75, 'y': -156.0868}, {'x': -2.5, 'y': -96.5356}, {'x': -2.25, 'y': -56.6412}, {'x': -2.0, 'y': -32.0}, {'x': -1.75, 'y': -15.4394}, {'x': -1.5, 'y': -6.5819}, {'x': -1.25, 'y': -2.0358}, {'x': -1.0, 'y': 0.0}, {'x': -0.75, 'y': 0.7281}, {'x': -0.5, 'y': 0.8753}, {'x': -0.25, 'y': 0.8005}, {'x': 0.0, 'y': 0.0}, {'x': 0.25, 'y': 0.8229}, {'x': 0.5, 'y': 0.9853}, {'x': 0.75, 'y': 1.2819}, {'x': 1.0, 'y': 2.1161}, {'x': 1.25, 'y': 4.2282}, {'x': 1.5, 'y': 8.823}, {'x': 1.75, 'y': 17.6896}, {'x': 2.0, 'y': 33.3195}, {'x': 2.25, 'y': 59.0242}, {'x': 2.5, 'y': 99.0523}, {'x': 2.75, 'y': 158.707}, {'x': 3.0, 'y': 244.4633}]}","{'formula': 'x**5 + Abs(x**0.2*(x + 2)**0.1)', 'latex': 'x^{5} + \\left|{x^{0.2} \\left(x + 2\\right)^{0.1}}\\right|', 'properties': {'singularities': [], 'is_periodic': False, 'domain': 'Interval(0, oo)'}}",manual
MCM_223_9ae020e4,"{'a': 2, 'b': 2, 'c': 3}","{'points': [{'x': -3.0, 'y': -2.4595}, {'x': -2.75, 'y': -2.1822}, {'x': -2.5, 'y': -1.9003}, {'x': -2.25, 'y': -1.6125}, {'x': -2.0, 'y': -1.3172}, {'x': -1.75, 'y': -1.0119}, {'x': -1.5, 'y': -0.6936}, {'x': -1.25, 'y': -0.3579}, {'x': -1.0, 'y': 0.0}, {'x': -0.75, 'y': -0.3801}, {'x': -0.5, 'y': -0.7424}, {'x': -0.25, 'y': -0.7455}, {'x': 0.0, 'y': 0.9589}, {'x': 0.25, 'y': 0.8559}, {'x': 0.5, 'y': -0.1429}, {'x': 0.75, 'y': 0.4242}, {'x': 1.0, 'y': 0.0}, {'x': 1.25, 'y': 0.4583}, {'x': 1.5, 'y': 0.8695}, {'x': 1.75, 'y': 1.2402}, {'x': 2.0, 'y': 1.5822}, {'x': 2.25, 'y': 1.904}, {'x': 2.5, 'y': 2.2114}, {'x': 2.75, 'y': 2.5081}, {'x': 3.0, 'y': 2.7968}]}","{'formula': 'sin(1/(x - 0.2))*Abs(x**2 - 1)', 'latex': '\\sin{\\left(\\frac{1}{x - 0.2} \\right)} \\left|{x^{2} - 1}\\right|', 'properties': {'singularities': [], 'is_periodic': False, 'domain': 'Union(Interval.open(-oo, 0.200000000000000), Interval.open(0.200000000000000, oo))'}}",manual_rich
MCM_223_0a624118,"{'a': 2, 'b': 2, 'c': 3}","{'points': [{'x': -3.0, 'y': 54.501}, {'x': -2.75, 'y': 32.7189}, {'x': -2.5, 'y': 19.5144}, {'x': -2.25, 'y': 11.4854}, {'x': -2.0, 'y': 6.5929}, {'x': -1.75, 'y': 3.6081}, {'x': -1.5, 'y': 1.787}, {'x': -1.25, 'y': 0.6767}, {'x': -1.0, 'y': 0.0}, {'x': -0.75, 'y': 0.4137}, {'x': -0.5, 'y': 0.6701}, {'x': -0.25, 'y': 0.8355}, {'x': 0.0, 'y': 0.9514}, {'x': 0.25, 'y': 0.8355}, {'x': 0.5, 'y': 0.6701}, {'x': 0.75, 'y': 0.4137}, {'x': 1.0, 'y': 0.0}, {'x': 1.25, 'y': 0.6767}, {'x': 1.5, 'y': 1.787}, {'x': 1.75, 'y': 3.6081}, {'x': 2.0, 'y': 6.5929}, {'x': 2.25, 'y': 11.4854}, {'x': 2.5, 'y': 19.5144}, {'x': 2.75, 'y': 32.7189}, {'x': 3.0, 'y': 54.501}]}","{'formula': 'Abs(x**2 - 1)*gamma(Abs(x) + 1.1)', 'latex': '\\left|{x^{2} - 1}\\right| \\Gamma\\left(\\left|{x}\\right| + 1.1\\right)', 'properties': {'singularities': [], 'is_periodic': False, 'domain': 'Reals'}}",manual_rich
MCM_223_59477c70,"{'a': 2, 'b': 2, 'c': 3}","{'points': [{'x': -3.0, 'y': 0.3437}, {'x': -2.75, 'y': 0.3752}, {'x': -2.5, 'y': 0.4128}, {'x': -2.25, 'y': 0.4584}, {'x': -2.0, 'y': 0.5146}, {'x': -1.75, 'y': 0.5851}, {'x': -1.5, 'y': 0.6748}, {'x': -1.25, 'y': 0.7889}, {'x': -1.0, 'y': 0.9233}, {'x': -0.75, 'y': 0.9954}, {'x': -0.5, 'y': 0.2806}, {'x': -0.25, 'y': -0.544}, {'x': 0.0, 'y': 0.0}, {'x': 0.25, 'y': 0.5985}, {'x': 0.5, 'y': 0.9995}, {'x': 0.75, 'y': 0.8962}, {'x': 1.0, 'y': 0.764}, {'x': 1.25, 'y': 0.6551}, {'x': 1.5, 'y': 0.5696}, {'x': 1.75, 'y': 0.5024}, {'x': 2.0, 'y': 0.4485}, {'x': 2.25, 'y': 0.4047}, {'x': 2.5, 'y': 0.3685}, {'x': 2.75, 'y': 0.338}, {'x': 3.0, 'y': 0.3122}]}","{'formula': 'sin(1/(x + 0.15))*sign(sin(x))', 'latex': '\\sin{\\left(\\frac{1}{x + 0.15} \\right)} \\operatorname{sign}{\\left(\\sin{\\left(x \\right)} \\right)}', 'properties': {'singularities': [], 'is_periodic': False, 'domain': 'Reals'}}",manual_rich
MCM_223_2b0c87f7,"{'a': 2, 'b': 2, 'c': 3}","{'points': [{'x': -3.0, 'y': -6.8126}, {'x': -2.75, 'y': -4.9857}, {'x': -2.5, 'y': -3.717}, {'x': -2.25, 'y': -2.8272}, {'x': -2.0, 'y': -2.1976}, {'x': -1.75, 'y': -1.7494}, {'x': -1.5, 'y': -1.4296}, {'x': -1.25, 'y': -1.2031}, {'x': -1.0, 'y': -1.0465}, {'x': -0.75, 'y': -0.9456}, {'x': -0.5, 'y': -0.8935}, {'x': -0.25, 'y': -0.8912}, {'x': 0.0, 'y': 0.0}, {'x': 0.25, 'y': 0.8912}, {'x': 0.5, 'y': 0.8935}, {'x': 0.75, 'y': 0.9456}, {'x': 1.0, 'y': 1.0465}, {'x': 1.25, 'y': 1.2031}, {'x': 1.5, 'y': 1.4296}, {'x': 1.75, 'y': 1.7494}, {'x': 2.0, 'y': 2.1976}, {'x': 2.25, 'y': 2.8272}, {'x': 2.5, 'y': 3.717}, {'x': 2.75, 'y': 4.9857}, {'x': 3.0, 'y': 6.8126}]}","{'formula': 'gamma(Abs(x) + 1.1)*sign(sin(x))', 'latex': '\\Gamma\\left(\\left|{x}\\right| + 1.1\\right) \\operatorname{sign}{\\left(\\sin{\\left(x \\right)} \\right)}', 'properties': {'singularities': [], 'is_periodic': False, 'domain': 'Reals'}}",manual_rich
MCM_223_84e2f8a7,"{'a': 2, 'b': 2, 'c': 3}","{'points': [{'x': -3.0, 'y': -0.9049}, {'x': -2.75, 'y': -0.8931}, {'x': -2.5, 'y': -0.8781}, {'x': -2.25, 'y': -0.8586}, {'x': -2.0, 'y': -0.8323}, {'x': -1.75, 'y': -0.7953}, {'x': -1.5, 'y': -0.7402}, {'x': -1.25, 'y': -0.6515}, {'x': -1.0, 'y': -0.495}, {'x': -0.75, 'y': -0.1988}, {'x': -0.5, 'y': 0.0}, {'x': -0.25, 'y': 0.2282}, {'x': 0.0, 'y': -0.0953}, {'x': 0.25, 'y': 0.7272}, {'x': 0.5, 'y': 0.949}, {'x': 0.75, 'y': 1.0185}, {'x': 1.0, 'y': 1.0434}, {'x': 1.25, 'y': 1.0523}, {'x': 1.5, 'y': 1.0548}, {'x': 1.75, 'y': 1.0545}, {'x': 2.0, 'y': 1.053}, {'x': 2.25, 'y': 1.051}, {'x': 2.5, 'y': 1.0488}, {'x': 2.75, 'y': 1.0466}, {'x': 3.0, 'y': 1.0444}]}","{'formula': 'sin(1/(x + 0.3))*Abs(x + 0.5)', 'latex': '\\sin{\\left(\\frac{1}{x + 0.3} \\right)} \\left|{x + 0.5}\\right|', 'properties': {'singularities': [], 'is_periodic': False, 'domain': 'Union(Interval.open(-oo, -0.300000000000000), Interval.open(-0.300000000000000, oo))'}}",manual_rich
MCM_223_f5098a9e,"{'a': 2, 'b': 2, 'c': 3}","{'points': [{'x': -3.0, 'y': 17.0316}, {'x': -2.75, 'y': 11.2179}, {'x': -2.5, 'y': 7.434}, {'x': -2.25, 'y': 4.9476}, {'x': -2.0, 'y': 3.2964}, {'x': -1.75, 'y': 2.1867}, {'x': -1.5, 'y': 1.4296}, {'x': -1.25, 'y': 0.9023}, {'x': -1.0, 'y': 0.5232}, {'x': -0.75, 'y': 0.2364}, {'x': -0.5, 'y': 0.0}, {'x': -0.25, 'y': 0.2228}, {'x': 0.0, 'y': 0.4757}, {'x': 0.25, 'y': 0.6684}, {'x': 0.5, 'y': 0.8935}, {'x': 0.75, 'y': 1.182}, {'x': 1.0, 'y': 1.5697}, {'x': 1.25, 'y': 2.1053}, {'x': 1.5, 'y': 2.8592}, {'x': 1.75, 'y': 3.9361}, {'x': 2.0, 'y': 5.4941}, {'x': 2.25, 'y': 7.7747}, {'x': 2.5, 'y': 11.1511}, {'x': 2.75, 'y': 16.2036}, {'x': 3.0, 'y': 23.8442}]}","{'formula': 'Abs(x + 0.5)*gamma(Abs(x) + 1.1)', 'latex': '\\left|{x + 0.5}\\right| \\Gamma\\left(\\left|{x}\\right| + 1.1\\right)', 'properties': {'singularities': [], 'is_periodic': False, 'domain': 'Reals'}}",manual_rich
MCM_230_dfc482f9,"{'a': 2, 'b': 3, 'c': 0}","{'points': [{'x': -3.0, 'y': -1.0}, {'x': -2.75, 'y': -1.0}, {'x': -2.5, 'y': -1.0}, {'x': -2.25, 'y': -1.0}, {'x': -2.0, 'y': -1.0}, {'x': -1.75, 'y': -1.0}, {'x': -1.5, 'y': -1.0}, {'x': -1.25, 'y': -0.9943}, {'x': -1.0, 'y': -0.8427}, {'x': -0.75, 'y': -0.4492}, {'x': -0.5, 'y': -0.1403}, {'x': -0.25, 'y': -0.0176}, {'x': 0.0, 'y': 0.0}, {'x': 0.25, 'y': 0.0176}, {'x': 0.5, 'y': 0.1403}, {'x': 0.75, 'y': 0.4492}, {'x': 1.0, 'y': 0.8427}, {'x': 1.25, 'y': 0.9943}, {'x': 1.5, 'y': 1.0}, {'x': 1.75, 'y': 1.0}, {'x': 2.0, 'y': 1.0}, {'x': 2.25, 'y': 1.0}, {'x': 2.5, 'y': 1.0}, {'x': 2.75, 'y': 1.0}, {'x': 3.0, 'y': 1.0}]}","{'formula': 'erf(x**3)', 'latex': '\\operatorname{erf}{\\left(x^{3} \\right)}', 'properties': {'singularities': [], 'is_periodic': False, 'domain': 'Reals'}}",manual
MCM_230_a23a12c1,"{'a': 2, 'b': 3, 'c': 0}","{'points': [{'x': -3.0, 'y': -0.0903}, {'x': -2.75, 'y': 0.0508}, {'x': -2.5, 'y': -0.2995}, {'x': -2.25, 'y': 0.6379}, {'x': -2.0, 'y': 1.0}, {'x': -1.75, 'y': 0.8587}, {'x': -1.5, 'y': 0.7078}, {'x': -1.25, 'y': 0.685}, {'x': -1.0, 'y': 0.7652}, {'x': -0.75, 'y': 0.8802}, {'x': -0.5, 'y': 0.9652}, {'x': -0.25, 'y': 0.997}, {'x': 0.0, 'y': 1.0}, {'x': 0.25, 'y': 0.9951}, {'x': 0.5, 'y': 0.9047}, {'x': 0.75, 'y': 0.4855}, {'x': 1.0, 'y': -0.2601}, {'x': 1.25, 'y': -0.1517}, {'x': 1.5, 'y': 0.1998}, {'x': 1.75, 'y': -0.0712}, {'x': 2.0, 'y': -0.1749}, {'x': 2.25, 'y': -0.0515}, {'x': 2.5, 'y': -0.0888}, {'x': 2.75, 'y': -0.1117}, {'x': 3.0, 'y': 0.1158}]}","{'formula': 'besselj(0, Abs(x**3 + 2*x**2))', 'latex': 'J_{0}\\left(\\left|{x^{3} + 2 x^{2}}\\right|\\right)', 'properties': {'singularities': [], 'is_periodic': True, 'domain': 'Reals', 'period_value': '0'}}",manual
MCM_230_0568cd07,"{'a': 2, 'b': 3, 'c': 0}","{'points': [{'x': -3.0, 'y': 0.3391}, {'x': -2.75, 'y': 0.426}, {'x': -2.5, 'y': 0.4971}, {'x': -2.25, 'y': 0.5484}, {'x': -2.0, 'y': 0.5767}, {'x': -1.75, 'y': 0.5802}, {'x': -1.5, 'y': 0.5579}, {'x': -1.25, 'y': 0.5106}, {'x': -1.0, 'y': 0.4401}, {'x': -0.75, 'y': 0.3492}, {'x': -0.5, 'y': 0.2423}, {'x': -0.25, 'y': 0.124}, {'x': 0.0, 'y': 0.0}, {'x': 0.25, 'y': 0.124}, {'x': 0.5, 'y': 0.2423}, {'x': 0.75, 'y': 0.3492}, {'x': 1.0, 'y': 0.4401}, {'x': 1.25, 'y': 0.5106}, {'x': 1.5, 'y': 0.5579}, {'x': 1.75, 'y': 0.5802}, {'x': 2.0, 'y': 0.5767}, {'x': 2.25, 'y': 0.5484}, {'x': 2.5, 'y': 0.4971}, {'x': 2.75, 'y': 0.426}, {'x': 3.0, 'y': 0.3391}]}","{'formula': 'besselj(1, Abs(x))', 'latex': 'J_{1}\\left(\\left|{x}\\right|\\right)', 'properties': {'singularities': [], 'is_periodic': True, 'domain': 'Reals', 'period_value': '0'}}",manual_rich
MCM_231_b788f793,"{'a': 2, 'b': 3, 'c': 1}","{'points': [{'x': -3.0, 'y': -0.8415}, {'x': -2.75, 'y': -0.8415}, {'x': -2.5, 'y': -0.8415}, {'x': -2.25, 'y': -0.8415}, {'x': -2.0, 'y': -0.8415}, {'x': -1.75, 'y': -0.8415}, {'x': -1.5, 'y': -0.8415}, {'x': -1.25, 'y': -0.8384}, {'x': -1.0, 'y': -0.7464}, {'x': -0.75, 'y': -0.4343}, {'x': -0.5, 'y': -0.1399}, {'x': -0.25, 'y': -0.0176}, {'x': 0.0, 'y': 0.0}, {'x': 0.25, 'y': 0.0176}, {'x': 0.5, 'y': 0.1399}, {'x': 0.75, 'y': 0.4343}, {'x': 1.0, 'y': 0.7464}, {'x': 1.25, 'y': 0.8384}, {'x': 1.5, 'y': 0.8415}, {'x': 1.75, 'y': 0.8415}, {'x': 2.0, 'y': 0.8415}, {'x': 2.25, 'y': 0.8415}, {'x': 2.5, 'y': 0.8415}, {'x': 2.75, 'y': 0.8415}, {'x': 3.0, 'y': 0.8415}]}","{'formula': 'sin(erf(x**3))', 'latex': '\\sin{\\left(\\operatorname{erf}{\\left(x^{3} \\right)} \\right)}', 'properties': {'singularities': [], 'is_periodic': False, 'domain': 'Reals'}}",manual
MCM_231_5571beba,"{'a': 2, 'b': 3, 'c': 1}","{'points': [{'x': -3.0, 'y': -0.9373}, {'x': -2.75, 'y': 0.0117}, {'x': -2.5, 'y': -0.7547}, {'x': -2.25, 'y': 0.971}, {'x': -2.0, 'y': 0.4222}, {'x': -1.75, 'y': -0.9982}, {'x': -1.5, 'y': -0.9716}, {'x': -1.25, 'y': 0.4503}, {'x': -1.0, 'y': 0.6323}, {'x': -0.75, 'y': 0.5905}, {'x': -0.5, 'y': 0.5789}, {'x': -0.25, 'y': 0.6093}, {'x': 0.0, 'y': 0.6323}, {'x': 0.25, 'y': 0.6093}, {'x': 0.5, 'y': 0.5789}, {'x': 0.75, 'y': 0.5905}, {'x': 1.0, 'y': 0.6323}, {'x': 1.25, 'y': 0.4503}, {'x': 1.5, 'y': -0.9716}, {'x': 1.75, 'y': -0.9982}, {'x': 2.0, 'y': 0.4222}, {'x': 2.25, 'y': 0.971}, {'x': 2.5, 'y': -0.7547}, {'x': 2.75, 'y': 0.0117}, {'x': 3.0, 'y': -0.9373}]}","{'formula': 'cos(gamma(Abs(x**3 - x) + 1.5))', 'latex': '\\cos{\\left(\\Gamma\\left(\\left|{x^{3} - x}\\right| + 1.5\\right) \\right)}', 'properties': {'singularities': [], 'is_periodic': False, 'domain': 'Reals'}}",manual
MCM_231_10683ee6,"{'a': 2, 'b': 3, 'c': 1}","{'points': [{'x': -3.0, 'y': 0.4734}, {'x': -2.75, 'y': 0.3836}, {'x': -2.5, 'y': -0.9985}, {'x': -2.25, 'y': 0.998}, {'x': -2.0, 'y': 0.3359}, {'x': -1.75, 'y': 0.8924}, {'x': -1.5, 'y': 0.3093}, {'x': -1.25, 'y': 0.9975}, {'x': -1.0, 'y': 0.8657}, {'x': -0.75, 'y': 0.7846}, {'x': -0.5, 'y': 0.7778}, {'x': -0.25, 'y': 0.801}, {'x': 0.0, 'y': 0.8142}, {'x': 0.25, 'y': 0.801}, {'x': 0.5, 'y': 0.7778}, {'x': 0.75, 'y': 0.7846}, {'x': 1.0, 'y': 0.8657}, {'x': 1.25, 'y': 0.9975}, {'x': 1.5, 'y': 0.3093}, {'x': 1.75, 'y': 0.8924}, {'x': 2.0, 'y': 0.3359}, {'x': 2.25, 'y': 0.998}, {'x': 2.5, 'y': -0.9985}, {'x': 2.75, 'y': 0.3836}, {'x': 3.0, 'y': 0.4734}]}","{'formula': 'sin(gamma(x**2 + 1.1))', 'latex': '\\sin{\\left(\\Gamma\\left(x^{2} + 1.1\\right) \\right)}', 'properties': {'singularities': [], 'is_periodic': False, 'domain': 'Reals'}}",manual_rich
MCM_231_27b1eeea,"{'a': 2, 'b': 3, 'c': 1}","{'points': [{'x': -3.0, 'y': -0.8809}, {'x': -2.75, 'y': 0.9235}, {'x': -2.5, 'y': 0.0552}, {'x': -2.25, 'y': -0.064}, {'x': -2.0, 'y': -0.9419}, {'x': -1.75, 'y': 0.4512}, {'x': -1.5, 'y': -0.951}, {'x': -1.25, 'y': 0.071}, {'x': -1.0, 'y': 0.5006}, {'x': -0.75, 'y': 0.62}, {'x': -0.5, 'y': 0.6285}, {'x': -0.25, 'y': 0.5986}, {'x': 0.0, 'y': 0.5806}, {'x': 0.25, 'y': 0.5986}, {'x': 0.5, 'y': 0.6285}, {'x': 0.75, 'y': 0.62}, {'x': 1.0, 'y': 0.5006}, {'x': 1.25, 'y': 0.071}, {'x': 1.5, 'y': -0.951}, {'x': 1.75, 'y': 0.4512}, {'x': 2.0, 'y': -0.9419}, {'x': 2.25, 'y': -0.064}, {'x': 2.5, 'y': 0.0552}, {'x': 2.75, 'y': 0.9235}, {'x': 3.0, 'y': -0.8809}]}","{'formula': 'cos(gamma(x**2 + 1.1))', 'latex': '\\cos{\\left(\\Gamma\\left(x^{2} + 1.1\\right) \\right)}', 'properties': {'singularities': [], 'is_periodic': False, 'domain': 'Reals'}}",manual_rich
MCM_231_7447b51e,"{'a': 2, 'b': 3, 'c': 1}","{'points': [{'x': -3.0, 'y': 0.3326}, {'x': -2.75, 'y': 0.4132}, {'x': -2.5, 'y': 0.4769}, {'x': -2.25, 'y': 0.5213}, {'x': -2.0, 'y': 0.5453}, {'x': -1.75, 'y': 0.5482}, {'x': -1.5, 'y': 0.5294}, {'x': -1.25, 'y': 0.4887}, {'x': -1.0, 'y': 0.426}, {'x': -0.75, 'y': 0.3422}, {'x': -0.5, 'y': 0.2399}, {'x': -0.25, 'y': 0.1237}, {'x': 0.0, 'y': 0.0}, {'x': 0.25, 'y': 0.1237}, {'x': 0.5, 'y': 0.2399}, {'x': 0.75, 'y': 0.3422}, {'x': 1.0, 'y': 0.426}, {'x': 1.25, 'y': 0.4887}, {'x': 1.5, 'y': 0.5294}, {'x': 1.75, 'y': 0.5482}, {'x': 2.0, 'y': 0.5453}, {'x': 2.25, 'y': 0.5213}, {'x': 2.5, 'y': 0.4769}, {'x': 2.75, 'y': 0.4132}, {'x': 3.0, 'y': 0.3326}]}","{'formula': 'sin(besselj(1, Abs(x)))', 'latex': '\\sin{\\left(J_{1}\\left(\\left|{x}\\right|\\right) \\right)}', 'properties': {'singularities': [], 'is_periodic': True, 'domain': 'Reals', 'period_value': '0'}}",manual_rich
MCM_231_e0f8c93c,"{'a': 2, 'b': 3, 'c': 1}","{'points': [{'x': -3.0, 'y': 0.9431}, {'x': -2.75, 'y': 0.9106}, {'x': -2.5, 'y': 0.879}, {'x': -2.25, 'y': 0.8534}, {'x': -2.0, 'y': 0.8383}, {'x': -1.75, 'y': 0.8364}, {'x': -1.5, 'y': 0.8483}, {'x': -1.25, 'y': 0.8724}, {'x': -1.0, 'y': 0.9047}, {'x': -0.75, 'y': 0.9396}, {'x': -0.5, 'y': 0.9708}, {'x': -0.25, 'y': 0.9923}, {'x': 0.0, 'y': 1.0}, {'x': 0.25, 'y': 0.9923}, {'x': 0.5, 'y': 0.9708}, {'x': 0.75, 'y': 0.9396}, {'x': 1.0, 'y': 0.9047}, {'x': 1.25, 'y': 0.8724}, {'x': 1.5, 'y': 0.8483}, {'x': 1.75, 'y': 0.8364}, {'x': 2.0, 'y': 0.8383}, {'x': 2.25, 'y': 0.8534}, {'x': 2.5, 'y': 0.879}, {'x': 2.75, 'y': 0.9106}, {'x': 3.0, 'y': 0.9431}]}","{'formula': 'cos(besselj(1, Abs(x)))', 'latex': '\\cos{\\left(J_{1}\\left(\\left|{x}\\right|\\right) \\right)}', 'properties': {'singularities': [], 'is_periodic': True, 'domain': 'Reals', 'period_value': '0'}}",manual_rich
MCM_231_47e62971,"{'a': 2, 'b': 3, 'c': 1}","{'points': [{'x': -3.0, 'y': 0.5403}, {'x': -2.75, 'y': 0.5403}, {'x': -2.5, 'y': 0.5403}, {'x': -2.25, 'y': 0.5403}, {'x': -2.0, 'y': 0.5403}, {'x': -1.75, 'y': 0.5403}, {'x': -1.5, 'y': 0.5415}, {'x': -1.25, 'y': 0.5629}, {'x': -1.0, 'y': 0.6654}, {'x': -0.75, 'y': 0.8399}, {'x': -0.5, 'y': 0.9621}, {'x': -0.25, 'y': 0.9975}, {'x': 0.0, 'y': 1.0}, {'x': 0.25, 'y': 0.9975}, {'x': 0.5, 'y': 0.9621}, {'x': 0.75, 'y': 0.8399}, {'x': 1.0, 'y': 0.6654}, {'x': 1.25, 'y': 0.5629}, {'x': 1.5, 'y': 0.5415}, {'x': 1.75, 'y': 0.5403}, {'x': 2.0, 'y': 0.5403}, {'x': 2.25, 'y': 0.5403}, {'x': 2.5, 'y': 0.5403}, {'x': 2.75, 'y': 0.5403}, {'x': 3.0, 'y': 0.5403}]}","{'formula': 'cos(erf(x**2))', 'latex': '\\cos{\\left(\\operatorname{erf}{\\left(x^{2} \\right)} \\right)}', 'properties': {'singularities': [], 'is_periodic': False, 'domain': 'Reals'}}",manual_rich
MCM_232_6d25d42e,"{'a': 2, 'b': 3, 'c': 2}","{'points': [{'x': -3.0, 'y': 0.3226}, {'x': -2.75, 'y': 0.3509}, {'x': -2.5, 'y': 0.3846}, {'x': -2.25, 'y': 0.4255}, {'x': -2.0, 'y': 0.4762}, {'x': -1.75, 'y': 0.5405}, {'x': -1.5, 'y': 0.625}, {'x': -1.25, 'y': 0.7365}, {'x': -1.0, 'y': 0.7661}, {'x': -0.75, 'y': 0.5285}, {'x': -0.5, 'y': 0.2339}, {'x': -0.25, 'y': 0.0504}, {'x': 0.0, 'y': 0.0}, {'x': 0.25, 'y': 0.1175}, {'x': 0.5, 'y': 0.3508}, {'x': 0.75, 'y': 0.6911}, {'x': 1.0, 'y': 0.9363}, {'x': 1.25, 'y': 0.8646}, {'x': 1.5, 'y': 0.7143}, {'x': 1.75, 'y': 0.6061}, {'x': 2.0, 'y': 0.5263}, {'x': 2.25, 'y': 0.4651}, {'x': 2.5, 'y': 0.4167}, {'x': 2.75, 'y': 0.3774}, {'x': 3.0, 'y': 0.3448}]}","{'formula': 'erf(x**3)/(x - 0.1)', 'latex': '\\frac{\\operatorname{erf}{\\left(x^{3} \\right)}}{x - 0.1}', 'properties': {'singularities': [], 'is_periodic': False, 'domain': 'Reals'}}",manual
MCM_232_4f5820ba,"{'a': 2, 'b': 3, 'c': 2}","{'points': [{'x': -3.0, 'y': 0.022}, {'x': -2.75, 'y': -0.0132}, {'x': -2.5, 'y': 0.0832}, {'x': -2.25, 'y': -0.1904}, {'x': -2.0, 'y': -0.3226}, {'x': -1.75, 'y': -0.3013}, {'x': -1.5, 'y': -0.2722}, {'x': -1.25, 'y': -0.2915}, {'x': -1.0, 'y': -0.3644}, {'x': -0.75, 'y': -0.4758}, {'x': -0.5, 'y': -0.6032}, {'x': -0.25, 'y': -0.7385}, {'x': 0.0, 'y': -0.9091}, {'x': 0.25, 'y': -1.1707}, {'x': 0.5, 'y': -1.5078}, {'x': 0.75, 'y': -1.3872}, {'x': 1.0, 'y': 2.6005}, {'x': 1.25, 'y': -1.0113}, {'x': 1.5, 'y': 0.4995}, {'x': 1.75, 'y': -0.1096}, {'x': 2.0, 'y': -0.1943}, {'x': 2.25, 'y': -0.0448}, {'x': 2.5, 'y': -0.0634}, {'x': 2.75, 'y': -0.0677}, {'x': 3.0, 'y': 0.061}]}","{'formula': 'besselj(0, x**2*Abs(x + 2))/(x - 1.1)', 'latex': '\\frac{J_{0}\\left(x^{2} \\left|{x + 2}\\right|\\right)}{x - 1.1}', 'properties': {'singularities': [], 'is_periodic': False, 'domain': 'Reals'}}",manual
MCM_232_7de47d35,"{'a': 2, 'b': 3, 'c': 2}","{'points': [{'x': -3.0, 'y': -0.106}, {'x': -2.75, 'y': -0.1444}, {'x': -2.5, 'y': -0.1841}, {'x': -2.25, 'y': -0.2238}, {'x': -2.0, 'y': -0.2621}, {'x': -1.75, 'y': -0.2975}, {'x': -1.5, 'y': -0.3282}, {'x': -1.25, 'y': -0.3522}, {'x': -1.0, 'y': -0.3667}, {'x': -0.75, 'y': -0.3676}, {'x': -0.5, 'y': -0.3461}, {'x': -0.25, 'y': -0.2756}, {'x': 0.0, 'y': 0.0}, {'x': 0.25, 'y': 2.4805}, {'x': 0.5, 'y': 0.8076}, {'x': 0.75, 'y': 0.635}, {'x': 1.0, 'y': 0.5501}, {'x': 1.25, 'y': 0.4863}, {'x': 1.5, 'y': 0.4292}, {'x': 1.75, 'y': 0.3743}, {'x': 2.0, 'y': 0.3204}, {'x': 2.25, 'y': 0.2675}, {'x': 2.5, 'y': 0.2161}, {'x': 2.75, 'y': 0.167}, {'x': 3.0, 'y': 0.1211}]}","{'formula': 'besselj(1, Abs(x))/(x - 0.2)', 'latex': '\\frac{J_{1}\\left(\\left|{x}\\right|\\right)}{x - 0.2}', 'properties': {'singularities': [], 'is_periodic': False, 'domain': 'Reals'}}",manual_rich
MCM_232_7168419b,"{'a': 2, 'b': 3, 'c': 2}","{'points': [{'x': -3.0, 'y': -0.3509}, {'x': -2.75, 'y': -0.3846}, {'x': -2.5, 'y': -0.4255}, {'x': -2.25, 'y': -0.4762}, {'x': -2.0, 'y': -0.5405}, {'x': -1.75, 'y': -0.625}, {'x': -1.5, 'y': -0.7397}, {'x': -1.25, 'y': -0.8844}, {'x': -1.0, 'y': -0.9914}, {'x': -0.75, 'y': -0.9561}, {'x': -0.5, 'y': -0.7895}, {'x': -0.25, 'y': -0.7043}, {'x': 0.0, 'y': 0.0}, {'x': 0.25, 'y': 0.1761}, {'x': 0.5, 'y': 0.4251}, {'x': 0.75, 'y': 0.6374}, {'x': 1.0, 'y': 0.7328}, {'x': 1.25, 'y': 0.6949}, {'x': 1.5, 'y': 0.6052}, {'x': 1.75, 'y': 0.5263}, {'x': 2.0, 'y': 0.4651}, {'x': 2.25, 'y': 0.4167}, {'x': 2.5, 'y': 0.3774}, {'x': 2.75, 'y': 0.3448}, {'x': 3.0, 'y': 0.3175}]}","{'formula': 'erf(x**2)/(x + 0.15)', 'latex': '\\frac{\\operatorname{erf}{\\left(x^{2} \\right)}}{x + 0.15}', 'properties': {'singularities': [], 'is_periodic': False, 'domain': 'Reals'}}",manual_rich
MCM_233_79c98b52,"{'a': 2, 'b': 3, 'c': 3}","{'points': [{'x': -3.0, 'y': 243.0}, {'x': -2.75, 'y': 157.2764}, {'x': -2.5, 'y': 97.6562}, {'x': -2.25, 'y': 57.665}, {'x': -2.0, 'y': 32.0}, {'x': -1.75, 'y': 16.4131}, {'x': -1.5, 'y': 7.5937}, {'x': -1.25, 'y': 3.0342}, {'x': -1.0, 'y': 0.8427}, {'x': -0.75, 'y': 0.1066}, {'x': -0.5, 'y': 0.0044}, {'x': -0.25, 'y': 0.0}, {'x': 0.0, 'y': 0.0}, {'x': 0.25, 'y': 0.0}, {'x': 0.5, 'y': 0.0044}, {'x': 0.75, 'y': 0.1066}, {'x': 1.0, 'y': 0.8427}, {'x': 1.25, 'y': 3.0342}, {'x': 1.5, 'y': 7.5937}, {'x': 1.75, 'y': 16.4131}, {'x': 2.0, 'y': 32.0}, {'x': 2.25, 'y': 57.665}, {'x': 2.5, 'y': 97.6562}, {'x': 2.75, 'y': 157.2764}, {'x': 3.0, 'y': 243.0}]}","{'formula': 'x**5*erf(x**3)', 'latex': 'x^{5} \\operatorname{erf}{\\left(x^{3} \\right)}', 'properties': {'singularities': [], 'is_periodic': False, 'domain': 'Reals'}}",manual
MCM_233_a325c07c,"{'a': 2, 'b': 3, 'c': 3}","{'points': [{'x': -3.0, 'y': -242.2137}, {'x': -2.75, 'y': -156.5341}, {'x': -2.5, 'y': -96.7698}, {'x': -2.25, 'y': -56.709}, {'x': -2.0, 'y': -31.0}, {'x': -1.75, 'y': -15.4282}, {'x': -1.5, 'y': -6.6277}, {'x': -1.25, 'y': -2.0889}, {'x': -1.0, 'y': -0.0264}, {'x': -0.75, 'y': 0.75}, {'x': -0.5, 'y': 0.9652}, {'x': -0.25, 'y': 0.9987}, {'x': 0.0, 'y': 1.0}, {'x': 0.25, 'y': 1.0005}, {'x': 0.5, 'y': 1.0213}, {'x': 0.75, 'y': 1.1676}, {'x': 1.0, 'y': 1.874}, {'x': 1.25, 'y': 3.8799}, {'x': 1.5, 'y': 8.445}, {'x': 1.75, 'y': 17.1809}, {'x': 2.0, 'y': 32.84}, {'x': 2.25, 'y': 58.4084}, {'x': 2.5, 'y': 98.4412}, {'x': 2.75, 'y': 158.0795}, {'x': 3.0, 'y': 243.8061}]}","{'formula': 'x**5 + Abs(besselj(0, x**2*Abs(x + 2)))**0.1', 'latex': 'x^{5} + \\left|{J_{0}\\left(x^{2} \\left|{x + 2}\\right|\\right)}\\right|^{0.1}', 'properties': {'singularities': [], 'is_periodic': False, 'domain': 'Reals'}}",manual
MCM_233_8948fe0f,"{'a': 2, 'b': 3, 'c': 3}","{'points': [{'x': -3.0, 'y': -0.1165}, {'x': -2.75, 'y': -0.1598}, {'x': -2.5, 'y': -0.2052}, {'x': -2.25, 'y': -0.2514}, {'x': -2.0, 'y': -0.2968}, {'x': -1.75, 'y': -0.3394}, {'x': -1.5, 'y': -0.3765}, {'x': -1.25, 'y': -0.4029}, {'x': -1.0, 'y': -0.4063}, {'x': -0.75, 'y': -0.3476}, {'x': -0.5, 'y': -0.068}, {'x': -0.25, 'y': 0.0675}, {'x': 0.0, 'y': 0.0}, {'x': 0.25, 'y': 0.0742}, {'x': 0.5, 'y': 0.2421}, {'x': 0.75, 'y': 0.313}, {'x': 1.0, 'y': 0.3362}, {'x': 1.25, 'y': 0.3345}, {'x': 1.5, 'y': 0.3178}, {'x': 1.75, 'y': 0.2914}, {'x': 2.0, 'y': 0.2587}, {'x': 2.25, 'y': 0.2219}, {'x': 2.5, 'y': 0.1832}, {'x': 2.75, 'y': 0.144}, {'x': 3.0, 'y': 0.1058}]}","{'formula': 'sin(1/(x + 0.15))*besselj(1, Abs(x))', 'latex': '\\sin{\\left(\\frac{1}{x + 0.15} \\right)} J_{1}\\left(\\left|{x}\\right|\\right)', 'properties': {'singularities': [], 'is_periodic': False, 'domain': 'Reals'}}",manual_rich
MCM_233_8d37d00d,"{'a': 2, 'b': 3, 'c': 3}","{'points': [{'x': -3.0, 'y': 2.3099}, {'x': -2.75, 'y': 2.1238}, {'x': -2.5, 'y': 1.8477}, {'x': -2.25, 'y': 1.5504}, {'x': -2.0, 'y': 1.2674}, {'x': -1.75, 'y': 1.0149}, {'x': -1.5, 'y': 0.7976}, {'x': -1.25, 'y': 0.6143}, {'x': -1.0, 'y': 0.4605}, {'x': -0.75, 'y': 0.3302}, {'x': -0.5, 'y': 0.2165}, {'x': -0.25, 'y': 0.1105}, {'x': 0.0, 'y': 0.0}, {'x': 0.25, 'y': 0.1105}, {'x': 0.5, 'y': 0.2165}, {'x': 0.75, 'y': 0.3302}, {'x': 1.0, 'y': 0.4605}, {'x': 1.25, 'y': 0.6143}, {'x': 1.5, 'y': 0.7976}, {'x': 1.75, 'y': 1.0149}, {'x': 2.0, 'y': 1.2674}, {'x': 2.25, 'y': 1.5504}, {'x': 2.5, 'y': 1.8477}, {'x': 2.75, 'y': 2.1238}, {'x': 3.0, 'y': 2.3099}]}","{'formula': 'besselj(1, Abs(x))*gamma(Abs(x) + 1.1)', 'latex': 'J_{1}\\left(\\left|{x}\\right|\\right) \\Gamma\\left(\\left|{x}\\right| + 1.1\\right)', 'properties': {'singularities': [], 'is_periodic': False, 'domain': 'Reals'}}",manual_rich
MCM_233_a8d3056c,"{'a': 2, 'b': 3, 'c': 3}","{'points': [{'x': -3.0, 'y': -0.362}, {'x': -2.75, 'y': -0.3969}, {'x': -2.5, 'y': -0.4391}, {'x': -2.25, 'y': -0.4906}, {'x': -2.0, 'y': -0.5549}, {'x': -1.75, 'y': -0.6363}, {'x': -1.5, 'y': -0.7391}, {'x': -1.25, 'y': -0.8452}, {'x': -1.0, 'y': -0.8342}, {'x': -0.75, 'y': -0.4562}, {'x': -0.5, 'y': 0.265}, {'x': -0.25, 'y': 0.0643}, {'x': 0.0, 'y': 0.0}, {'x': 0.25, 'y': 0.0683}, {'x': 0.5, 'y': 0.2622}, {'x': 0.75, 'y': 0.4674}, {'x': 1.0, 'y': 0.5862}, {'x': 1.25, 'y': 0.585}, {'x': 1.5, 'y': 0.5266}, {'x': 1.75, 'y': 0.4687}, {'x': 2.0, 'y': 0.4212}, {'x': 2.25, 'y': 0.3822}, {'x': 2.5, 'y': 0.3496}, {'x': 2.75, 'y': 0.322}, {'x': 3.0, 'y': 0.2984}]}","{'formula': 'sin(1/(x + 0.3))*erf(x**2)', 'latex': '\\sin{\\left(\\frac{1}{x + 0.3} \\right)} \\operatorname{erf}{\\left(x^{2} \\right)}', 'properties': {'singularities': [], 'is_periodic': False, 'domain': 'Reals'}}",manual_rich
MCM_233_1d13d48b,"{'a': 2, 'b': 3, 'c': 3}","{'points': [{'x': -3.0, 'y': 6.8126}, {'x': -2.75, 'y': 4.9857}, {'x': -2.5, 'y': 3.717}, {'x': -2.25, 'y': 2.8272}, {'x': -2.0, 'y': 2.1976}, {'x': -1.75, 'y': 1.7494}, {'x': -1.5, 'y': 1.4275}, {'x': -1.25, 'y': 1.1704}, {'x': -1.0, 'y': 0.8819}, {'x': -0.75, 'y': 0.5425}, {'x': -0.5, 'y': 0.2469}, {'x': -0.25, 'y': 0.0628}, {'x': 0.0, 'y': 0.0}, {'x': 0.25, 'y': 0.0628}, {'x': 0.5, 'y': 0.2469}, {'x': 0.75, 'y': 0.5425}, {'x': 1.0, 'y': 0.8819}, {'x': 1.25, 'y': 1.1704}, {'x': 1.5, 'y': 1.4275}, {'x': 1.75, 'y': 1.7494}, {'x': 2.0, 'y': 2.1976}, {'x': 2.25, 'y': 2.8272}, {'x': 2.5, 'y': 3.717}, {'x': 2.75, 'y': 4.9857}, {'x': 3.0, 'y': 6.8126}]}","{'formula': 'erf(x**2)*gamma(Abs(x) + 1.1)', 'latex': '\\operatorname{erf}{\\left(x^{2} \\right)} \\Gamma\\left(\\left|{x}\\right| + 1.1\\right)', 'properties': {'singularities': [], 'is_periodic': False, 'domain': 'Reals'}}",manual_rich
MCM_300_3c983779,"{'a': 3, 'b': 0, 'c': 0}","{'points': [{'x': -3.0, 'y': 81.0}, {'x': -2.75, 'y': 57.1914}, {'x': -2.5, 'y': 39.0625}, {'x': -2.25, 'y': 25.6289}, {'x': -2.0, 'y': 16.0}, {'x': -1.75, 'y': 9.3789}, {'x': -1.5, 'y': 5.0625}, {'x': -1.25, 'y': 2.4414}, {'x': -1.0, 'y': 1.0}, {'x': -0.75, 'y': 0.3164}, {'x': -0.5, 'y': 0.0625}, {'x': -0.25, 'y': 0.0039}, {'x': 0.0, 'y': 0.0}, {'x': 0.25, 'y': 0.0039}, {'x': 0.5, 'y': 0.0625}, {'x': 0.75, 'y': 0.3164}, {'x': 1.0, 'y': 1.0}, {'x': 1.25, 'y': 2.4414}, {'x': 1.5, 'y': 5.0625}, {'x': 1.75, 'y': 9.3789}, {'x': 2.0, 'y': 16.0}, {'x': 2.25, 'y': 25.6289}, {'x': 2.5, 'y': 39.0625}, {'x': 2.75, 'y': 57.1914}, {'x': 3.0, 'y': 81.0}]}","{'formula': 'x**4', 'latex': 'x^{4}', 'properties': {'singularities': [], 'is_periodic': False, 'domain': 'Reals'}}",manual
MCM_300_9bfe4eef,"{'a': 3, 'b': 0, 'c': 0}","{'points': [{'x': -3.0, 'y': -63.0}, {'x': -2.75, 'y': -42.0664}, {'x': -2.5, 'y': -26.5625}, {'x': -2.25, 'y': -15.5039}, {'x': -2.0, 'y': -8.0}, {'x': -1.75, 'y': -3.2539}, {'x': -1.5, 'y': -0.5625}, {'x': -1.25, 'y': 0.6836}, {'x': -1.0, 'y': 1.0}, {'x': -0.75, 'y': 0.8086}, {'x': -0.5, 'y': 0.4375}, {'x': -0.25, 'y': 0.1211}, {'x': 0.0, 'y': 0.0}, {'x': 0.25, 'y': 0.1211}, {'x': 0.5, 'y': 0.4375}, {'x': 0.75, 'y': 0.8086}, {'x': 1.0, 'y': 1.0}, {'x': 1.25, 'y': 0.6836}, {'x': 1.5, 'y': -0.5625}, {'x': 1.75, 'y': -3.2539}, {'x': 2.0, 'y': -8.0}, {'x': 2.25, 'y': -15.5039}, {'x': 2.5, 'y': -26.5625}, {'x': 2.75, 'y': -42.0664}, {'x': 3.0, 'y': -63.0}]}","{'formula': 'x**2*(2 - x**2)', 'latex': 'x^{2} \\left(2 - x^{2}\\right)', 'properties': {'singularities': [], 'is_periodic': False, 'domain': 'Reals'}}",manual
MCM_300_86625ae2,"{'a': 3, 'b': 0, 'c': 0}","{'points': [{'x': -3.0, 'y': 108.0}, {'x': -2.75, 'y': 72.7891}, {'x': -2.5, 'y': 46.875}, {'x': -2.25, 'y': 28.4766}, {'x': -2.0, 'y': 16.0}, {'x': -1.75, 'y': 8.0391}, {'x': -1.5, 'y': 3.375}, {'x': -1.25, 'y': 0.9766}, {'x': -1.0, 'y': 0.0}, {'x': -0.75, 'y': -0.2109}, {'x': -0.5, 'y': -0.125}, {'x': -0.25, 'y': -0.0234}, {'x': 0.0, 'y': 0.0}, {'x': 0.25, 'y': 0.0391}, {'x': 0.5, 'y': 0.375}, {'x': 0.75, 'y': 1.4766}, {'x': 1.0, 'y': 4.0}, {'x': 1.25, 'y': 8.7891}, {'x': 1.5, 'y': 16.875}, {'x': 1.75, 'y': 29.4766}, {'x': 2.0, 'y': 48.0}, {'x': 2.25, 'y': 74.0391}, {'x': 2.5, 'y': 109.375}, {'x': 2.75, 'y': 155.9766}, {'x': 3.0, 'y': 216.0}]}","{'formula': '2*x**3*(x + 1)', 'latex': '2 x^{3} \\left(x + 1\\right)', 'properties': {'singularities': [], 'is_periodic': False, 'domain': 'Reals'}}",manual
MCM_300_2ab121a2,"{'a': 3, 'b': 0, 'c': 0}","{'points': [{'x': -3.0, 'y': 25.0}, {'x': -2.75, 'y': 16.5039}, {'x': -2.5, 'y': 10.5625}, {'x': -2.25, 'y': 6.5664}, {'x': -2.0, 'y': 4.0}, {'x': -1.75, 'y': 2.4414}, {'x': -1.5, 'y': 1.5625}, {'x': -1.25, 'y': 1.1289}, {'x': -1.0, 'y': 1.0}, {'x': -0.75, 'y': 1.1289}, {'x': -0.5, 'y': 1.5625}, {'x': -0.25, 'y': 2.4414}, {'x': 0.0, 'y': 4.0}, {'x': 0.25, 'y': 6.5664}, {'x': 0.5, 'y': 10.5625}, {'x': 0.75, 'y': 16.5039}, {'x': 1.0, 'y': 25.0}, {'x': 1.25, 'y': 36.7539}, {'x': 1.5, 'y': 52.5625}, {'x': 1.75, 'y': 73.3164}, {'x': 2.0, 'y': 100.0}, {'x': 2.25, 'y': 133.6914}, {'x': 2.5, 'y': 175.5625}, {'x': 2.75, 'y': 226.8789}, {'x': 3.0, 'y': 289.0}]}","{'formula': '((x + 1)**2 + 1)**2', 'latex': '\\left(\\left(x + 1\\right)^{2} + 1\\right)^{2}', 'properties': {'singularities': [], 'is_periodic': False, 'domain': 'Reals'}}",manual_rich
MCM_300_03e9ea36,"{'a': 3, 'b': 0, 'c': 0}","{'points': [{'x': -3.0, 'y': 614.125}, {'x': -2.75, 'y': 352.2698}, {'x': -2.5, 'y': 190.1094}, {'x': -2.25, 'y': 94.9749}, {'x': -2.0, 'y': 42.875}, {'x': -1.75, 'y': 16.8264}, {'x': -1.5, 'y': 5.3594}, {'x': -1.25, 'y': 1.1995}, {'x': -1.0, 'y': 0.125}, {'x': -0.75, 'y': 0.0002}, {'x': -0.5, 'y': -0.0156}, {'x': -0.25, 'y': -0.0837}, {'x': 0.0, 'y': -0.125}, {'x': 0.25, 'y': -0.0837}, {'x': 0.5, 'y': -0.0156}, {'x': 0.75, 'y': 0.0002}, {'x': 1.0, 'y': 0.125}, {'x': 1.25, 'y': 1.1995}, {'x': 1.5, 'y': 5.3594}, {'x': 1.75, 'y': 16.8264}, {'x': 2.0, 'y': 42.875}, {'x': 2.25, 'y': 94.9749}, {'x': 2.5, 'y': 190.1094}, {'x': 2.75, 'y': 352.2698}, {'x': 3.0, 'y': 614.125}]}","{'formula': '(x**2 - 0.5)**3', 'latex': '\\left(x^{2} - 0.5\\right)^{3}', 'properties': {'singularities': [], 'is_periodic': False, 'domain': 'Reals'}}",manual_rich
MCM_301_6ad48d12,"{'a': 3, 'b': 0, 'c': 1}","{'points': [{'x': -3.0, 'y': -0.6299}, {'x': -2.75, 'y': 0.5994}, {'x': -2.5, 'y': 0.9786}, {'x': -2.25, 'y': 0.4761}, {'x': -2.0, 'y': -0.2879}, {'x': -1.75, 'y': 0.0459}, {'x': -1.5, 'y': -0.9393}, {'x': -1.25, 'y': 0.6444}, {'x': -1.0, 'y': 0.8415}, {'x': -0.75, 'y': 0.3112}, {'x': -0.5, 'y': 0.0625}, {'x': -0.25, 'y': 0.0039}, {'x': 0.0, 'y': 0.0}, {'x': 0.25, 'y': 0.0039}, {'x': 0.5, 'y': 0.0625}, {'x': 0.75, 'y': 0.3112}, {'x': 1.0, 'y': 0.8415}, {'x': 1.25, 'y': 0.6444}, {'x': 1.5, 'y': -0.9393}, {'x': 1.75, 'y': 0.0459}, {'x': 2.0, 'y': -0.2879}, {'x': 2.25, 'y': 0.4761}, {'x': 2.5, 'y': 0.9786}, {'x': 2.75, 'y': 0.5994}, {'x': 3.0, 'y': -0.6299}]}","{'formula': 'sin(x**4)', 'latex': '\\sin{\\left(x^{4} \\right)}', 'properties': {'singularities': [], 'is_periodic': False, 'domain': 'Reals'}}",manual
MCM_301_9c11c1b8,"{'a': 3, 'b': 0, 'c': 1}","{'points': [{'x': -3.0, 'y': 0.9859}, {'x': -2.75, 'y': -0.3383}, {'x': -2.5, 'y': 0.1406}, {'x': -2.25, 'y': -0.9793}, {'x': -2.0, 'y': -0.1455}, {'x': -1.75, 'y': -0.9937}, {'x': -1.5, 'y': 0.8459}, {'x': -1.25, 'y': 0.7753}, {'x': -1.0, 'y': 0.5403}, {'x': -0.75, 'y': 0.6905}, {'x': -0.5, 'y': 0.9058}, {'x': -0.25, 'y': 0.9927}, {'x': 0.0, 'y': 1.0}, {'x': 0.25, 'y': 0.9927}, {'x': 0.5, 'y': 0.9058}, {'x': 0.75, 'y': 0.6905}, {'x': 1.0, 'y': 0.5403}, {'x': 1.25, 'y': 0.7753}, {'x': 1.5, 'y': 0.8459}, {'x': 1.75, 'y': -0.9937}, {'x': 2.0, 'y': -0.1455}, {'x': 2.25, 'y': -0.9793}, {'x': 2.5, 'y': 0.1406}, {'x': 2.75, 'y': -0.3383}, {'x': 3.0, 'y': 0.9859}]}","{'formula': 'cos(x**2*(x**2 - 2))', 'latex': '\\cos{\\left(x^{2} \\left(x^{2} - 2\\right) \\right)}', 'properties': {'singularities': [], 'is_periodic': False, 'domain': 'Reals'}}",manual
MCM_301_e10e1321,"{'a': 3, 'b': 0, 'c': 1}","{'points': [{'x': -3.0, 'y': -0.5064}, {'x': -2.75, 'y': -0.8722}, {'x': -2.5, 'y': 0.7477}, {'x': -2.25, 'y': -0.8106}, {'x': -2.0, 'y': -0.1324}, {'x': -1.75, 'y': -0.7145}, {'x': -1.5, 'y': -0.9077}, {'x': -1.25, 'y': 0.2794}, {'x': -1.0, 'y': -0.7568}, {'x': -0.75, 'y': 0.6444}, {'x': -0.5, 'y': 1.0}, {'x': -0.25, 'y': 0.9039}, {'x': 0.0, 'y': 0.8415}, {'x': 0.25, 'y': 0.9039}, {'x': 0.5, 'y': 1.0}, {'x': 0.75, 'y': 0.6444}, {'x': 1.0, 'y': -0.7568}, {'x': 1.25, 'y': 0.2794}, {'x': 1.5, 'y': -0.9077}, {'x': 1.75, 'y': -0.7145}, {'x': 2.0, 'y': -0.1324}, {'x': 2.25, 'y': -0.8106}, {'x': 2.5, 'y': 0.7477}, {'x': 2.75, 'y': -0.8722}, {'x': 3.0, 'y': -0.5064}]}","{'formula': 'sin((x**2 + 1)**2)', 'latex': '\\sin{\\left(\\left(x^{2} + 1\\right)^{2} \\right)}', 'properties': {'singularities': [], 'is_periodic': False, 'domain': 'Reals'}}",manual
MCM_301_8ebff833,"{'a': 3, 'b': 0, 'c': 1}","{'points': [{'x': -3.0, 'y': -0.1324}, {'x': -2.75, 'y': -0.7145}, {'x': -2.5, 'y': -0.9077}, {'x': -2.25, 'y': 0.2794}, {'x': -2.0, 'y': -0.7568}, {'x': -1.75, 'y': 0.6444}, {'x': -1.5, 'y': 1.0}, {'x': -1.25, 'y': 0.9039}, {'x': -1.0, 'y': 0.8415}, {'x': -0.75, 'y': 0.9039}, {'x': -0.5, 'y': 1.0}, {'x': -0.25, 'y': 0.6444}, {'x': 0.0, 'y': -0.7568}, {'x': 0.25, 'y': 0.2794}, {'x': 0.5, 'y': -0.9077}, {'x': 0.75, 'y': -0.7145}, {'x': 1.0, 'y': -0.1324}, {'x': 1.25, 'y': -0.8106}, {'x': 1.5, 'y': 0.7477}, {'x': 1.75, 'y': -0.8722}, {'x': 2.0, 'y': -0.5064}, {'x': 2.25, 'y': 0.9849}, {'x': 2.5, 'y': -0.3585}, {'x': 2.75, 'y': 0.6321}, {'x': 3.0, 'y': -0.0265}]}","{'formula': 'sin(((x + 1)**2 + 1)**2)', 'latex': '\\sin{\\left(\\left(\\left(x + 1\\right)^{2} + 1\\right)^{2} \\right)}', 'properties': {'singularities': [], 'is_periodic': False, 'domain': 'Reals'}}",manual_rich
MCM_301_59f81e5d,"{'a': 3, 'b': 0, 'c': 1}","{'points': [{'x': -3.0, 'y': 0.9912}, {'x': -2.75, 'y': -0.6996}, {'x': -2.5, 'y': -0.4197}, {'x': -2.25, 'y': 0.9602}, {'x': -2.0, 'y': -0.6536}, {'x': -1.75, 'y': -0.7647}, {'x': -1.5, 'y': 0.0083}, {'x': -1.25, 'y': 0.4276}, {'x': -1.0, 'y': 0.5403}, {'x': -0.75, 'y': 0.4276}, {'x': -0.5, 'y': 0.0083}, {'x': -0.25, 'y': -0.7647}, {'x': 0.0, 'y': -0.6536}, {'x': 0.25, 'y': 0.9602}, {'x': 0.5, 'y': -0.4197}, {'x': 0.75, 'y': -0.6996}, {'x': 1.0, 'y': 0.9912}, {'x': 1.25, 'y': 0.5856}, {'x': 1.5, 'y': -0.664}, {'x': 1.75, 'y': -0.4891}, {'x': 2.0, 'y': 0.8623}, {'x': 2.25, 'y': -0.1728}, {'x': 2.5, 'y': 0.9335}, {'x': 2.75, 'y': 0.7749}, {'x': 3.0, 'y': 0.9996}]}","{'formula': 'cos(((x + 1)**2 + 1)**2)', 'latex': '\\cos{\\left(\\left(\\left(x + 1\\right)^{2} + 1\\right)^{2} \\right)}', 'properties': {'singularities': [], 'is_periodic': False, 'domain': 'Reals'}}",manual_rich
MCM_301_32e2a197,"{'a': 3, 'b': 0, 'c': 1}","{'points': [{'x': -3.0, 'y': -0.9984}, {'x': -2.75, 'y': 0.3999}, {'x': -2.5, 'y': 0.9991}, {'x': -2.25, 'y': 0.6647}, {'x': -2.0, 'y': -0.8945}, {'x': -1.75, 'y': -0.8994}, {'x': -1.5, 'y': -0.7979}, {'x': -1.25, 'y': 0.9318}, {'x': -1.0, 'y': 0.1247}, {'x': -0.75, 'y': 0.0002}, {'x': -0.5, 'y': -0.0156}, {'x': -0.25, 'y': -0.0836}, {'x': 0.0, 'y': -0.1247}, {'x': 0.25, 'y': -0.0836}, {'x': 0.5, 'y': -0.0156}, {'x': 0.75, 'y': 0.0002}, {'x': 1.0, 'y': 0.1247}, {'x': 1.25, 'y': 0.9318}, {'x': 1.5, 'y': -0.7979}, {'x': 1.75, 'y': -0.8994}, {'x': 2.0, 'y': -0.8945}, {'x': 2.25, 'y': 0.6647}, {'x': 2.5, 'y': 0.9991}, {'x': 2.75, 'y': 0.3999}, {'x': 3.0, 'y': -0.9984}]}","{'formula': 'sin((x**2 - 0.5)**3)', 'latex': '\\sin{\\left(\\left(x^{2} - 0.5\\right)^{3} \\right)}', 'properties': {'singularities': [], 'is_periodic': False, 'domain': 'Reals'}}",manual_rich
MCM_301_4f024a18,"{'a': 3, 'b': 0, 'c': 1}","{'points': [{'x': -3.0, 'y': -0.0563}, {'x': -2.75, 'y': 0.9166}, {'x': -2.5, 'y': -0.043}, {'x': -2.25, 'y': 0.7471}, {'x': -2.0, 'y': 0.4471}, {'x': -1.75, 'y': -0.4371}, {'x': -1.5, 'y': 0.6028}, {'x': -1.25, 'y': 0.3629}, {'x': -1.0, 'y': 0.9922}, {'x': -0.75, 'y': 1.0}, {'x': -0.5, 'y': 0.9999}, {'x': -0.25, 'y': 0.9965}, {'x': 0.0, 'y': 0.9922}, {'x': 0.25, 'y': 0.9965}, {'x': 0.5, 'y': 0.9999}, {'x': 0.75, 'y': 1.0}, {'x': 1.0, 'y': 0.9922}, {'x': 1.25, 'y': 0.3629}, {'x': 1.5, 'y': 0.6028}, {'x': 1.75, 'y': -0.4371}, {'x': 2.0, 'y': 0.4471}, {'x': 2.25, 'y': 0.7471}, {'x': 2.5, 'y': -0.043}, {'x': 2.75, 'y': 0.9166}, {'x': 3.0, 'y': -0.0563}]}","{'formula': 'cos((x**2 - 0.5)**3)', 'latex': '\\cos{\\left(\\left(x^{2} - 0.5\\right)^{3} \\right)}', 'properties': {'singularities': [], 'is_periodic': False, 'domain': 'Reals'}}",manual_rich
MCM_302_38c4ee46,"{'a': 3, 'b': 0, 'c': 2}","{'points': [{'x': -3.0, 'y': -26.129}, {'x': -2.75, 'y': -20.0672}, {'x': -2.5, 'y': -15.024}, {'x': -2.25, 'y': -10.9059}, {'x': -2.0, 'y': -7.619}, {'x': -1.75, 'y': -5.0697}, {'x': -1.5, 'y': -3.1641}, {'x': -1.25, 'y': -1.8084}, {'x': -1.0, 'y': -0.9091}, {'x': -0.75, 'y': -0.3722}, {'x': -0.5, 'y': -0.1042}, {'x': -0.25, 'y': -0.0112}, {'x': 0.0, 'y': 0.0}, {'x': 0.25, 'y': 0.026}, {'x': 0.5, 'y': 0.1562}, {'x': 0.75, 'y': 0.4868}, {'x': 1.0, 'y': 1.1111}, {'x': 1.25, 'y': 2.123}, {'x': 1.5, 'y': 3.6161}, {'x': 1.75, 'y': 5.6842}, {'x': 2.0, 'y': 8.4211}, {'x': 2.25, 'y': 11.9204}, {'x': 2.5, 'y': 16.276}, {'x': 2.75, 'y': 21.5817}, {'x': 3.0, 'y': 27.931}]}","{'formula': 'x**4/(x - 0.1)', 'latex': '\\frac{x^{4}}{x - 0.1}', 'properties': {'singularities': [], 'is_periodic': False, 'domain': 'Union(Interval.open(-oo, 0.100000000000000), Interval.open(0.100000000000000, oo))'}}",manual
MCM_302_974c9d2d,"{'a': 3, 'b': 0, 'c': 2}","{'points': [{'x': -3.0, 'y': 22.5}, {'x': -2.75, 'y': 16.4966}, {'x': -2.5, 'y': 11.5489}, {'x': -2.25, 'y': 7.5629}, {'x': -2.0, 'y': 4.4444}, {'x': -1.75, 'y': 2.0993}, {'x': -1.5, 'y': 0.4327}, {'x': -1.25, 'y': -0.651}, {'x': -1.0, 'y': -1.25}, {'x': -0.75, 'y': -1.4702}, {'x': -0.5, 'y': -1.4583}, {'x': -0.25, 'y': -2.4219}, {'x': 0.0, 'y': 0.0}, {'x': 0.25, 'y': 0.2691}, {'x': 0.5, 'y': 0.625}, {'x': 0.75, 'y': 0.8512}, {'x': 1.0, 'y': 0.8333}, {'x': 1.25, 'y': 0.4714}, {'x': 1.5, 'y': -0.3309}, {'x': 1.75, 'y': -1.6687}, {'x': 2.0, 'y': -3.6364}, {'x': 2.25, 'y': -6.3281}, {'x': 2.5, 'y': -9.838}, {'x': 2.75, 'y': -14.2598}, {'x': 3.0, 'y': -19.6875}]}","{'formula': 'x**2*(2 - x**2)/(x + 0.2)', 'latex': '\\frac{x^{2} \\left(2 - x^{2}\\right)}{x + 0.2}', 'properties': {'singularities': [], 'is_periodic': False, 'domain': 'Union(Interval.open(-oo, -0.200000000000000), Interval.open(-0.200000000000000, oo))'}}",manual
MCM_302_8c2cd1f1,"{'a': 3, 'b': 0, 'c': 2}","{'points': [{'x': -3.0, 'y': -26.3415}, {'x': -2.75, 'y': -18.9062}, {'x': -2.5, 'y': -13.0208}, {'x': -2.25, 'y': -8.5005}, {'x': -2.0, 'y': -5.1613}, {'x': -1.75, 'y': -2.8207}, {'x': -1.5, 'y': -1.2981}, {'x': -1.25, 'y': -0.4156}, {'x': -1.0, 'y': 0.0}, {'x': -0.75, 'y': 0.114}, {'x': -0.5, 'y': 0.0781}, {'x': -0.25, 'y': 0.0174}, {'x': 0.0, 'y': 0.0}, {'x': 0.25, 'y': -0.046}, {'x': 0.5, 'y': -0.625}, {'x': 0.75, 'y': -4.2187}, {'x': 1.0, 'y': -40.0}, {'x': 1.25, 'y': 58.5938}, {'x': 1.5, 'y': 42.1875}, {'x': 1.75, 'y': 45.3486}, {'x': 2.0, 'y': 53.3333}, {'x': 2.25, 'y': 64.3818}, {'x': 2.5, 'y': 78.125}, {'x': 2.75, 'y': 94.5313}, {'x': 3.0, 'y': 113.6842}]}","{'formula': '2*x**3*(x + 1)/(x - 1.1)', 'latex': '\\frac{2 x^{3} \\left(x + 1\\right)}{x - 1.1}', 'properties': {'singularities': [], 'is_periodic': False, 'domain': 'Union(Interval.open(-oo, 1.10000000000000), Interval.open(1.10000000000000, oo))'}}",manual
MCM_302_f37c2e72,"{'a': 3, 'b': 0, 'c': 2}","{'points': [{'x': -3.0, 'y': -8.0645}, {'x': -2.75, 'y': -5.7908}, {'x': -2.5, 'y': -4.0625}, {'x': -2.25, 'y': -2.7942}, {'x': -2.0, 'y': -1.9048}, {'x': -1.75, 'y': -1.3197}, {'x': -1.5, 'y': -0.9766}, {'x': -1.25, 'y': -0.8362}, {'x': -1.0, 'y': -0.9091}, {'x': -0.75, 'y': -1.3281}, {'x': -0.5, 'y': -2.6042}, {'x': -0.25, 'y': -6.9754}, {'x': 0.0, 'y': -40.0}, {'x': 0.25, 'y': 43.776}, {'x': 0.5, 'y': 26.4062}, {'x': 0.75, 'y': 25.3906}, {'x': 1.0, 'y': 27.7778}, {'x': 1.25, 'y': 31.9599}, {'x': 1.5, 'y': 37.5446}, {'x': 1.75, 'y': 44.4342}, {'x': 2.0, 'y': 52.6316}, {'x': 2.25, 'y': 62.182}, {'x': 2.5, 'y': 73.151}, {'x': 2.75, 'y': 85.6147}, {'x': 3.0, 'y': 99.6552}]}","{'formula': '((x + 1)**2 + 1)**2/(x - 0.1)', 'latex': '\\frac{\\left(\\left(x + 1\\right)^{2} + 1\\right)^{2}}{x - 0.1}', 'properties': {'singularities': [], 'is_periodic': False, 'domain': 'Union(Interval.open(-oo, 0.100000000000000), Interval.open(0.100000000000000, oo))'}}",manual_rich
MCM_302_55196e8c,"{'a': 3, 'b': 0, 'c': 2}","{'points': [{'x': -3.0, 'y': -191.9141}, {'x': -2.75, 'y': -119.4135}, {'x': -2.5, 'y': -70.4109}, {'x': -2.25, 'y': -38.7652}, {'x': -2.0, 'y': -19.4886}, {'x': -1.75, 'y': -8.6289}, {'x': -1.5, 'y': -3.1526}, {'x': -1.25, 'y': -0.8272}, {'x': -1.0, 'y': -0.1042}, {'x': -0.75, 'y': -0.0003}, {'x': -0.5, 'y': 0.0223}, {'x': -0.25, 'y': 0.1861}, {'x': 0.0, 'y': 0.625}, {'x': 0.25, 'y': -1.6748}, {'x': 0.5, 'y': -0.0521}, {'x': 0.75, 'y': 0.0004}, {'x': 1.0, 'y': 0.1562}, {'x': 1.25, 'y': 1.1423}, {'x': 1.5, 'y': 4.1226}, {'x': 1.75, 'y': 10.8558}, {'x': 2.0, 'y': 23.8194}, {'x': 2.25, 'y': 46.3292}, {'x': 2.5, 'y': 82.6563}, {'x': 2.75, 'y': 138.145}, {'x': 3.0, 'y': 219.3304}]}","{'formula': '(x**2 - 0.5)**3/(x - 0.2)', 'latex': '\\frac{\\left(x^{2} - 0.5\\right)^{3}}{x - 0.2}', 'properties': {'singularities': [], 'is_periodic': False, 'domain': 'Union(Interval.open(-oo, 0.200000000000000), Interval.open(0.200000000000000, oo))'}}",manual_rich
MCM_303_fffc4d56,"{'a': 3, 'b': 0, 'c': 3}","{'points': [{'x': -3.0, 'y': -19683.0}, {'x': -2.75, 'y': -8994.8566}, {'x': -2.5, 'y': -3814.6973}, {'x': -2.25, 'y': -1477.8919}, {'x': -2.0, 'y': -512.0}, {'x': -1.75, 'y': -153.9368}, {'x': -1.5, 'y': -38.4434}, {'x': -1.25, 'y': -7.4506}, {'x': -1.0, 'y': -1.0}, {'x': -0.75, 'y': -0.0751}, {'x': -0.5, 'y': -0.002}, {'x': -0.25, 'y': -0.0}, {'x': 0.0, 'y': 0.0}, {'x': 0.25, 'y': 0.0}, {'x': 0.5, 'y': 0.002}, {'x': 0.75, 'y': 0.0751}, {'x': 1.0, 'y': 1.0}, {'x': 1.25, 'y': 7.4506}, {'x': 1.5, 'y': 38.4434}, {'x': 1.75, 'y': 153.9368}, {'x': 2.0, 'y': 512.0}, {'x': 2.25, 'y': 1477.8919}, {'x': 2.5, 'y': 3814.6973}, {'x': 2.75, 'y': 8994.8566}, {'x': 3.0, 'y': 19683.0}]}","{'formula': 'x**9', 'latex': 'x^{9}', 'properties': {'singularities': [], 'is_periodic': False, 'domain': 'Reals'}}",manual
MCM_303_6f2455e1,"{'a': 3, 'b': 0, 'c': 3}","{'points': [{'x': -3.0, 'y': -1265.3888}, {'x': -2.75, 'y': -658.0293}, {'x': -2.5, 'y': -323.5975}, {'x': -2.25, 'y': -147.097}, {'x': -2.0, 'y': -59.1124}, {'x': -1.75, 'y': -18.7249}, {'x': -1.5, 'y': -2.521}, {'x': -1.25, 'y': 2.386}, {'x': -1.0, 'y': 2.7183}, {'x': -0.75, 'y': 1.7118}, {'x': -0.5, 'y': 0.7213}, {'x': -0.25, 'y': 0.1555}, {'x': 0.0, 'y': 0.0}, {'x': 0.25, 'y': 0.1555}, {'x': 0.5, 'y': 0.7213}, {'x': 0.75, 'y': 1.7118}, {'x': 1.0, 'y': 2.7183}, {'x': 1.25, 'y': 2.386}, {'x': 1.5, 'y': -2.521}, {'x': 1.75, 'y': -18.7249}, {'x': 2.0, 'y': -59.1124}, {'x': 2.25, 'y': -147.097}, {'x': 2.5, 'y': -323.5975}, {'x': 2.75, 'y': -658.0293}, {'x': 3.0, 'y': -1265.3888}]}","{'formula': 'x**2*(2 - x**2)*exp(Abs(x))', 'latex': 'x^{2} \\left(2 - x^{2}\\right) e^{\\left|{x}\\right|}', 'properties': {'singularities': [], 'is_periodic': False, 'domain': 'Reals'}}",manual
MCM_303_cc67240f,"{'a': 3, 'b': 0, 'c': 3}","{'points': [{'x': -3.0, 'y': -241.4029}, {'x': -2.75, 'y': -155.741}, {'x': -2.5, 'y': -96.187}, {'x': -2.25, 'y': -56.2672}, {'x': -2.0, 'y': -30.6805}, {'x': -1.75, 'y': -15.1813}, {'x': -1.5, 'y': -6.4644}, {'x': -1.25, 'y': -2.0541}, {'x': -1.0, 'y': -1.0}, {'x': -0.75, 'y': 0.6186}, {'x': -0.5, 'y': 0.781}, {'x': -0.25, 'y': 0.6861}, {'x': 0.0, 'y': 0.0}, {'x': 0.25, 'y': 0.724}, {'x': 0.5, 'y': 0.9378}, {'x': 0.75, 'y': 1.277}, {'x': 1.0, 'y': 2.1487}, {'x': 1.25, 'y': 4.2945}, {'x': 1.5, 'y': 8.9203}, {'x': 1.75, 'y': 17.8157}, {'x': 2.0, 'y': 33.4727}, {'x': 2.25, 'y': 59.203}, {'x': 2.5, 'y': 99.2554}, {'x': 2.75, 'y': 158.9333}, {'x': 3.0, 'y': 244.7118}]}","{'formula': 'x**5 + 1.07177346253629*Abs(x**0.3*(x + 1)**0.1)', 'latex': 'x^{5} + 1.07177346253629 \\left|{x^{0.3} \\left(x + 1\\right)^{0.1}}\\right|', 'properties': {'singularities': [], 'is_periodic': False, 'domain': 'Interval(0, oo)'}}",manual
MCM_303_72b3687d,"{'a': 3, 'b': 0, 'c': 3}","{'points': [{'x': -3.0, 'y': -7.686}, {'x': -2.75, 'y': -5.488}, {'x': -2.5, 'y': -3.8232}, {'x': -2.25, 'y': -2.6064}, {'x': -2.0, 'y': -1.7562}, {'x': -1.75, 'y': -1.1978}, {'x': -1.5, 'y': -0.867}, {'x': -1.25, 'y': -0.7183}, {'x': -1.0, 'y': -0.7402}, {'x': -0.75, 'y': -0.9807}, {'x': -0.5, 'y': -1.5467}, {'x': -0.25, 'y': -1.9415}, {'x': 0.0, 'y': 3.8357}, {'x': 0.25, 'y': 5.9948}, {'x': 0.5, 'y': -2.0129}, {'x': 0.75, 'y': 16.0015}, {'x': 1.0, 'y': 23.7246}, {'x': 1.25, 'y': 29.947}, {'x': 1.5, 'y': 36.5616}, {'x': 1.75, 'y': 44.0872}, {'x': 2.0, 'y': 52.7415}, {'x': 2.25, 'y': 62.6595}, {'x': 2.5, 'y': 73.9493}, {'x': 2.75, 'y': 86.7091}, {'x': 3.0, 'y': 101.0341}]}","{'formula': '((x + 1)**2 + 1)**2*sin(1/(x - 0.2))', 'latex': '\\left(\\left(x + 1\\right)^{2} + 1\\right)^{2} \\sin{\\left(\\frac{1}{x - 0.2} \\right)}', 'properties': {'singularities': [], 'is_periodic': False, 'domain': 'Union(Interval.open(-oo, 0.200000000000000), Interval.open(0.200000000000000, oo))'}}",manual_rich
MCM_303_b5e47db6,"{'a': 3, 'b': 0, 'c': 3}","{'points': [{'x': -3.0, 'y': -211.0881}, {'x': -2.75, 'y': -132.1726}, {'x': -2.5, 'y': -78.4782}, {'x': -2.25, 'y': -43.5362}, {'x': -2.0, 'y': -22.0635}, {'x': -1.75, 'y': -9.8451}, {'x': -1.5, 'y': -3.6167}, {'x': -1.25, 'y': -0.9463}, {'x': -1.0, 'y': -0.1154}, {'x': -0.75, 'y': -0.0002}, {'x': -0.5, 'y': 0.0044}, {'x': -0.25, 'y': -0.0456}, {'x': 0.0, 'y': -0.0468}, {'x': 0.25, 'y': -0.0501}, {'x': 0.5, 'y': -0.0156}, {'x': 0.75, 'y': 0.0002}, {'x': 1.0, 'y': 0.0955}, {'x': 1.25, 'y': 0.7857}, {'x': 1.5, 'y': 3.0529}, {'x': 1.75, 'y': 8.4528}, {'x': 2.0, 'y': 19.2306}, {'x': 2.25, 'y': 38.4377}, {'x': 2.5, 'y': 70.0489}, {'x': 2.75, 'y': 119.0793}, {'x': 3.0, 'y': 191.7021}]}","{'formula': '(x**2 - 0.5)**3*sin(1/(x + 0.15))', 'latex': '\\left(x^{2} - 0.5\\right)^{3} \\sin{\\left(\\frac{1}{x + 0.15} \\right)}', 'properties': {'singularities': [], 'is_periodic': False, 'domain': 'Union(Interval.open(-oo, -0.150000000000000), Interval.open(-0.150000000000000, oo))'}}",manual_rich
MCM_310_40dea1a9,"{'a': 3, 'b': 1, 'c': 0}","{'points': [{'x': -3.0, 'y': 3294.4681}, {'x': -2.75, 'y': 304.643}, {'x': -2.5, 'y': 49.7122}, {'x': -2.25, 'y': 12.9733}, {'x': -2.0, 'y': 4.953}, {'x': -1.75, 'y': 2.5546}, {'x': -1.5, 'y': 1.6591}, {'x': -1.25, 'y': 1.2765}, {'x': -1.0, 'y': 1.1052}, {'x': -0.75, 'y': 1.0321}, {'x': -0.5, 'y': 1.0063}, {'x': -0.25, 'y': 1.0004}, {'x': 0.0, 'y': 1.0}, {'x': 0.25, 'y': 1.0004}, {'x': 0.5, 'y': 1.0063}, {'x': 0.75, 'y': 1.0321}, {'x': 1.0, 'y': 1.1052}, {'x': 1.25, 'y': 1.2765}, {'x': 1.5, 'y': 1.6591}, {'x': 1.75, 'y': 2.5546}, {'x': 2.0, 'y': 4.953}, {'x': 2.25, 'y': 12.9733}, {'x': 2.5, 'y': 49.7122}, {'x': 2.75, 'y': 304.643}, {'x': 3.0, 'y': 3294.4681}]}","{'formula': 'exp(0.1*x**4)', 'latex': 'e^{0.1 x^{4}}', 'properties': {'singularities': [], 'is_periodic': False, 'domain': 'Reals'}}",manual
MCM_310_c1270751,"{'a': 3, 'b': 1, 'c': 0}","{'points': [{'x': -3.0, 'y': 4.1589}, {'x': -2.75, 'y': 3.7627}, {'x': -2.5, 'y': 3.3165}, {'x': -2.25, 'y': 2.8036}, {'x': -2.0, 'y': 2.1972}, {'x': -1.75, 'y': 1.4478}, {'x': -1.5, 'y': 0.4463}, {'x': -1.25, 'y': 0.5209}, {'x': -1.0, 'y': 0.6931}, {'x': -0.75, 'y': 0.5925}, {'x': -0.5, 'y': 0.3629}, {'x': -0.25, 'y': 0.1143}, {'x': 0.0, 'y': 0.0}, {'x': 0.25, 'y': 0.1143}, {'x': 0.5, 'y': 0.3629}, {'x': 0.75, 'y': 0.5925}, {'x': 1.0, 'y': 0.6931}, {'x': 1.25, 'y': 0.5209}, {'x': 1.5, 'y': 0.4463}, {'x': 1.75, 'y': 1.4478}, {'x': 2.0, 'y': 2.1972}, {'x': 2.25, 'y': 2.8036}, {'x': 2.5, 'y': 3.3165}, {'x': 2.75, 'y': 3.7627}, {'x': 3.0, 'y': 4.1589}]}","{'formula': 'log(x**2*Abs(x**2 - 2) + 1)', 'latex': '\\log{\\left(x^{2} \\left|{x^{2} - 2}\\right| + 1 \\right)}', 'properties': {'singularities': [], 'is_periodic': False, 'domain': 'Reals'}}",manual
MCM_310_0921292e,"{'a': 3, 'b': 1, 'c': 0}","{'points': [{'x': -3.0, 'y': -0.0025}, {'x': -2.75, 'y': -0.0253}, {'x': -2.5, 'y': -0.0952}, {'x': -2.25, 'y': 0.2396}, {'x': -2.0, 'y': 0.4445}, {'x': -1.75, 'y': -0.5148}, {'x': -1.5, 'y': 0.839}, {'x': -1.25, 'y': 0.4468}, {'x': -1.0, 'y': 0.0}, {'x': -0.75, 'y': -0.1064}, {'x': -0.5, 'y': -0.0629}, {'x': -0.25, 'y': -0.0117}, {'x': 0.0, 'y': 0.0}, {'x': 0.25, 'y': 0.0195}, {'x': 0.5, 'y': 0.1829}, {'x': 0.75, 'y': 0.6251}, {'x': 1.0, 'y': 0.7445}, {'x': 1.25, 'y': -0.6121}, {'x': 1.5, 'y': 0.3589}, {'x': 1.75, 'y': 0.1889}, {'x': 2.0, 'y': -0.0822}, {'x': 2.25, 'y': -0.0155}, {'x': 2.5, 'y': -0.004}, {'x': 2.75, 'y': 0.0002}, {'x': 3.0, 'y': 0.0}]}","{'formula': 'exp(-0.1*x**3*(x + 1))*sin(x**3*(x + 1))', 'latex': 'e^{- 0.1 x^{3} \\left(x + 1\\right)} \\sin{\\left(x^{3} \\left(x + 1\\right) \\right)}', 'properties': {'singularities': [], 'is_periodic': False, 'domain': 'Reals'}}",manual
MCM_310_9e2e0a77,"{'a': 3, 'b': 1, 'c': 0}","{'points': [{'x': -3.0, 'y': 0.8684}, {'x': -2.75, 'y': 0.6827}, {'x': -2.5, 'y': 0.5497}, {'x': -2.25, 'y': 0.4593}, {'x': -2.0, 'y': 0.4028}, {'x': -1.75, 'y': 0.3738}, {'x': -1.5, 'y': 0.3688}, {'x': -1.25, 'y': 0.3871}, {'x': -1.0, 'y': 0.4311}, {'x': -0.75, 'y': 0.5058}, {'x': -0.5, 'y': 0.6191}, {'x': -0.25, 'y': 0.7808}, {'x': 0.0, 'y': 1.0}, {'x': 0.25, 'y': 1.2807}, {'x': 0.5, 'y': 1.6151}, {'x': 0.75, 'y': 1.9771}, {'x': 1.0, 'y': 2.3198}, {'x': 1.25, 'y': 2.5831}, {'x': 1.5, 'y': 2.7115}, {'x': 1.75, 'y': 2.6751}, {'x': 2.0, 'y': 2.4826}, {'x': 2.25, 'y': 2.1773}, {'x': 2.5, 'y': 1.8193}, {'x': 2.75, 'y': 1.4647}, {'x': 3.0, 'y': 1.1516}]}","{'formula': 'exp(sin(x))', 'latex': 'e^{\\sin{\\left(x \\right)}}', 'properties': {'singularities': [], 'is_periodic': True, 'domain': 'Reals', 'period_value': '2*pi'}}",manual_rich
MCM_310_e4e927eb,"{'a': 3, 'b': 1, 'c': 0}","{'points': [{'x': -3.0, 'y': 0.9068}, {'x': -2.75, 'y': 0.7676}, {'x': -2.5, 'y': 0.6605}, {'x': -2.25, 'y': 0.5831}, {'x': -2.0, 'y': 0.5324}, {'x': -1.75, 'y': 0.5056}, {'x': -1.5, 'y': 0.5009}, {'x': -1.25, 'y': 0.518}, {'x': -1.0, 'y': 0.5581}, {'x': -0.75, 'y': 0.6235}, {'x': -0.5, 'y': 0.7173}, {'x': -0.25, 'y': 0.8424}, {'x': 0.0, 'y': 1.0}, {'x': 0.25, 'y': 1.1871}, {'x': 0.5, 'y': 1.3942}, {'x': 0.75, 'y': 1.604}, {'x': 1.0, 'y': 1.7919}, {'x': 1.25, 'y': 1.9305}, {'x': 1.5, 'y': 1.9965}, {'x': 1.75, 'y': 1.9779}, {'x': 2.0, 'y': 1.8781}, {'x': 2.25, 'y': 1.7148}, {'x': 2.5, 'y': 1.5141}, {'x': 2.75, 'y': 1.3028}, {'x': 3.0, 'y': 1.1028}]}","{'formula': '2**sin(x)', 'latex': '2^{\\sin{\\left(x \\right)}}', 'properties': {'singularities': [], 'is_periodic': True, 'domain': 'Reals', 'period_value': '2*pi'}}",manual_rich
MCM_310_246b39cf,"{'a': 3, 'b': 1, 'c': 0}","{'points': [{'x': -3.0, 'y': 0.9879}, {'x': -2.75, 'y': 0.3476}, {'x': -2.5, 'y': -0.7408}, {'x': -2.25, 'y': -0.9616}, {'x': -2.0, 'y': -0.428}, {'x': -1.75, 'y': 0.2545}, {'x': -1.5, 'y': 0.7317}, {'x': -1.25, 'y': 0.9532}, {'x': -1.0, 'y': 0.9995}, {'x': -0.75, 'y': 0.962}, {'x': -0.5, 'y': 0.9034}, {'x': -0.25, 'y': 0.858}, {'x': 0.0, 'y': 0.8415}, {'x': 0.25, 'y': 0.858}, {'x': 0.5, 'y': 0.9034}, {'x': 0.75, 'y': 0.962}, {'x': 1.0, 'y': 0.9995}, {'x': 1.25, 'y': 0.9532}, {'x': 1.5, 'y': 0.7317}, {'x': 1.75, 'y': 0.2545}, {'x': 2.0, 'y': -0.428}, {'x': 2.25, 'y': -0.9616}, {'x': 2.5, 'y': -0.7408}, {'x': 2.75, 'y': 0.3476}, {'x': 3.0, 'y': 0.9879}]}","{'formula': 'sin(x**2 + cos(x))', 'latex': '\\sin{\\left(x^{2} + \\cos{\\left(x \\right)} \\right)}', 'properties': {'singularities': [], 'is_periodic': False, 'domain': 'Reals'}}",manual_rich
MCM_311_4c264b6f,"{'a': 3, 'b': 1, 'c': 1}","{'points': [{'x': -3.0, 'y': 0.8736}, {'x': -2.75, 'y': 0.0914}, {'x': -2.5, 'y': -0.5255}, {'x': -2.25, 'y': 0.3958}, {'x': -2.0, 'y': -0.9712}, {'x': -1.75, 'y': 0.5539}, {'x': -1.5, 'y': 0.9961}, {'x': -1.25, 'y': 0.957}, {'x': -1.0, 'y': 0.8935}, {'x': -0.75, 'y': 0.8584}, {'x': -0.5, 'y': 0.8448}, {'x': -0.25, 'y': 0.8417}, {'x': 0.0, 'y': 0.8415}, {'x': 0.25, 'y': 0.8417}, {'x': 0.5, 'y': 0.8448}, {'x': 0.75, 'y': 0.8584}, {'x': 1.0, 'y': 0.8935}, {'x': 1.25, 'y': 0.957}, {'x': 1.5, 'y': 0.9961}, {'x': 1.75, 'y': 0.5539}, {'x': 2.0, 'y': -0.9712}, {'x': 2.25, 'y': 0.3958}, {'x': 2.5, 'y': -0.5255}, {'x': 2.75, 'y': 0.0914}, {'x': 3.0, 'y': 0.8736}]}","{'formula': 'sin(exp(0.1*x**4))', 'latex': '\\sin{\\left(e^{0.1 x^{4}} \\right)}', 'properties': {'singularities': [], 'is_periodic': False, 'domain': 'Reals'}}",manual
MCM_311_bad5c17d,"{'a': 3, 'b': 1, 'c': 1}","{'points': [{'x': -3.0, 'y': -0.5257}, {'x': -2.75, 'y': -0.8132}, {'x': -2.5, 'y': -0.9848}, {'x': -2.25, 'y': -0.9434}, {'x': -2.0, 'y': -0.5863}, {'x': -1.75, 'y': 0.1226}, {'x': -1.5, 'y': 0.9021}, {'x': -1.25, 'y': 0.8674}, {'x': -1.0, 'y': 0.7692}, {'x': -0.75, 'y': 0.8295}, {'x': -0.5, 'y': 0.9349}, {'x': -0.25, 'y': 0.9935}, {'x': 0.0, 'y': 1.0}, {'x': 0.25, 'y': 0.9935}, {'x': 0.5, 'y': 0.9349}, {'x': 0.75, 'y': 0.8295}, {'x': 1.0, 'y': 0.7692}, {'x': 1.25, 'y': 0.8674}, {'x': 1.5, 'y': 0.9021}, {'x': 1.75, 'y': 0.1226}, {'x': 2.0, 'y': -0.5863}, {'x': 2.25, 'y': -0.9434}, {'x': 2.5, 'y': -0.9848}, {'x': 2.75, 'y': -0.8132}, {'x': 3.0, 'y': -0.5257}]}","{'formula': 'cos(log(x**2*Abs(x**2 - 2) + 1))', 'latex': '\\cos{\\left(\\log{\\left(x^{2} \\left|{x^{2} - 2}\\right| + 1 \\right)} \\right)}', 'properties': {'singularities': [], 'is_periodic': False, 'domain': 'Reals'}}",manual
MCM_311_978e0f72,"{'a': 3, 'b': 1, 'c': 1}","{'points': [{'x': -3.0, 'y': -0.5064}, {'x': -2.75, 'y': -0.8722}, {'x': -2.5, 'y': 0.7477}, {'x': -2.25, 'y': -0.8106}, {'x': -2.0, 'y': -0.1324}, {'x': -1.75, 'y': -0.7145}, {'x': -1.5, 'y': -0.9077}, {'x': -1.25, 'y': 0.2794}, {'x': -1.0, 'y': -0.7568}, {'x': -0.75, 'y': 0.6444}, {'x': -0.5, 'y': 1.0}, {'x': -0.25, 'y': 0.9039}, {'x': 0.0, 'y': 0.8415}, {'x': 0.25, 'y': 0.9039}, {'x': 0.5, 'y': 1.0}, {'x': 0.75, 'y': 0.6444}, {'x': 1.0, 'y': -0.7568}, {'x': 1.25, 'y': 0.2794}, {'x': 1.5, 'y': -0.9077}, {'x': 1.75, 'y': -0.7145}, {'x': 2.0, 'y': -0.1324}, {'x': 2.25, 'y': -0.8106}, {'x': 2.5, 'y': 0.7477}, {'x': 2.75, 'y': -0.8722}, {'x': 3.0, 'y': -0.5064}]}","{'formula': 'sin(x**4 + 2*x**2 + 1)', 'latex': '\\sin{\\left(x^{4} + 2 x^{2} + 1 \\right)}', 'properties': {'singularities': [], 'is_periodic': False, 'domain': 'Reals'}}",manual
MCM_311_3a2baa2f,"{'a': 3, 'b': 1, 'c': 1}","{'points': [{'x': -3.0, 'y': 0.0497}, {'x': -2.75, 'y': 0.0638}, {'x': -2.5, 'y': 0.0819}, {'x': -2.25, 'y': 0.105}, {'x': -2.0, 'y': 0.1345}, {'x': -1.75, 'y': 0.172}, {'x': -1.5, 'y': 0.2195}, {'x': -1.25, 'y': 0.2789}, {'x': -1.0, 'y': 0.3519}, {'x': -0.75, 'y': 0.4395}, {'x': -0.5, 'y': 0.5396}, {'x': -0.25, 'y': 0.6461}, {'x': 0.0, 'y': 0.7456}, {'x': 0.25, 'y': 0.8187}, {'x': 0.5, 'y': 0.8398}, {'x': 0.75, 'y': 0.7542}, {'x': 1.0, 'y': 0.3993}, {'x': 1.25, 'y': -0.3351}, {'x': 1.5, 'y': -0.8269}, {'x': 1.75, 'y': -0.4832}, {'x': 2.0, 'y': 0.7795}, {'x': 2.25, 'y': -0.0629}, {'x': 2.5, 'y': -0.3658}, {'x': 2.75, 'y': 0.0652}, {'x': 3.0, 'y': 0.8102}]}","{'formula': 'sin(sin(exp(x)))', 'latex': '\\sin{\\left(\\sin{\\left(e^{x} \\right)} \\right)}', 'properties': {'singularities': [], 'is_periodic': False, 'domain': 'Reals'}}",manual_rich
MCM_311_5a56033f,"{'a': 3, 'b': 1, 'c': 1}","{'points': [{'x': -3.0, 'y': 0.9988}, {'x': -2.75, 'y': 0.998}, {'x': -2.5, 'y': 0.9966}, {'x': -2.25, 'y': 0.9945}, {'x': -2.0, 'y': 0.9909}, {'x': -1.75, 'y': 0.9851}, {'x': -1.5, 'y': 0.9756}, {'x': -1.25, 'y': 0.9603}, {'x': -1.0, 'y': 0.936}, {'x': -0.75, 'y': 0.8983}, {'x': -0.5, 'y': 0.8419}, {'x': -0.25, 'y': 0.7633}, {'x': 0.0, 'y': 0.6664}, {'x': 0.25, 'y': 0.5742}, {'x': 0.5, 'y': 0.5429}, {'x': 0.75, 'y': 0.6566}, {'x': 1.0, 'y': 0.9168}, {'x': 1.25, 'y': 0.9422}, {'x': 1.5, 'y': 0.5624}, {'x': 1.75, 'y': 0.8755}, {'x': 2.0, 'y': 0.6264}, {'x': 2.25, 'y': 0.998}, {'x': 2.5, 'y': 0.9307}, {'x': 2.75, 'y': 0.9979}, {'x': 3.0, 'y': 0.5862}]}","{'formula': 'cos(sin(exp(x)))', 'latex': '\\cos{\\left(\\sin{\\left(e^{x} \\right)} \\right)}', 'properties': {'singularities': [], 'is_periodic': False, 'domain': 'Reals'}}",manual_rich
MCM_311_b473bb79,"{'a': 3, 'b': 1, 'c': 1}","{'points': [{'x': -3.0, 'y': 0.7633}, {'x': -2.75, 'y': 0.6309}, {'x': -2.5, 'y': 0.5224}, {'x': -2.25, 'y': 0.4433}, {'x': -2.0, 'y': 0.392}, {'x': -1.75, 'y': 0.3652}, {'x': -1.5, 'y': 0.3605}, {'x': -1.25, 'y': 0.3775}, {'x': -1.0, 'y': 0.4178}, {'x': -0.75, 'y': 0.4845}, {'x': -0.5, 'y': 0.5803}, {'x': -0.25, 'y': 0.7039}, {'x': 0.0, 'y': 0.8415}, {'x': 0.25, 'y': 0.9582}, {'x': 0.5, 'y': 0.999}, {'x': 0.75, 'y': 0.9186}, {'x': 1.0, 'y': 0.7324}, {'x': 1.25, 'y': 0.5299}, {'x': 1.5, 'y': 0.417}, {'x': 1.75, 'y': 0.4498}, {'x': 2.0, 'y': 0.6123}, {'x': 2.25, 'y': 0.8217}, {'x': 2.5, 'y': 0.9693}, {'x': 2.75, 'y': 0.9944}, {'x': 3.0, 'y': 0.9134}]}","{'formula': 'sin(exp(sin(x)))', 'latex': '\\sin{\\left(e^{\\sin{\\left(x \\right)}} \\right)}', 'properties': {'singularities': [], 'is_periodic': True, 'domain': 'Reals', 'period_value': '2*pi'}}",manual_rich
MCM_311_47397fb3,"{'a': 3, 'b': 1, 'c': 1}","{'points': [{'x': -3.0, 'y': 0.6461}, {'x': -2.75, 'y': 0.7759}, {'x': -2.5, 'y': 0.8527}, {'x': -2.25, 'y': 0.8964}, {'x': -2.0, 'y': 0.92}, {'x': -1.75, 'y': 0.9309}, {'x': -1.5, 'y': 0.9328}, {'x': -1.25, 'y': 0.926}, {'x': -1.0, 'y': 0.9085}, {'x': -0.75, 'y': 0.8748}, {'x': -0.5, 'y': 0.8144}, {'x': -0.25, 'y': 0.7103}, {'x': 0.0, 'y': 0.5403}, {'x': 0.25, 'y': 0.286}, {'x': 0.5, 'y': -0.0443}, {'x': 0.75, 'y': -0.3952}, {'x': 1.0, 'y': -0.6809}, {'x': 1.25, 'y': -0.848}, {'x': 1.5, 'y': -0.9089}, {'x': 1.75, 'y': -0.8932}, {'x': 2.0, 'y': -0.7906}, {'x': 2.25, 'y': -0.57}, {'x': 2.5, 'y': -0.246}, {'x': 2.75, 'y': 0.1059}, {'x': 3.0, 'y': 0.4071}]}","{'formula': 'cos(exp(sin(x)))', 'latex': '\\cos{\\left(e^{\\sin{\\left(x \\right)}} \\right)}', 'properties': {'singularities': [], 'is_periodic': True, 'domain': 'Reals', 'period_value': '2*pi'}}",manual_rich
MCM_311_112f2c81,"{'a': 3, 'b': 1, 'c': 1}","{'points': [{'x': -3.0, 'y': 0.7875}, {'x': -2.75, 'y': 0.6944}, {'x': -2.5, 'y': 0.6135}, {'x': -2.25, 'y': 0.5507}, {'x': -2.0, 'y': 0.5076}, {'x': -1.75, 'y': 0.4843}, {'x': -1.5, 'y': 0.4802}, {'x': -1.25, 'y': 0.4951}, {'x': -1.0, 'y': 0.5296}, {'x': -0.75, 'y': 0.5838}, {'x': -0.5, 'y': 0.6573}, {'x': -0.25, 'y': 0.7463}, {'x': 0.0, 'y': 0.8415}, {'x': 0.25, 'y': 0.9273}, {'x': 0.5, 'y': 0.9844}, {'x': 0.75, 'y': 0.9995}, {'x': 1.0, 'y': 0.9757}, {'x': 1.25, 'y': 0.936}, {'x': 1.5, 'y': 0.9107}, {'x': 1.75, 'y': 0.9183}, {'x': 2.0, 'y': 0.9531}, {'x': 2.25, 'y': 0.9896}, {'x': 2.5, 'y': 0.9984}, {'x': 2.75, 'y': 0.9643}, {'x': 3.0, 'y': 0.8925}]}","{'formula': 'sin(2**sin(x))', 'latex': '\\sin{\\left(2^{\\sin{\\left(x \\right)}} \\right)}', 'properties': {'singularities': [], 'is_periodic': True, 'domain': 'Reals', 'period_value': '0'}}",manual_rich
MCM_311_57b4f0fb,"{'a': 3, 'b': 1, 'c': 1}","{'points': [{'x': -3.0, 'y': 0.6163}, {'x': -2.75, 'y': 0.7196}, {'x': -2.5, 'y': 0.7897}, {'x': -2.25, 'y': 0.8347}, {'x': -2.0, 'y': 0.8616}, {'x': -1.75, 'y': 0.8749}, {'x': -1.5, 'y': 0.8772}, {'x': -1.25, 'y': 0.8688}, {'x': -1.0, 'y': 0.8483}, {'x': -0.75, 'y': 0.8119}, {'x': -0.5, 'y': 0.7536}, {'x': -0.25, 'y': 0.6657}, {'x': 0.0, 'y': 0.5403}, {'x': 0.25, 'y': 0.3744}, {'x': 0.5, 'y': 0.1757}, {'x': 0.75, 'y': -0.0332}, {'x': 1.0, 'y': -0.2193}, {'x': 1.25, 'y': -0.352}, {'x': 1.5, 'y': -0.413}, {'x': 1.75, 'y': -0.396}, {'x': 2.0, 'y': -0.3025}, {'x': 2.25, 'y': -0.1435}, {'x': 2.5, 'y': 0.0567}, {'x': 2.75, 'y': 0.2648}, {'x': 3.0, 'y': 0.4511}]}","{'formula': 'cos(2**sin(x))', 'latex': '\\cos{\\left(2^{\\sin{\\left(x \\right)}} \\right)}', 'properties': {'singularities': [], 'is_periodic': True, 'domain': 'Reals', 'period_value': '0'}}",manual_rich
MCM_311_17781638,"{'a': 3, 'b': 1, 'c': 1}","{'points': [{'x': -3.0, 'y': 0.8348}, {'x': -2.75, 'y': 0.3406}, {'x': -2.5, 'y': -0.6749}, {'x': -2.25, 'y': -0.8201}, {'x': -2.0, 'y': -0.415}, {'x': -1.75, 'y': 0.2518}, {'x': -1.5, 'y': 0.6682}, {'x': -1.25, 'y': 0.8153}, {'x': -1.0, 'y': 0.8412}, {'x': -0.75, 'y': 0.8203}, {'x': -0.5, 'y': 0.7854}, {'x': -0.25, 'y': 0.7566}, {'x': 0.0, 'y': 0.7456}, {'x': 0.25, 'y': 0.7566}, {'x': 0.5, 'y': 0.7854}, {'x': 0.75, 'y': 0.8203}, {'x': 1.0, 'y': 0.8412}, {'x': 1.25, 'y': 0.8153}, {'x': 1.5, 'y': 0.6682}, {'x': 1.75, 'y': 0.2518}, {'x': 2.0, 'y': -0.415}, {'x': 2.25, 'y': -0.8201}, {'x': 2.5, 'y': -0.6749}, {'x': 2.75, 'y': 0.3406}, {'x': 3.0, 'y': 0.8348}]}","{'formula': 'sin(sin(x**2 + cos(x)))', 'latex': '\\sin{\\left(\\sin{\\left(x^{2} + \\cos{\\left(x \\right)} \\right)} \\right)}', 'properties': {'singularities': [], 'is_periodic': False, 'domain': 'Reals'}}",manual_rich
MCM_311_08d02d99,"{'a': 3, 'b': 1, 'c': 1}","{'points': [{'x': -3.0, 'y': 0.5505}, {'x': -2.75, 'y': 0.9402}, {'x': -2.5, 'y': 0.7379}, {'x': -2.25, 'y': 0.5722}, {'x': -2.0, 'y': 0.9098}, {'x': -1.75, 'y': 0.9678}, {'x': -1.5, 'y': 0.744}, {'x': -1.25, 'y': 0.579}, {'x': -1.0, 'y': 0.5407}, {'x': -0.75, 'y': 0.5719}, {'x': -0.5, 'y': 0.619}, {'x': -0.25, 'y': 0.6539}, {'x': 0.0, 'y': 0.6664}, {'x': 0.25, 'y': 0.6539}, {'x': 0.5, 'y': 0.619}, {'x': 0.75, 'y': 0.5719}, {'x': 1.0, 'y': 0.5407}, {'x': 1.25, 'y': 0.579}, {'x': 1.5, 'y': 0.744}, {'x': 1.75, 'y': 0.9678}, {'x': 2.0, 'y': 0.9098}, {'x': 2.25, 'y': 0.5722}, {'x': 2.5, 'y': 0.7379}, {'x': 2.75, 'y': 0.9402}, {'x': 3.0, 'y': 0.5505}]}","{'formula': 'cos(sin(x**2 + cos(x)))', 'latex': '\\cos{\\left(\\sin{\\left(x^{2} + \\cos{\\left(x \\right)} \\right)} \\right)}', 'properties': {'singularities': [], 'is_periodic': False, 'domain': 'Reals'}}",manual_rich
MCM_312_bb156894,"{'a': 3, 'b': 1, 'c': 2}","{'points': [{'x': -3.0, 'y': -1062.7316}, {'x': -2.75, 'y': -106.8923}, {'x': -2.5, 'y': -19.1201}, {'x': -2.25, 'y': -5.5205}, {'x': -2.0, 'y': -2.3586}, {'x': -1.75, 'y': -1.3809}, {'x': -1.5, 'y': -1.0369}, {'x': -1.25, 'y': -0.9456}, {'x': -1.0, 'y': -1.0047}, {'x': -0.75, 'y': -1.2143}, {'x': -0.5, 'y': -1.6771}, {'x': -0.25, 'y': -2.8583}, {'x': 0.0, 'y': -10.0}, {'x': 0.25, 'y': 6.6693}, {'x': 0.5, 'y': 2.5157}, {'x': 0.75, 'y': 1.5879}, {'x': 1.0, 'y': 1.228}, {'x': 1.25, 'y': 1.11}, {'x': 1.5, 'y': 1.185}, {'x': 1.75, 'y': 1.5482}, {'x': 2.0, 'y': 2.6069}, {'x': 2.25, 'y': 6.0341}, {'x': 2.5, 'y': 20.7134}, {'x': 2.75, 'y': 114.9596}, {'x': 3.0, 'y': 1136.0235}]}","{'formula': 'exp(0.1*x**4)/(x - 0.1)', 'latex': '\\frac{e^{0.1 x^{4}}}{x - 0.1}', 'properties': {'singularities': [], 'is_periodic': False, 'domain': 'Union(Interval.open(-oo, 0.100000000000000), Interval.open(0.100000000000000, oo))'}}",manual
MCM_312_958d749b,"{'a': 3, 'b': 1, 'c': 2}","{'points': [{'x': -3.0, 'y': -1.4853}, {'x': -2.75, 'y': -1.4756}, {'x': -2.5, 'y': -1.4419}, {'x': -2.25, 'y': -1.3676}, {'x': -2.0, 'y': -1.2207}, {'x': -1.75, 'y': -0.9341}, {'x': -1.5, 'y': -0.3433}, {'x': -1.25, 'y': -0.4961}, {'x': -1.0, 'y': -0.8664}, {'x': -0.75, 'y': -1.0774}, {'x': -0.5, 'y': -1.2097}, {'x': -0.25, 'y': -2.2861}, {'x': 0.0, 'y': 0.0}, {'x': 0.25, 'y': 0.254}, {'x': 0.5, 'y': 0.5184}, {'x': 0.75, 'y': 0.6237}, {'x': 1.0, 'y': 0.5776}, {'x': 1.25, 'y': 0.3593}, {'x': 1.5, 'y': 0.2625}, {'x': 1.75, 'y': 0.7425}, {'x': 2.0, 'y': 0.9987}, {'x': 2.25, 'y': 1.1443}, {'x': 2.5, 'y': 1.2283}, {'x': 2.75, 'y': 1.2755}, {'x': 3.0, 'y': 1.2997}]}","{'formula': 'log(x**2*Abs(x**2 - 2) + 1)/(x + 0.2)', 'latex': '\\frac{\\log{\\left(x^{2} \\left|{x^{2} - 2}\\right| + 1 \\right)}}{x + 0.2}', 'properties': {'singularities': [], 'is_periodic': False, 'domain': 'Union(Interval.open(-oo, -0.200000000000000), Interval.open(-0.200000000000000, oo))'}}",manual
MCM_312_8a71a330,"{'a': 3, 'b': 1, 'c': 2}","{'points': [{'x': -3.0, 'y': 0.0006}, {'x': -2.75, 'y': 0.0066}, {'x': -2.5, 'y': 0.0265}, {'x': -2.25, 'y': -0.0715}, {'x': -2.0, 'y': -0.1434}, {'x': -1.75, 'y': 0.1806}, {'x': -1.5, 'y': -0.3227}, {'x': -1.25, 'y': -0.1901}, {'x': -1.0, 'y': 0.0}, {'x': -0.75, 'y': 0.0575}, {'x': -0.5, 'y': 0.0393}, {'x': -0.25, 'y': 0.0087}, {'x': 0.0, 'y': 0.0}, {'x': 0.25, 'y': -0.0229}, {'x': 0.5, 'y': -0.3049}, {'x': 0.75, 'y': -1.7861}, {'x': 1.0, 'y': -7.4447}, {'x': 1.25, 'y': -4.0807}, {'x': 1.5, 'y': 0.8973}, {'x': 1.75, 'y': 0.2906}, {'x': 2.0, 'y': -0.0913}, {'x': 2.25, 'y': -0.0135}, {'x': 2.5, 'y': -0.0029}, {'x': 2.75, 'y': 0.0001}, {'x': 3.0, 'y': 0.0}]}","{'formula': 'exp(-0.1*x**3*(x + 1))*sin(x**3*(x + 1))/(x - 1.1)', 'latex': '\\frac{e^{- 0.1 x^{3} \\left(x + 1\\right)} \\sin{\\left(x^{3} \\left(x + 1\\right) \\right)}}{x - 1.1}', 'properties': {'singularities': [], 'is_periodic': False, 'domain': 'Union(Interval.open(-oo, 1.10000000000000), Interval.open(1.10000000000000, oo))'}}",manual
MCM_312_c0d2bd52,"{'a': 3, 'b': 1, 'c': 2}","{'points': [{'x': -3.0, 'y': -0.0161}, {'x': -2.75, 'y': -0.0224}, {'x': -2.5, 'y': -0.0315}, {'x': -2.25, 'y': -0.0448}, {'x': -2.0, 'y': -0.0642}, {'x': -1.75, 'y': -0.0935}, {'x': -1.5, 'y': -0.1383}, {'x': -1.25, 'y': -0.2093}, {'x': -1.0, 'y': -0.3269}, {'x': -0.75, 'y': -0.5353}, {'x': -0.5, 'y': -0.95}, {'x': -0.25, 'y': -2.0069}, {'x': 0.0, 'y': -8.4147}, {'x': 0.25, 'y': 6.3944}, {'x': 0.5, 'y': 2.4924}, {'x': 0.75, 'y': 1.3146}, {'x': 1.0, 'y': 0.4564}, {'x': 1.25, 'y': -0.2972}, {'x': 1.5, 'y': -0.6954}, {'x': 1.75, 'y': -0.3056}, {'x': 2.0, 'y': 0.4704}, {'x': 2.25, 'y': -0.0293}, {'x': 2.5, 'y': -0.156}, {'x': 2.75, 'y': 0.0246}, {'x': 3.0, 'y': 0.3257}]}","{'formula': 'sin(exp(x))/(x - 0.1)', 'latex': '\\frac{\\sin{\\left(e^{x} \\right)}}{x - 0.1}', 'properties': {'singularities': [], 'is_periodic': False, 'domain': 'Union(Interval.open(-oo, 0.100000000000000), Interval.open(0.100000000000000, oo))'}}",manual_rich
MCM_312_85d4b7f3,"{'a': 3, 'b': 1, 'c': 2}","{'points': [{'x': -3.0, 'y': -0.2714}, {'x': -2.75, 'y': -0.2314}, {'x': -2.5, 'y': -0.2036}, {'x': -2.25, 'y': -0.1875}, {'x': -2.0, 'y': -0.1831}, {'x': -1.75, 'y': -0.1917}, {'x': -1.5, 'y': -0.2169}, {'x': -1.25, 'y': -0.267}, {'x': -1.0, 'y': -0.3592}, {'x': -0.75, 'y': -0.5324}, {'x': -0.5, 'y': -0.8845}, {'x': -0.25, 'y': -1.7352}, {'x': 0.0, 'y': -5.0}, {'x': 0.25, 'y': 25.6139}, {'x': 0.5, 'y': 5.3838}, {'x': 0.75, 'y': 3.5948}, {'x': 1.0, 'y': 2.8997}, {'x': 1.25, 'y': 2.4601}, {'x': 1.5, 'y': 2.0858}, {'x': 1.75, 'y': 1.7259}, {'x': 2.0, 'y': 1.3792}, {'x': 2.25, 'y': 1.0621}, {'x': 2.5, 'y': 0.791}, {'x': 2.75, 'y': 0.5744}, {'x': 3.0, 'y': 0.4113}]}","{'formula': 'exp(sin(x))/(x - 0.2)', 'latex': '\\frac{e^{\\sin{\\left(x \\right)}}}{x - 0.2}', 'properties': {'singularities': [], 'is_periodic': False, 'domain': 'Union(Interval.open(-oo, 0.200000000000000), Interval.open(0.200000000000000, oo))'}}",manual_rich
MCM_312_0a6ba69b,"{'a': 3, 'b': 1, 'c': 2}","{'points': [{'x': -3.0, 'y': -0.3182}, {'x': -2.75, 'y': -0.2952}, {'x': -2.5, 'y': -0.281}, {'x': -2.25, 'y': -0.2777}, {'x': -2.0, 'y': -0.2878}, {'x': -1.75, 'y': -0.316}, {'x': -1.5, 'y': -0.371}, {'x': -1.25, 'y': -0.4709}, {'x': -1.0, 'y': -0.6566}, {'x': -0.75, 'y': -1.0391}, {'x': -0.5, 'y': -2.0493}, {'x': -0.25, 'y': -8.4241}, {'x': 0.0, 'y': 6.6667}, {'x': 0.25, 'y': 2.9677}, {'x': 0.5, 'y': 2.1449}, {'x': 0.75, 'y': 1.7822}, {'x': 1.0, 'y': 1.5582}, {'x': 1.25, 'y': 1.3789}, {'x': 1.5, 'y': 1.21}, {'x': 1.75, 'y': 1.041}, {'x': 2.0, 'y': 0.8735}, {'x': 2.25, 'y': 0.7145}, {'x': 2.5, 'y': 0.5714}, {'x': 2.75, 'y': 0.4493}, {'x': 3.0, 'y': 0.3501}]}","{'formula': '2**sin(x)/(x + 0.15)', 'latex': '\\frac{2^{\\sin{\\left(x \\right)}}}{x + 0.15}', 'properties': {'singularities': [], 'is_periodic': False, 'domain': 'Union(Interval.open(-oo, -0.150000000000000), Interval.open(-0.150000000000000, oo))'}}",manual_rich
MCM_312_c1f269fe,"{'a': 3, 'b': 1, 'c': 2}","{'points': [{'x': -3.0, 'y': -0.3659}, {'x': -2.75, 'y': -0.1419}, {'x': -2.5, 'y': 0.3367}, {'x': -2.25, 'y': 0.4931}, {'x': -2.0, 'y': 0.2518}, {'x': -1.75, 'y': -0.1755}, {'x': -1.5, 'y': -0.6098}, {'x': -1.25, 'y': -1.0034}, {'x': -1.0, 'y': -1.4279}, {'x': -0.75, 'y': -2.1377}, {'x': -0.5, 'y': -4.5169}, {'x': -0.25, 'y': 17.1605}, {'x': 0.0, 'y': 2.8049}, {'x': 0.25, 'y': 1.56}, {'x': 0.5, 'y': 1.1292}, {'x': 0.75, 'y': 0.9162}, {'x': 1.0, 'y': 0.7689}, {'x': 1.25, 'y': 0.615}, {'x': 1.5, 'y': 0.4065}, {'x': 1.75, 'y': 0.1242}, {'x': 2.0, 'y': -0.1861}, {'x': 2.25, 'y': -0.3771}, {'x': 2.5, 'y': -0.2646}, {'x': 2.75, 'y': 0.114}, {'x': 3.0, 'y': 0.2993}]}","{'formula': 'sin(x**2 + cos(x))/(x + 0.3)', 'latex': '\\frac{\\sin{\\left(x^{2} + \\cos{\\left(x \\right)} \\right)}}{x + 0.3}', 'properties': {'singularities': [], 'is_periodic': False, 'domain': 'Union(Interval.open(-oo, -0.300000000000000), Interval.open(-0.300000000000000, oo))'}}",manual_rich
MCM_313_18b47370,"{'a': 3, 'b': 1, 'c': 3}","{'points': [{'x': -3.0, 'y': 83.5334}, {'x': -2.75, 'y': 58.8592}, {'x': -2.5, 'y': 40.4027}, {'x': -2.25, 'y': 26.5998}, {'x': -2.0, 'y': 16.2354}, {'x': -1.75, 'y': 8.3317}, {'x': -1.5, 'y': 2.0001}, {'x': -1.25, 'y': 1.8182}, {'x': -1.0, 'y': 1.8842}, {'x': -0.75, 'y': 1.2544}, {'x': -0.5, 'y': 0.5983}, {'x': -0.25, 'y': 0.1468}, {'x': 0.0, 'y': 0.0}, {'x': 0.25, 'y': 0.1468}, {'x': 0.5, 'y': 0.5983}, {'x': 0.75, 'y': 1.2544}, {'x': 1.0, 'y': 1.8842}, {'x': 1.25, 'y': 1.8182}, {'x': 1.5, 'y': 2.0001}, {'x': 1.75, 'y': 8.3317}, {'x': 2.0, 'y': 16.2354}, {'x': 2.25, 'y': 26.5998}, {'x': 2.5, 'y': 40.4027}, {'x': 2.75, 'y': 58.8592}, {'x': 3.0, 'y': 83.5334}]}","{'formula': 'exp(Abs(x))*log(x**2*Abs(x**2 - 2) + 1)', 'latex': 'e^{\\left|{x}\\right|} \\log{\\left(x^{2} \\left|{x^{2} - 2}\\right| + 1 \\right)}', 'properties': {'singularities': [], 'is_periodic': False, 'domain': 'Reals'}}",manual
MCM_313_f1311c29,"{'a': 3, 'b': 1, 'c': 3}","{'points': [{'x': -3.0, 'y': -242.4502}, {'x': -2.75, 'y': -156.5839}, {'x': -2.5, 'y': -96.8658}, {'x': -2.25, 'y': -56.7982}, {'x': -2.0, 'y': -31.0779}, {'x': -1.75, 'y': -15.4773}, {'x': -1.5, 'y': -6.6112}, {'x': -1.25, 'y': -2.1292}, {'x': -1.0, 'y': -1.0}, {'x': -0.75, 'y': 0.562}, {'x': -0.5, 'y': 0.727}, {'x': -0.25, 'y': 0.6401}, {'x': 0.0, 'y': 0.0}, {'x': 0.25, 'y': 0.6755}, {'x': 0.5, 'y': 0.875}, {'x': 0.75, 'y': 1.1914}, {'x': 1.0, 'y': 1.9709}, {'x': 1.25, 'y': 4.0039}, {'x': 1.5, 'y': 8.4964}, {'x': 1.75, 'y': 17.2596}, {'x': 2.0, 'y': 32.7789}, {'x': 2.25, 'y': 58.3243}, {'x': 2.5, 'y': 98.2325}, {'x': 2.75, 'y': 157.7061}, {'x': 3.0, 'y': 243.337}]}","{'formula': 'x**5 + exp(-0.01*x**4 - 0.01*x**3)*Abs(sin(x**4 + x**3))**0.1', 'latex': 'x^{5} + e^{- 0.01 x^{4} - 0.01 x^{3}} \\left|{\\sin{\\left(x^{4} + x^{3} \\right)}}\\right|^{0.1}', 'properties': {'singularities': [], 'is_periodic': False, 'domain': 'Reals'}}",manual
MCM_313_9b825d49,"{'a': 3, 'b': 1, 'c': 3}","{'points': [{'x': -3.0, 'y': -0.0153}, {'x': -2.75, 'y': -0.0212}, {'x': -2.5, 'y': -0.0297}, {'x': -2.25, 'y': -0.0418}, {'x': -2.0, 'y': -0.0592}, {'x': -1.75, 'y': -0.0848}, {'x': -1.5, 'y': -0.1228}, {'x': -1.25, 'y': -0.1798}, {'x': -1.0, 'y': -0.2662}, {'x': -0.75, 'y': -0.3953}, {'x': -0.5, 'y': -0.5643}, {'x': -0.25, 'y': -0.5586}, {'x': 0.0, 'y': 0.8069}, {'x': 0.25, 'y': 0.8757}, {'x': 0.5, 'y': -0.19}, {'x': 0.75, 'y': 0.8285}, {'x': 1.0, 'y': 0.3898}, {'x': 1.25, 'y': -0.2784}, {'x': 1.5, 'y': -0.6772}, {'x': 1.75, 'y': -0.3033}, {'x': 2.0, 'y': 0.4714}, {'x': 2.25, 'y': -0.0295}, {'x': 2.5, 'y': -0.1578}, {'x': 2.75, 'y': 0.025}, {'x': 3.0, 'y': 0.3302}]}","{'formula': 'sin(1/(x - 0.2))*sin(exp(x))', 'latex': '\\sin{\\left(\\frac{1}{x - 0.2} \\right)} \\sin{\\left(e^{x} \\right)}', 'properties': {'singularities': [], 'is_periodic': False, 'domain': 'Union(Interval.open(-oo, 0.200000000000000), Interval.open(0.200000000000000, oo))'}}",manual_rich
MCM_313_20ce9650,"{'a': 3, 'b': 1, 'c': 3}","{'points': [{'x': -3.0, 'y': 0.339}, {'x': -2.75, 'y': 0.3185}, {'x': -2.5, 'y': 0.3048}, {'x': -2.25, 'y': 0.2974}, {'x': -2.0, 'y': 0.2965}, {'x': -1.75, 'y': 0.3025}, {'x': -1.5, 'y': 0.3164}, {'x': -1.25, 'y': 0.34}, {'x': -1.0, 'y': 0.3764}, {'x': -0.75, 'y': 0.4302}, {'x': -0.5, 'y': 0.5093}, {'x': -0.25, 'y': 0.626}, {'x': 0.0, 'y': 0.8005}, {'x': 0.25, 'y': 0.8548}, {'x': 0.5, 'y': 0.8908}, {'x': 0.75, 'y': 0.808}, {'x': 1.0, 'y': 0.4299}, {'x': 1.25, 'y': -0.4111}, {'x': 1.5, 'y': -1.3917}, {'x': 1.75, 'y': -0.8822}, {'x': 2.0, 'y': 1.9644}, {'x': 2.25, 'y': -0.1779}, {'x': 2.5, 'y': -1.3921}, {'x': 2.75, 'y': 0.3255}, {'x': 3.0, 'y': 6.4343}]}","{'formula': 'sin(exp(x))*gamma(Abs(x) + 1.1)', 'latex': '\\sin{\\left(e^{x} \\right)} \\Gamma\\left(\\left|{x}\\right| + 1.1\\right)', 'properties': {'singularities': [], 'is_periodic': False, 'domain': 'Reals'}}",manual_rich
MCM_313_79db5543,"{'a': 3, 'b': 1, 'c': 3}","{'points': [{'x': -3.0, 'y': -0.2985}, {'x': -2.75, 'y': -0.2562}, {'x': -2.5, 'y': -0.2269}, {'x': -2.25, 'y': -0.2105}, {'x': -2.0, 'y': -0.2073}, {'x': -1.75, 'y': -0.2187}, {'x': -1.5, 'y': -0.2489}, {'x': -1.25, 'y': -0.3054}, {'x': -1.0, 'y': -0.398}, {'x': -0.75, 'y': -0.5035}, {'x': -0.5, 'y': -0.1737}, {'x': -0.25, 'y': 0.4248}, {'x': 0.0, 'y': 0.3742}, {'x': 0.25, 'y': 0.7665}, {'x': 0.5, 'y': 1.6143}, {'x': 0.75, 'y': 1.7719}, {'x': 1.0, 'y': 1.7724}, {'x': 1.25, 'y': 1.6921}, {'x': 1.5, 'y': 1.5446}, {'x': 1.75, 'y': 1.3438}, {'x': 2.0, 'y': 1.1135}, {'x': 2.25, 'y': 0.8812}, {'x': 2.5, 'y': 0.6704}, {'x': 2.75, 'y': 0.4951}, {'x': 3.0, 'y': 0.3595}]}","{'formula': 'exp(sin(x))*sin(1/(x + 0.15))', 'latex': 'e^{\\sin{\\left(x \\right)}} \\sin{\\left(\\frac{1}{x + 0.15} \\right)}', 'properties': {'singularities': [], 'is_periodic': False, 'domain': 'Union(Interval.open(-oo, -0.150000000000000), Interval.open(-0.150000000000000, oo))'}}",manual_rich
MCM_313_68bf9544,"{'a': 3, 'b': 1, 'c': 3}","{'points': [{'x': -3.0, 'y': 5.916}, {'x': -2.75, 'y': 3.4039}, {'x': -2.5, 'y': 2.0431}, {'x': -2.25, 'y': 1.2985}, {'x': -2.0, 'y': 0.8852}, {'x': -1.75, 'y': 0.654}, {'x': -1.5, 'y': 0.5272}, {'x': -1.25, 'y': 0.4657}, {'x': -1.0, 'y': 0.4511}, {'x': -0.75, 'y': 0.4783}, {'x': -0.5, 'y': 0.5532}, {'x': -0.25, 'y': 0.6958}, {'x': 0.0, 'y': 0.9514}, {'x': 0.25, 'y': 1.1413}, {'x': 0.5, 'y': 1.4432}, {'x': 0.75, 'y': 1.8696}, {'x': 1.0, 'y': 2.4276}, {'x': 1.25, 'y': 3.1076}, {'x': 1.5, 'y': 3.8764}, {'x': 1.75, 'y': 4.6798}, {'x': 2.0, 'y': 5.4558}, {'x': 2.25, 'y': 6.1555}, {'x': 2.5, 'y': 6.7625}, {'x': 2.75, 'y': 7.3027}, {'x': 3.0, 'y': 7.8452}]}","{'formula': 'exp(sin(x))*gamma(Abs(x) + 1.1)', 'latex': 'e^{\\sin{\\left(x \\right)}} \\Gamma\\left(\\left|{x}\\right| + 1.1\\right)', 'properties': {'singularities': [], 'is_periodic': False, 'domain': 'Reals'}}",manual_rich
MCM_313_aa558087,"{'a': 3, 'b': 1, 'c': 3}","{'points': [{'x': -3.0, 'y': -0.3282}, {'x': -2.75, 'y': -0.3047}, {'x': -2.5, 'y': -0.29}, {'x': -2.25, 'y': -0.2861}, {'x': -2.0, 'y': -0.2955}, {'x': -1.75, 'y': -0.3217}, {'x': -1.5, 'y': -0.3707}, {'x': -1.25, 'y': -0.45}, {'x': -1.0, 'y': -0.5524}, {'x': -0.75, 'y': -0.4958}, {'x': -0.5, 'y': 0.6878}, {'x': -0.25, 'y': 0.7691}, {'x': 0.0, 'y': -0.1906}, {'x': 0.25, 'y': 1.1509}, {'x': 0.5, 'y': 1.3231}, {'x': 0.75, 'y': 1.3069}, {'x': 1.0, 'y': 1.2464}, {'x': 1.25, 'y': 1.1609}, {'x': 1.5, 'y': 1.053}, {'x': 1.75, 'y': 0.927}, {'x': 2.0, 'y': 0.7911}, {'x': 2.25, 'y': 0.6554}, {'x': 2.5, 'y': 0.5293}, {'x': 2.75, 'y': 0.4195}, {'x': 3.0, 'y': 0.3291}]}","{'formula': '2**sin(x)*sin(1/(x + 0.3))', 'latex': '2^{\\sin{\\left(x \\right)}} \\sin{\\left(\\frac{1}{x + 0.3} \\right)}', 'properties': {'singularities': [], 'is_periodic': False, 'domain': 'Union(Interval.open(-oo, -0.300000000000000), Interval.open(-0.300000000000000, oo))'}}",manual_rich
MCM_313_c009a54c,"{'a': 3, 'b': 1, 'c': 3}","{'points': [{'x': -3.0, 'y': 6.1778}, {'x': -2.75, 'y': 3.8268}, {'x': -2.5, 'y': 2.4549}, {'x': -2.25, 'y': 1.6487}, {'x': -2.0, 'y': 1.1701}, {'x': -1.75, 'y': 0.8845}, {'x': -1.5, 'y': 0.7161}, {'x': -1.25, 'y': 0.6232}, {'x': -1.0, 'y': 0.584}, {'x': -0.75, 'y': 0.5895}, {'x': -0.5, 'y': 0.6409}, {'x': -0.25, 'y': 0.7507}, {'x': 0.0, 'y': 0.9514}, {'x': 0.25, 'y': 1.0579}, {'x': 0.5, 'y': 1.2457}, {'x': 0.75, 'y': 1.5167}, {'x': 1.0, 'y': 1.8752}, {'x': 1.25, 'y': 2.3225}, {'x': 1.5, 'y': 2.8543}, {'x': 1.75, 'y': 3.4601}, {'x': 2.0, 'y': 4.1274}, {'x': 2.25, 'y': 4.8482}, {'x': 2.5, 'y': 5.628}, {'x': 2.75, 'y': 6.4956}, {'x': 3.0, 'y': 7.5127}]}","{'formula': '2**sin(x)*gamma(Abs(x) + 1.1)', 'latex': '2^{\\sin{\\left(x \\right)}} \\Gamma\\left(\\left|{x}\\right| + 1.1\\right)', 'properties': {'singularities': [], 'is_periodic': False, 'domain': 'Reals'}}",manual_rich
MCM_313_1b3d1b68,"{'a': 3, 'b': 1, 'c': 3}","{'points': [{'x': -3.0, 'y': -0.2386}, {'x': -2.75, 'y': -0.0893}, {'x': -2.5, 'y': 0.2032}, {'x': -2.25, 'y': 0.2828}, {'x': -2.0, 'y': 0.1357}, {'x': -1.75, 'y': -0.0875}, {'x': -1.5, 'y': -0.2745}, {'x': -1.25, 'y': -0.3935}, {'x': -1.0, 'y': -0.4582}, {'x': -0.75, 'y': -0.495}, {'x': -0.5, 'y': -0.5286}, {'x': -0.25, 'y': -0.579}, {'x': 0.0, 'y': -0.6639}, {'x': 0.25, 'y': -0.7922}, {'x': 0.5, 'y': -0.8992}, {'x': 0.75, 'y': -0.27}, {'x': 1.0, 'y': 0.5438}, {'x': 1.25, 'y': 0.3567}, {'x': 1.5, 'y': 0.4379}, {'x': 1.75, 'y': 0.2544}, {'x': 2.0, 'y': -0.3836}, {'x': 2.25, 'y': -0.7347}, {'x': 2.5, 'y': -0.4853}, {'x': 2.75, 'y': 0.198}, {'x': 3.0, 'y': 0.4962}]}","{'formula': 'sin(1/(x - 1.1))*sin(x**2 + cos(x))', 'latex': '\\sin{\\left(\\frac{1}{x - 1.1} \\right)} \\sin{\\left(x^{2} + \\cos{\\left(x \\right)} \\right)}', 'properties': {'singularities': [], 'is_periodic': False, 'domain': 'Union(Interval.open(-oo, 1.10000000000000), Interval.open(1.10000000000000, oo))'}}",manual_rich
MCM_313_84abe713,"{'a': 3, 'b': 1, 'c': 3}","{'points': [{'x': -3.0, 'y': 6.7299}, {'x': -2.75, 'y': 1.7331}, {'x': -2.5, 'y': -2.7537}, {'x': -2.25, 'y': -2.7186}, {'x': -2.0, 'y': -0.9405}, {'x': -1.75, 'y': 0.4452}, {'x': -1.5, 'y': 1.0461}, {'x': -1.25, 'y': 1.1468}, {'x': -1.0, 'y': 1.046}, {'x': -0.75, 'y': 0.9097}, {'x': -0.5, 'y': 0.8072}, {'x': -0.25, 'y': 0.7646}, {'x': 0.0, 'y': 0.8005}, {'x': 0.25, 'y': 0.7646}, {'x': 0.5, 'y': 0.8072}, {'x': 0.75, 'y': 0.9097}, {'x': 1.0, 'y': 1.046}, {'x': 1.25, 'y': 1.1468}, {'x': 1.5, 'y': 1.0461}, {'x': 1.75, 'y': 0.4452}, {'x': 2.0, 'y': -0.9405}, {'x': 2.25, 'y': -2.7186}, {'x': 2.5, 'y': -2.7537}, {'x': 2.75, 'y': 1.7331}, {'x': 3.0, 'y': 6.7299}]}","{'formula': 'sin(x**2 + cos(x))*gamma(Abs(x) + 1.1)', 'latex': '\\sin{\\left(x^{2} + \\cos{\\left(x \\right)} \\right)} \\Gamma\\left(\\left|{x}\\right| + 1.1\\right)', 'properties': {'singularities': [], 'is_periodic': False, 'domain': 'Reals'}}",manual_rich
MCM_320_41908c89,"{'a': 3, 'b': 2, 'c': 0}","{'points': [{'x': -3.0, 'y': 63.0}, {'x': -2.75, 'y': 42.0}, {'x': -2.5, 'y': 26.0}, {'x': -2.25, 'y': 15.0}, {'x': -2.0, 'y': 8.0}, {'x': -1.75, 'y': 3.0}, {'x': -1.5, 'y': 0.0}, {'x': -1.25, 'y': -1.0}, {'x': -1.0, 'y': -1.0}, {'x': -0.75, 'y': -1.0}, {'x': -0.5, 'y': -1.0}, {'x': -0.25, 'y': -1.0}, {'x': 0.0, 'y': 0.0}, {'x': 0.25, 'y': -1.0}, {'x': 0.5, 'y': -1.0}, {'x': 0.75, 'y': -1.0}, {'x': 1.0, 'y': -1.0}, {'x': 1.25, 'y': -1.0}, {'x': 1.5, 'y': 0.0}, {'x': 1.75, 'y': 3.0}, {'x': 2.0, 'y': 8.0}, {'x': 2.25, 'y': 15.0}, {'x': 2.5, 'y': 26.0}, {'x': 2.75, 'y': 42.0}, {'x': 3.0, 'y': 63.0}]}","{'formula': 'floor(x**2*(x**2 - 2))', 'latex': '\\left\\lfloor{x^{2} \\left(x^{2} - 2\\right)}\\right\\rfloor', 'properties': {'singularities': [], 'is_periodic': False, 'domain': 'Reals'}}",manual
MCM_320_e2d0c930,"{'a': 3, 'b': 2, 'c': 0}","{'points': [{'x': -3.0, 'y': -54.0}, {'x': -2.75, 'y': -36.3945}, {'x': -2.5, 'y': -23.4375}, {'x': -2.25, 'y': -14.2383}, {'x': -2.0, 'y': -8.0}, {'x': -1.75, 'y': -4.0195}, {'x': -1.5, 'y': -1.6875}, {'x': -1.25, 'y': -0.4883}, {'x': -1.0, 'y': 0.0}, {'x': -0.75, 'y': 0.1055}, {'x': -0.5, 'y': 0.0625}, {'x': -0.25, 'y': 0.0117}, {'x': 0.0, 'y': 0.0}, {'x': 0.25, 'y': 0.0195}, {'x': 0.5, 'y': 0.1875}, {'x': 0.75, 'y': 0.7383}, {'x': 1.0, 'y': 2.0}, {'x': 1.25, 'y': 4.3945}, {'x': 1.5, 'y': 8.4375}, {'x': 1.75, 'y': 14.7383}, {'x': 2.0, 'y': 24.0}, {'x': 2.25, 'y': 37.0195}, {'x': 2.5, 'y': 54.6875}, {'x': 2.75, 'y': 77.9883}, {'x': 3.0, 'y': 108.0}]}","{'formula': 'Piecewise((x**3*(x + 1), x > 0), (x**3*(-x - 1), True))', 'latex': '\\begin{cases} x^{3} \\left(x + 1\\right) & \\text{for}\\: x > 0 \\\\x^{3} \\left(- x - 1\\right) & \\text{otherwise} \\end{cases}', 'properties': {'singularities': [], 'is_periodic': False, 'domain': 'Reals'}}",manual
MCM_320_99ea0e25,"{'a': 3, 'b': 2, 'c': 0}","{'points': [{'x': -3.0, 'y': 0.4121}, {'x': -2.75, 'y': 0.9578}, {'x': -2.5, 'y': 0.0332}, {'x': -2.25, 'y': 0.9393}, {'x': -2.0, 'y': 0.7568}, {'x': -1.75, 'y': 0.079}, {'x': -1.5, 'y': 0.7781}, {'x': -1.25, 'y': 1.0}, {'x': -1.0, 'y': 0.8415}, {'x': -0.75, 'y': 0.5333}, {'x': -0.5, 'y': 0.2474}, {'x': -0.25, 'y': 0.0625}, {'x': 0.0, 'y': 0.0}, {'x': 0.25, 'y': 0.0625}, {'x': 0.5, 'y': 0.2474}, {'x': 0.75, 'y': 0.5333}, {'x': 1.0, 'y': 0.8415}, {'x': 1.25, 'y': 1.0}, {'x': 1.5, 'y': 0.7781}, {'x': 1.75, 'y': 0.079}, {'x': 2.0, 'y': 0.7568}, {'x': 2.25, 'y': 0.9393}, {'x': 2.5, 'y': 0.0332}, {'x': 2.75, 'y': 0.9578}, {'x': 3.0, 'y': 0.4121}]}","{'formula': 'Abs(sin(x**2))', 'latex': '\\left|{\\sin{\\left(x^{2} \\right)}}\\right|', 'properties': {'singularities': [], 'is_periodic': False, 'domain': 'Reals'}}",manual_rich
MCM_320_b385b0d0,"{'a': 3, 'b': 2, 'c': 0}","{'points': [{'x': -3.0, 'y': 1.0}, {'x': -2.75, 'y': 1.0}, {'x': -2.5, 'y': 1.0}, {'x': -2.25, 'y': 1.0}, {'x': -2.0, 'y': 1.0}, {'x': -1.75, 'y': 1.0}, {'x': -1.5, 'y': 1.0}, {'x': -1.25, 'y': 1.0}, {'x': -1.0, 'y': 1.0}, {'x': -0.75, 'y': 1.0}, {'x': -0.5, 'y': -1.0}, {'x': -0.25, 'y': -1.0}, {'x': 0.0, 'y': -1.0}, {'x': 0.25, 'y': -1.0}, {'x': 0.5, 'y': -1.0}, {'x': 0.75, 'y': 1.0}, {'x': 1.0, 'y': 1.0}, {'x': 1.25, 'y': 1.0}, {'x': 1.5, 'y': 1.0}, {'x': 1.75, 'y': 1.0}, {'x': 2.0, 'y': 1.0}, {'x': 2.25, 'y': 1.0}, {'x': 2.5, 'y': 1.0}, {'x': 2.75, 'y': 1.0}, {'x': 3.0, 'y': 1.0}]}","{'formula': 'sign(x**2 - 0.5)', 'latex': '\\operatorname{sign}{\\left(x^{2} - 0.5 \\right)}', 'properties': {'singularities': [], 'is_periodic': False, 'domain': 'Reals'}}",manual_rich
MCM_321_226ef322,"{'a': 3, 'b': 2, 'c': 1}","{'points': [{'x': -3.0, 'y': 0.9859}, {'x': -2.75, 'y': -0.4}, {'x': -2.5, 'y': 0.6469}, {'x': -2.25, 'y': -0.7597}, {'x': -2.0, 'y': -0.1455}, {'x': -1.75, 'y': -0.99}, {'x': -1.5, 'y': 1.0}, {'x': -1.25, 'y': 0.5403}, {'x': -1.0, 'y': 0.5403}, {'x': -0.75, 'y': 0.5403}, {'x': -0.5, 'y': 0.5403}, {'x': -0.25, 'y': 0.5403}, {'x': 0.0, 'y': 1.0}, {'x': 0.25, 'y': 0.5403}, {'x': 0.5, 'y': 0.5403}, {'x': 0.75, 'y': 0.5403}, {'x': 1.0, 'y': 0.5403}, {'x': 1.25, 'y': 0.5403}, {'x': 1.5, 'y': 1.0}, {'x': 1.75, 'y': -0.99}, {'x': 2.0, 'y': -0.1455}, {'x': 2.25, 'y': -0.7597}, {'x': 2.5, 'y': 0.6469}, {'x': 2.75, 'y': -0.4}, {'x': 3.0, 'y': 0.9859}]}","{'formula': 'cos(floor(x**2*(x**2 - 2)))', 'latex': '\\cos{\\left(\\left\\lfloor{x^{2} \\left(x^{2} - 2\\right)}\\right\\rfloor \\right)}', 'properties': {'singularities': [], 'is_periodic': False, 'domain': 'Reals'}}",manual
MCM_321_6a5a7e8b,"{'a': 3, 'b': 2, 'c': 1}","{'points': [{'x': -3.0, 'y': 0.4006}, {'x': -2.75, 'y': 0.8179}, {'x': -2.5, 'y': 0.0332}, {'x': -2.25, 'y': 0.8072}, {'x': -2.0, 'y': 0.6866}, {'x': -1.75, 'y': 0.0789}, {'x': -1.5, 'y': 0.7019}, {'x': -1.25, 'y': 0.8415}, {'x': -1.0, 'y': 0.7456}, {'x': -0.75, 'y': 0.5084}, {'x': -0.5, 'y': 0.2449}, {'x': -0.25, 'y': 0.0624}, {'x': 0.0, 'y': 0.0}, {'x': 0.25, 'y': 0.0624}, {'x': 0.5, 'y': 0.2449}, {'x': 0.75, 'y': 0.5084}, {'x': 1.0, 'y': 0.7456}, {'x': 1.25, 'y': 0.8415}, {'x': 1.5, 'y': 0.7019}, {'x': 1.75, 'y': 0.0789}, {'x': 2.0, 'y': 0.6866}, {'x': 2.25, 'y': 0.8072}, {'x': 2.5, 'y': 0.0332}, {'x': 2.75, 'y': 0.8179}, {'x': 3.0, 'y': 0.4006}]}","{'formula': 'sin(Abs(sin(x**2)))', 'latex': '\\sin{\\left(\\left|{\\sin{\\left(x^{2} \\right)}}\\right| \\right)}', 'properties': {'singularities': [], 'is_periodic': False, 'domain': 'Reals'}}",manual_rich
MCM_321_7a6e2ff2,"{'a': 3, 'b': 2, 'c': 1}","{'points': [{'x': -3.0, 'y': 0.9163}, {'x': -2.75, 'y': 0.5753}, {'x': -2.5, 'y': 0.9994}, {'x': -2.25, 'y': 0.5903}, {'x': -2.0, 'y': 0.727}, {'x': -1.75, 'y': 0.9969}, {'x': -1.5, 'y': 0.7123}, {'x': -1.25, 'y': 0.5403}, {'x': -1.0, 'y': 0.6664}, {'x': -0.75, 'y': 0.8611}, {'x': -0.5, 'y': 0.9696}, {'x': -0.25, 'y': 0.9981}, {'x': 0.0, 'y': 1.0}, {'x': 0.25, 'y': 0.9981}, {'x': 0.5, 'y': 0.9696}, {'x': 0.75, 'y': 0.8611}, {'x': 1.0, 'y': 0.6664}, {'x': 1.25, 'y': 0.5403}, {'x': 1.5, 'y': 0.7123}, {'x': 1.75, 'y': 0.9969}, {'x': 2.0, 'y': 0.727}, {'x': 2.25, 'y': 0.5903}, {'x': 2.5, 'y': 0.9994}, {'x': 2.75, 'y': 0.5753}, {'x': 3.0, 'y': 0.9163}]}","{'formula': 'cos(Abs(sin(x**2)))', 'latex': '\\cos{\\left(\\left|{\\sin{\\left(x^{2} \\right)}}\\right| \\right)}', 'properties': {'singularities': [], 'is_periodic': False, 'domain': 'Reals'}}",manual_rich
MCM_321_9b1da1ee,"{'a': 3, 'b': 2, 'c': 1}","{'points': [{'x': -3.0, 'y': 0.8415}, {'x': -2.75, 'y': 0.8415}, {'x': -2.5, 'y': 0.8415}, {'x': -2.25, 'y': 0.8415}, {'x': -2.0, 'y': 0.8415}, {'x': -1.75, 'y': 0.8415}, {'x': -1.5, 'y': 0.8415}, {'x': -1.25, 'y': 0.8415}, {'x': -1.0, 'y': 0.8415}, {'x': -0.75, 'y': 0.8415}, {'x': -0.5, 'y': -0.8415}, {'x': -0.25, 'y': -0.8415}, {'x': 0.0, 'y': -0.8415}, {'x': 0.25, 'y': -0.8415}, {'x': 0.5, 'y': -0.8415}, {'x': 0.75, 'y': 0.8415}, {'x': 1.0, 'y': 0.8415}, {'x': 1.25, 'y': 0.8415}, {'x': 1.5, 'y': 0.8415}, {'x': 1.75, 'y': 0.8415}, {'x': 2.0, 'y': 0.8415}, {'x': 2.25, 'y': 0.8415}, {'x': 2.5, 'y': 0.8415}, {'x': 2.75, 'y': 0.8415}, {'x': 3.0, 'y': 0.8415}]}","{'formula': 'sin(sign(x**2 - 0.5))', 'latex': '\\sin{\\left(\\operatorname{sign}{\\left(x^{2} - 0.5 \\right)} \\right)}', 'properties': {'singularities': [], 'is_periodic': False, 'domain': 'Reals'}}",manual_rich
MCM_321_953460f0,"{'a': 3, 'b': 2, 'c': 1}","{'points': [{'x': -3.0, 'y': 0.5403}, {'x': -2.75, 'y': 0.5403}, {'x': -2.5, 'y': 0.5403}, {'x': -2.25, 'y': 0.5403}, {'x': -2.0, 'y': 0.5403}, {'x': -1.75, 'y': 0.5403}, {'x': -1.5, 'y': 0.5403}, {'x': -1.25, 'y': 0.5403}, {'x': -1.0, 'y': 0.5403}, {'x': -0.75, 'y': 0.5403}, {'x': -0.5, 'y': 0.5403}, {'x': -0.25, 'y': 0.5403}, {'x': 0.0, 'y': 0.5403}, {'x': 0.25, 'y': 0.5403}, {'x': 0.5, 'y': 0.5403}, {'x': 0.75, 'y': 0.5403}, {'x': 1.0, 'y': 0.5403}, {'x': 1.25, 'y': 0.5403}, {'x': 1.5, 'y': 0.5403}, {'x': 1.75, 'y': 0.5403}, {'x': 2.0, 'y': 0.5403}, {'x': 2.25, 'y': 0.5403}, {'x': 2.5, 'y': 0.5403}, {'x': 2.75, 'y': 0.5403}, {'x': 3.0, 'y': 0.5403}]}","{'formula': 'cos(sign(x**2 - 0.5))', 'latex': '\\cos{\\left(\\operatorname{sign}{\\left(x^{2} - 0.5 \\right)} \\right)}', 'properties': {'singularities': [], 'is_periodic': False, 'domain': 'Reals'}}",manual_rich
MCM_322_456a3c72,"{'a': 3, 'b': 2, 'c': 2}","{'points': [{'x': -3.0, 'y': -22.5}, {'x': -2.75, 'y': -16.4706}, {'x': -2.5, 'y': -11.3043}, {'x': -2.25, 'y': -7.3171}, {'x': -2.0, 'y': -4.4444}, {'x': -1.75, 'y': -1.9355}, {'x': -1.5, 'y': 0.0}, {'x': -1.25, 'y': 0.9524}, {'x': -1.0, 'y': 1.25}, {'x': -0.75, 'y': 1.8182}, {'x': -0.5, 'y': 3.3333}, {'x': -0.25, 'y': 20.0}, {'x': 0.0, 'y': 0.0}, {'x': 0.25, 'y': -2.2222}, {'x': 0.5, 'y': -1.4286}, {'x': 0.75, 'y': -1.0526}, {'x': 1.0, 'y': -0.8333}, {'x': 1.25, 'y': -0.6897}, {'x': 1.5, 'y': 0.0}, {'x': 1.75, 'y': 1.5385}, {'x': 2.0, 'y': 3.6364}, {'x': 2.25, 'y': 6.1224}, {'x': 2.5, 'y': 9.6296}, {'x': 2.75, 'y': 14.2373}, {'x': 3.0, 'y': 19.6875}]}","{'formula': 'floor(x**2*(x**2 - 2))/(x + 0.2)', 'latex': '\\frac{\\left\\lfloor{x^{2} \\left(x^{2} - 2\\right)}\\right\\rfloor}{x + 0.2}', 'properties': {'singularities': [], 'is_periodic': False, 'domain': 'Reals'}}",manual
MCM_322_ee822270,"{'a': 3, 'b': 2, 'c': 2}","{'points': [{'x': -3.0, 'y': 13.1707}, {'x': -2.75, 'y': 9.4531}, {'x': -2.5, 'y': 6.5104}, {'x': -2.25, 'y': 4.2502}, {'x': -2.0, 'y': 2.5806}, {'x': -1.75, 'y': 1.4104}, {'x': -1.5, 'y': 0.649}, {'x': -1.25, 'y': 0.2078}, {'x': -1.0, 'y': 0.0}, {'x': -0.75, 'y': -0.057}, {'x': -0.5, 'y': -0.0391}, {'x': -0.25, 'y': -0.0087}, {'x': 0.0, 'y': 0.0}, {'x': 0.25, 'y': -0.023}, {'x': 0.5, 'y': -0.3125}, {'x': 0.75, 'y': -2.1094}, {'x': 1.0, 'y': -20.0}, {'x': 1.25, 'y': 29.2969}, {'x': 1.5, 'y': 21.0938}, {'x': 1.75, 'y': 22.6743}, {'x': 2.0, 'y': 26.6667}, {'x': 2.25, 'y': 32.1909}, {'x': 2.5, 'y': 39.0625}, {'x': 2.75, 'y': 47.2656}, {'x': 3.0, 'y': 56.8421}]}","{'formula': 'Piecewise((x**3*(x + 1)/(x - 1.1), x > 0), (x**3*(-x - 1)/(x - 1.1), True))', 'latex': '\\begin{cases} \\frac{x^{3} \\left(x + 1\\right)}{x - 1.1} & \\text{for}\\: x > 0 \\\\\\frac{x^{3} \\left(- x - 1\\right)}{x - 1.1} & \\text{otherwise} \\end{cases}', 'properties': {'singularities': [], 'is_periodic': False, 'domain': 'Reals'}}",manual
MCM_322_151f283c,"{'a': 3, 'b': 2, 'c': 2}","{'points': [{'x': -3.0, 'y': -0.1329}, {'x': -2.75, 'y': -0.3361}, {'x': -2.5, 'y': -0.0128}, {'x': -2.25, 'y': -0.3997}, {'x': -2.0, 'y': -0.3604}, {'x': -1.75, 'y': -0.0427}, {'x': -1.5, 'y': -0.4863}, {'x': -1.25, 'y': -0.7407}, {'x': -1.0, 'y': -0.765}, {'x': -0.75, 'y': -0.6274}, {'x': -0.5, 'y': -0.4123}, {'x': -0.25, 'y': -0.1785}, {'x': 0.0, 'y': 0.0}, {'x': 0.25, 'y': 0.4164}, {'x': 0.5, 'y': 0.6185}, {'x': 0.75, 'y': 0.8205}, {'x': 1.0, 'y': 0.935}, {'x': 1.25, 'y': 0.8695}, {'x': 1.5, 'y': 0.5558}, {'x': 1.75, 'y': 0.0479}, {'x': 2.0, 'y': 0.3983}, {'x': 2.25, 'y': 0.4369}, {'x': 2.5, 'y': 0.0138}, {'x': 2.75, 'y': 0.3614}, {'x': 3.0, 'y': 0.1421}]}","{'formula': 'Abs(sin(x**2))/(x - 0.1)', 'latex': '\\frac{\\left|{\\sin{\\left(x^{2} \\right)}}\\right|}{x - 0.1}', 'properties': {'singularities': [], 'is_periodic': False, 'domain': 'Union(Interval.open(-oo, 0.100000000000000), Interval.open(0.100000000000000, oo))'}}",manual_rich
MCM_322_282cc074,"{'a': 3, 'b': 2, 'c': 2}","{'points': [{'x': -3.0, 'y': -0.3125}, {'x': -2.75, 'y': -0.339}, {'x': -2.5, 'y': -0.3704}, {'x': -2.25, 'y': -0.4082}, {'x': -2.0, 'y': -0.4545}, {'x': -1.75, 'y': -0.5128}, {'x': -1.5, 'y': -0.5882}, {'x': -1.25, 'y': -0.6897}, {'x': -1.0, 'y': -0.8333}, {'x': -0.75, 'y': -1.0526}, {'x': -0.5, 'y': 1.4286}, {'x': -0.25, 'y': 2.2222}, {'x': 0.0, 'y': 5.0}, {'x': 0.25, 'y': -20.0}, {'x': 0.5, 'y': -3.3333}, {'x': 0.75, 'y': 1.8182}, {'x': 1.0, 'y': 1.25}, {'x': 1.25, 'y': 0.9524}, {'x': 1.5, 'y': 0.7692}, {'x': 1.75, 'y': 0.6452}, {'x': 2.0, 'y': 0.5556}, {'x': 2.25, 'y': 0.4878}, {'x': 2.5, 'y': 0.4348}, {'x': 2.75, 'y': 0.3922}, {'x': 3.0, 'y': 0.3571}]}","{'formula': 'sign(x**2 - 0.5)/(x - 0.2)', 'latex': '\\frac{\\operatorname{sign}{\\left(x^{2} - 0.5 \\right)}}{x - 0.2}', 'properties': {'singularities': [], 'is_periodic': False, 'domain': 'Reals'}}",manual_rich
MCM_323_5ae7ec87,"{'a': 3, 'b': 2, 'c': 3}","{'points': [{'x': -3.0, 'y': 1265.3888}, {'x': -2.75, 'y': 656.9905}, {'x': -2.5, 'y': 316.7448}, {'x': -2.25, 'y': 142.316}, {'x': -2.0, 'y': 59.1124}, {'x': -1.75, 'y': 17.2638}, {'x': -1.5, 'y': 0.0}, {'x': -1.25, 'y': -3.4903}, {'x': -1.0, 'y': -2.7183}, {'x': -0.75, 'y': -2.117}, {'x': -0.5, 'y': -1.6487}, {'x': -0.25, 'y': -1.284}, {'x': 0.0, 'y': 0.0}, {'x': 0.25, 'y': -1.284}, {'x': 0.5, 'y': -1.6487}, {'x': 0.75, 'y': -2.117}, {'x': 1.0, 'y': -2.7183}, {'x': 1.25, 'y': -3.4903}, {'x': 1.5, 'y': 0.0}, {'x': 1.75, 'y': 17.2638}, {'x': 2.0, 'y': 59.1124}, {'x': 2.25, 'y': 142.316}, {'x': 2.5, 'y': 316.7448}, {'x': 2.75, 'y': 656.9905}, {'x': 3.0, 'y': 1265.3888}]}","{'formula': 'exp(Abs(x))*floor(x**2*(x**2 - 2))', 'latex': 'e^{\\left|{x}\\right|} \\left\\lfloor{x^{2} \\left(x^{2} - 2\\right)}\\right\\rfloor', 'properties': {'singularities': [], 'is_periodic': False, 'domain': 'Reals'}}",manual
MCM_323_c64646ca,"{'a': 3, 'b': 2, 'c': 3}","{'points': [{'x': -3.0, 'y': -241.5098}, {'x': -2.75, 'y': -155.8438}, {'x': -2.5, 'y': -96.2854}, {'x': -2.25, 'y': -56.3608}, {'x': -2.0, 'y': -30.7689}, {'x': -1.75, 'y': -15.2638}, {'x': -1.5, 'y': -6.54}, {'x': -1.25, 'y': -2.1209}, {'x': -1.0, 'y': -1.0}, {'x': -0.75, 'y': 0.5613}, {'x': -0.5, 'y': 0.7266}, {'x': -0.25, 'y': 0.6401}, {'x': 0.0, 'y': 0.0}, {'x': 0.25, 'y': 0.6756}, {'x': 0.5, 'y': 0.8771}, {'x': 0.75, 'y': 1.2074}, {'x': 1.0, 'y': 2.0718}, {'x': 1.25, 'y': 4.2113}, {'x': 1.5, 'y': 8.8315}, {'x': 1.75, 'y': 17.7218}, {'x': 2.0, 'y': 33.3741}, {'x': 2.25, 'y': 59.1}, {'x': 2.5, 'y': 99.1483}, {'x': 2.75, 'y': 158.8223}, {'x': 3.0, 'y': 244.5971}]}","{'formula': 'x**5 + Abs(x**0.3*(x + 1)**0.1)', 'latex': 'x^{5} + \\left|{x^{0.3} \\left(x + 1\\right)^{0.1}}\\right|', 'properties': {'singularities': [], 'is_periodic': False, 'domain': 'Interval(0, oo)'}}",manual
MCM_323_a0cfd89d,"{'a': 3, 'b': 2, 'c': 3}","{'points': [{'x': -3.0, 'y': -0.1267}, {'x': -2.75, 'y': -0.3185}, {'x': -2.5, 'y': -0.012}, {'x': -2.25, 'y': -0.3728}, {'x': -2.0, 'y': -0.3323}, {'x': -1.75, 'y': -0.0388}, {'x': -1.5, 'y': -0.4317}, {'x': -1.25, 'y': -0.6362}, {'x': -1.0, 'y': -0.6228}, {'x': -0.75, 'y': -0.4633}, {'x': -0.5, 'y': -0.2449}, {'x': -0.25, 'y': -0.0497}, {'x': 0.0, 'y': 0.0}, {'x': 0.25, 'y': 0.057}, {'x': 0.5, 'y': -0.0471}, {'x': 0.75, 'y': 0.5171}, {'x': 1.0, 'y': 0.7985}, {'x': 1.25, 'y': 0.8148}, {'x': 1.5, 'y': 0.5412}, {'x': 1.75, 'y': 0.0475}, {'x': 2.0, 'y': 0.3991}, {'x': 2.25, 'y': 0.4403}, {'x': 2.5, 'y': 0.014}, {'x': 2.75, 'y': 0.3661}, {'x': 3.0, 'y': 0.1441}]}","{'formula': 'sin(1/(x - 0.2))*Abs(sin(x**2))', 'latex': '\\sin{\\left(\\frac{1}{x - 0.2} \\right)} \\left|{\\sin{\\left(x^{2} \\right)}}\\right|', 'properties': {'singularities': [], 'is_periodic': False, 'domain': 'Union(Interval.open(-oo, 0.200000000000000), Interval.open(0.200000000000000, oo))'}}",manual_rich
MCM_323_32c8dd4b,"{'a': 3, 'b': 2, 'c': 3}","{'points': [{'x': -3.0, 'y': 2.8076}, {'x': -2.75, 'y': 4.7754}, {'x': -2.5, 'y': 0.1233}, {'x': -2.25, 'y': 2.6557}, {'x': -2.0, 'y': 1.6632}, {'x': -1.75, 'y': 0.1382}, {'x': -1.5, 'y': 1.1124}, {'x': -1.25, 'y': 1.203}, {'x': -1.0, 'y': 0.8806}, {'x': -0.75, 'y': 0.5043}, {'x': -0.5, 'y': 0.2211}, {'x': -0.25, 'y': 0.0557}, {'x': 0.0, 'y': 0.0}, {'x': 0.25, 'y': 0.0557}, {'x': 0.5, 'y': 0.2211}, {'x': 0.75, 'y': 0.5043}, {'x': 1.0, 'y': 0.8806}, {'x': 1.25, 'y': 1.203}, {'x': 1.5, 'y': 1.1124}, {'x': 1.75, 'y': 0.1382}, {'x': 2.0, 'y': 1.6632}, {'x': 2.25, 'y': 2.6557}, {'x': 2.5, 'y': 0.1233}, {'x': 2.75, 'y': 4.7754}, {'x': 3.0, 'y': 2.8076}]}","{'formula': 'Abs(sin(x**2))*gamma(Abs(x) + 1.1)', 'latex': '\\left|{\\sin{\\left(x^{2} \\right)}}\\right| \\Gamma\\left(\\left|{x}\\right| + 1.1\\right)', 'properties': {'singularities': [], 'is_periodic': False, 'domain': 'Reals'}}",manual_rich
MCM_323_6712d4b8,"{'a': 3, 'b': 2, 'c': 3}","{'points': [{'x': -3.0, 'y': -0.3437}, {'x': -2.75, 'y': -0.3752}, {'x': -2.5, 'y': -0.4128}, {'x': -2.25, 'y': -0.4584}, {'x': -2.0, 'y': -0.5146}, {'x': -1.75, 'y': -0.5851}, {'x': -1.5, 'y': -0.6748}, {'x': -1.25, 'y': -0.7889}, {'x': -1.0, 'y': -0.9233}, {'x': -0.75, 'y': -0.9954}, {'x': -0.5, 'y': 0.2806}, {'x': -0.25, 'y': -0.544}, {'x': 0.0, 'y': -0.3742}, {'x': 0.25, 'y': -0.5985}, {'x': 0.5, 'y': -0.9995}, {'x': 0.75, 'y': 0.8962}, {'x': 1.0, 'y': 0.764}, {'x': 1.25, 'y': 0.6551}, {'x': 1.5, 'y': 0.5696}, {'x': 1.75, 'y': 0.5024}, {'x': 2.0, 'y': 0.4485}, {'x': 2.25, 'y': 0.4047}, {'x': 2.5, 'y': 0.3685}, {'x': 2.75, 'y': 0.338}, {'x': 3.0, 'y': 0.3122}]}","{'formula': 'sin(1/(x + 0.15))*sign(x**2 - 0.5)', 'latex': '\\sin{\\left(\\frac{1}{x + 0.15} \\right)} \\operatorname{sign}{\\left(x^{2} - 0.5 \\right)}', 'properties': {'singularities': [], 'is_periodic': False, 'domain': 'Reals'}}",manual_rich
MCM_323_996e73be,"{'a': 3, 'b': 2, 'c': 3}","{'points': [{'x': -3.0, 'y': 6.8126}, {'x': -2.75, 'y': 4.9857}, {'x': -2.5, 'y': 3.717}, {'x': -2.25, 'y': 2.8272}, {'x': -2.0, 'y': 2.1976}, {'x': -1.75, 'y': 1.7494}, {'x': -1.5, 'y': 1.4296}, {'x': -1.25, 'y': 1.2031}, {'x': -1.0, 'y': 1.0465}, {'x': -0.75, 'y': 0.9456}, {'x': -0.5, 'y': -0.8935}, {'x': -0.25, 'y': -0.8912}, {'x': 0.0, 'y': -0.9514}, {'x': 0.25, 'y': -0.8912}, {'x': 0.5, 'y': -0.8935}, {'x': 0.75, 'y': 0.9456}, {'x': 1.0, 'y': 1.0465}, {'x': 1.25, 'y': 1.2031}, {'x': 1.5, 'y': 1.4296}, {'x': 1.75, 'y': 1.7494}, {'x': 2.0, 'y': 2.1976}, {'x': 2.25, 'y': 2.8272}, {'x': 2.5, 'y': 3.717}, {'x': 2.75, 'y': 4.9857}, {'x': 3.0, 'y': 6.8126}]}","{'formula': 'gamma(Abs(x) + 1.1)*sign(x**2 - 0.5)', 'latex': '\\Gamma\\left(\\left|{x}\\right| + 1.1\\right) \\operatorname{sign}{\\left(x^{2} - 0.5 \\right)}', 'properties': {'singularities': [], 'is_periodic': False, 'domain': 'Reals'}}",manual_rich
MCM_330_b4038bdf,"{'a': 3, 'b': 3, 'c': 0}","{'points': [{'x': -3.0, 'y': 1.0}, {'x': -2.75, 'y': 1.0}, {'x': -2.5, 'y': 1.0}, {'x': -2.25, 'y': 1.0}, {'x': -2.0, 'y': 1.0}, {'x': -1.75, 'y': 1.0}, {'x': -1.5, 'y': 1.0}, {'x': -1.25, 'y': 0.9994}, {'x': -1.0, 'y': 0.8427}, {'x': -0.75, 'y': 0.3455}, {'x': -0.5, 'y': 0.0704}, {'x': -0.25, 'y': 0.0044}, {'x': 0.0, 'y': 0.0}, {'x': 0.25, 'y': 0.0044}, {'x': 0.5, 'y': 0.0704}, {'x': 0.75, 'y': 0.3455}, {'x': 1.0, 'y': 0.8427}, {'x': 1.25, 'y': 0.9994}, {'x': 1.5, 'y': 1.0}, {'x': 1.75, 'y': 1.0}, {'x': 2.0, 'y': 1.0}, {'x': 2.25, 'y': 1.0}, {'x': 2.5, 'y': 1.0}, {'x': 2.75, 'y': 1.0}, {'x': 3.0, 'y': 1.0}]}","{'formula': 'erf(x**4)', 'latex': '\\operatorname{erf}{\\left(x^{4} \\right)}', 'properties': {'singularities': [], 'is_periodic': False, 'domain': 'Reals'}}",manual
MCM_330_c2063444,"{'a': 3, 'b': 3, 'c': 0}","{'points': [{'x': -3.0, 'y': -0.1065}, {'x': -2.75, 'y': -0.066}, {'x': -2.5, 'y': -0.1306}, {'x': -2.25, 'y': 0.1351}, {'x': -2.0, 'y': 0.1717}, {'x': -1.75, 'y': -0.3958}, {'x': -1.5, 'y': 0.4052}, {'x': -1.25, 'y': 0.9413}, {'x': -1.0, 'y': 1.0}, {'x': -0.75, 'y': 0.9972}, {'x': -0.5, 'y': 0.999}, {'x': -0.25, 'y': 1.0}, {'x': 0.0, 'y': 1.0}, {'x': 0.25, 'y': 0.9999}, {'x': 0.5, 'y': 0.9912}, {'x': 0.75, 'y': 0.8683}, {'x': 1.0, 'y': 0.2239}, {'x': 1.25, 'y': -0.3434}, {'x': 1.5, 'y': 0.059}, {'x': 1.75, 'y': 0.0398}, {'x': 2.0, 'y': -0.0562}, {'x': 2.25, 'y': 0.0134}, {'x': 2.5, 'y': -0.0951}, {'x': 2.75, 'y': -0.0208}, {'x': 3.0, 'y': 0.0707}]}","{'formula': 'besselj(0, Abs(x**4 + x**3))', 'latex': 'J_{0}\\left(\\left|{x^{4} + x^{3}}\\right|\\right)', 'properties': {'singularities': [], 'is_periodic': True, 'domain': 'Reals', 'period_value': '0'}}",manual
MCM_330_16d788dc,"{'a': 3, 'b': 3, 'c': 0}","{'points': [{'x': -3.0, 'y': 0.9083}, {'x': -2.75, 'y': 0.8858}, {'x': -2.5, 'y': 0.9084}, {'x': -2.25, 'y': 0.9544}, {'x': -2.0, 'y': 1.004}, {'x': -1.75, 'y': 1.0385}, {'x': -1.5, 'y': 1.0452}, {'x': -1.25, 'y': 1.0217}, {'x': -1.0, 'y': 0.9767}, {'x': -0.75, 'y': 0.9266}, {'x': -0.5, 'y': 0.8914}, {'x': -0.25, 'y': 0.8914}, {'x': 0.0, 'y': 0.9514}, {'x': 0.25, 'y': 0.8914}, {'x': 0.5, 'y': 0.8914}, {'x': 0.75, 'y': 0.9266}, {'x': 1.0, 'y': 0.9767}, {'x': 1.25, 'y': 1.0217}, {'x': 1.5, 'y': 1.0452}, {'x': 1.75, 'y': 1.0385}, {'x': 2.0, 'y': 1.004}, {'x': 2.25, 'y': 0.9544}, {'x': 2.5, 'y': 0.9084}, {'x': 2.75, 'y': 0.8858}, {'x': 3.0, 'y': 0.9083}]}","{'formula': 'gamma(Abs(sin(x)) + 1.1)', 'latex': '\\Gamma\\left(\\left|{\\sin{\\left(x \\right)}}\\right| + 1.1\\right)', 'properties': {'singularities': [], 'is_periodic': True, 'domain': 'Reals', 'period_value': '2*pi'}}",manual_rich
MCM_330_4481d669,"{'a': 3, 'b': 3, 'c': 0}","{'points': [{'x': -3.0, 'y': -0.2459}, {'x': -2.75, 'y': 0.0249}, {'x': -2.5, 'y': 0.292}, {'x': -2.25, 'y': 0.1675}, {'x': -2.0, 'y': -0.1776}, {'x': -1.75, 'y': -0.3923}, {'x': -1.5, 'y': -0.3328}, {'x': -1.25, 'y': -0.079}, {'x': -1.0, 'y': 0.2239}, {'x': -0.75, 'y': 0.4767}, {'x': -0.5, 'y': 0.6459}, {'x': -0.25, 'y': 0.7371}, {'x': 0.0, 'y': 0.7652}, {'x': 0.25, 'y': 0.7371}, {'x': 0.5, 'y': 0.6459}, {'x': 0.75, 'y': 0.4767}, {'x': 1.0, 'y': 0.2239}, {'x': 1.25, 'y': -0.079}, {'x': 1.5, 'y': -0.3328}, {'x': 1.75, 'y': -0.3923}, {'x': 2.0, 'y': -0.1776}, {'x': 2.25, 'y': 0.1675}, {'x': 2.5, 'y': 0.292}, {'x': 2.75, 'y': 0.0249}, {'x': 3.0, 'y': -0.2459}]}","{'formula': 'besselj(0, x**2 + 1)', 'latex': 'J_{0}\\left(x^{2} + 1\\right)', 'properties': {'singularities': [], 'is_periodic': True, 'domain': 'Reals', 'period_value': '0'}}",manual_rich
MCM_330_e9cc7290,"{'a': 3, 'b': 3, 'c': 0}","{'points': [{'x': -3.0, 'y': -0.1582}, {'x': -2.75, 'y': -0.4106}, {'x': -2.5, 'y': -0.6027}, {'x': -2.25, 'y': -0.7288}, {'x': -2.0, 'y': -0.8015}, {'x': -1.75, 'y': -0.8359}, {'x': -1.5, 'y': -0.8417}, {'x': -1.25, 'y': -0.8204}, {'x': -1.0, 'y': -0.766}, {'x': -0.75, 'y': -0.6649}, {'x': -0.5, 'y': -0.5022}, {'x': -0.25, 'y': -0.2736}, {'x': 0.0, 'y': 0.0}, {'x': 0.25, 'y': 0.2736}, {'x': 0.5, 'y': 0.5022}, {'x': 0.75, 'y': 0.6649}, {'x': 1.0, 'y': 0.766}, {'x': 1.25, 'y': 0.8204}, {'x': 1.5, 'y': 0.8417}, {'x': 1.75, 'y': 0.8359}, {'x': 2.0, 'y': 0.8015}, {'x': 2.25, 'y': 0.7288}, {'x': 2.5, 'y': 0.6027}, {'x': 2.75, 'y': 0.4106}, {'x': 3.0, 'y': 0.1582}]}","{'formula': 'erf(sin(x))', 'latex': '\\operatorname{erf}{\\left(\\sin{\\left(x \\right)} \\right)}', 'properties': {'singularities': [], 'is_periodic': True, 'domain': 'Reals', 'period_value': '2*pi'}}",manual_rich
MCM_331_3b20c3fd,"{'a': 3, 'b': 3, 'c': 1}","{'points': [{'x': -3.0, 'y': 0.8415}, {'x': -2.75, 'y': 0.8415}, {'x': -2.5, 'y': 0.8415}, {'x': -2.25, 'y': 0.8415}, {'x': -2.0, 'y': 0.8415}, {'x': -1.75, 'y': 0.8415}, {'x': -1.5, 'y': 0.8415}, {'x': -1.25, 'y': 0.8412}, {'x': -1.0, 'y': 0.7464}, {'x': -0.75, 'y': 0.3386}, {'x': -0.5, 'y': 0.0704}, {'x': -0.25, 'y': 0.0044}, {'x': 0.0, 'y': 0.0}, {'x': 0.25, 'y': 0.0044}, {'x': 0.5, 'y': 0.0704}, {'x': 0.75, 'y': 0.3386}, {'x': 1.0, 'y': 0.7464}, {'x': 1.25, 'y': 0.8412}, {'x': 1.5, 'y': 0.8415}, {'x': 1.75, 'y': 0.8415}, {'x': 2.0, 'y': 0.8415}, {'x': 2.25, 'y': 0.8415}, {'x': 2.5, 'y': 0.8415}, {'x': 2.75, 'y': 0.8415}, {'x': 3.0, 'y': 0.8415}]}","{'formula': 'sin(erf(x**4))', 'latex': '\\sin{\\left(\\operatorname{erf}{\\left(x^{4} \\right)} \\right)}', 'properties': {'singularities': [], 'is_periodic': False, 'domain': 'Reals'}}",manual
MCM_331_bc595ba3,"{'a': 3, 'b': 3, 'c': 1}","{'points': [{'x': -3.0, 'y': 0.5395}, {'x': -2.75, 'y': 0.9662}, {'x': -2.5, 'y': 0.6908}, {'x': -2.25, 'y': -0.9783}, {'x': -2.0, 'y': 0.9956}, {'x': -1.75, 'y': -0.5633}, {'x': -1.5, 'y': 0.5165}, {'x': -1.25, 'y': 0.4606}, {'x': -1.0, 'y': 0.2391}, {'x': -0.75, 'y': 0.3876}, {'x': -0.5, 'y': 0.561}, {'x': -0.25, 'y': 0.6247}, {'x': 0.0, 'y': 0.6323}, {'x': 0.25, 'y': 0.6247}, {'x': 0.5, 'y': 0.561}, {'x': 0.75, 'y': 0.3876}, {'x': 1.0, 'y': 0.2391}, {'x': 1.25, 'y': 0.4606}, {'x': 1.5, 'y': 0.5165}, {'x': 1.75, 'y': -0.5633}, {'x': 2.0, 'y': 0.9956}, {'x': 2.25, 'y': -0.9783}, {'x': 2.5, 'y': 0.6908}, {'x': 2.75, 'y': 0.9662}, {'x': 3.0, 'y': 0.5395}]}","{'formula': 'cos(gamma(x**2*Abs(x**2 - 2) + 1.5))', 'latex': '\\cos{\\left(\\Gamma\\left(x^{2} \\left|{x^{2} - 2}\\right| + 1.5\\right) \\right)}', 'properties': {'singularities': [], 'is_periodic': False, 'domain': 'Reals'}}",manual
MCM_331_79c7edea,"{'a': 3, 'b': 3, 'c': 1}","{'points': [{'x': -3.0, 'y': 0.7884}, {'x': -2.75, 'y': 0.7744}, {'x': -2.5, 'y': 0.7885}, {'x': -2.25, 'y': 0.816}, {'x': -2.0, 'y': 0.8436}, {'x': -1.75, 'y': 0.8616}, {'x': -1.5, 'y': 0.865}, {'x': -1.25, 'y': 0.853}, {'x': -1.0, 'y': 0.8286}, {'x': -0.75, 'y': 0.7996}, {'x': -0.5, 'y': 0.7779}, {'x': -0.25, 'y': 0.778}, {'x': 0.0, 'y': 0.8142}, {'x': 0.25, 'y': 0.778}, {'x': 0.5, 'y': 0.7779}, {'x': 0.75, 'y': 0.7996}, {'x': 1.0, 'y': 0.8286}, {'x': 1.25, 'y': 0.853}, {'x': 1.5, 'y': 0.865}, {'x': 1.75, 'y': 0.8616}, {'x': 2.0, 'y': 0.8436}, {'x': 2.25, 'y': 0.816}, {'x': 2.5, 'y': 0.7885}, {'x': 2.75, 'y': 0.7744}, {'x': 3.0, 'y': 0.7884}]}","{'formula': 'sin(gamma(Abs(sin(x)) + 1.1))', 'latex': '\\sin{\\left(\\Gamma\\left(\\left|{\\sin{\\left(x \\right)}}\\right| + 1.1\\right) \\right)}', 'properties': {'singularities': [], 'is_periodic': True, 'domain': 'Reals', 'period_value': '2*pi'}}",manual_rich
MCM_331_b6aa537c,"{'a': 3, 'b': 3, 'c': 1}","{'points': [{'x': -3.0, 'y': 0.6151}, {'x': -2.75, 'y': 0.6327}, {'x': -2.5, 'y': 0.615}, {'x': -2.25, 'y': 0.5781}, {'x': -2.0, 'y': 0.537}, {'x': -1.75, 'y': 0.5075}, {'x': -1.5, 'y': 0.5017}, {'x': -1.25, 'y': 0.5219}, {'x': -1.0, 'y': 0.5598}, {'x': -0.75, 'y': 0.6005}, {'x': -0.5, 'y': 0.6284}, {'x': -0.25, 'y': 0.6283}, {'x': 0.0, 'y': 0.5806}, {'x': 0.25, 'y': 0.6283}, {'x': 0.5, 'y': 0.6284}, {'x': 0.75, 'y': 0.6005}, {'x': 1.0, 'y': 0.5598}, {'x': 1.25, 'y': 0.5219}, {'x': 1.5, 'y': 0.5017}, {'x': 1.75, 'y': 0.5075}, {'x': 2.0, 'y': 0.537}, {'x': 2.25, 'y': 0.5781}, {'x': 2.5, 'y': 0.615}, {'x': 2.75, 'y': 0.6327}, {'x': 3.0, 'y': 0.6151}]}","{'formula': 'cos(gamma(Abs(sin(x)) + 1.1))', 'latex': '\\cos{\\left(\\Gamma\\left(\\left|{\\sin{\\left(x \\right)}}\\right| + 1.1\\right) \\right)}', 'properties': {'singularities': [], 'is_periodic': True, 'domain': 'Reals', 'period_value': '2*pi'}}",manual_rich
MCM_331_98563ccd,"{'a': 3, 'b': 3, 'c': 1}","{'points': [{'x': -3.0, 'y': -0.2435}, {'x': -2.75, 'y': 0.0249}, {'x': -2.5, 'y': 0.2879}, {'x': -2.25, 'y': 0.1668}, {'x': -2.0, 'y': -0.1767}, {'x': -1.75, 'y': -0.3823}, {'x': -1.5, 'y': -0.3266}, {'x': -1.25, 'y': -0.0789}, {'x': -1.0, 'y': 0.222}, {'x': -0.75, 'y': 0.4588}, {'x': -0.5, 'y': 0.6019}, {'x': -0.25, 'y': 0.6721}, {'x': 0.0, 'y': 0.6927}, {'x': 0.25, 'y': 0.6721}, {'x': 0.5, 'y': 0.6019}, {'x': 0.75, 'y': 0.4588}, {'x': 1.0, 'y': 0.222}, {'x': 1.25, 'y': -0.0789}, {'x': 1.5, 'y': -0.3266}, {'x': 1.75, 'y': -0.3823}, {'x': 2.0, 'y': -0.1767}, {'x': 2.25, 'y': 0.1668}, {'x': 2.5, 'y': 0.2879}, {'x': 2.75, 'y': 0.0249}, {'x': 3.0, 'y': -0.2435}]}","{'formula': 'sin(besselj(0, x**2 + 1))', 'latex': '\\sin{\\left(J_{0}\\left(x^{2} + 1\\right) \\right)}', 'properties': {'singularities': [], 'is_periodic': True, 'domain': 'Reals', 'period_value': '0'}}",manual_rich
MCM_331_b5fad32a,"{'a': 3, 'b': 3, 'c': 1}","{'points': [{'x': -3.0, 'y': 0.9699}, {'x': -2.75, 'y': 0.9997}, {'x': -2.5, 'y': 0.9577}, {'x': -2.25, 'y': 0.986}, {'x': -2.0, 'y': 0.9843}, {'x': -1.75, 'y': 0.924}, {'x': -1.5, 'y': 0.9451}, {'x': -1.25, 'y': 0.9969}, {'x': -1.0, 'y': 0.975}, {'x': -0.75, 'y': 0.8885}, {'x': -0.5, 'y': 0.7986}, {'x': -0.25, 'y': 0.7404}, {'x': 0.0, 'y': 0.7212}, {'x': 0.25, 'y': 0.7404}, {'x': 0.5, 'y': 0.7986}, {'x': 0.75, 'y': 0.8885}, {'x': 1.0, 'y': 0.975}, {'x': 1.25, 'y': 0.9969}, {'x': 1.5, 'y': 0.9451}, {'x': 1.75, 'y': 0.924}, {'x': 2.0, 'y': 0.9843}, {'x': 2.25, 'y': 0.986}, {'x': 2.5, 'y': 0.9577}, {'x': 2.75, 'y': 0.9997}, {'x': 3.0, 'y': 0.9699}]}","{'formula': 'cos(besselj(0, x**2 + 1))', 'latex': '\\cos{\\left(J_{0}\\left(x^{2} + 1\\right) \\right)}', 'properties': {'singularities': [], 'is_periodic': True, 'domain': 'Reals', 'period_value': '0'}}",manual_rich
MCM_331_cae73931,"{'a': 3, 'b': 3, 'c': 1}","{'points': [{'x': -3.0, 'y': -0.1575}, {'x': -2.75, 'y': -0.3992}, {'x': -2.5, 'y': -0.5668}, {'x': -2.25, 'y': -0.666}, {'x': -2.0, 'y': -0.7184}, {'x': -1.75, 'y': -0.7419}, {'x': -1.5, 'y': -0.7457}, {'x': -1.25, 'y': -0.7314}, {'x': -1.0, 'y': -0.6932}, {'x': -0.75, 'y': -0.617}, {'x': -0.5, 'y': -0.4814}, {'x': -0.25, 'y': -0.2702}, {'x': 0.0, 'y': 0.0}, {'x': 0.25, 'y': 0.2702}, {'x': 0.5, 'y': 0.4814}, {'x': 0.75, 'y': 0.617}, {'x': 1.0, 'y': 0.6932}, {'x': 1.25, 'y': 0.7314}, {'x': 1.5, 'y': 0.7457}, {'x': 1.75, 'y': 0.7419}, {'x': 2.0, 'y': 0.7184}, {'x': 2.25, 'y': 0.666}, {'x': 2.5, 'y': 0.5668}, {'x': 2.75, 'y': 0.3992}, {'x': 3.0, 'y': 0.1575}]}","{'formula': 'sin(erf(sin(x)))', 'latex': '\\sin{\\left(\\operatorname{erf}{\\left(\\sin{\\left(x \\right)} \\right)} \\right)}', 'properties': {'singularities': [], 'is_periodic': True, 'domain': 'Reals', 'period_value': '2*pi'}}",manual_rich
MCM_331_949081f6,"{'a': 3, 'b': 3, 'c': 1}","{'points': [{'x': -3.0, 'y': 0.9875}, {'x': -2.75, 'y': 0.9169}, {'x': -2.5, 'y': 0.8238}, {'x': -2.25, 'y': 0.746}, {'x': -2.0, 'y': 0.6956}, {'x': -1.75, 'y': 0.6705}, {'x': -1.5, 'y': 0.6662}, {'x': -1.25, 'y': 0.6819}, {'x': -1.0, 'y': 0.7207}, {'x': -0.75, 'y': 0.787}, {'x': -0.5, 'y': 0.8765}, {'x': -0.25, 'y': 0.9628}, {'x': 0.0, 'y': 1.0}, {'x': 0.25, 'y': 0.9628}, {'x': 0.5, 'y': 0.8765}, {'x': 0.75, 'y': 0.787}, {'x': 1.0, 'y': 0.7207}, {'x': 1.25, 'y': 0.6819}, {'x': 1.5, 'y': 0.6662}, {'x': 1.75, 'y': 0.6705}, {'x': 2.0, 'y': 0.6956}, {'x': 2.25, 'y': 0.746}, {'x': 2.5, 'y': 0.8238}, {'x': 2.75, 'y': 0.9169}, {'x': 3.0, 'y': 0.9875}]}","{'formula': 'cos(erf(sin(x)))', 'latex': '\\cos{\\left(\\operatorname{erf}{\\left(\\sin{\\left(x \\right)} \\right)} \\right)}', 'properties': {'singularities': [], 'is_periodic': True, 'domain': 'Reals', 'period_value': '2*pi'}}",manual_rich
MCM_332_9ed4101b,"{'a': 3, 'b': 3, 'c': 2}","{'points': [{'x': -3.0, 'y': -0.3226}, {'x': -2.75, 'y': -0.3509}, {'x': -2.5, 'y': -0.3846}, {'x': -2.25, 'y': -0.4255}, {'x': -2.0, 'y': -0.4762}, {'x': -1.75, 'y': -0.5405}, {'x': -1.5, 'y': -0.625}, {'x': -1.25, 'y': -0.7403}, {'x': -1.0, 'y': -0.7661}, {'x': -0.75, 'y': -0.4064}, {'x': -0.5, 'y': -0.1174}, {'x': -0.25, 'y': -0.0126}, {'x': 0.0, 'y': 0.0}, {'x': 0.25, 'y': 0.0294}, {'x': 0.5, 'y': 0.1761}, {'x': 0.75, 'y': 0.5315}, {'x': 1.0, 'y': 0.9363}, {'x': 1.25, 'y': 0.8691}, {'x': 1.5, 'y': 0.7143}, {'x': 1.75, 'y': 0.6061}, {'x': 2.0, 'y': 0.5263}, {'x': 2.25, 'y': 0.4651}, {'x': 2.5, 'y': 0.4167}, {'x': 2.75, 'y': 0.3774}, {'x': 3.0, 'y': 0.3448}]}","{'formula': 'erf(x**4)/(x - 0.1)', 'latex': '\\frac{\\operatorname{erf}{\\left(x^{4} \\right)}}{x - 0.1}', 'properties': {'singularities': [], 'is_periodic': False, 'domain': 'Reals'}}",manual
MCM_332_e3684171,"{'a': 3, 'b': 3, 'c': 2}","{'points': [{'x': -3.0, 'y': 0.026}, {'x': -2.75, 'y': 0.0171}, {'x': -2.5, 'y': 0.0363}, {'x': -2.25, 'y': -0.0403}, {'x': -2.0, 'y': -0.0554}, {'x': -1.75, 'y': 0.1389}, {'x': -1.5, 'y': -0.1558}, {'x': -1.25, 'y': -0.4005}, {'x': -1.0, 'y': -0.4762}, {'x': -0.75, 'y': -0.539}, {'x': -0.5, 'y': -0.6244}, {'x': -0.25, 'y': -0.7407}, {'x': 0.0, 'y': -0.9091}, {'x': 0.25, 'y': -1.1764}, {'x': 0.5, 'y': -1.6521}, {'x': 0.75, 'y': -2.4809}, {'x': 1.0, 'y': -2.2389}, {'x': 1.25, 'y': -2.2891}, {'x': 1.5, 'y': 0.1474}, {'x': 1.75, 'y': 0.0612}, {'x': 2.0, 'y': -0.0625}, {'x': 2.25, 'y': 0.0117}, {'x': 2.5, 'y': -0.0679}, {'x': 2.75, 'y': -0.0126}, {'x': 3.0, 'y': 0.0372}]}","{'formula': 'besselj(0, x**2*Abs(x*(x + 1)))/(x - 1.1)', 'latex': '\\frac{J_{0}\\left(x^{2} \\left|{x \\left(x + 1\\right)}\\right|\\right)}{x - 1.1}', 'properties': {'singularities': [], 'is_periodic': False, 'domain': 'Reals'}}",manual
MCM_332_c0d98a2f,"{'a': 3, 'b': 3, 'c': 2}","{'points': [{'x': -3.0, 'y': -0.293}, {'x': -2.75, 'y': -0.3108}, {'x': -2.5, 'y': -0.3494}, {'x': -2.25, 'y': -0.4061}, {'x': -2.0, 'y': -0.4781}, {'x': -1.75, 'y': -0.5613}, {'x': -1.5, 'y': -0.6533}, {'x': -1.25, 'y': -0.7568}, {'x': -1.0, 'y': -0.8879}, {'x': -0.75, 'y': -1.0902}, {'x': -0.5, 'y': -1.4856}, {'x': -0.25, 'y': -2.5469}, {'x': 0.0, 'y': -9.5135}, {'x': 0.25, 'y': 5.9428}, {'x': 0.5, 'y': 2.2284}, {'x': 0.75, 'y': 1.4256}, {'x': 1.0, 'y': 1.0852}, {'x': 1.25, 'y': 0.8884}, {'x': 1.5, 'y': 0.7466}, {'x': 1.75, 'y': 0.6294}, {'x': 2.0, 'y': 0.5284}, {'x': 2.25, 'y': 0.4439}, {'x': 2.5, 'y': 0.3785}, {'x': 2.75, 'y': 0.3343}, {'x': 3.0, 'y': 0.3132}]}","{'formula': 'gamma(Abs(sin(x)) + 1.1)/(x - 0.1)', 'latex': '\\frac{\\Gamma\\left(\\left|{\\sin{\\left(x \\right)}}\\right| + 1.1\\right)}{x - 0.1}', 'properties': {'singularities': [], 'is_periodic': False, 'domain': 'Reals'}}",manual_rich
MCM_332_7eed4959,"{'a': 3, 'b': 3, 'c': 2}","{'points': [{'x': -3.0, 'y': 0.0769}, {'x': -2.75, 'y': -0.0084}, {'x': -2.5, 'y': -0.1081}, {'x': -2.25, 'y': -0.0684}, {'x': -2.0, 'y': 0.0807}, {'x': -1.75, 'y': 0.2012}, {'x': -1.5, 'y': 0.1957}, {'x': -1.25, 'y': 0.0545}, {'x': -1.0, 'y': -0.1866}, {'x': -0.75, 'y': -0.5018}, {'x': -0.5, 'y': -0.9227}, {'x': -0.25, 'y': -1.6379}, {'x': 0.0, 'y': -3.826}, {'x': 0.25, 'y': 14.7415}, {'x': 0.5, 'y': 2.153}, {'x': 0.75, 'y': 0.8667}, {'x': 1.0, 'y': 0.2799}, {'x': 1.25, 'y': -0.0752}, {'x': 1.5, 'y': -0.256}, {'x': 1.75, 'y': -0.2531}, {'x': 2.0, 'y': -0.0987}, {'x': 2.25, 'y': 0.0817}, {'x': 2.5, 'y': 0.127}, {'x': 2.75, 'y': 0.0097}, {'x': 3.0, 'y': -0.0878}]}","{'formula': 'besselj(0, x**2 + 1)/(x - 0.2)', 'latex': '\\frac{J_{0}\\left(x^{2} + 1\\right)}{x - 0.2}', 'properties': {'singularities': [], 'is_periodic': False, 'domain': 'Reals'}}",manual_rich
MCM_332_4cd4be7c,"{'a': 3, 'b': 3, 'c': 2}","{'points': [{'x': -3.0, 'y': 0.0555}, {'x': -2.75, 'y': 0.1579}, {'x': -2.5, 'y': 0.2564}, {'x': -2.25, 'y': 0.3471}, {'x': -2.0, 'y': 0.4333}, {'x': -1.75, 'y': 0.5225}, {'x': -1.5, 'y': 0.6235}, {'x': -1.25, 'y': 0.7458}, {'x': -1.0, 'y': 0.9011}, {'x': -0.75, 'y': 1.1082}, {'x': -0.5, 'y': 1.435}, {'x': -0.25, 'y': 2.7357}, {'x': 0.0, 'y': 0.0}, {'x': 0.25, 'y': 0.6839}, {'x': 0.5, 'y': 0.7727}, {'x': 0.75, 'y': 0.7388}, {'x': 1.0, 'y': 0.6661}, {'x': 1.25, 'y': 0.586}, {'x': 1.5, 'y': 0.5101}, {'x': 1.75, 'y': 0.44}, {'x': 2.0, 'y': 0.3728}, {'x': 2.25, 'y': 0.3037}, {'x': 2.5, 'y': 0.2274}, {'x': 2.75, 'y': 0.1416}, {'x': 3.0, 'y': 0.0502}]}","{'formula': 'erf(sin(x))/(x + 0.15)', 'latex': '\\frac{\\operatorname{erf}{\\left(\\sin{\\left(x \\right)} \\right)}}{x + 0.15}', 'properties': {'singularities': [], 'is_periodic': False, 'domain': 'Reals'}}",manual_rich
MCM_333_af0d2b2f,"{'a': 3, 'b': 3, 'c': 3}","{'points': [{'x': -3.0, 'y': 942.17}, {'x': -2.75, 'y': 473.8357}, {'x': -2.5, 'y': 234.375}, {'x': -2.25, 'y': 113.3564}, {'x': -2.0, 'y': 53.1736}, {'x': -1.75, 'y': 23.9092}, {'x': -1.5, 'y': 10.125}, {'x': -1.25, 'y': 3.9267}, {'x': -1.0, 'y': 1.3293}, {'x': -0.75, 'y': 0.3585}, {'x': -0.5, 'y': 0.0625}, {'x': -0.25, 'y': 0.0036}, {'x': 0.0, 'y': 0.0}, {'x': 0.25, 'y': 0.0036}, {'x': 0.5, 'y': 0.0625}, {'x': 0.75, 'y': 0.3585}, {'x': 1.0, 'y': 1.3293}, {'x': 1.25, 'y': 3.9267}, {'x': 1.5, 'y': 10.125}, {'x': 1.75, 'y': 23.9092}, {'x': 2.0, 'y': 53.1736}, {'x': 2.25, 'y': 113.3564}, {'x': 2.5, 'y': 234.375}, {'x': 2.75, 'y': 473.8357}, {'x': 3.0, 'y': 942.17}]}","{'formula': 'x**4*gamma(Abs(x) + 1.5)', 'latex': 'x^{4} \\Gamma\\left(\\left|{x}\\right| + 1.5\\right)', 'properties': {'singularities': [], 'is_periodic': False, 'domain': 'Reals'}}",manual
MCM_333_5c410bfb,"{'a': 3, 'b': 3, 'c': 3}","{'points': [{'x': -3.0, 'y': 63.1926}, {'x': -2.75, 'y': 25.8156}, {'x': -2.5, 'y': 4.725}, {'x': -2.25, 'y': -4.7718}, {'x': -2.0, 'y': -7.1645}, {'x': -1.75, 'y': -6.057}, {'x': -1.5, 'y': -3.8867}, {'x': -1.25, 'y': -1.9711}, {'x': -1.0, 'y': -0.7652}, {'x': -0.75, 'y': -0.2051}, {'x': -0.5, 'y': -0.0293}, {'x': -0.25, 'y': -0.001}, {'x': 0.0, 'y': 0.0}, {'x': 0.25, 'y': 0.001}, {'x': 0.5, 'y': 0.0293}, {'x': 0.75, 'y': 0.2051}, {'x': 1.0, 'y': 0.7652}, {'x': 1.25, 'y': 1.9711}, {'x': 1.5, 'y': 3.8867}, {'x': 1.75, 'y': 6.057}, {'x': 2.0, 'y': 7.1645}, {'x': 2.25, 'y': 4.7718}, {'x': 2.5, 'y': -4.725}, {'x': 2.75, 'y': -25.8156}, {'x': 3.0, 'y': -63.1926}]}","{'formula': 'x**5*besselj(0, Abs(x))', 'latex': 'x^{5} J_{0}\\left(\\left|{x}\\right|\\right)', 'properties': {'singularities': [], 'is_periodic': False, 'domain': 'Reals'}}",manual
MCM_333_31563963,"{'a': 3, 'b': 3, 'c': 3}","{'points': [{'x': -3.0, 'y': -0.2792}, {'x': -2.75, 'y': -0.2945}, {'x': -2.5, 'y': -0.3288}, {'x': -2.25, 'y': -0.3788}, {'x': -2.0, 'y': -0.4408}, {'x': -1.75, 'y': -0.5095}, {'x': -1.5, 'y': -0.58}, {'x': -1.25, 'y': -0.6501}, {'x': -1.0, 'y': -0.7229}, {'x': -0.75, 'y': -0.805}, {'x': -0.5, 'y': -0.8824}, {'x': -0.25, 'y': -0.7089}, {'x': 0.0, 'y': 0.9123}, {'x': 0.25, 'y': 0.8138}, {'x': 0.5, 'y': -0.1699}, {'x': 0.75, 'y': 0.8984}, {'x': 1.0, 'y': 0.9268}, {'x': 1.25, 'y': 0.8325}, {'x': 1.5, 'y': 0.727}, {'x': 1.75, 'y': 0.6245}, {'x': 2.0, 'y': 0.5295}, {'x': 2.25, 'y': 0.4473}, {'x': 2.5, 'y': 0.3826}, {'x': 2.75, 'y': 0.3385}, {'x': 3.0, 'y': 0.3175}]}","{'formula': 'sin(1/(x - 0.2))*gamma(Abs(sin(x)) + 1.1)', 'latex': '\\sin{\\left(\\frac{1}{x - 0.2} \\right)} \\Gamma\\left(\\left|{\\sin{\\left(x \\right)}}\\right| + 1.1\\right)', 'properties': {'singularities': [], 'is_periodic': False, 'domain': 'Reals'}}",manual_rich
MCM_333_c798ef18,"{'a': 3, 'b': 3, 'c': 3}","{'points': [{'x': -3.0, 'y': 6.1878}, {'x': -2.75, 'y': 4.4162}, {'x': -2.5, 'y': 3.3764}, {'x': -2.25, 'y': 2.6984}, {'x': -2.0, 'y': 2.2063}, {'x': -1.75, 'y': 1.8167}, {'x': -1.5, 'y': 1.4943}, {'x': -1.25, 'y': 1.2292}, {'x': -1.0, 'y': 1.0221}, {'x': -0.75, 'y': 0.8762}, {'x': -0.5, 'y': 0.7964}, {'x': -0.25, 'y': 0.7944}, {'x': 0.0, 'y': 0.9051}, {'x': 0.25, 'y': 0.7944}, {'x': 0.5, 'y': 0.7964}, {'x': 0.75, 'y': 0.8762}, {'x': 1.0, 'y': 1.0221}, {'x': 1.25, 'y': 1.2292}, {'x': 1.5, 'y': 1.4943}, {'x': 1.75, 'y': 1.8167}, {'x': 2.0, 'y': 2.2063}, {'x': 2.25, 'y': 2.6984}, {'x': 2.5, 'y': 3.3764}, {'x': 2.75, 'y': 4.4162}, {'x': 3.0, 'y': 6.1878}]}","{'formula': 'gamma(Abs(x) + 1.1)*gamma(Abs(sin(x)) + 1.1)', 'latex': '\\Gamma\\left(\\left|{x}\\right| + 1.1\\right) \\Gamma\\left(\\left|{\\sin{\\left(x \\right)}}\\right| + 1.1\\right)', 'properties': {'singularities': [], 'is_periodic': False, 'domain': 'Reals'}}",manual_rich
MCM_333_0a80734c,"{'a': 3, 'b': 3, 'c': 3}","{'points': [{'x': -3.0, 'y': 0.0845}, {'x': -2.75, 'y': -0.0093}, {'x': -2.5, 'y': -0.1205}, {'x': -2.25, 'y': -0.0768}, {'x': -2.0, 'y': 0.0914}, {'x': -1.75, 'y': 0.2295}, {'x': -1.5, 'y': 0.2246}, {'x': -1.25, 'y': 0.0623}, {'x': -1.0, 'y': -0.2067}, {'x': -0.75, 'y': -0.4745}, {'x': -0.5, 'y': -0.1813}, {'x': -0.25, 'y': 0.401}, {'x': 0.0, 'y': 0.2863}, {'x': 0.25, 'y': 0.4411}, {'x': 0.5, 'y': 0.6456}, {'x': 0.75, 'y': 0.4272}, {'x': 1.0, 'y': 0.1711}, {'x': 1.25, 'y': -0.0517}, {'x': 1.5, 'y': -0.1895}, {'x': 1.75, 'y': -0.1971}, {'x': 2.0, 'y': -0.0797}, {'x': 2.25, 'y': 0.0678}, {'x': 2.5, 'y': 0.1076}, {'x': 2.75, 'y': 0.0084}, {'x': 3.0, 'y': -0.0768}]}","{'formula': 'sin(1/(x + 0.15))*besselj(0, x**2 + 1)', 'latex': '\\sin{\\left(\\frac{1}{x + 0.15} \\right)} J_{0}\\left(x^{2} + 1\\right)', 'properties': {'singularities': [], 'is_periodic': False, 'domain': 'Reals'}}",manual_rich
MCM_333_fa1c49f5,"{'a': 3, 'b': 3, 'c': 3}","{'points': [{'x': -3.0, 'y': -1.6755}, {'x': -2.75, 'y': 0.124}, {'x': -2.5, 'y': 1.0854}, {'x': -2.25, 'y': 0.4737}, {'x': -2.0, 'y': -0.3903}, {'x': -1.75, 'y': -0.6863}, {'x': -1.5, 'y': -0.4757}, {'x': -1.25, 'y': -0.095}, {'x': -1.0, 'y': 0.2343}, {'x': -0.75, 'y': 0.4508}, {'x': -0.5, 'y': 0.5771}, {'x': -0.25, 'y': 0.6568}, {'x': 0.0, 'y': 0.728}, {'x': 0.25, 'y': 0.6568}, {'x': 0.5, 'y': 0.5771}, {'x': 0.75, 'y': 0.4508}, {'x': 1.0, 'y': 0.2343}, {'x': 1.25, 'y': -0.095}, {'x': 1.5, 'y': -0.4757}, {'x': 1.75, 'y': -0.6863}, {'x': 2.0, 'y': -0.3903}, {'x': 2.25, 'y': 0.4737}, {'x': 2.5, 'y': 1.0854}, {'x': 2.75, 'y': 0.124}, {'x': 3.0, 'y': -1.6755}]}","{'formula': 'besselj(0, x**2 + 1)*gamma(Abs(x) + 1.1)', 'latex': 'J_{0}\\left(x^{2} + 1\\right) \\Gamma\\left(\\left|{x}\\right| + 1.1\\right)', 'properties': {'singularities': [], 'is_periodic': False, 'domain': 'Reals'}}",manual_rich
MCM_333_d61a7d56,"{'a': 3, 'b': 3, 'c': 3}","{'points': [{'x': -3.0, 'y': 0.0573}, {'x': -2.75, 'y': 0.163}, {'x': -2.5, 'y': 0.2646}, {'x': -2.25, 'y': 0.3576}, {'x': -2.0, 'y': 0.4448}, {'x': -1.75, 'y': 0.5319}, {'x': -1.5, 'y': 0.623}, {'x': -1.25, 'y': 0.7127}, {'x': -1.0, 'y': 0.7582}, {'x': -0.75, 'y': 0.5288}, {'x': -0.5, 'y': -0.4816}, {'x': -0.25, 'y': -0.2498}, {'x': 0.0, 'y': 0.0}, {'x': 0.25, 'y': 0.2652}, {'x': 0.5, 'y': 0.4766}, {'x': 0.75, 'y': 0.5418}, {'x': 1.0, 'y': 0.5328}, {'x': 1.25, 'y': 0.4933}, {'x': 1.5, 'y': 0.4439}, {'x': 1.75, 'y': 0.3918}, {'x': 2.0, 'y': 0.3376}, {'x': 2.25, 'y': 0.2785}, {'x': 2.5, 'y': 0.2107}, {'x': 2.75, 'y': 0.1322}, {'x': 3.0, 'y': 0.0472}]}","{'formula': 'sin(1/(x + 0.3))*erf(sin(x))', 'latex': '\\sin{\\left(\\frac{1}{x + 0.3} \\right)} \\operatorname{erf}{\\left(\\sin{\\left(x \\right)} \\right)}', 'properties': {'singularities': [], 'is_periodic': False, 'domain': 'Reals'}}",manual_rich
MCM_333_685c7e92,"{'a': 3, 'b': 3, 'c': 3}","{'points': [{'x': -3.0, 'y': -1.0777}, {'x': -2.75, 'y': -2.0473}, {'x': -2.5, 'y': -2.2401}, {'x': -2.25, 'y': -2.0605}, {'x': -2.0, 'y': -1.7615}, {'x': -1.75, 'y': -1.4624}, {'x': -1.5, 'y': -1.2033}, {'x': -1.25, 'y': -0.987}, {'x': -1.0, 'y': -0.8016}, {'x': -0.75, 'y': -0.6288}, {'x': -0.5, 'y': -0.4488}, {'x': -0.25, 'y': -0.2438}, {'x': 0.0, 'y': 0.0}, {'x': 0.25, 'y': 0.2438}, {'x': 0.5, 'y': 0.4488}, {'x': 0.75, 'y': 0.6288}, {'x': 1.0, 'y': 0.8016}, {'x': 1.25, 'y': 0.987}, {'x': 1.5, 'y': 1.2033}, {'x': 1.75, 'y': 1.4624}, {'x': 2.0, 'y': 1.7615}, {'x': 2.25, 'y': 2.0605}, {'x': 2.5, 'y': 2.2401}, {'x': 2.75, 'y': 2.0473}, {'x': 3.0, 'y': 1.0777}]}","{'formula': 'erf(sin(x))*gamma(Abs(x) + 1.1)', 'latex': '\\operatorname{erf}{\\left(\\sin{\\left(x \\right)} \\right)} \\Gamma\\left(\\left|{x}\\right| + 1.1\\right)', 'properties': {'singularities': [], 'is_periodic': False, 'domain': 'Reals'}}",manual_rich
MCM_100_4bed2eb0,"{'a': 1, 'b': 0, 'c': 0}","{'points': [{'x': -3.0, 'y': -42.3}, {'x': -2.75, 'y': -33.6531}, {'x': -2.5, 'y': -26.25}, {'x': -2.25, 'y': -19.9969}, {'x': -2.0, 'y': -14.8}, {'x': -1.75, 'y': -10.5656}, {'x': -1.5, 'y': -7.2}, {'x': -1.25, 'y': -4.6094}, {'x': -1.0, 'y': -2.7}, {'x': -0.75, 'y': -1.3781}, {'x': -0.5, 'y': -0.55}, {'x': -0.25, 'y': -0.1219}, {'x': 0.0, 'y': -0.0}, {'x': 0.25, 'y': -0.0906}, {'x': 0.5, 'y': -0.3}, {'x': 0.75, 'y': -0.5344}, {'x': 1.0, 'y': -0.7}, {'x': 1.25, 'y': -0.7031}, {'x': 1.5, 'y': -0.45}, {'x': 1.75, 'y': 0.1531}, {'x': 2.0, 'y': 1.2}, {'x': 2.25, 'y': 2.7844}, {'x': 2.5, 'y': 5.0}, {'x': 2.75, 'y': 7.9406}, {'x': 3.0, 'y': 11.7}]}","{'formula': 'x**2*(x - 1.7)', 'latex': 'x^{2} \\left(x - 1.7\\right)', 'properties': {'singularities': [], 'is_periodic': False, 'domain': 'Reals'}}",auto
MCM_100_7fcb3d60,"{'a': 1, 'b': 0, 'c': 0}","{'points': [{'x': -3.0, 'y': -0.08}, {'x': -2.75, 'y': -0.07}, {'x': -2.5, 'y': -0.06}, {'x': -2.25, 'y': -0.05}, {'x': -2.0, 'y': -0.04}, {'x': -1.75, 'y': -0.03}, {'x': -1.5, 'y': -0.02}, {'x': -1.25, 'y': -0.01}, {'x': -1.0, 'y': 0.0}, {'x': -0.75, 'y': 0.01}, {'x': -0.5, 'y': 0.02}, {'x': -0.25, 'y': 0.03}, {'x': 0.0, 'y': 0.04}, {'x': 0.25, 'y': 0.05}, {'x': 0.5, 'y': 0.06}, {'x': 0.75, 'y': 0.07}, {'x': 1.0, 'y': 0.08}, {'x': 1.25, 'y': 0.09}, {'x': 1.5, 'y': 0.1}, {'x': 1.75, 'y': 0.11}, {'x': 2.0, 'y': 0.12}, {'x': 2.25, 'y': 0.13}, {'x': 2.5, 'y': 0.14}, {'x': 2.75, 'y': 0.15}, {'x': 3.0, 'y': 0.16}]}","{'formula': 'x/25 + 0.04', 'latex': '\\frac{x}{25} + 0.04', 'properties': {'singularities': [], 'is_periodic': False, 'domain': 'Reals'}}",auto
MCM_101_86616e02,"{'a': 1, 'b': 0, 'c': 1}","{'points': [{'x': -4.0, 'y': -0.1455}, {'x': -3.667, 'y': 0.4974}, {'x': -3.333, 'y': 0.9274}, {'x': -3.0, 'y': 0.9602}, {'x': -2.667, 'y': 0.5818}, {'x': -2.333, 'y': -0.0457}, {'x': -2.0, 'y': -0.6536}, {'x': -1.667, 'y': -0.9817}, {'x': -1.333, 'y': -0.8893}, {'x': -1.0, 'y': -0.4161}, {'x': -0.667, 'y': 0.2352}, {'x': -0.333, 'y': 0.7859}, {'x': 0.0, 'y': 1.0}, {'x': 0.333, 'y': 0.7859}, {'x': 0.667, 'y': 0.2352}, {'x': 1.0, 'y': -0.4161}, {'x': 1.333, 'y': -0.8893}, {'x': 1.667, 'y': -0.9817}, {'x': 2.0, 'y': -0.6536}, {'x': 2.333, 'y': -0.0457}, {'x': 2.667, 'y': 0.5818}, {'x': 3.0, 'y': 0.9602}, {'x': 3.333, 'y': 0.9274}, {'x': 3.667, 'y': 0.4974}, {'x': 4.0, 'y': -0.1455}]}","{'formula': 'cos(2.0*x)', 'latex': '\\cos{\\left(2.0 x \\right)}', 'properties': {'singularities': [], 'is_periodic': True, 'domain': 'Reals', 'period_value': '1.0*pi'}}",auto
MCM_102_1f3d2bfb,"{'a': 1, 'b': 0, 'c': 2}","{'points': [{'x': -3.0, 'y': -0.81}, {'x': -2.758, 'y': -1.0681}, {'x': -2.517, 'y': -1.5677}, {'x': -2.275, 'y': -2.9455}, {'x': -2.033, 'y': -24.3}, {'x': -1.792, 'y': 3.888}, {'x': -1.55, 'y': 1.8}, {'x': -1.308, 'y': 1.1711}, {'x': -1.067, 'y': 0.8679}, {'x': -0.825, 'y': 0.6894}, {'x': -0.583, 'y': 0.5718}, {'x': -0.342, 'y': 0.4884}, {'x': -0.1, 'y': 0.4263}, {'x': 0.1, 'y': 0.3857}, {'x': 0.364, 'y': 0.3427}, {'x': 0.627, 'y': 0.3083}, {'x': 0.891, 'y': 0.2802}, {'x': 1.155, 'y': 0.2568}, {'x': 1.418, 'y': 0.237}, {'x': 1.682, 'y': 0.22}, {'x': 1.945, 'y': 0.2053}, {'x': 2.209, 'y': 0.1924}, {'x': 2.473, 'y': 0.1811}, {'x': 2.736, 'y': 0.171}, {'x': 3.0, 'y': 0.162}]}","{'formula': '0.81/(x + 2)', 'latex': '\\frac{0.81}{x + 2}', 'properties': {'singularities': ['-2'], 'is_periodic': False, 'domain': 'Union(Interval.open(-oo, -2), Interval.open(-2, oo))'}}",auto
MCM_102_2631492f,"{'a': 1, 'b': 0, 'c': 2}","{'points': [{'x': -3.0, 'y': -13.5}, {'x': -2.758, 'y': -15.3555}, {'x': -2.517, 'y': -17.8022}, {'x': -2.275, 'y': -21.1765}, {'x': -2.033, 'y': -26.129}, {'x': -1.792, 'y': -34.1053}, {'x': -1.55, 'y': -49.0909}, {'x': -1.308, 'y': -87.5676}, {'x': -1.067, 'y': -405.0}, {'x': -0.825, 'y': 154.2857}, {'x': -0.583, 'y': 64.8}, {'x': -0.342, 'y': 41.0127}, {'x': -0.1, 'y': 30.0}, {'x': 0.1, 'y': 24.5455}, {'x': 0.364, 'y': 19.8}, {'x': 0.627, 'y': 16.5922}, {'x': 0.891, 'y': 14.2788}, {'x': 1.155, 'y': 12.5316}, {'x': 1.418, 'y': 11.1654}, {'x': 1.682, 'y': 10.0678}, {'x': 1.945, 'y': 9.1667}, {'x': 2.209, 'y': 8.4136}, {'x': 2.473, 'y': 7.7749}, {'x': 2.736, 'y': 7.2263}, {'x': 3.0, 'y': 6.75}]}","{'formula': '27/(x + 1)', 'latex': '\\frac{27}{x + 1}', 'properties': {'singularities': ['-1'], 'is_periodic': False, 'domain': 'Union(Interval.open(-oo, -1), Interval.open(-1, oo))'}}",auto
MCM_200_f79bb7fd,"{'a': 2, 'b': 0, 'c': 0}","{'points': [{'x': -3.0, 'y': 24.6}, {'x': -2.75, 'y': 21.8625}, {'x': -2.5, 'y': 19.25}, {'x': -2.25, 'y': 16.7625}, {'x': -2.0, 'y': 14.4}, {'x': -1.75, 'y': 12.1625}, {'x': -1.5, 'y': 10.05}, {'x': -1.25, 'y': 8.0625}, {'x': -1.0, 'y': 6.2}, {'x': -0.75, 'y': 4.4625}, {'x': -0.5, 'y': 2.85}, {'x': -0.25, 'y': 1.3625}, {'x': 0.0, 'y': -0.0}, {'x': 0.25, 'y': -1.2375}, {'x': 0.5, 'y': -2.35}, {'x': 0.75, 'y': -3.3375}, {'x': 1.0, 'y': -4.2}, {'x': 1.25, 'y': -4.9375}, {'x': 1.5, 'y': -5.55}, {'x': 1.75, 'y': -6.0375}, {'x': 2.0, 'y': -6.4}, {'x': 2.25, 'y': -6.6375}, {'x': 2.5, 'y': -6.75}, {'x': 2.75, 'y': -6.7375}, {'x': 3.0, 'y': -6.6}]}","{'formula': 'x*(x - 5.2)', 'latex': 'x \\left(x - 5.2\\right)', 'properties': {'singularities': [], 'is_periodic': False, 'domain': 'Reals'}}",auto
MCM_200_8bd2645f,"{'a': 2, 'b': 0, 'c': 0}","{'points': [{'x': -3.0, 'y': 6.5}, {'x': -2.754, 'y': 6.2542}, {'x': -2.508, 'y': 6.0083}, {'x': -2.263, 'y': 5.7625}, {'x': -2.017, 'y': 5.5167}, {'x': -1.771, 'y': 5.2708}, {'x': -1.525, 'y': 5.025}, {'x': -1.279, 'y': 4.7792}, {'x': -1.033, 'y': 4.5333}, {'x': -0.787, 'y': 4.2875}, {'x': -0.542, 'y': 4.0417}, {'x': -0.296, 'y': 3.7958}, {'x': -0.05, 'y': 3.55}, {'x': 0.05, 'y': 3.55}, {'x': 0.318, 'y': 3.8182}, {'x': 0.586, 'y': 4.0864}, {'x': 0.855, 'y': 4.3545}, {'x': 1.123, 'y': 4.6227}, {'x': 1.391, 'y': 4.8909}, {'x': 1.659, 'y': 5.1591}, {'x': 1.927, 'y': 5.4273}, {'x': 2.195, 'y': 5.6955}, {'x': 2.464, 'y': 5.9636}, {'x': 2.732, 'y': 6.2318}, {'x': 3.0, 'y': 6.5}]}","{'formula': 'Abs(x)**1.0 + 3.5', 'latex': '\\left|{x}\\right|^{1.0} + 3.5', 'properties': {'singularities': [], 'is_periodic': False, 'domain': 'Reals'}}",auto
MCM_201_e8d6e887,"{'a': 2, 'b': 0, 'c': 1}","{'points': [{'x': -4.0, 'y': -0.7344}, {'x': -3.667, 'y': -0.9969}, {'x': -3.333, 'y': -0.8324}, {'x': -3.0, 'y': -0.3115}, {'x': -2.667, 'y': 0.3428}, {'x': -2.333, 'y': 0.8503}, {'x': -2.0, 'y': 0.9937}, {'x': -1.667, 'y': 0.7116}, {'x': -1.333, 'y': 0.1247}, {'x': -1.0, 'y': -0.5155}, {'x': -0.667, 'y': -0.935}, {'x': -0.333, 'y': -0.9541}, {'x': 0.0, 'y': -0.5646}, {'x': 0.333, 'y': 0.0666}, {'x': 0.667, 'y': 0.6693}, {'x': 1.0, 'y': 0.9854}, {'x': 1.333, 'y': 0.8796}, {'x': 1.667, 'y': 0.397}, {'x': 2.0, 'y': -0.2555}, {'x': 2.333, 'y': -0.7987}, {'x': 2.667, 'y': -0.9998}, {'x': 3.0, 'y': -0.7728}, {'x': 3.333, 'y': -0.2148}, {'x': 3.667, 'y': 0.4351}, {'x': 4.0, 'y': 0.8987}]}","{'formula': 'sin(2*x - 0.6)', 'latex': '\\sin{\\left(2 x - 0.6 \\right)}', 'properties': {'singularities': [], 'is_periodic': True, 'domain': 'Reals', 'period_value': 'pi'}}",auto
MCM_202_440442f9,"{'a': 2, 'b': 0, 'c': 2}","{'points': [{'x': -3.0, 'y': 0.3727}, {'x': -2.758, 'y': 0.461}, {'x': -2.517, 'y': 0.5858}, {'x': -2.275, 'y': 0.7709}, {'x': -2.033, 'y': 1.0642}, {'x': -1.792, 'y': 1.5765}, {'x': -1.55, 'y': 2.623}, {'x': -1.308, 'y': 5.543}, {'x': -1.067, 'y': 31.4447}, {'x': -0.825, 'y': -15.4879}, {'x': -0.583, 'y': -9.1998}, {'x': -0.342, 'y': -9.9411}, {'x': -0.1, 'y': -24.8452}, {'x': 0.1, 'y': 20.3279}, {'x': 0.364, 'y': 4.5094}, {'x': 0.627, 'y': 2.1906}, {'x': 0.891, 'y': 1.3273}, {'x': 1.155, 'y': 0.8989}, {'x': 1.418, 'y': 0.652}, {'x': 1.682, 'y': 0.4958}, {'x': 1.945, 'y': 0.3902}, {'x': 2.209, 'y': 0.3154}, {'x': 2.473, 'y': 0.2604}, {'x': 2.736, 'y': 0.2187}, {'x': 3.0, 'y': 0.1863}]}","{'formula': '2.23606797749979/(x*(x + 1))', 'latex': '\\frac{2.23606797749979}{x \\left(x + 1\\right)}', 'properties': {'singularities': ['-1', '0'], 'is_periodic': False, 'domain': 'Union(Interval.open(-oo, -1), Interval.open(-1, 0), Interval.open(0, oo))'}}",auto
MCM_202_103b8047,"{'a': 2, 'b': 0, 'c': 2}","{'points': [{'x': -3.0, 'y': -20.25}, {'x': -2.758, 'y': -18.2197}, {'x': -2.517, 'y': -16.2092}, {'x': -2.275, 'y': -14.2231}, {'x': -2.033, 'y': -12.267}, {'x': -1.792, 'y': -10.3489}, {'x': -1.55, 'y': -8.4794}, {'x': -1.308, 'y': -6.6739}, {'x': -1.067, 'y': -4.9548}, {'x': -0.825, 'y': -3.3565}, {'x': -0.583, 'y': -1.9342}, {'x': -0.342, 'y': -0.7831}, {'x': -0.1, 'y': -0.0818}, {'x': 0.1, 'y': -0.1}, {'x': 0.364, 'y': -1.8701}, {'x': 0.627, 'y': -9.5009}, {'x': 0.891, 'y': -65.4818}, {'x': 1.155, 'y': 77.6262}, {'x': 1.418, 'y': 43.2854}, {'x': 1.682, 'y': 37.3364}, {'x': 1.945, 'y': 36.0283}, {'x': 2.209, 'y': 36.3254}, {'x': 2.473, 'y': 37.3657}, {'x': 2.736, 'y': 38.8105}, {'x': 3.0, 'y': 40.5}]}","{'formula': '9*x**2/(x - 1)', 'latex': '\\frac{9 x^{2}}{x - 1}', 'properties': {'singularities': ['1'], 'is_periodic': False, 'domain': 'Union(Interval.open(-oo, 1), Interval.open(1, oo))'}}",auto
MCM_203_2b67f14c,"{'a': 2, 'b': 0, 'c': 3}","{'points': [{'x': -3.0, 'y': 0.0356}, {'x': -2.75, 'y': 0.0591}, {'x': -2.5, 'y': 0.1075}, {'x': -2.25, 'y': 0.2241}, {'x': -2.0, 'y': 0.5917}, {'x': -1.75, 'y': 2.6656}, {'x': -1.5, 'y': 400.0}, {'x': -1.25, 'y': 6.6597}, {'x': -1.0, 'y': 2.0408}, {'x': -0.75, 'y': 1.2696}, {'x': -0.5, 'y': 1.108}, {'x': -0.25, 'y': 1.2696}, {'x': 0.0, 'y': 2.0408}, {'x': 0.25, 'y': 6.6597}, {'x': 0.5, 'y': 400.0}, {'x': 0.75, 'y': 2.6656}, {'x': 1.0, 'y': 0.5917}, {'x': 1.25, 'y': 0.2241}, {'x': 1.5, 'y': 0.1075}, {'x': 1.75, 'y': 0.0591}, {'x': 2.0, 'y': 0.0356}, {'x': 2.25, 'y': 0.0229}, {'x': 2.5, 'y': 0.0154}, {'x': 2.75, 'y': 0.0108}, {'x': 3.0, 'y': 0.0078}]}","{'formula': '(x**2 + x - 0.7)**(-2)', 'latex': '\\frac{1}{\\left(x^{2} + x - 0.7\\right)^{2}}', 'properties': {'singularities': ['-1.47467943448090', '0.474679434480896'], 'is_periodic': False, 'domain': 'Union(Interval.open(-oo, -1.47467943448090), Interval.open(-1.47467943448090, 0.474679434480896), Interval.open(0.474679434480896, oo))'}}",auto
MCM_300_803d4186,"{'a': 3, 'b': 0, 'c': 0}","{'points': [{'x': -3.0, 'y': -4.2554}, {'x': -2.75, 'y': -3.7809}, {'x': -2.5, 'y': -3.3156}, {'x': -2.25, 'y': -2.8612}, {'x': -2.0, 'y': -2.4199}, {'x': -1.75, 'y': -1.9943}, {'x': -1.5, 'y': -1.588}, {'x': -1.25, 'y': -1.2055}, {'x': -1.0, 'y': -0.8531}, {'x': -0.75, 'y': -0.5393}, {'x': -0.5, 'y': -0.2764}, {'x': -0.25, 'y': -0.0823}, {'x': 0.0, 'y': 0.0156}, {'x': 0.25, 'y': -0.027}, {'x': 0.5, 'y': -0.2868}, {'x': 0.75, 'y': -0.908}, {'x': 1.0, 'y': -2.1996}, {'x': 1.25, 'y': -4.9623}, {'x': 1.5, 'y': -12.1167}, {'x': 1.75, 'y': -49.4409}, {'x': 2.0, 'y': 68.1974}, {'x': 2.25, 'y': 28.5604}, {'x': 2.5, 'y': 21.221}, {'x': 2.75, 'y': 18.4073}, {'x': 3.0, 'y': 17.0948}]}","{'formula': '(8*x**2 + 0.05625*x - x**1.0 - 0.105625)/(3.6*x - 6.76)', 'latex': '\\frac{8 x^{2} + 0.05625 x - x^{1.0} - 0.105625}{3.6 x - 6.76}', 'properties': {'singularities': ['1.87777777777778'], 'is_periodic': False, 'domain': 'Union(Interval.Ropen(0, 1.87777777777778), Interval.open(1.87777777777778, oo))'}}",auto
MCM_300_16b1b6d7,"{'a': 3, 'b': 0, 'c': 0}","{'points': [{'x': -3.0, 'y': -3326.5226}, {'x': -2.75, 'y': -2108.2571}, {'x': -2.5, 'y': -1275.7102}, {'x': -2.25, 'y': -729.2239}, {'x': -2.0, 'y': -387.9709}, {'x': -1.75, 'y': -187.9831}, {'x': -1.5, 'y': -80.1808}, {'x': -1.25, 'y': -28.4013}, {'x': -1.0, 'y': -7.4282}, {'x': -0.75, 'y': -1.0198}, {'x': -0.5, 'y': 0.0614}, {'x': -0.25, 'y': 0.0203}, {'x': 0.0, 'y': 0.0}, {'x': 0.25, 'y': 0.0531}, {'x': 0.5, 'y': 1.1126}, {'x': 0.75, 'y': 6.9631}, {'x': 1.0, 'y': 26.2118}, {'x': 1.25, 'y': 74.2598}, {'x': 1.5, 'y': 175.273}, {'x': 1.75, 'y': 364.1531}, {'x': 2.0, 'y': 688.5091}, {'x': 2.25, 'y': 1210.628}, {'x': 2.5, 'y': 2009.4461}, {'x': 2.75, 'y': 3182.5199}, {'x': 3.0, 'y': 4847.9974}]}","{'formula': 'x**2*(2.44140625*x**2 + (2*x + 0.826446280991735)*(8.41*x**2 + 3.76106633815465*I))', 'latex': 'x^{2} \\left(2.44140625 x^{2} + \\left(2 x + 0.826446280991735\\right) \\left(8.41 x^{2} + 3.76106633815465 i\\right)\\right)', 'properties': {'singularities': [], 'is_periodic': False, 'domain': 'Reals'}}",auto
MCM_302_759e956b,"{'a': 3, 'b': 0, 'c': 2}","{'points': [{'x': -3.0, 'y': -3.25}, {'x': -2.758, 'y': -3.623}, {'x': -2.517, 'y': -4.4267}, {'x': -2.275, 'y': -6.7963}, {'x': -2.033, 'y': -44.7898}, {'x': -1.792, 'y': 5.5641}, {'x': -1.55, 'y': 1.9279}, {'x': -1.308, 'y': 0.8937}, {'x': -1.067, 'y': 0.4402}, {'x': -0.825, 'y': 0.2092}, {'x': -0.583, 'y': 0.0867}, {'x': -0.342, 'y': 0.0254}, {'x': -0.1, 'y': 0.0019}, {'x': 0.1, 'y': 0.0017}, {'x': 0.364, 'y': 0.0202}, {'x': 0.627, 'y': 0.0541}, {'x': 0.891, 'y': 0.0991}, {'x': 1.155, 'y': 0.1526}, {'x': 1.418, 'y': 0.2125}, {'x': 1.682, 'y': 0.2774}, {'x': 1.945, 'y': 0.3464}, {'x': 2.209, 'y': 0.4187}, {'x': 2.473, 'y': 0.4937}, {'x': 2.736, 'y': 0.5709}, {'x': 3.0, 'y': 0.65}]}","{'formula': '0.361111111111111*x**2/(x + 2)', 'latex': '\\frac{0.361111111111111 x^{2}}{x + 2}', 'properties': {'singularities': ['-2'], 'is_periodic': False, 'domain': 'Union(Interval.open(-oo, -2), Interval.open(-2, oo))'}}",auto
MCM_302_35e9caf4,"{'a': 3, 'b': 0, 'c': 2}","{'points': [{'x': -3.0, 'y': 1.08}, {'x': -2.758, 'y': 1.0891}, {'x': -2.517, 'y': 1.0993}, {'x': -2.275, 'y': 1.1105}, {'x': -2.033, 'y': 1.1231}, {'x': -1.792, 'y': 1.1374}, {'x': -1.55, 'y': 1.1535}, {'x': -1.308, 'y': 1.172}, {'x': -1.067, 'y': 1.1935}, {'x': -0.825, 'y': 1.2186}, {'x': -0.583, 'y': 1.2484}, {'x': -0.342, 'y': 1.2843}, {'x': -0.1, 'y': 1.3286}, {'x': 0.1, 'y': 1.3737}, {'x': 0.364, 'y': 1.45}, {'x': 0.627, 'y': 1.5556}, {'x': 0.891, 'y': 1.7115}, {'x': 1.155, 'y': 1.9645}, {'x': 1.418, 'y': 2.4469}, {'x': 1.682, 'y': 3.7286}, {'x': 1.945, 'y': 17.4}, {'x': 2.209, 'y': -3.4043}, {'x': 2.473, 'y': -1.0038}, {'x': 2.736, 'y': -0.3222}, {'x': 3.0, 'y': 0.0}]}","{'formula': '(0.9*x - 2.7)/(x - 2)', 'latex': '\\frac{0.9 x - 2.7}{x - 2}', 'properties': {'singularities': ['2'], 'is_periodic': False, 'domain': 'Union(Interval.open(-oo, 2), Interval.open(2, oo))'}}",auto
MCM_000_ad5d557f,"{'a': 0, 'b': 0, 'c': 0}","{'points': [{'x': -3.0, 'y': 6.0}, {'x': -2.75, 'y': 5.5}, {'x': -2.5, 'y': 5.0}, {'x': -2.25, 'y': 4.5}, {'x': -2.0, 'y': 4.0}, {'x': -1.75, 'y': 3.5}, {'x': -1.5, 'y': 3.0}, {'x': -1.25, 'y': 2.5}, {'x': -1.0, 'y': 2.0}, {'x': -0.75, 'y': 1.5}, {'x': -0.5, 'y': 1.0}, {'x': -0.25, 'y': 0.5}, {'x': 0.0, 'y': -0.0}, {'x': 0.25, 'y': -0.5}, {'x': 0.5, 'y': -1.0}, {'x': 0.75, 'y': -1.5}, {'x': 1.0, 'y': -2.0}, {'x': 1.25, 'y': -2.5}, {'x': 1.5, 'y': -3.0}, {'x': 1.75, 'y': -3.5}, {'x': 2.0, 'y': -4.0}, {'x': 2.25, 'y': -4.5}, {'x': 2.5, 'y': -5.0}, {'x': 2.75, 'y': -5.5}, {'x': 3.0, 'y': -6.0}]}","{'formula': '-2*x', 'latex': '- 2 x', 'properties': {'singularities': [], 'is_periodic': False, 'domain': 'Reals'}}",auto_v2
MCM_000_6a73bd21,"{'a': 0, 'b': 0, 'c': 0}","{'points': [{'x': -3.0, 'y': -7.0}, {'x': -2.75, 'y': -6.25}, {'x': -2.5, 'y': -5.5}, {'x': -2.25, 'y': -4.75}, {'x': -2.0, 'y': -4.0}, {'x': -1.75, 'y': -3.25}, {'x': -1.5, 'y': -2.5}, {'x': -1.25, 'y': -1.75}, {'x': -1.0, 'y': -1.0}, {'x': -0.75, 'y': -0.25}, {'x': -0.5, 'y': 0.5}, {'x': -0.25, 'y': 1.25}, {'x': 0.0, 'y': 2.0}, {'x': 0.25, 'y': 2.75}, {'x': 0.5, 'y': 3.5}, {'x': 0.75, 'y': 4.25}, {'x': 1.0, 'y': 5.0}, {'x': 1.25, 'y': 5.75}, {'x': 1.5, 'y': 6.5}, {'x': 1.75, 'y': 7.25}, {'x': 2.0, 'y': 8.0}, {'x': 2.25, 'y': 8.75}, {'x': 2.5, 'y': 9.5}, {'x': 2.75, 'y': 10.25}, {'x': 3.0, 'y': 11.0}]}","{'formula': '3*x + 2', 'latex': '3 x + 2', 'properties': {'singularities': [], 'is_periodic': False, 'domain': 'Reals'}}",auto_v2
MCM_000_94d1a5e1,"{'a': 0, 'b': 0, 'c': 0}","{'points': [{'x': -3.0, 'y': -12.0}, {'x': -2.75, 'y': -11.0}, {'x': -2.5, 'y': -10.0}, {'x': -2.25, 'y': -9.0}, {'x': -2.0, 'y': -8.0}, {'x': -1.75, 'y': -7.0}, {'x': -1.5, 'y': -6.0}, {'x': -1.25, 'y': -5.0}, {'x': -1.0, 'y': -4.0}, {'x': -0.75, 'y': -3.0}, {'x': -0.5, 'y': -2.0}, {'x': -0.25, 'y': -1.0}, {'x': 0.0, 'y': 0.0}, {'x': 0.25, 'y': 1.0}, {'x': 0.5, 'y': 2.0}, {'x': 0.75, 'y': 3.0}, {'x': 1.0, 'y': 4.0}, {'x': 1.25, 'y': 5.0}, {'x': 1.5, 'y': 6.0}, {'x': 1.75, 'y': 7.0}, {'x': 2.0, 'y': 8.0}, {'x': 2.25, 'y': 9.0}, {'x': 2.5, 'y': 10.0}, {'x': 2.75, 'y': 11.0}, {'x': 3.0, 'y': 12.0}]}","{'formula': '4*x', 'latex': '4 x', 'properties': {'singularities': [], 'is_periodic': False, 'domain': 'Reals'}}",auto_v2
MCM_000_fa70f86a,"{'a': 0, 'b': 0, 'c': 0}","{'points': [{'x': -3.0, 'y': -18.0}, {'x': -2.75, 'y': -15.125}, {'x': -2.5, 'y': -12.5}, {'x': -2.25, 'y': -10.125}, {'x': -2.0, 'y': -8.0}, {'x': -1.75, 'y': -6.125}, {'x': -1.5, 'y': -4.5}, {'x': -1.25, 'y': -3.125}, {'x': -1.0, 'y': -2.0}, {'x': -0.75, 'y': -1.125}, {'x': -0.5, 'y': -0.5}, {'x': -0.25, 'y': -0.125}, {'x': 0.0, 'y': -0.0}, {'x': 0.25, 'y': -0.125}, {'x': 0.5, 'y': -0.5}, {'x': 0.75, 'y': -1.125}, {'x': 1.0, 'y': -2.0}, {'x': 1.25, 'y': -3.125}, {'x': 1.5, 'y': -4.5}, {'x': 1.75, 'y': -6.125}, {'x': 2.0, 'y': -8.0}, {'x': 2.25, 'y': -10.125}, {'x': 2.5, 'y': -12.5}, {'x': 2.75, 'y': -15.125}, {'x': 3.0, 'y': -18.0}]}","{'formula': '-2*x**2', 'latex': '- 2 x^{2}', 'properties': {'singularities': [], 'is_periodic': False, 'domain': 'Reals'}}",auto_v2
MCM_000_b624ab25,"{'a': 0, 'b': 0, 'c': 0}","{'points': [{'x': -3.0, 'y': -9.0}, {'x': -2.75, 'y': -8.5}, {'x': -2.5, 'y': -8.0}, {'x': -2.25, 'y': -7.5}, {'x': -2.0, 'y': -7.0}, {'x': -1.75, 'y': -6.5}, {'x': -1.5, 'y': -6.0}, {'x': -1.25, 'y': -5.5}, {'x': -1.0, 'y': -5.0}, {'x': -0.75, 'y': -4.5}, {'x': -0.5, 'y': -4.0}, {'x': -0.25, 'y': -3.5}, {'x': 0.0, 'y': -3.0}, {'x': 0.25, 'y': -2.5}, {'x': 0.5, 'y': -2.0}, {'x': 0.75, 'y': -1.5}, {'x': 1.0, 'y': -1.0}, {'x': 1.25, 'y': -0.5}, {'x': 1.5, 'y': 0.0}, {'x': 1.75, 'y': 0.5}, {'x': 2.0, 'y': 1.0}, {'x': 2.25, 'y': 1.5}, {'x': 2.5, 'y': 2.0}, {'x': 2.75, 'y': 2.5}, {'x': 3.0, 'y': 3.0}]}","{'formula': '2*x - 3', 'latex': '2 x - 3', 'properties': {'singularities': [], 'is_periodic': False, 'domain': 'Reals'}}",auto_v2
MCM_000_82d49f6c,"{'a': 0, 'b': 0, 'c': 0}","{'points': [{'x': -3.0, 'y': -27.0}, {'x': -2.75, 'y': -22.6875}, {'x': -2.5, 'y': -18.75}, {'x': -2.25, 'y': -15.1875}, {'x': -2.0, 'y': -12.0}, {'x': -1.75, 'y': -9.1875}, {'x': -1.5, 'y': -6.75}, {'x': -1.25, 'y': -4.6875}, {'x': -1.0, 'y': -3.0}, {'x': -0.75, 'y': -1.6875}, {'x': -0.5, 'y': -0.75}, {'x': -0.25, 'y': -0.1875}, {'x': 0.0, 'y': -0.0}, {'x': 0.25, 'y': -0.1875}, {'x': 0.5, 'y': -0.75}, {'x': 0.75, 'y': -1.6875}, {'x': 1.0, 'y': -3.0}, {'x': 1.25, 'y': -4.6875}, {'x': 1.5, 'y': -6.75}, {'x': 1.75, 'y': -9.1875}, {'x': 2.0, 'y': -12.0}, {'x': 2.25, 'y': -15.1875}, {'x': 2.5, 'y': -18.75}, {'x': 2.75, 'y': -22.6875}, {'x': 3.0, 'y': -27.0}]}","{'formula': '-3*x**2', 'latex': '- 3 x^{2}', 'properties': {'singularities': [], 'is_periodic': False, 'domain': 'Reals'}}",auto_v2
MCM_000_fb39b6c6,"{'a': 0, 'b': 0, 'c': 0}","{'points': [{'x': -3.0, 'y': -4.0}, {'x': -2.75, 'y': -3.75}, {'x': -2.5, 'y': -3.5}, {'x': -2.25, 'y': -3.25}, {'x': -2.0, 'y': -3.0}, {'x': -1.75, 'y': -2.75}, {'x': -1.5, 'y': -2.5}, {'x': -1.25, 'y': -2.25}, {'x': -1.0, 'y': -2.0}, {'x': -0.75, 'y': -1.75}, {'x': -0.5, 'y': -1.5}, {'x': -0.25, 'y': -1.25}, {'x': 0.0, 'y': -1.0}, {'x': 0.25, 'y': -0.75}, {'x': 0.5, 'y': -0.5}, {'x': 0.75, 'y': -0.25}, {'x': 1.0, 'y': 0.0}, {'x': 1.25, 'y': 0.25}, {'x': 1.5, 'y': 0.5}, {'x': 1.75, 'y': 0.75}, {'x': 2.0, 'y': 1.0}, {'x': 2.25, 'y': 1.25}, {'x': 2.5, 'y': 1.5}, {'x': 2.75, 'y': 1.75}, {'x': 3.0, 'y': 2.0}]}","{'formula': 'x - 1', 'latex': 'x - 1', 'properties': {'singularities': [], 'is_periodic': False, 'domain': 'Reals'}}",auto_v2
MCM_001_5f858a00,"{'a': 0, 'b': 0, 'c': 1}","{'points': [{'x': -4.0, 'y': 0.144}, {'x': -3.667, 'y': -0.4315}, {'x': -3.333, 'y': -0.347}, {'x': -3.0, 'y': 0.2683}, {'x': -2.667, 'y': 0.4732}, {'x': -2.333, 'y': -0.0457}, {'x': -2.0, 'y': -0.4947}, {'x': -1.667, 'y': -0.1871}, {'x': -1.333, 'y': 0.4067}, {'x': -1.0, 'y': 0.3784}, {'x': -0.667, 'y': -0.2286}, {'x': -0.333, 'y': -0.486}, {'x': 0.0, 'y': 0.0}, {'x': 0.333, 'y': 0.486}, {'x': 0.667, 'y': 0.2286}, {'x': 1.0, 'y': -0.3784}, {'x': 1.333, 'y': -0.4067}, {'x': 1.667, 'y': 0.1871}, {'x': 2.0, 'y': 0.4947}, {'x': 2.333, 'y': 0.0457}, {'x': 2.667, 'y': -0.4732}, {'x': 3.0, 'y': -0.2683}, {'x': 3.333, 'y': 0.347}, {'x': 3.667, 'y': 0.4315}, {'x': 4.0, 'y': -0.144}]}","{'formula': 'sin(4*x)/2', 'latex': '\\frac{\\sin{\\left(4 x \\right)}}{2}', 'properties': {'singularities': [], 'is_periodic': True, 'domain': 'Reals', 'period_value': 'pi/2'}}",auto_v2
MCM_001_83bddd1e,"{'a': 0, 'b': 0, 'c': 1}","{'points': [{'x': -4.0, 'y': 0.7568}, {'x': -3.667, 'y': 0.1906}, {'x': -3.333, 'y': -0.4573}, {'x': -3.0, 'y': -0.9093}, {'x': -2.667, 'y': -0.9719}, {'x': -2.333, 'y': -0.6184}, {'x': -2.0, 'y': 0.0}, {'x': -1.667, 'y': 0.6184}, {'x': -1.333, 'y': 0.9719}, {'x': -1.0, 'y': 0.9093}, {'x': -0.667, 'y': 0.4573}, {'x': -0.333, 'y': -0.1906}, {'x': 0.0, 'y': -0.7568}, {'x': 0.333, 'y': -0.999}, {'x': 0.667, 'y': -0.8133}, {'x': 1.0, 'y': -0.2794}, {'x': 1.333, 'y': 0.3742}, {'x': 1.667, 'y': 0.8675}, {'x': 2.0, 'y': 0.9894}, {'x': 2.333, 'y': 0.6876}, {'x': 2.667, 'y': 0.0913}, {'x': 3.0, 'y': -0.544}, {'x': 3.333, 'y': -0.9464}, {'x': 3.667, 'y': -0.9435}, {'x': 4.0, 'y': -0.5366}]}","{'formula': 'sin(2*x + 4)', 'latex': '\\sin{\\left(2 x + 4 \\right)}', 'properties': {'singularities': [], 'is_periodic': True, 'domain': 'Reals', 'period_value': 'pi'}}",auto_v2
MCM_001_236ad14c,"{'a': 0, 'b': 0, 'c': 1}","{'points': [{'x': -4.0, 'y': -0.9093}, {'x': -3.667, 'y': -0.9954}, {'x': -3.333, 'y': -0.9719}, {'x': -3.0, 'y': -0.8415}, {'x': -2.667, 'y': -0.6184}, {'x': -2.333, 'y': -0.3272}, {'x': -2.0, 'y': 0.0}, {'x': -1.667, 'y': 0.3272}, {'x': -1.333, 'y': 0.6184}, {'x': -1.0, 'y': 0.8415}, {'x': -0.667, 'y': 0.9719}, {'x': -0.333, 'y': 0.9954}, {'x': 0.0, 'y': 0.9093}, {'x': 0.333, 'y': 0.7231}, {'x': 0.667, 'y': 0.4573}, {'x': 1.0, 'y': 0.1411}, {'x': 1.333, 'y': -0.1906}, {'x': 1.667, 'y': -0.5013}, {'x': 2.0, 'y': -0.7568}, {'x': 2.333, 'y': -0.929}, {'x': 2.667, 'y': -0.999}, {'x': 3.0, 'y': -0.9589}, {'x': 3.333, 'y': -0.8133}, {'x': 3.667, 'y': -0.5782}, {'x': 4.0, 'y': -0.2794}]}","{'formula': 'sin(x + 2)', 'latex': '\\sin{\\left(x + 2 \\right)}', 'properties': {'singularities': [], 'is_periodic': True, 'domain': 'Reals', 'period_value': '2*pi'}}",auto_v2
MCM_001_b5f4cafc,"{'a': 0, 'b': 0, 'c': 1}","{'points': [{'x': -4.0, 'y': -0.4947}, {'x': -3.667, 'y': -0.4337}, {'x': -3.333, 'y': -0.1871}, {'x': -3.0, 'y': 0.1397}, {'x': -2.667, 'y': 0.4067}, {'x': -2.333, 'y': 0.4995}, {'x': -2.0, 'y': 0.3784}, {'x': -1.667, 'y': 0.0953}, {'x': -1.333, 'y': -0.2286}, {'x': -1.0, 'y': -0.4546}, {'x': -0.667, 'y': -0.486}, {'x': -0.333, 'y': -0.3092}, {'x': 0.0, 'y': 0.0}, {'x': 0.333, 'y': 0.3092}, {'x': 0.667, 'y': 0.486}, {'x': 1.0, 'y': 0.4546}, {'x': 1.333, 'y': 0.2286}, {'x': 1.667, 'y': -0.0953}, {'x': 2.0, 'y': -0.3784}, {'x': 2.333, 'y': -0.4995}, {'x': 2.667, 'y': -0.4067}, {'x': 3.0, 'y': -0.1397}, {'x': 3.333, 'y': 0.1871}, {'x': 3.667, 'y': 0.4337}, {'x': 4.0, 'y': 0.4947}]}","{'formula': 'sin(2*x)/2', 'latex': '\\frac{\\sin{\\left(2 x \\right)}}{2}', 'properties': {'singularities': [], 'is_periodic': True, 'domain': 'Reals', 'period_value': 'pi'}}",auto_v2
MCM_001_349d1da5,"{'a': 0, 'b': 0, 'c': 1}","{'points': [{'x': -4.0, 'y': -2.6536}, {'x': -3.667, 'y': -2.8653}, {'x': -3.333, 'y': -2.9817}, {'x': -3.0, 'y': -2.99}, {'x': -2.667, 'y': -2.8893}, {'x': -2.333, 'y': -2.6908}, {'x': -2.0, 'y': -2.4161}, {'x': -1.667, 'y': -2.0957}, {'x': -1.333, 'y': -1.7648}, {'x': -1.0, 'y': -1.4597}, {'x': -0.667, 'y': -1.2141}, {'x': -0.333, 'y': -1.055}, {'x': 0.0, 'y': -1.0}, {'x': 0.333, 'y': -1.055}, {'x': 0.667, 'y': -1.2141}, {'x': 1.0, 'y': -1.4597}, {'x': 1.333, 'y': -1.7648}, {'x': 1.667, 'y': -2.0957}, {'x': 2.0, 'y': -2.4161}, {'x': 2.333, 'y': -2.6908}, {'x': 2.667, 'y': -2.8893}, {'x': 3.0, 'y': -2.99}, {'x': 3.333, 'y': -2.9817}, {'x': 3.667, 'y': -2.8653}, {'x': 4.0, 'y': -2.6536}]}","{'formula': 'cos(x) - 2', 'latex': '\\cos{\\left(x \\right)} - 2', 'properties': {'singularities': [], 'is_periodic': True, 'domain': 'Reals', 'period_value': '2*pi'}}",auto_v2
MCM_001_88b04688,"{'a': 0, 'b': 0, 'c': 1}","{'points': [{'x': -4.0, 'y': -3.1455}, {'x': -3.667, 'y': -2.5026}, {'x': -3.333, 'y': -2.0726}, {'x': -3.0, 'y': -2.0398}, {'x': -2.667, 'y': -2.4182}, {'x': -2.333, 'y': -3.0457}, {'x': -2.0, 'y': -3.6536}, {'x': -1.667, 'y': -3.9817}, {'x': -1.333, 'y': -3.8893}, {'x': -1.0, 'y': -3.4161}, {'x': -0.667, 'y': -2.7648}, {'x': -0.333, 'y': -2.2141}, {'x': 0.0, 'y': -2.0}, {'x': 0.333, 'y': -2.2141}, {'x': 0.667, 'y': -2.7648}, {'x': 1.0, 'y': -3.4161}, {'x': 1.333, 'y': -3.8893}, {'x': 1.667, 'y': -3.9817}, {'x': 2.0, 'y': -3.6536}, {'x': 2.333, 'y': -3.0457}, {'x': 2.667, 'y': -2.4182}, {'x': 3.0, 'y': -2.0398}, {'x': 3.333, 'y': -2.0726}, {'x': 3.667, 'y': -2.5026}, {'x': 4.0, 'y': -3.1455}]}","{'formula': 'cos(2*x) - 3', 'latex': '\\cos{\\left(2 x \\right)} - 3', 'properties': {'singularities': [], 'is_periodic': True, 'domain': 'Reals', 'period_value': 'pi'}}",auto_v2
MCM_001_286447ec,"{'a': 0, 'b': 0, 'c': 1}","{'points': [{'x': -4.0, 'y': -0.9894}, {'x': -3.667, 'y': -0.9825}, {'x': -3.333, 'y': -0.8675}, {'x': -3.0, 'y': -0.657}, {'x': -2.667, 'y': -0.3742}, {'x': -2.333, 'y': -0.0501}, {'x': -2.0, 'y': 0.2794}, {'x': -1.667, 'y': 0.5782}, {'x': -1.333, 'y': 0.8133}, {'x': -1.0, 'y': 0.9589}, {'x': -0.667, 'y': 0.999}, {'x': -0.333, 'y': 0.929}, {'x': 0.0, 'y': 0.7568}, {'x': 0.333, 'y': 0.5013}, {'x': 0.667, 'y': 0.1906}, {'x': 1.0, 'y': -0.1411}, {'x': 1.333, 'y': -0.4573}, {'x': 1.667, 'y': -0.7231}, {'x': 2.0, 'y': -0.9093}, {'x': 2.333, 'y': -0.9954}, {'x': 2.667, 'y': -0.9719}, {'x': 3.0, 'y': -0.8415}, {'x': 3.333, 'y': -0.6184}, {'x': 3.667, 'y': -0.3272}, {'x': 4.0, 'y': 0.0}]}","{'formula': 'sin(x - 4)', 'latex': '\\sin{\\left(x - 4 \\right)}', 'properties': {'singularities': [], 'is_periodic': True, 'domain': 'Reals', 'period_value': '2*pi'}}",auto_v2
MCM_001_10fefe52,"{'a': 0, 'b': 0, 'c': 1}","{'points': [{'x': -4.0, 'y': -0.657}, {'x': -3.667, 'y': -0.3742}, {'x': -3.333, 'y': -0.0501}, {'x': -3.0, 'y': 0.2794}, {'x': -2.667, 'y': 0.5782}, {'x': -2.333, 'y': 0.8133}, {'x': -2.0, 'y': 0.9589}, {'x': -1.667, 'y': 0.999}, {'x': -1.333, 'y': 0.929}, {'x': -1.0, 'y': 0.7568}, {'x': -0.667, 'y': 0.5013}, {'x': -0.333, 'y': 0.1906}, {'x': 0.0, 'y': -0.1411}, {'x': 0.333, 'y': -0.4573}, {'x': 0.667, 'y': -0.7231}, {'x': 1.0, 'y': -0.9093}, {'x': 1.333, 'y': -0.9954}, {'x': 1.667, 'y': -0.9719}, {'x': 2.0, 'y': -0.8415}, {'x': 2.333, 'y': -0.6184}, {'x': 2.667, 'y': -0.3272}, {'x': 3.0, 'y': 0.0}, {'x': 3.333, 'y': 0.3272}, {'x': 3.667, 'y': 0.6184}, {'x': 4.0, 'y': 0.8415}]}","{'formula': 'sin(x - 3)', 'latex': '\\sin{\\left(x - 3 \\right)}', 'properties': {'singularities': [], 'is_periodic': True, 'domain': 'Reals', 'period_value': '2*pi'}}",auto_v2
MCM_001_c99aab04,"{'a': 0, 'b': 0, 'c': 1}","{'points': [{'x': -4.0, 'y': 0.9614}, {'x': -3.667, 'y': 0.2879}, {'x': -3.333, 'y': -0.6503}, {'x': -3.0, 'y': -0.9906}, {'x': -2.667, 'y': -0.4202}, {'x': -2.333, 'y': 0.5366}, {'x': -2.0, 'y': 1.0}, {'x': -1.667, 'y': 0.544}, {'x': -1.333, 'y': -0.4121}, {'x': -1.0, 'y': -0.9894}, {'x': -0.667, 'y': -0.657}, {'x': -0.333, 'y': 0.2794}, {'x': 0.0, 'y': 0.9589}, {'x': 0.333, 'y': 0.7568}, {'x': 0.667, 'y': -0.1411}, {'x': 1.0, 'y': -0.9093}, {'x': 1.333, 'y': -0.8415}, {'x': 1.667, 'y': -0.0}, {'x': 2.0, 'y': 0.8415}, {'x': 2.333, 'y': 0.9093}, {'x': 2.667, 'y': 0.1411}, {'x': 3.0, 'y': -0.7568}, {'x': 3.333, 'y': -0.9589}, {'x': 3.667, 'y': -0.2794}, {'x': 4.0, 'y': 0.657}]}","{'formula': 'sin(3*x - 5)', 'latex': '\\sin{\\left(3 x - 5 \\right)}', 'properties': {'singularities': [], 'is_periodic': True, 'domain': 'Reals', 'period_value': '2*pi/3'}}",auto_v2
MCM_002_b9df17a2,"{'a': 0, 'b': 0, 'c': 2}","{'points': [{'x': -3.0, 'y': 4.0}, {'x': -2.758, 'y': 5.5934}, {'x': -2.517, 'y': 8.6774}, {'x': -2.275, 'y': 17.1818}, {'x': -2.033, 'y': 149.0}, {'x': -1.792, 'y': -25.0}, {'x': -1.55, 'y': -12.1111}, {'x': -1.308, 'y': -8.2289}, {'x': -1.067, 'y': -6.3571}, {'x': -0.825, 'y': -5.2553}, {'x': -0.583, 'y': -4.5294}, {'x': -0.342, 'y': -4.0151}, {'x': -0.1, 'y': -3.6316}, {'x': 0.1, 'y': -3.381}, {'x': 0.364, 'y': -3.1154}, {'x': 0.627, 'y': -2.9031}, {'x': 0.891, 'y': -2.7296}, {'x': 1.155, 'y': -2.585}, {'x': 1.418, 'y': -2.4628}, {'x': 1.682, 'y': -2.358}, {'x': 1.945, 'y': -2.2673}, {'x': 2.209, 'y': -2.1879}, {'x': 2.473, 'y': -2.1179}, {'x': 2.736, 'y': -2.0557}, {'x': 3.0, 'y': -2.0}]}","{'formula': '(-x - 7)/(x + 2)', 'latex': '\\frac{- x - 7}{x + 2}', 'properties': {'singularities': ['-2'], 'is_periodic': False, 'domain': 'Union(Interval.open(-oo, -2), Interval.open(-2, oo))'}}",auto_v2
MCM_002_0bd0fe04,"{'a': 0, 'b': 0, 'c': 2}","{'points': [{'x': -3.0, 'y': 3.0}, {'x': -2.758, 'y': 3.956}, {'x': -2.517, 'y': 5.8065}, {'x': -2.275, 'y': 10.9091}, {'x': -2.033, 'y': 90.0}, {'x': -1.792, 'y': -14.4}, {'x': -1.55, 'y': -6.6667}, {'x': -1.308, 'y': -4.3373}, {'x': -1.067, 'y': -3.2143}, {'x': -0.825, 'y': -2.5532}, {'x': -0.583, 'y': -2.1176}, {'x': -0.342, 'y': -1.809}, {'x': -0.1, 'y': -1.5789}, {'x': 0.1, 'y': -1.4286}, {'x': 0.364, 'y': -1.2692}, {'x': 0.627, 'y': -1.1419}, {'x': 0.891, 'y': -1.0377}, {'x': 1.155, 'y': -0.951}, {'x': 1.418, 'y': -0.8777}, {'x': 1.682, 'y': -0.8148}, {'x': 1.945, 'y': -0.7604}, {'x': 2.209, 'y': -0.7127}, {'x': 2.473, 'y': -0.6707}, {'x': 2.736, 'y': -0.6334}, {'x': 3.0, 'y': -0.6}]}","{'formula': '-3/(x + 2)', 'latex': '- \\frac{3}{x + 2}', 'properties': {'singularities': ['-2'], 'is_periodic': False, 'domain': 'Union(Interval.open(-oo, -2), Interval.open(-2, oo))'}}",auto_v2
MCM_002_c64fe050,"{'a': 0, 'b': 0, 'c': 2}","{'points': [{'x': -3.0, 'y': -2.0}, {'x': -2.758, 'y': -2.1016}, {'x': -2.517, 'y': -2.214}, {'x': -2.275, 'y': -2.3392}, {'x': -2.033, 'y': -2.4793}, {'x': -1.792, 'y': -2.6374}, {'x': -1.55, 'y': -2.8169}, {'x': -1.308, 'y': -3.0227}, {'x': -1.067, 'y': -3.2609}, {'x': -0.825, 'y': -3.5398}, {'x': -0.583, 'y': -3.871}, {'x': -0.342, 'y': -4.2705}, {'x': -0.1, 'y': -4.7619}, {'x': 0.1, 'y': -5.2632}, {'x': 0.364, 'y': -6.1111}, {'x': 0.627, 'y': -7.2848}, {'x': 0.891, 'y': -9.0164}, {'x': 1.155, 'y': -11.828}, {'x': 1.418, 'y': -17.1875}, {'x': 1.682, 'y': -31.4286}, {'x': 1.945, 'y': -183.3333}, {'x': 2.209, 'y': 47.8261}, {'x': 2.473, 'y': 21.1538}, {'x': 2.736, 'y': 13.5802}, {'x': 3.0, 'y': 10.0}]}","{'formula': '10/(x - 2)', 'latex': '\\frac{10}{x - 2}', 'properties': {'singularities': ['2'], 'is_periodic': False, 'domain': 'Union(Interval.open(-oo, 2), Interval.open(2, oo))'}}",auto_v2
MCM_002_edb3d750,"{'a': 0, 'b': 0, 'c': 2}","{'points': [{'x': -3.0, 'y': 4.5}, {'x': -2.758, 'y': 4.3271}, {'x': -2.517, 'y': 4.176}, {'x': -2.275, 'y': 4.0593}, {'x': -2.033, 'y': 4.0011}, {'x': -1.792, 'y': 4.0548}, {'x': -1.55, 'y': 4.3682}, {'x': -1.308, 'y': 5.5516}, {'x': -1.067, 'y': 17.0667}, {'x': -0.825, 'y': -3.8893}, {'x': -0.583, 'y': -0.8167}, {'x': -0.342, 'y': -0.1773}, {'x': -0.1, 'y': -0.0111}, {'x': 0.1, 'y': -0.0091}, {'x': 0.364, 'y': -0.097}, {'x': 0.627, 'y': -0.2418}, {'x': 0.891, 'y': -0.4198}, {'x': 1.155, 'y': -0.6187}, {'x': 1.418, 'y': -0.8317}, {'x': 1.682, 'y': -1.0547}, {'x': 1.945, 'y': -1.285}, {'x': 2.209, 'y': -1.5207}, {'x': 2.473, 'y': -1.7607}, {'x': 2.736, 'y': -2.004}, {'x': 3.0, 'y': -2.25}]}","{'formula': '-x**2/(x + 1)', 'latex': '- \\frac{x^{2}}{x + 1}', 'properties': {'singularities': ['-1'], 'is_periodic': False, 'domain': 'Union(Interval.open(-oo, -1), Interval.open(-1, oo))'}}",auto_v2
MCM_002_0d0f1b15,"{'a': 0, 'b': 0, 'c': 2}","{'points': [{'x': -3.0, 'y': -11.0}, {'x': -2.758, 'y': -13.2308}, {'x': -2.517, 'y': -17.5484}, {'x': -2.275, 'y': -29.4545}, {'x': -2.033, 'y': -214.0}, {'x': -1.792, 'y': 29.6}, {'x': -1.55, 'y': 11.5556}, {'x': -1.308, 'y': 6.1205}, {'x': -1.067, 'y': 3.5}, {'x': -0.825, 'y': 1.9574}, {'x': -0.583, 'y': 0.9412}, {'x': -0.342, 'y': 0.2211}, {'x': -0.1, 'y': -0.3158}, {'x': 0.1, 'y': -0.6667}, {'x': 0.364, 'y': -1.0385}, {'x': 0.627, 'y': -1.3356}, {'x': 0.891, 'y': -1.5786}, {'x': 1.155, 'y': -1.781}, {'x': 1.418, 'y': -1.9521}, {'x': 1.682, 'y': -2.0988}, {'x': 1.945, 'y': -2.2258}, {'x': 2.209, 'y': -2.3369}, {'x': 2.473, 'y': -2.435}, {'x': 2.736, 'y': -2.5221}, {'x': 3.0, 'y': -2.6}]}","{'formula': '(-4*x - 1)/(x + 2)', 'latex': '\\frac{- 4 x - 1}{x + 2}', 'properties': {'singularities': ['-2'], 'is_periodic': False, 'domain': 'Union(Interval.open(-oo, -2), Interval.open(-2, oo))'}}",auto_v2
MCM_002_1b189214,"{'a': 0, 'b': 0, 'c': 2}","{'points': [{'x': -3.0, 'y': 7.0}, {'x': -2.758, 'y': 8.0331}, {'x': -2.517, 'y': 10.2586}, {'x': -2.275, 'y': 16.8205}, {'x': -2.033, 'y': 122.0333}, {'x': -1.792, 'y': -17.4083}, {'x': -1.55, 'y': -7.3389}, {'x': -1.308, 'y': -4.4748}, {'x': -1.067, 'y': -3.219}, {'x': -0.825, 'y': -2.5793}, {'x': -0.583, 'y': -2.2402}, {'x': -0.342, 'y': -2.0704}, {'x': -0.1, 'y': -2.0053}, {'x': 0.1, 'y': -2.0048}, {'x': 0.364, 'y': -2.0559}, {'x': 0.627, 'y': -2.1498}, {'x': 0.891, 'y': -2.2746}, {'x': 1.155, 'y': -2.4226}, {'x': 1.418, 'y': -2.5884}, {'x': 1.682, 'y': -2.7682}, {'x': 1.945, 'y': -2.9593}, {'x': 2.209, 'y': -3.1594}, {'x': 2.473, 'y': -3.367}, {'x': 2.736, 'y': -3.5809}, {'x': 3.0, 'y': -3.8}]}","{'formula': '(-x**2 - 2*x - 4)/(x + 2)', 'latex': '\\frac{- x^{2} - 2 x - 4}{x + 2}', 'properties': {'singularities': ['-2'], 'is_periodic': False, 'domain': 'Union(Interval.open(-oo, -2), Interval.open(-2, oo))'}}",auto_v2
MCM_002_581b125f,"{'a': 0, 'b': 0, 'c': 2}","{'points': [{'x': -3.0, 'y': -1.8}, {'x': -2.758, 'y': -1.7898}, {'x': -2.517, 'y': -1.7786}, {'x': -2.275, 'y': -1.7661}, {'x': -2.033, 'y': -1.7521}, {'x': -1.792, 'y': -1.7363}, {'x': -1.55, 'y': -1.7183}, {'x': -1.308, 'y': -1.6977}, {'x': -1.067, 'y': -1.6739}, {'x': -0.825, 'y': -1.646}, {'x': -0.583, 'y': -1.6129}, {'x': -0.342, 'y': -1.573}, {'x': -0.1, 'y': -1.5238}, {'x': 0.1, 'y': -1.4737}, {'x': 0.364, 'y': -1.3889}, {'x': 0.627, 'y': -1.2715}, {'x': 0.891, 'y': -1.0984}, {'x': 1.155, 'y': -0.8172}, {'x': 1.418, 'y': -0.2812}, {'x': 1.682, 'y': 1.1429}, {'x': 1.945, 'y': 16.3333}, {'x': 2.209, 'y': -6.7826}, {'x': 2.473, 'y': -4.1154}, {'x': 2.736, 'y': -3.358}, {'x': 3.0, 'y': -3.0}]}","{'formula': '(3 - 2*x)/(x - 2)', 'latex': '\\frac{3 - 2 x}{x - 2}', 'properties': {'singularities': ['2'], 'is_periodic': False, 'domain': 'Union(Interval.open(-oo, 2), Interval.open(2, oo))'}}",auto_v2
MCM_002_00b2b49d,"{'a': 0, 'b': 0, 'c': 2}","{'points': [{'x': -3.0, 'y': -5.5}, {'x': -2.758, 'y': -5.7062}, {'x': -2.517, 'y': -5.978}, {'x': -2.275, 'y': -6.3529}, {'x': -2.033, 'y': -6.9032}, {'x': -1.792, 'y': -7.7895}, {'x': -1.55, 'y': -9.4545}, {'x': -1.308, 'y': -13.7297}, {'x': -1.067, 'y': -49.0}, {'x': -0.825, 'y': 13.1429}, {'x': -0.583, 'y': 3.2}, {'x': -0.342, 'y': 0.557}, {'x': -0.1, 'y': -0.6667}, {'x': 0.1, 'y': -1.2727}, {'x': 0.364, 'y': -1.8}, {'x': 0.627, 'y': -2.1564}, {'x': 0.891, 'y': -2.4135}, {'x': 1.155, 'y': -2.6076}, {'x': 1.418, 'y': -2.7594}, {'x': 1.682, 'y': -2.8814}, {'x': 1.945, 'y': -2.9815}, {'x': 2.209, 'y': -3.0652}, {'x': 2.473, 'y': -3.1361}, {'x': 2.736, 'y': -3.1971}, {'x': 3.0, 'y': -3.25}]}","{'formula': '(-4*x - 1)/(x + 1)', 'latex': '\\frac{- 4 x - 1}{x + 1}', 'properties': {'singularities': ['-1'], 'is_periodic': False, 'domain': 'Union(Interval.open(-oo, -1), Interval.open(-1, oo))'}}",auto_v2
MCM_002_7006e0c1,"{'a': 0, 'b': 0, 'c': 2}","{'points': [{'x': -3.0, 'y': 7.0}, {'x': -2.758, 'y': 8.9121}, {'x': -2.517, 'y': 12.6129}, {'x': -2.275, 'y': 22.8182}, {'x': -2.033, 'y': 181.0}, {'x': -1.792, 'y': -27.8}, {'x': -1.55, 'y': -12.3333}, {'x': -1.308, 'y': -7.6747}, {'x': -1.067, 'y': -5.4286}, {'x': -0.825, 'y': -4.1064}, {'x': -0.583, 'y': -3.2353}, {'x': -0.342, 'y': -2.6181}, {'x': -0.1, 'y': -2.1579}, {'x': 0.1, 'y': -1.8571}, {'x': 0.364, 'y': -1.5385}, {'x': 0.627, 'y': -1.2837}, {'x': 0.891, 'y': -1.0755}, {'x': 1.155, 'y': -0.902}, {'x': 1.418, 'y': -0.7553}, {'x': 1.682, 'y': -0.6296}, {'x': 1.945, 'y': -0.5207}, {'x': 2.209, 'y': -0.4255}, {'x': 2.473, 'y': -0.3415}, {'x': 2.736, 'y': -0.2668}, {'x': 3.0, 'y': -0.2}]}","{'formula': '(x - 4)/(x + 2)', 'latex': '\\frac{x - 4}{x + 2}', 'properties': {'singularities': ['-2'], 'is_periodic': False, 'domain': 'Union(Interval.open(-oo, -2), Interval.open(-2, oo))'}}",auto_v2
MCM_003_cbd6da97,"{'a': 0, 'b': 0, 'c': 3}","{'points': [{'x': -3.0, 'y': -2.4444}, {'x': -2.758, 'y': -3.1819}, {'x': -2.517, 'y': -4.6018}, {'x': -2.275, 'y': -8.5009}, {'x': -2.033, 'y': -68.7736}, {'x': -1.792, 'y': 10.7544}, {'x': -1.55, 'y': 4.8452}, {'x': -1.308, 'y': 3.0503}, {'x': -1.067, 'y': 2.1707}, {'x': -0.825, 'y': 1.6381}, {'x': -0.583, 'y': 1.2706}, {'x': -0.342, 'y': 0.9905}, {'x': -0.1, 'y': 0.7566}, {'x': 0.1, 'y': 0.5782}, {'x': 0.364, 'y': 0.3385}, {'x': 0.627, 'y': 0.0515}, {'x': 0.891, 'y': -0.3821}, {'x': 1.155, 'y': -1.3431}, {'x': 1.418, 'y': -8.0615}, {'x': 1.682, 'y': 4.5494}, {'x': 1.945, 'y': 2.1828}, {'x': 2.209, 'y': 1.5504}, {'x': 2.473, 'y': 1.2453}, {'x': 2.736, 'y': 1.0603}, {'x': 3.0, 'y': 0.9333}]}","{'formula': '(6*x - 4)/((x + 2)*(2*x - 3))', 'latex': '\\frac{6 x - 4}{\\left(x + 2\\right) \\left(2 x - 3\\right)}', 'properties': {'singularities': ['-2', '3/2'], 'is_periodic': False, 'domain': 'Union(Interval.open(-oo, -2), Interval.open(-2, 3/2), Interval.open(3/2, oo))'}}",auto_v2
MCM_003_4506db64,"{'a': 0, 'b': 0, 'c': 3}","{'points': [{'x': -3.0, 'y': -1.192}, {'x': -2.758, 'y': -1.1509}, {'x': -2.517, 'y': -1.1053}, {'x': -2.275, 'y': -1.0546}, {'x': -2.033, 'y': -0.998}, {'x': -1.792, 'y': -0.9341}, {'x': -1.55, 'y': -0.8617}, {'x': -1.308, 'y': -0.7789}, {'x': -1.067, 'y': -0.6834}, {'x': -0.825, 'y': -0.5719}, {'x': -0.583, 'y': -0.4404}, {'x': -0.342, 'y': -0.283}, {'x': -0.1, 'y': -0.0917}, {'x': 0.1, 'y': 0.1005}, {'x': 0.364, 'y': 0.4173}, {'x': 0.627, 'y': 0.8352}, {'x': 0.891, 'y': 1.3976}, {'x': 1.155, 'y': 2.1375}, {'x': 1.418, 'y': 2.8054}, {'x': 1.682, 'y': -0.0043}, {'x': 1.945, 'y': -1.9205}, {'x': 2.209, 'y': 4.4073}, {'x': 2.473, 'y': -4.23}, {'x': 2.736, 'y': -5.3493}, {'x': 3.0, 'y': -5.0488}]}","{'formula': '-2*x*sin(1/(x - 2))', 'latex': '- 2 x \\sin{\\left(\\frac{1}{x - 2} \\right)}', 'properties': {'singularities': ['2'], 'is_periodic': False, 'domain': 'Union(Interval.open(-oo, 2), Interval.open(2, oo))'}}",auto_v2
MCM_003_05aab681,"{'a': 0, 'b': 0, 'c': 3}","{'points': [{'x': -4.0, 'y': -1.7632}, {'x': -3.667, 'y': -1.7432}, {'x': -3.333, 'y': -1.7195}, {'x': -3.0, 'y': -1.6911}, {'x': -2.667, 'y': -1.6564}, {'x': -2.333, 'y': -1.6131}, {'x': -2.0, 'y': -1.5577}, {'x': -1.667, 'y': -1.4844}, {'x': -1.333, 'y': -1.3835}, {'x': -1.0, 'y': -1.2367}, {'x': -0.667, 'y': -1.008}, {'x': -0.333, 'y': -0.6214}, {'x': 0.0, 'y': 0.0}, {'x': 0.333, 'y': -0.1863}, {'x': 0.667, 'y': 0.3726}, {'x': 1.0, 'y': -1.8186}, {'x': 1.333, 'y': -2.4854}, {'x': 1.667, 'y': -2.5199}, {'x': 2.0, 'y': -2.4735}, {'x': 2.333, 'y': -2.4211}, {'x': 2.667, 'y': -2.3751}, {'x': 3.0, 'y': -2.3365}, {'x': 3.333, 'y': -2.3044}, {'x': 3.667, 'y': -2.2775}, {'x': 4.0, 'y': -2.2547}]}","{'formula': '-2*x*sin(2/(2*x - 1))', 'latex': '- 2 x \\sin{\\left(\\frac{2}{2 x - 1} \\right)}', 'properties': {'singularities': ['1/2'], 'is_periodic': False, 'domain': 'Union(Interval.open(-oo, 1/2), Interval.open(1/2, oo))'}}",auto_v2
MCM_003_b7635138,"{'a': 0, 'b': 0, 'c': 3}","{'points': [{'x': -3.0, 'y': 5.3641}, {'x': -2.758, 'y': 4.7617}, {'x': -2.517, 'y': 4.1725}, {'x': -2.275, 'y': 3.599}, {'x': -2.033, 'y': 3.0438}, {'x': -1.792, 'y': 2.5105}, {'x': -1.55, 'y': 2.0035}, {'x': -1.308, 'y': 1.5287}, {'x': -1.067, 'y': 1.0934}, {'x': -0.825, 'y': 0.7078}, {'x': -0.583, 'y': 0.3854}, {'x': -0.342, 'y': 0.1451}, {'x': -0.1, 'y': 0.0138}, {'x': 0.1, 'y': 0.0151}, {'x': 0.364, 'y': 0.2276}, {'x': 0.627, 'y': 0.7858}, {'x': 0.891, 'y': 1.8676}, {'x': 1.155, 'y': 3.7017}, {'x': 1.418, 'y': 5.9678}, {'x': 1.682, 'y': -0.0107}, {'x': 1.945, 'y': -5.6045}, {'x': 2.209, 'y': 14.6042}, {'x': 2.473, 'y': -15.6896}, {'x': 2.736, 'y': -21.9565}, {'x': 3.0, 'y': -22.7197}]}","{'formula': '-3*x**2*sin(1/(x - 2))', 'latex': '- 3 x^{2} \\sin{\\left(\\frac{1}{x - 2} \\right)}', 'properties': {'singularities': ['2'], 'is_periodic': False, 'domain': 'Union(Interval.open(-oo, 2), Interval.open(2, oo))'}}",auto_v2
MCM_003_18c2da1f,"{'a': 0, 'b': 0, 'c': 3}","{'points': [{'x': -3.0, 'y': 0.4895}, {'x': -2.758, 'y': 0.4263}, {'x': -2.517, 'y': 0.3472}, {'x': -2.275, 'y': 0.2474}, {'x': -2.033, 'y': 0.1225}, {'x': -1.792, 'y': -0.0165}, {'x': -1.55, 'y': -0.0455}, {'x': -1.308, 'y': 1.0091}, {'x': -1.067, 'y': 0.2349}, {'x': -0.825, 'y': 0.3149}, {'x': -0.583, 'y': 1.4826}, {'x': -0.342, 'y': 1.7335}, {'x': -0.1, 'y': 1.5107}, {'x': 0.1, 'y': 1.2326}, {'x': 0.364, 'y': 0.6687}, {'x': 0.627, 'y': -0.3201}, {'x': 0.891, 'y': -0.4623}, {'x': 1.155, 'y': 1.4301}, {'x': 1.418, 'y': -0.3296}, {'x': 1.682, 'y': 0.4682}, {'x': 1.945, 'y': 0.8239}, {'x': 2.209, 'y': 0.9836}, {'x': 2.473, 'y': 1.0622}, {'x': 2.736, 'y': 1.1031}, {'x': 3.0, 'y': 1.125}]}","{'formula': 'sin(1/(x + 1)) + cos(1/(x - 1))', 'latex': '\\sin{\\left(\\frac{1}{x + 1} \\right)} + \\cos{\\left(\\frac{1}{x - 1} \\right)}', 'properties': {'singularities': ['-1', '1'], 'is_periodic': False, 'domain': 'Union(Interval.open(-oo, -1), Interval.open(-1, 1), Interval.open(1, oo))'}}",auto_v2
MCM_003_88ecb4d4,"{'a': 0, 'b': 0, 'c': 3}","{'points': [{'x': -3.0, 'y': 2.3333}, {'x': -2.758, 'y': 2.7048}, {'x': -2.517, 'y': 3.2398}, {'x': -2.275, 'y': 4.0877}, {'x': -2.033, 'y': 5.6662}, {'x': -1.792, 'y': 9.774}, {'x': -1.55, 'y': 52.9412}, {'x': -1.308, 'y': -12.5255}, {'x': -1.067, 'y': -4.8387}, {'x': -0.825, 'y': -2.5368}, {'x': -0.583, 'y': -1.3206}, {'x': -0.342, 'y': -0.4558}, {'x': -0.1, 'y': 0.3247}, {'x': 0.1, 'y': 1.0417}, {'x': 0.364, 'y': 2.3763}, {'x': 0.627, 'y': 5.2168}, {'x': 0.891, 'y': 20.9125}, {'x': 1.155, 'y': -16.5089}, {'x': 1.418, 'y': -6.6301}, {'x': 1.682, 'y': -4.3371}, {'x': 1.945, 'y': -3.2931}, {'x': 2.209, 'y': -2.6859}, {'x': 2.473, 'y': -2.2841}, {'x': 2.736, 'y': -1.9959}, {'x': 3.0, 'y': -1.7778}]}","{'formula': '(-10*x - 2)/((x - 1)*(2*x + 3))', 'latex': '\\frac{- 10 x - 2}{\\left(x - 1\\right) \\left(2 x + 3\\right)}', 'properties': {'singularities': ['-3/2', '1'], 'is_periodic': False, 'domain': 'Union(Interval.open(-oo, -3/2), Interval.open(-3/2, 1), Interval.open(1, oo))'}}",auto_v2
MCM_003_803524d7,"{'a': 0, 'b': 0, 'c': 3}","{'points': [{'x': -3.0, 'y': 0.7767}, {'x': -2.758, 'y': 0.7639}, {'x': -2.517, 'y': 0.7496}, {'x': -2.275, 'y': 0.7333}, {'x': -2.033, 'y': 0.7148}, {'x': -1.792, 'y': 0.6935}, {'x': -1.55, 'y': 0.6688}, {'x': -1.308, 'y': 0.6396}, {'x': -1.067, 'y': 0.6047}, {'x': -0.825, 'y': 0.5623}, {'x': -0.583, 'y': 0.5095}, {'x': -0.342, 'y': 0.442}, {'x': -0.1, 'y': 0.3526}, {'x': 0.1, 'y': 0.2532}, {'x': 0.364, 'y': 0.0634}, {'x': 0.627, 'y': -0.2534}, {'x': 0.891, 'y': -0.8553}, {'x': 1.155, 'y': -1.8954}, {'x': 1.418, 'y': -0.0477}, {'x': 1.682, 'y': 0.7099}, {'x': 1.945, 'y': -0.1306}, {'x': 2.209, 'y': -0.8377}, {'x': 2.473, 'y': 1.3718}, {'x': 2.736, 'y': 1.6678}, {'x': 3.0, 'y': 1.6274}]}","{'formula': 'sin(1/(x - 2)) + cos(2/(2*x - 3))', 'latex': '\\sin{\\left(\\frac{1}{x - 2} \\right)} + \\cos{\\left(\\frac{2}{2 x - 3} \\right)}', 'properties': {'singularities': ['3/2', '2'], 'is_periodic': False, 'domain': 'Union(Interval.open(-oo, 3/2), Interval.open(3/2, 2), Interval.open(2, oo))'}}",auto_v2
MCM_003_8ae67e27,"{'a': 0, 'b': 0, 'c': 3}","{'points': [{'x': -3.0, 'y': -1.522}, {'x': -2.758, 'y': -1.3324}, {'x': -2.517, 'y': -1.1485}, {'x': -2.275, 'y': -0.9712}, {'x': -2.033, 'y': -0.8016}, {'x': -1.792, 'y': -0.6411}, {'x': -1.55, 'y': -0.4916}, {'x': -1.308, 'y': -0.3556}, {'x': -1.067, 'y': -0.2358}, {'x': -0.825, 'y': -0.1362}, {'x': -0.583, 'y': -0.0613}, {'x': -0.342, 'y': -0.0158}, {'x': -0.1, 'y': -0.0005}, {'x': 0.1, 'y': 0.0003}, {'x': 0.364, 'y': 0.0255}, {'x': 0.627, 'y': -0.1798}, {'x': 0.891, 'y': -0.3512}, {'x': 1.155, 'y': -1.8186}, {'x': 1.418, 'y': -4.3446}, {'x': 1.682, 'y': -11.1941}, {'x': 1.945, 'y': -86.1165}, {'x': 2.209, 'y': 28.4755}, {'x': 2.473, 'y': 15.5271}, {'x': 2.736, 'y': 12.0314}, {'x': 3.0, 'y': 10.5143}]}","{'formula': 'x**3*sin(2/(2*x - 1))/(x - 2)', 'latex': '\\frac{x^{3} \\sin{\\left(\\frac{2}{2 x - 1} \\right)}}{x - 2}', 'properties': {'singularities': ['1/2', '2'], 'is_periodic': False, 'domain': 'Union(Interval.open(-oo, 1/2), Interval.open(1/2, 2), Interval.open(2, oo))'}}",auto_v2
MCM_003_1510fb70,"{'a': 0, 'b': 0, 'c': 3}","{'points': [{'x': -3.0, 'y': -3.5529}, {'x': -2.758, 'y': -4.046}, {'x': -2.517, 'y': -3.8571}, {'x': -2.275, 'y': 1.9339}, {'x': -2.033, 'y': 3.9614}, {'x': -1.792, 'y': -3.9216}, {'x': -1.55, 'y': 3.0636}, {'x': -1.308, 'y': 3.7244}, {'x': -1.067, 'y': 3.1923}, {'x': -0.825, 'y': 2.6279}, {'x': -0.583, 'y': 2.1537}, {'x': -0.342, 'y': 1.7578}, {'x': -0.1, 'y': 1.4129}, {'x': 0.1, 'y': 1.146}, {'x': 0.364, 'y': 0.7883}, {'x': 0.627, 'y': 0.3676}, {'x': 0.891, 'y': -0.253}, {'x': 1.155, 'y': -1.5996}, {'x': 1.418, 'y': -10.895}, {'x': 1.682, 'y': 6.5057}, {'x': 1.945, 'y': 3.2239}, {'x': 2.209, 'y': 2.3384}, {'x': 2.473, 'y': 1.9064}, {'x': 2.736, 'y': 1.6411}, {'x': 3.0, 'y': 1.4569}]}","{'formula': '(10*x - 8)*sin(1/(x + 2))/(2*x - 3)', 'latex': '\\frac{\\left(10 x - 8\\right) \\sin{\\left(\\frac{1}{x + 2} \\right)}}{2 x - 3}', 'properties': {'singularities': ['-2', '3/2'], 'is_periodic': False, 'domain': 'Union(Interval.open(-oo, -2), Interval.open(-2, 3/2), Interval.open(3/2, oo))'}}",auto_v2
MCM_010_3290d6b0,"{'a': 0, 'b': 1, 'c': 0}","{'points': [{'x': -3.0, 'y': 5.4227}, {'x': -2.75, 'y': 5.25}, {'x': -2.5, 'y': 5.061}, {'x': -2.25, 'y': 4.8525}, {'x': -2.0, 'y': 4.6201}, {'x': -1.75, 'y': 4.3575}, {'x': -1.5, 'y': 4.0561}, {'x': -1.25, 'y': 3.7028}, {'x': -1.0, 'y': 3.2771}, {'x': -0.75, 'y': 2.7449}, {'x': -0.5, 'y': 2.0477}, {'x': -0.25, 'y': 1.1192}, {'x': 0.0, 'y': 0.4055}, {'x': 0.25, 'y': 1.1192}, {'x': 0.5, 'y': 2.0477}, {'x': 0.75, 'y': 2.7449}, {'x': 1.0, 'y': 3.2771}, {'x': 1.25, 'y': 3.7028}, {'x': 1.5, 'y': 4.0561}, {'x': 1.75, 'y': 4.3575}, {'x': 2.0, 'y': 4.6201}, {'x': 2.25, 'y': 4.8525}, {'x': 2.5, 'y': 5.061}, {'x': 2.75, 'y': 5.25}, {'x': 3.0, 'y': 5.4227}]}","{'formula': 'log(25*x**2 + 3/2)', 'latex': '\\log{\\left(25 x^{2} + \\frac{3}{2} \\right)}', 'properties': {'singularities': [], 'is_periodic': False, 'domain': 'Reals'}}",auto_v2
MCM_010_15e1ca13,"{'a': 0, 'b': 1, 'c': 0}","{'points': [{'x': -1.5, 'y': 3.3201}, {'x': -1.375, 'y': 3.0042}, {'x': -1.25, 'y': 2.7183}, {'x': -1.125, 'y': 2.4596}, {'x': -1.0, 'y': 2.2255}, {'x': -0.875, 'y': 2.0138}, {'x': -0.75, 'y': 1.8221}, {'x': -0.625, 'y': 1.6487}, {'x': -0.5, 'y': 1.4918}, {'x': -0.375, 'y': 1.3499}, {'x': -0.25, 'y': 1.2214}, {'x': -0.125, 'y': 1.1052}, {'x': 0.0, 'y': 1.0}, {'x': 0.125, 'y': 0.9048}, {'x': 0.25, 'y': 0.8187}, {'x': 0.375, 'y': 0.7408}, {'x': 0.5, 'y': 0.6703}, {'x': 0.625, 'y': 0.6065}, {'x': 0.75, 'y': 0.5488}, {'x': 0.875, 'y': 0.4966}, {'x': 1.0, 'y': 0.4493}, {'x': 1.125, 'y': 0.4066}, {'x': 1.25, 'y': 0.3679}, {'x': 1.375, 'y': 0.3329}, {'x': 1.5, 'y': 0.3012}]}","{'formula': 'exp(-4*x/5)', 'latex': 'e^{- \\frac{4 x}{5}}', 'properties': {'singularities': [], 'is_periodic': False, 'domain': 'Reals'}}",auto_v2
MCM_010_9c3c5701,"{'a': 0, 'b': 1, 'c': 0}","{'points': [{'x': -1.5, 'y': 0.1353}, {'x': -1.375, 'y': 0.1599}, {'x': -1.25, 'y': 0.1889}, {'x': -1.125, 'y': 0.2231}, {'x': -1.0, 'y': 0.2636}, {'x': -0.875, 'y': 0.3114}, {'x': -0.75, 'y': 0.3679}, {'x': -0.625, 'y': 0.4346}, {'x': -0.5, 'y': 0.5134}, {'x': -0.375, 'y': 0.6065}, {'x': -0.25, 'y': 0.7165}, {'x': -0.125, 'y': 0.8465}, {'x': 0.0, 'y': 1.0}, {'x': 0.125, 'y': 1.1814}, {'x': 0.25, 'y': 1.3956}, {'x': 0.375, 'y': 1.6487}, {'x': 0.5, 'y': 1.9477}, {'x': 0.625, 'y': 2.301}, {'x': 0.75, 'y': 2.7183}, {'x': 0.875, 'y': 3.2113}, {'x': 1.0, 'y': 3.7937}, {'x': 1.125, 'y': 4.4817}, {'x': 1.25, 'y': 5.2945}, {'x': 1.375, 'y': 6.2547}, {'x': 1.5, 'y': 7.3891}]}","{'formula': 'exp(4*x/3)', 'latex': 'e^{\\frac{4 x}{3}}', 'properties': {'singularities': [], 'is_periodic': False, 'domain': 'Reals'}}",auto_v2
MCM_010_e7a4773e,"{'a': 0, 'b': 1, 'c': 0}","{'points': [{'x': -1.5, 'y': 0.4493}, {'x': -1.375, 'y': 0.4724}, {'x': -1.25, 'y': 0.4966}, {'x': -1.125, 'y': 0.522}, {'x': -1.0, 'y': 0.5488}, {'x': -0.875, 'y': 0.5769}, {'x': -0.75, 'y': 0.6065}, {'x': -0.625, 'y': 0.6376}, {'x': -0.5, 'y': 0.6703}, {'x': -0.375, 'y': 0.7047}, {'x': -0.25, 'y': 0.7408}, {'x': -0.125, 'y': 0.7788}, {'x': 0.0, 'y': 0.8187}, {'x': 0.125, 'y': 0.8607}, {'x': 0.25, 'y': 0.9048}, {'x': 0.375, 'y': 0.9512}, {'x': 0.5, 'y': 1.0}, {'x': 0.625, 'y': 1.0513}, {'x': 0.75, 'y': 1.1052}, {'x': 0.875, 'y': 1.1618}, {'x': 1.0, 'y': 1.2214}, {'x': 1.125, 'y': 1.284}, {'x': 1.25, 'y': 1.3499}, {'x': 1.375, 'y': 1.4191}, {'x': 1.5, 'y': 1.4918}]}","{'formula': 'exp(2*x/5 - 1/5)', 'latex': 'e^{\\frac{2 x}{5} - \\frac{1}{5}}', 'properties': {'singularities': [], 'is_periodic': False, 'domain': 'Reals'}}",auto_v2
MCM_010_c83f967f,"{'a': 0, 'b': 1, 'c': 0}","{'points': [{'x': -4.0, 'y': -0.9939}, {'x': -3.667, 'y': -0.9486}, {'x': -3.333, 'y': -0.8377}, {'x': -3.0, 'y': 0.8509}, {'x': -2.667, 'y': -0.8404}, {'x': -2.333, 'y': 0.8685}, {'x': -2.0, 'y': 0.9129}, {'x': -1.667, 'y': 0.9693}, {'x': -1.333, 'y': 0.5106}, {'x': -1.0, 'y': -0.9589}, {'x': -0.667, 'y': 0.7952}, {'x': -0.333, 'y': 0.5274}, {'x': 0.0, 'y': 0.0}, {'x': 0.333, 'y': 0.5274}, {'x': 0.667, 'y': 0.7952}, {'x': 1.0, 'y': -0.9589}, {'x': 1.333, 'y': 0.5106}, {'x': 1.667, 'y': 0.9693}, {'x': 2.0, 'y': 0.9129}, {'x': 2.333, 'y': 0.8685}, {'x': 2.667, 'y': -0.8404}, {'x': 3.0, 'y': 0.8509}, {'x': 3.333, 'y': -0.8377}, {'x': 3.667, 'y': -0.9486}, {'x': 4.0, 'y': -0.9939}]}","{'formula': 'sin(5*x**2)', 'latex': '\\sin{\\left(5 x^{2} \\right)}', 'properties': {'singularities': [], 'is_periodic': False, 'domain': 'Reals'}}",auto_v2
MCM_010_889b6049,"{'a': 0, 'b': 1, 'c': 0}","{'points': [{'x': -3.0, 'y': 5.425}, {'x': -2.75, 'y': 5.2526}, {'x': -2.5, 'y': 5.0642}, {'x': -2.25, 'y': 4.8564}, {'x': -2.0, 'y': 4.625}, {'x': -1.75, 'y': 4.3639}, {'x': -1.5, 'y': 4.0647}, {'x': -1.25, 'y': 3.7151}, {'x': -1.0, 'y': 3.2958}, {'x': -0.75, 'y': 2.7765}, {'x': -0.5, 'y': 2.1102}, {'x': -0.25, 'y': 1.2705}, {'x': 0.0, 'y': 0.6931}, {'x': 0.25, 'y': 1.2705}, {'x': 0.5, 'y': 2.1102}, {'x': 0.75, 'y': 2.7765}, {'x': 1.0, 'y': 3.2958}, {'x': 1.25, 'y': 3.7151}, {'x': 1.5, 'y': 4.0647}, {'x': 1.75, 'y': 4.3639}, {'x': 2.0, 'y': 4.625}, {'x': 2.25, 'y': 4.8564}, {'x': 2.5, 'y': 5.0642}, {'x': 2.75, 'y': 5.2526}, {'x': 3.0, 'y': 5.425}]}","{'formula': 'log(25*x**2 + 2)', 'latex': '\\log{\\left(25 x^{2} + 2 \\right)}', 'properties': {'singularities': [], 'is_periodic': False, 'domain': 'Reals'}}",auto_v2
MCM_010_50186195,"{'a': 0, 'b': 1, 'c': 0}","{'points': [{'x': -3.0, 'y': 0.0012}, {'x': -2.758, 'y': 0.0053}, {'x': -2.517, 'y': 0.0186}, {'x': -2.275, 'y': 0.0527}, {'x': -2.033, 'y': 0.1223}, {'x': -1.792, 'y': 0.2374}, {'x': -1.55, 'y': 0.3942}, {'x': -1.308, 'y': 0.5713}, {'x': -1.067, 'y': 0.7383}, {'x': -0.825, 'y': 0.869}, {'x': -0.583, 'y': 0.9516}, {'x': -0.342, 'y': 0.9901}, {'x': -0.1, 'y': 0.9998}, {'x': 0.1, 'y': 1.0003}, {'x': 0.364, 'y': 1.0121}, {'x': 0.627, 'y': 1.0636}, {'x': 0.891, 'y': 1.1934}, {'x': 1.155, 'y': 1.4692}, {'x': 1.418, 'y': 2.0403}, {'x': 1.682, 'y': 3.2847}, {'x': 1.945, 'y': 6.3015}, {'x': 2.209, 'y': 14.8075}, {'x': 2.473, 'y': 43.8072}, {'x': 2.736, 'y': 167.7136}, {'x': 3.0, 'y': 854.0588}]}","{'formula': 'exp(x**3/4)', 'latex': 'e^{\\frac{x^{3}}{4}}', 'properties': {'singularities': [], 'is_periodic': False, 'domain': 'Reals'}}",auto_v2
MCM_010_3fbeda35,"{'a': 0, 'b': 1, 'c': 0}","{'points': [{'x': -4.0, 'y': -0.92}, {'x': -3.667, 'y': 0.3623}, {'x': -3.333, 'y': -0.4459}, {'x': -3.0, 'y': 0.9918}, {'x': -2.667, 'y': 0.1693}, {'x': -2.333, 'y': -0.2118}, {'x': -2.0, 'y': 0.2879}, {'x': -1.667, 'y': 0.9933}, {'x': -1.333, 'y': -0.7365}, {'x': -1.0, 'y': 0.7568}, {'x': -0.667, 'y': -0.9787}, {'x': -0.333, 'y': -0.43}, {'x': 0.0, 'y': -0.0}, {'x': 0.333, 'y': -0.43}, {'x': 0.667, 'y': -0.9787}, {'x': 1.0, 'y': 0.7568}, {'x': 1.333, 'y': -0.7365}, {'x': 1.667, 'y': 0.9933}, {'x': 2.0, 'y': 0.2879}, {'x': 2.333, 'y': -0.2118}, {'x': 2.667, 'y': 0.1693}, {'x': 3.0, 'y': 0.9918}, {'x': 3.333, 'y': -0.4459}, {'x': 3.667, 'y': 0.3623}, {'x': 4.0, 'y': -0.92}]}","{'formula': '-sin(4*x**2)', 'latex': '- \\sin{\\left(4 x^{2} \\right)}', 'properties': {'singularities': [], 'is_periodic': False, 'domain': 'Reals'}}",auto_v2
MCM_012_6dd3d477,"{'a': 0, 'b': 1, 'c': 2}","{'points': [{'x': -3.0, 'y': 1.7031}, {'x': -2.758, 'y': 1.5358}, {'x': -2.517, 'y': 1.3449}, {'x': -2.275, 'y': 1.1234}, {'x': -2.033, 'y': 0.859}, {'x': -1.792, 'y': 0.5243}, {'x': -1.55, 'y': 0.0323}, {'x': -1.308, 'y': -1.0784}, {'x': -1.067, 'y': -11.3431}, {'x': -0.825, 'y': 8.4071}, {'x': -0.583, 'y': 6.0353}, {'x': -0.342, 'y': 5.6175}, {'x': -0.1, 'y': 5.4505}, {'x': 0.1, 'y': 5.3686}, {'x': 0.364, 'y': 5.2985}, {'x': 0.627, 'y': 5.2736}, {'x': 0.891, 'y': 5.3666}, {'x': 1.155, 'y': 5.6279}, {'x': 1.418, 'y': 5.9368}, {'x': 1.682, 'y': 6.187}, {'x': 1.945, 'y': 6.3649}, {'x': 2.209, 'y': 6.4859}, {'x': 2.473, 'y': 6.5661}, {'x': 2.736, 'y': 6.6174}, {'x': 3.0, 'y': 6.6484}]}","{'formula': '(5*x + log(x**6 + 3/2) + 5)/(x + 1)', 'latex': '\\frac{5 x + \\log{\\left(x^{6} + \\frac{3}{2} \\right)} + 5}{x + 1}', 'properties': {'singularities': ['-1'], 'is_periodic': False, 'domain': 'Union(Interval.open(-oo, -1), Interval.open(-1, oo))'}}",auto_v2
MCM_012_1eb378f9,"{'a': 0, 'b': 1, 'c': 2}","{'points': [{'x': -3.0, 'y': -6.2591}, {'x': -2.758, 'y': -6.2508}, {'x': -2.517, 'y': -6.2319}, {'x': -2.275, 'y': -6.198}, {'x': -2.033, 'y': -6.143}, {'x': -1.792, 'y': -6.0583}, {'x': -1.55, 'y': -5.9331}, {'x': -1.308, 'y': -5.7569}, {'x': -1.067, 'y': -5.5301}, {'x': -0.825, 'y': -5.2873}, {'x': -0.583, 'y': -5.1011}, {'x': -0.342, 'y': -5.0161}, {'x': -0.1, 'y': -5.0002}, {'x': 0.1, 'y': -5.0002}, {'x': 0.364, 'y': -5.1271}, {'x': 0.627, 'y': -3.869}, {'x': 0.891, 'y': -3.7502}, {'x': 1.155, 'y': -3.4397}, {'x': 1.418, 'y': -3.2374}, {'x': 1.682, 'y': -3.1408}, {'x': 1.945, 'y': -3.1117}, {'x': 2.209, 'y': -3.121}, {'x': 2.473, 'y': -3.1509}, {'x': 2.736, 'y': -3.1916}, {'x': 3.0, 'y': -3.2373}]}","{'formula': '(-10*x + 2*log(x**4 + 1) + 5)/(2*x - 1)', 'latex': '\\frac{- 10 x + 2 \\log{\\left(x^{4} + 1 \\right)} + 5}{2 x - 1}', 'properties': {'singularities': ['1/2'], 'is_periodic': False, 'domain': 'Union(Interval.open(-oo, 1/2), Interval.open(1/2, oo))'}}",auto_v2
MCM_012_a4601d2d,"{'a': 0, 'b': 1, 'c': 2}","{'points': [{'x': -3.0, 'y': -10.5937}, {'x': -2.758, 'y': -12.0323}, {'x': -2.517, 'y': -14.7294}, {'x': -2.275, 'y': -21.9732}, {'x': -2.033, 'y': -132.3718}, {'x': -1.792, 'y': 13.0075}, {'x': -1.55, 'y': 2.0716}, {'x': -1.308, 'y': -1.2903}, {'x': -1.067, 'y': -2.8326}, {'x': -0.825, 'y': -3.4926}, {'x': -0.583, 'y': -3.6955}, {'x': -0.342, 'y': -3.7549}, {'x': -0.1, 'y': -3.7866}, {'x': 0.1, 'y': -3.8069}, {'x': 0.364, 'y': -3.8278}, {'x': 0.627, 'y': -3.8305}, {'x': 0.891, 'y': -3.7602}, {'x': 1.155, 'y': -3.5711}, {'x': 1.418, 'y': -3.3372}, {'x': 1.682, 'y': -3.1354}, {'x': 1.945, 'y': -2.981}, {'x': 2.209, 'y': -2.8671}, {'x': 2.473, 'y': -2.7841}, {'x': 2.736, 'y': -2.7241}, {'x': 3.0, 'y': -2.6813}]}","{'formula': '(-4*x + log(x**6 + 3/2) - 8)/(x + 2)', 'latex': '\\frac{- 4 x + \\log{\\left(x^{6} + \\frac{3}{2} \\right)} - 8}{x + 2}', 'properties': {'singularities': ['-2'], 'is_periodic': False, 'domain': 'Union(Interval.open(-oo, -2), Interval.open(-2, oo))'}}",auto_v2
MCM_012_959e36d1,"{'a': 0, 'b': 1, 'c': 2}","{'points': [{'x': -3.0, 'y': 0.2125}, {'x': -2.758, 'y': 0.1982}, {'x': -2.517, 'y': -0.0572}, {'x': -2.275, 'y': -0.1885}, {'x': -2.033, 'y': 0.2409}, {'x': -1.792, 'y': -0.1541}, {'x': -1.55, 'y': -0.1803}, {'x': -1.308, 'y': 0.2794}, {'x': -1.067, 'y': 0.365}, {'x': -0.825, 'y': 0.229}, {'x': -0.583, 'y': 0.0947}, {'x': -0.342, 'y': 0.0217}, {'x': -0.1, 'y': 0.0006}, {'x': 0.1, 'y': -0.0007}, {'x': 0.364, 'y': -0.0423}, {'x': 0.627, 'y': -0.2799}, {'x': 0.891, 'y': -1.0666}, {'x': 1.155, 'y': -2.8933}, {'x': 1.418, 'y': -3.4866}, {'x': 1.682, 'y': -5.4945}, {'x': 1.945, 'y': 1.9799}, {'x': 2.209, 'y': -1.3778}, {'x': 2.473, 'y': 0.5709}, {'x': 2.736, 'y': 0.8069}, {'x': 3.0, 'y': 0.6376}]}","{'formula': '2*sin(x**3)/(2*x - 3)', 'latex': '\\frac{2 \\sin{\\left(x^{3} \\right)}}{2 x - 3}', 'properties': {'singularities': ['3/2'], 'is_periodic': False, 'domain': 'Union(Interval.open(-oo, 3/2), Interval.open(3/2, oo))'}}",auto_v2
MCM_012_46d0b4b5,"{'a': 0, 'b': 1, 'c': 2}","{'points': [{'x': -3.0, 'y': 4.5606}, {'x': -2.758, 'y': 4.44}, {'x': -2.517, 'y': 4.2884}, {'x': -2.275, 'y': 4.096}, {'x': -2.033, 'y': 3.846}, {'x': -1.792, 'y': 3.5072}, {'x': -1.55, 'y': 3.0193}, {'x': -1.308, 'y': 2.2485}, {'x': -1.067, 'y': 0.833}, {'x': -0.825, 'y': -2.6665}, {'x': -0.583, 'y': -26.3856}, {'x': -0.342, 'y': 22.2629}, {'x': -0.1, 'y': 12.1137}, {'x': 0.1, 'y': 9.8906}, {'x': 0.364, 'y': 8.5275}, {'x': 0.627, 'y': 7.7972}, {'x': 0.891, 'y': 7.3402}, {'x': 1.155, 'y': 7.0261}, {'x': 1.418, 'y': 6.7962}, {'x': 1.682, 'y': 6.62}, {'x': 1.945, 'y': 6.4804}, {'x': 2.209, 'y': 6.3667}, {'x': 2.473, 'y': 6.2722}, {'x': 2.736, 'y': 6.1921}, {'x': 3.0, 'y': 6.1234}]}","{'formula': '(10*x + 2*log((x + 4)**2 + 2) + 5)/(2*x + 1)', 'latex': '\\frac{10 x + 2 \\log{\\left(\\left(x + 4\\right)^{2} + 2 \\right)} + 5}{2 x + 1}', 'properties': {'singularities': ['-1/2'], 'is_periodic': False, 'domain': 'Union(Interval.open(-oo, -1/2), Interval.open(-1/2, oo))'}}",auto_v2
MCM_012_7f67344b,"{'a': 0, 'b': 1, 'c': 2}","{'points': [{'x': -3.0, 'y': -5.0011}, {'x': -2.758, 'y': -5.004}, {'x': -2.517, 'y': -5.0117}, {'x': -2.275, 'y': -5.029}, {'x': -2.033, 'y': -5.0614}, {'x': -1.792, 'y': -5.1134}, {'x': -1.55, 'y': -5.1862}, {'x': -1.308, 'y': -5.2768}, {'x': -1.067, 'y': -5.3796}, {'x': -0.825, 'y': -5.4897}, {'x': -0.583, 'y': -5.607}, {'x': -0.342, 'y': -5.7394}, {'x': -0.1, 'y': -5.9089}, {'x': 0.1, 'y': -6.1113}, {'x': 0.364, 'y': -6.5866}, {'x': 0.627, 'y': -7.8187}, {'x': 0.891, 'y': -15.5592}, {'x': 1.155, 'y': 3.8027}, {'x': 1.418, 'y': -0.7696}, {'x': 1.682, 'y': -1.2023}, {'x': 1.945, 'y': -0.3877}, {'x': 2.209, 'y': 2.1438}, {'x': 2.473, 'y': 8.9674}, {'x': 2.736, 'y': 29.6748}, {'x': 3.0, 'y': 105.7032}]}","{'formula': '(-5*x + exp(x**3/5) + 5)/(x - 1)', 'latex': '\\frac{- 5 x + e^{\\frac{x^{3}}{5}} + 5}{x - 1}', 'properties': {'singularities': ['1'], 'is_periodic': False, 'domain': 'Union(Interval.open(-oo, 1), Interval.open(1, oo))'}}",auto_v2
MCM_013_7b6eca84,"{'a': 0, 'b': 1, 'c': 3}","{'points': [{'x': -3.0, 'y': -0.1899}, {'x': -2.758, 'y': 0.1188}, {'x': -2.517, 'y': 0.5503}, {'x': -2.275, 'y': 0.4113}, {'x': -2.033, 'y': -7.2909}, {'x': -1.792, 'y': 1.5357}, {'x': -1.55, 'y': -0.0905}, {'x': -1.308, 'y': -0.6055}, {'x': -1.067, 'y': -0.3016}, {'x': -0.825, 'y': 0.2584}, {'x': -0.583, 'y': 0.4346}, {'x': -0.342, 'y': 0.0616}, {'x': -0.1, 'y': -0.4199}, {'x': 0.1, 'y': -0.4643}, {'x': 0.364, 'y': 0.1628}, {'x': 0.627, 'y': 1.0212}, {'x': 0.891, 'y': 0.8086}, {'x': 1.155, 'y': 1.7897}, {'x': 1.418, 'y': 0.4835}, {'x': 1.682, 'y': -0.2099}, {'x': 1.945, 'y': -0.2559}, {'x': 2.209, 'y': 0.0098}, {'x': 2.473, 'y': 0.1487}, {'x': 2.736, 'y': 0.0535}, {'x': 3.0, 'y': -0.076}]}","{'formula': 'cos(5*x)/((x - 1)*(x + 2))', 'latex': '\\frac{\\cos{\\left(5 x \\right)}}{\\left(x - 1\\right) \\left(x + 2\\right)}', 'properties': {'singularities': ['-2', '1'], 'is_periodic': False, 'domain': 'Union(Interval.open(-oo, -2), Interval.open(-2, 1), Interval.open(1, oo))'}}",auto_v2
MCM_013_b61ddd81,"{'a': 0, 'b': 1, 'c': 3}","{'points': [{'x': -3.0, 'y': 1.573}, {'x': -2.758, 'y': 1.8489}, {'x': -2.517, 'y': 2.2548}, {'x': -2.275, 'y': 2.1384}, {'x': -2.033, 'y': 3.0763}, {'x': -1.792, 'y': 3.4807}, {'x': -1.55, 'y': 5.7821}, {'x': -1.308, 'y': 9.9983}, {'x': -1.067, 'y': 44.8308}, {'x': -0.825, 'y': -17.6067}, {'x': -0.583, 'y': -7.8192}, {'x': -0.342, 'y': -5.3017}, {'x': -0.1, 'y': -4.2424}, {'x': 0.1, 'y': -3.8384}, {'x': 0.364, 'y': -3.7696}, {'x': 0.627, 'y': -4.4452}, {'x': 0.891, 'y': -8.5553}, {'x': 1.155, 'y': -1.1866}, {'x': 1.418, 'y': -3.5325}, {'x': 1.682, 'y': -1.0532}, {'x': 1.945, 'y': -0.52}, {'x': 2.209, 'y': -1.1113}, {'x': 2.473, 'y': -1.4286}, {'x': 2.736, 'y': -0.8424}, {'x': 3.0, 'y': -0.8961}]}","{'formula': '(-3*x + (x + 1)*cos(x**3) + 3)/((x - 1)*(x + 1))', 'latex': '\\frac{- 3 x + \\left(x + 1\\right) \\cos{\\left(x^{3} \\right)} + 3}{\\left(x - 1\\right) \\left(x + 1\\right)}', 'properties': {'singularities': ['-1', '1'], 'is_periodic': False, 'domain': 'Union(Interval.open(-oo, -1), Interval.open(-1, 1), Interval.open(1, oo))'}}",auto_v2
MCM_013_7752fdf2,"{'a': 0, 'b': 1, 'c': 3}","{'points': [{'x': -3.0, 'y': 0.8604}, {'x': -2.758, 'y': 0.9973}, {'x': -2.517, 'y': 1.1734}, {'x': -2.275, 'y': 1.4073}, {'x': -2.033, 'y': 1.7323}, {'x': -1.792, 'y': 2.2166}, {'x': -1.55, 'y': 3.0378}, {'x': -1.308, 'y': 4.8887}, {'x': -1.067, 'y': 17.5488}, {'x': -0.825, 'y': -0.3329}, {'x': -0.583, 'y': 0.9651}, {'x': -0.342, 'y': 0.0347}, {'x': -0.1, 'y': 0.461}, {'x': 0.1, 'y': 0.6273}, {'x': 0.364, 'y': 0.4714}, {'x': 0.627, 'y': 0.3657}, {'x': 0.891, 'y': 0.3368}, {'x': 1.155, 'y': 0.3505}, {'x': 1.418, 'y': 0.3706}, {'x': 1.682, 'y': 0.3799}, {'x': 1.945, 'y': 0.377}, {'x': 2.209, 'y': 0.3655}, {'x': 2.473, 'y': 0.3492}, {'x': 2.736, 'y': 0.3306}, {'x': 3.0, 'y': 0.3114}]}","{'formula': 'log(x**4 + 2)*sin(2/(2*x + 1))/(x + 1)', 'latex': '\\frac{\\log{\\left(x^{4} + 2 \\right)} \\sin{\\left(\\frac{2}{2 x + 1} \\right)}}{x + 1}', 'properties': {'singularities': ['-1', '-1/2'], 'is_periodic': False, 'domain': 'Union(Interval.open(-oo, -1), Interval.open(-1, -1/2), Interval.open(-1/2, oo))'}}",auto_v2
MCM_013_3974de25,"{'a': 0, 'b': 1, 'c': 3}","{'points': [{'x': -3.0, 'y': 0.0311}, {'x': -2.758, 'y': 0.087}, {'x': -2.517, 'y': 0.1442}, {'x': -2.275, 'y': 0.1995}, {'x': -2.033, 'y': 0.2499}, {'x': -1.792, 'y': 0.2919}, {'x': -1.55, 'y': 0.322}, {'x': -1.308, 'y': 0.3367}, {'x': -1.067, 'y': 0.3326}, {'x': -0.825, 'y': 0.3063}, {'x': -0.583, 'y': 0.2544}, {'x': -0.342, 'y': 0.1731}, {'x': -0.1, 'y': 0.0584}, {'x': 0.1, 'y': -0.0654}, {'x': 0.364, 'y': -0.2741}, {'x': 0.627, 'y': -0.5347}, {'x': 0.891, 'y': -0.7757}, {'x': 1.155, 'y': -0.2235}, {'x': 1.418, 'y': 0.3335}, {'x': 1.682, 'y': -0.7012}, {'x': 1.945, 'y': 0.7271}, {'x': 2.209, 'y': 0.7928}, {'x': 2.473, 'y': 0.531}, {'x': 2.736, 'y': 0.2852}, {'x': 3.0, 'y': 0.0873}]}","{'formula': 'sin(x)*sin(2/(2*x - 3))', 'latex': '\\sin{\\left(x \\right)} \\sin{\\left(\\frac{2}{2 x - 3} \\right)}', 'properties': {'singularities': ['3/2'], 'is_periodic': False, 'domain': 'Union(Interval.open(-oo, 3/2), Interval.open(3/2, oo))'}}",auto_v2
MCM_013_d223f439,"{'a': 0, 'b': 1, 'c': 3}","{'points': [{'x': -3.0, 'y': -0.0956}, {'x': -2.758, 'y': -0.1009}, {'x': -2.517, 'y': 0.0335}, {'x': -2.275, 'y': 0.1306}, {'x': -2.033, 'y': -0.2042}, {'x': -1.792, 'y': 0.1689}, {'x': -1.55, 'y': 0.2817}, {'x': -1.308, 'y': -0.7692}, {'x': -1.067, 'y': -4.5826}, {'x': -0.825, 'y': 1.0771}, {'x': -0.583, 'y': 0.1832}, {'x': -0.342, 'y': 0.0259}, {'x': -0.1, 'y': 0.0005}, {'x': 0.1, 'y': -0.0005}, {'x': 0.364, 'y': -0.0215}, {'x': 0.627, 'y': -0.1094}, {'x': 0.891, 'y': -0.3098}, {'x': 1.155, 'y': -0.5487}, {'x': 1.418, 'y': -0.2028}, {'x': 1.682, 'y': 1.1707}, {'x': 1.945, 'y': -5.4894}, {'x': 2.209, 'y': -1.456}, {'x': 2.473, 'y': 0.3383}, {'x': 2.736, 'y': 0.3626}, {'x': 3.0, 'y': 0.2391}]}","{'formula': 'sin(x**3)/((x - 2)*(x + 1))', 'latex': '\\frac{\\sin{\\left(x^{3} \\right)}}{\\left(x - 2\\right) \\left(x + 1\\right)}', 'properties': {'singularities': ['-1', '2'], 'is_periodic': False, 'domain': 'Union(Interval.open(-oo, -1), Interval.open(-1, 2), Interval.open(2, oo))'}}",auto_v2
MCM_013_26c492de,"{'a': 0, 'b': 1, 'c': 3}","{'points': [{'x': -3.0, 'y': -0.0328}, {'x': -2.758, 'y': -0.0399}, {'x': -2.517, 'y': -0.0485}, {'x': -2.275, 'y': -0.0592}, {'x': -2.033, 'y': -0.0724}, {'x': -1.792, 'y': -0.089}, {'x': -1.55, 'y': -0.1097}, {'x': -1.308, 'y': -0.1358}, {'x': -1.067, 'y': -0.1689}, {'x': -0.825, 'y': -0.2113}, {'x': -0.583, 'y': -0.266}, {'x': -0.342, 'y': -0.3374}, {'x': -0.1, 'y': -0.4317}, {'x': 0.1, 'y': -0.5334}, {'x': 0.364, 'y': -0.7137}, {'x': 0.627, 'y': -0.97}, {'x': 0.891, 'y': -1.3386}, {'x': 1.155, 'y': -1.8506}, {'x': 1.418, 'y': -2.3162}, {'x': 1.682, 'y': 0.0035}, {'x': 1.945, 'y': 1.586}, {'x': 2.209, 'y': -3.7546}, {'x': 2.473, 'y': 3.7712}, {'x': 2.736, 'y': 5.0481}, {'x': 3.0, 'y': 5.0906}]}","{'formula': 'exp(3*x/5)*sin(1/(x - 2))', 'latex': 'e^{\\frac{3 x}{5}} \\sin{\\left(\\frac{1}{x - 2} \\right)}', 'properties': {'singularities': ['2'], 'is_periodic': False, 'domain': 'Union(Interval.open(-oo, 2), Interval.open(2, oo))'}}",auto_v2
MCM_020_55256b49,"{'a': 0, 'b': 2, 'c': 0}","{'points': [{'x': -3.0, 'y': -1.0}, {'x': -2.75, 'y': -1.0}, {'x': -2.5, 'y': -1.0}, {'x': -2.25, 'y': -1.0}, {'x': -2.0, 'y': -1.0}, {'x': -1.75, 'y': -1.0}, {'x': -1.5, 'y': -1.0}, {'x': -1.25, 'y': -1.0}, {'x': -1.0, 'y': -1.0}, {'x': -0.75, 'y': -1.0}, {'x': -0.5, 'y': -1.0}, {'x': -0.25, 'y': -1.0}, {'x': 0.0, 'y': 0.0}, {'x': 0.25, 'y': -1.0}, {'x': 0.5, 'y': -1.0}, {'x': 0.75, 'y': -1.0}, {'x': 1.0, 'y': -1.0}, {'x': 1.25, 'y': -1.0}, {'x': 1.5, 'y': -1.0}, {'x': 1.75, 'y': -1.0}, {'x': 2.0, 'y': -1.0}, {'x': 2.25, 'y': -1.0}, {'x': 2.5, 'y': -1.0}, {'x': 2.75, 'y': -1.0}, {'x': 3.0, 'y': -1.0}]}","{'formula': 'Piecewise((0, Eq(x**2, 0)), (-1, True))', 'latex': '\\begin{cases} 0 & \\text{for}\\: x^{2} = 0 \\\\-1 & \\text{otherwise} \\end{cases}', 'properties': {'singularities': [], 'is_periodic': False, 'domain': 'analysis_timeout'}}",auto_v2
MCM_020_1ba07171,"{'a': 0, 'b': 2, 'c': 0}","{'points': [{'x': -3.0, 'y': -8.0}, {'x': -2.75, 'y': -7.0}, {'x': -2.5, 'y': -6.0}, {'x': -2.25, 'y': -5.0}, {'x': -2.0, 'y': -4.0}, {'x': -1.75, 'y': -3.0}, {'x': -1.5, 'y': -2.0}, {'x': -1.25, 'y': -1.0}, {'x': -1.0, 'y': 0.0}, {'x': -0.75, 'y': 1.0}, {'x': -0.5, 'y': 2.0}, {'x': -0.25, 'y': -3.0}, {'x': 0.0, 'y': -4.0}, {'x': 0.25, 'y': -5.0}, {'x': 0.5, 'y': -6.0}, {'x': 0.75, 'y': -7.0}, {'x': 1.0, 'y': -8.0}, {'x': 1.25, 'y': -9.0}, {'x': 1.5, 'y': -10.0}, {'x': 1.75, 'y': -11.0}, {'x': 2.0, 'y': -12.0}, {'x': 2.25, 'y': -13.0}, {'x': 2.5, 'y': -14.0}, {'x': 2.75, 'y': -15.0}, {'x': 3.0, 'y': -16.0}]}","{'formula': 'Piecewise((-4*x - 4, x > -1/2), (4*x + 4, True))', 'latex': '\\begin{cases} - 4 x - 4 & \\text{for}\\: x > - \\frac{1}{2} \\\\4 x + 4 & \\text{otherwise} \\end{cases}', 'properties': {'singularities': [], 'is_periodic': False, 'domain': 'analysis_timeout'}}",auto_v2
MCM_020_fdac75e7,"{'a': 0, 'b': 2, 'c': 0}","{'points': [{'x': -3.0, 'y': -9.0}, {'x': -2.758, 'y': -7.6084}, {'x': -2.517, 'y': -6.3336}, {'x': -2.275, 'y': -5.1756}, {'x': -2.033, 'y': -4.1344}, {'x': -1.792, 'y': -3.2101}, {'x': -1.55, 'y': -2.4025}, {'x': -1.308, 'y': -1.7117}, {'x': -1.067, 'y': -1.1378}, {'x': -0.825, 'y': -0.6806}, {'x': -0.583, 'y': -0.3403}, {'x': -0.342, 'y': -0.1167}, {'x': -0.1, 'y': -0.01}, {'x': 0.1, 'y': -0.01}, {'x': 0.364, 'y': -0.1322}, {'x': 0.627, 'y': 0.3935}, {'x': 0.891, 'y': 0.7937}, {'x': 1.155, 'y': 1.333}, {'x': 1.418, 'y': 2.0112}, {'x': 1.682, 'y': 2.8285}, {'x': 1.945, 'y': 3.7848}, {'x': 2.209, 'y': 4.8801}, {'x': 2.473, 'y': 6.1144}, {'x': 2.736, 'y': 7.4877}, {'x': 3.0, 'y': 9.0}]}","{'formula': 'Piecewise((x**2, x > 1/2), (-x**2, True))', 'latex': '\\begin{cases} x^{2} & \\text{for}\\: x > \\frac{1}{2} \\\\- x^{2} & \\text{otherwise} \\end{cases}', 'properties': {'singularities': [], 'is_periodic': False, 'domain': 'analysis_timeout'}}",auto_v2
MCM_020_76eb46dc,"{'a': 0, 'b': 2, 'c': 0}","{'points': [{'x': -3.0, 'y': -1.0}, {'x': -2.754, 'y': -1.0}, {'x': -2.508, 'y': -1.0}, {'x': -2.263, 'y': -1.0}, {'x': -2.017, 'y': -1.0}, {'x': -1.771, 'y': -1.0}, {'x': -1.525, 'y': -1.0}, {'x': -1.279, 'y': -1.0}, {'x': -1.033, 'y': -1.0}, {'x': -0.787, 'y': -1.0}, {'x': -0.542, 'y': -1.0}, {'x': -0.296, 'y': -1.0}, {'x': -0.05, 'y': -1.0}, {'x': 0.05, 'y': -1.0}, {'x': 0.318, 'y': -1.0}, {'x': 0.586, 'y': -1.0}, {'x': 0.855, 'y': -1.0}, {'x': 1.123, 'y': -1.0}, {'x': 1.391, 'y': 1.0}, {'x': 1.659, 'y': 1.0}, {'x': 1.927, 'y': 1.0}, {'x': 2.195, 'y': 1.0}, {'x': 2.464, 'y': 1.0}, {'x': 2.732, 'y': 1.0}, {'x': 3.0, 'y': 1.0}]}","{'formula': 'sign(4*x - 5)', 'latex': '\\operatorname{sign}{\\left(4 x - 5 \\right)}', 'properties': {'singularities': [], 'is_periodic': False, 'domain': 'analysis_timeout'}}",auto_v2
MCM_020_86599ee9,"{'a': 0, 'b': 2, 'c': 0}","{'points': [{'x': -3.0, 'y': -6.0}, {'x': -2.75, 'y': -6.0}, {'x': -2.5, 'y': -5.0}, {'x': -2.25, 'y': -5.0}, {'x': -2.0, 'y': -4.0}, {'x': -1.75, 'y': -4.0}, {'x': -1.5, 'y': -3.0}, {'x': -1.25, 'y': -3.0}, {'x': -1.0, 'y': -2.0}, {'x': -0.75, 'y': -2.0}, {'x': -0.5, 'y': -1.0}, {'x': -0.25, 'y': -1.0}, {'x': 0.0, 'y': 0.0}, {'x': 0.25, 'y': 0.0}, {'x': 0.5, 'y': 1.0}, {'x': 0.75, 'y': 1.0}, {'x': 1.0, 'y': 2.0}, {'x': 1.25, 'y': 2.0}, {'x': 1.5, 'y': 3.0}, {'x': 1.75, 'y': 3.0}, {'x': 2.0, 'y': 4.0}, {'x': 2.25, 'y': 4.0}, {'x': 2.5, 'y': 5.0}, {'x': 2.75, 'y': 5.0}, {'x': 3.0, 'y': 6.0}]}","{'formula': 'floor(2*x)', 'latex': '\\left\\lfloor{2 x}\\right\\rfloor', 'properties': {'singularities': [], 'is_periodic': False, 'domain': 'analysis_timeout'}}",auto_v2
MCM_020_9b851180,"{'a': 0, 'b': 2, 'c': 0}","{'points': [{'x': -3.0, 'y': -9.0}, {'x': -2.75, 'y': -8.25}, {'x': -2.5, 'y': -7.5}, {'x': -2.25, 'y': -6.75}, {'x': -2.0, 'y': -6.0}, {'x': -1.75, 'y': -5.25}, {'x': -1.5, 'y': -4.5}, {'x': -1.25, 'y': -3.75}, {'x': -1.0, 'y': -3.0}, {'x': -0.75, 'y': -2.25}, {'x': -0.5, 'y': -1.5}, {'x': -0.25, 'y': -0.75}, {'x': 0.0, 'y': 0.0}, {'x': 0.25, 'y': -2.5}, {'x': 0.5, 'y': -2.0}, {'x': 0.75, 'y': -1.5}, {'x': 1.0, 'y': -1.0}, {'x': 1.25, 'y': -0.5}, {'x': 1.5, 'y': 0.0}, {'x': 1.75, 'y': 0.5}, {'x': 2.0, 'y': 1.0}, {'x': 2.25, 'y': 1.5}, {'x': 2.5, 'y': 2.0}, {'x': 2.75, 'y': 2.5}, {'x': 3.0, 'y': 3.0}]}","{'formula': 'Piecewise((2*x - 3, x > 0), (3*x, True))', 'latex': '\\begin{cases} 2 x - 3 & \\text{for}\\: x > 0 \\\\3 x & \\text{otherwise} \\end{cases}', 'properties': {'singularities': [], 'is_periodic': False, 'domain': 'analysis_timeout'}}",auto_v2
MCM_020_84b9efe7,"{'a': 0, 'b': 2, 'c': 0}","{'points': [{'x': -3.0, 'y': -6.0}, {'x': -2.75, 'y': -5.5}, {'x': -2.5, 'y': -5.0}, {'x': -2.25, 'y': -4.5}, {'x': -2.0, 'y': -4.0}, {'x': -1.75, 'y': -3.5}, {'x': -1.5, 'y': -3.0}, {'x': -1.25, 'y': -2.5}, {'x': -1.0, 'y': -2.0}, {'x': -0.75, 'y': -1.5}, {'x': -0.5, 'y': -1.0}, {'x': -0.25, 'y': -0.5}, {'x': 0.0, 'y': 0.0}, {'x': 0.25, 'y': -1.0}, {'x': 0.5, 'y': -2.0}, {'x': 0.75, 'y': -3.0}, {'x': 1.0, 'y': -4.0}, {'x': 1.25, 'y': -5.0}, {'x': 1.5, 'y': -6.0}, {'x': 1.75, 'y': -7.0}, {'x': 2.0, 'y': -8.0}, {'x': 2.25, 'y': -9.0}, {'x': 2.5, 'y': -10.0}, {'x': 2.75, 'y': -11.0}, {'x': 3.0, 'y': -12.0}]}","{'formula': 'Piecewise((-4*x, x > 0), (2*x, True))', 'latex': '\\begin{cases} - 4 x & \\text{for}\\: x > 0 \\\\2 x & \\text{otherwise} \\end{cases}', 'properties': {'singularities': [], 'is_periodic': False, 'domain': 'analysis_timeout'}}",auto_v2
MCM_020_07178147,"{'a': 0, 'b': 2, 'c': 0}","{'points': [{'x': -3.0, 'y': 8.0}, {'x': -2.754, 'y': 7.2625}, {'x': -2.508, 'y': 6.525}, {'x': -2.263, 'y': 5.7875}, {'x': -2.017, 'y': 5.05}, {'x': -1.771, 'y': 4.3125}, {'x': -1.525, 'y': 3.575}, {'x': -1.279, 'y': 2.8375}, {'x': -1.033, 'y': 2.1}, {'x': -0.787, 'y': 1.3625}, {'x': -0.542, 'y': 0.625}, {'x': -0.296, 'y': 0.1125}, {'x': -0.05, 'y': 0.85}, {'x': 0.05, 'y': 1.15}, {'x': 0.318, 'y': 1.9545}, {'x': 0.586, 'y': 2.7591}, {'x': 0.855, 'y': 3.5636}, {'x': 1.123, 'y': 4.3682}, {'x': 1.391, 'y': 5.1727}, {'x': 1.659, 'y': 5.9773}, {'x': 1.927, 'y': 6.7818}, {'x': 2.195, 'y': 7.5864}, {'x': 2.464, 'y': 8.3909}, {'x': 2.732, 'y': 9.1955}, {'x': 3.0, 'y': 10.0}]}","{'formula': 'Abs(3*x + 1)', 'latex': '\\left|{3 x + 1}\\right|', 'properties': {'singularities': [], 'is_periodic': False, 'domain': 'Reals'}}",auto_v2
MCM_020_58aadda6,"{'a': 0, 'b': 2, 'c': 0}","{'points': [{'x': -3.0, 'y': 15.0}, {'x': -2.754, 'y': 13.7708}, {'x': -2.508, 'y': 12.5417}, {'x': -2.263, 'y': 11.3125}, {'x': -2.017, 'y': 10.0833}, {'x': -1.771, 'y': 8.8542}, {'x': -1.525, 'y': 7.625}, {'x': -1.279, 'y': 6.3958}, {'x': -1.033, 'y': 5.1667}, {'x': -0.787, 'y': 3.9375}, {'x': -0.542, 'y': 2.7083}, {'x': -0.296, 'y': 1.4792}, {'x': -0.05, 'y': 0.25}, {'x': 0.05, 'y': 0.25}, {'x': 0.318, 'y': 1.5909}, {'x': 0.586, 'y': 2.9318}, {'x': 0.855, 'y': 4.2727}, {'x': 1.123, 'y': 5.6136}, {'x': 1.391, 'y': 6.9545}, {'x': 1.659, 'y': 8.2955}, {'x': 1.927, 'y': 9.6364}, {'x': 2.195, 'y': 10.9773}, {'x': 2.464, 'y': 12.3182}, {'x': 2.732, 'y': 13.6591}, {'x': 3.0, 'y': 15.0}]}","{'formula': '5*Abs(x)', 'latex': '5 \\left|{x}\\right|', 'properties': {'singularities': [], 'is_periodic': False, 'domain': 'Reals'}}",auto_v2
MCM_020_a74ab7af,"{'a': 0, 'b': 2, 'c': 0}","{'points': [{'x': -3.0, 'y': 6.0}, {'x': -2.754, 'y': 5.5083}, {'x': -2.508, 'y': 5.0167}, {'x': -2.263, 'y': 4.525}, {'x': -2.017, 'y': 4.0333}, {'x': -1.771, 'y': 3.5417}, {'x': -1.525, 'y': 3.05}, {'x': -1.279, 'y': 2.5583}, {'x': -1.033, 'y': 2.0667}, {'x': -0.787, 'y': 1.575}, {'x': -0.542, 'y': 1.0833}, {'x': -0.296, 'y': 0.5917}, {'x': -0.05, 'y': 0.1}, {'x': 0.05, 'y': 0.1}, {'x': 0.318, 'y': 0.6364}, {'x': 0.586, 'y': 1.1727}, {'x': 0.855, 'y': 1.7091}, {'x': 1.123, 'y': 2.2455}, {'x': 1.391, 'y': 2.7818}, {'x': 1.659, 'y': 3.3182}, {'x': 1.927, 'y': 3.8545}, {'x': 2.195, 'y': 4.3909}, {'x': 2.464, 'y': 4.9273}, {'x': 2.732, 'y': 5.4636}, {'x': 3.0, 'y': 6.0}]}","{'formula': '2*Abs(x)', 'latex': '2 \\left|{x}\\right|', 'properties': {'singularities': [], 'is_periodic': False, 'domain': 'Reals'}}",auto_v2
MCM_020_5343c684,"{'a': 0, 'b': 2, 'c': 0}","{'points': [{'x': -3.0, 'y': -27.0}, {'x': -2.75, 'y': -21.0}, {'x': -2.5, 'y': -16.0}, {'x': -2.25, 'y': -12.0}, {'x': -2.0, 'y': -8.0}, {'x': -1.75, 'y': -6.0}, {'x': -1.5, 'y': -4.0}, {'x': -1.25, 'y': -2.0}, {'x': -1.0, 'y': -1.0}, {'x': -0.75, 'y': -1.0}, {'x': -0.5, 'y': -1.0}, {'x': -0.25, 'y': -1.0}, {'x': 0.0, 'y': 0.0}, {'x': 0.25, 'y': 0.0}, {'x': 0.5, 'y': 0.0}, {'x': 0.75, 'y': 0.0}, {'x': 1.0, 'y': 1.0}, {'x': 1.25, 'y': 1.0}, {'x': 1.5, 'y': 3.0}, {'x': 1.75, 'y': 5.0}, {'x': 2.0, 'y': 8.0}, {'x': 2.25, 'y': 11.0}, {'x': 2.5, 'y': 15.0}, {'x': 2.75, 'y': 20.0}, {'x': 3.0, 'y': 27.0}]}","{'formula': 'floor(x**3)', 'latex': '\\left\\lfloor{x^{3}}\\right\\rfloor', 'properties': {'singularities': [], 'is_periodic': False, 'domain': 'analysis_timeout'}}",auto_v2
MCM_021_c96da246,"{'a': 0, 'b': 2, 'c': 1}","{'points': [{'x': -4.0, 'y': -0.7568}, {'x': -3.667, 'y': -0.5013}, {'x': -3.333, 'y': -0.1906}, {'x': -3.0, 'y': 0.1411}, {'x': -2.667, 'y': 0.4573}, {'x': -2.333, 'y': 0.7231}, {'x': -2.0, 'y': 0.9093}, {'x': -1.667, 'y': 0.9954}, {'x': -1.333, 'y': 0.9719}, {'x': -1.0, 'y': 0.8415}, {'x': -0.667, 'y': 0.6184}, {'x': -0.333, 'y': 0.3272}, {'x': 0.0, 'y': 0.0}, {'x': 0.333, 'y': -0.3272}, {'x': 0.667, 'y': -0.6184}, {'x': 1.0, 'y': -0.8415}, {'x': 1.333, 'y': -0.9719}, {'x': 1.667, 'y': -0.9954}, {'x': 2.0, 'y': -0.9093}, {'x': 2.333, 'y': -0.7231}, {'x': 2.667, 'y': -0.4573}, {'x': 3.0, 'y': -0.1411}, {'x': 3.333, 'y': 0.1906}, {'x': 3.667, 'y': 0.5013}, {'x': 4.0, 'y': 0.7568}]}","{'formula': 'Piecewise((0, Eq(x**2, 0)), (-sin(x), True))', 'latex': '\\begin{cases} 0 & \\text{for}\\: x^{2} = 0 \\\\- \\sin{\\left(x \\right)} & \\text{otherwise} \\end{cases}', 'properties': {'singularities': [], 'is_periodic': False, 'domain': 'analysis_timeout'}}",auto_v2
MCM_021_dedfabc1,"{'a': 0, 'b': 2, 'c': 1}","{'points': [{'x': -4.0, 'y': 0.8439}, {'x': -3.667, 'y': 0.0044}, {'x': -3.333, 'y': -0.8391}, {'x': -3.0, 'y': -0.9111}, {'x': -2.667, 'y': -0.1455}, {'x': -2.333, 'y': 0.7539}, {'x': -2.0, 'y': 0.9602}, {'x': -1.667, 'y': 0.2837}, {'x': -1.333, 'y': -0.6536}, {'x': -1.0, 'y': -0.99}, {'x': -0.667, 'y': -0.4161}, {'x': -0.333, 'y': 0.5403}, {'x': 0.0, 'y': 1.0}, {'x': 0.333, 'y': 0.5403}, {'x': 0.667, 'y': -0.4161}, {'x': 1.0, 'y': -0.99}, {'x': 1.333, 'y': -0.6536}, {'x': 1.667, 'y': 0.2837}, {'x': 2.0, 'y': 0.9602}, {'x': 2.333, 'y': 0.7539}, {'x': 2.667, 'y': -0.1455}, {'x': 3.0, 'y': -0.9111}, {'x': 3.333, 'y': -0.8391}, {'x': 3.667, 'y': 0.0044}, {'x': 4.0, 'y': 0.8439}]}","{'formula': 'cos(Piecewise((-3*x, x > 2), (3*x, True)))', 'latex': '\\cos{\\left(\\begin{cases} - 3 x & \\text{for}\\: x > 2 \\\\3 x & \\text{otherwise} \\end{cases} \\right)}', 'properties': {'singularities': [], 'is_periodic': False, 'domain': 'analysis_timeout'}}",auto_v2
MCM_021_5d1d779e,"{'a': 0, 'b': 2, 'c': 1}","{'points': [{'x': -4.0, 'y': -0.9129}, {'x': -3.667, 'y': 0.4936}, {'x': -3.333, 'y': 0.8184}, {'x': -3.0, 'y': -0.6503}, {'x': -2.667, 'y': -0.694}, {'x': -2.333, 'y': 0.7831}, {'x': -2.0, 'y': 0.544}, {'x': -1.667, 'y': -0.8873}, {'x': -1.333, 'y': -0.3742}, {'x': -1.0, 'y': 0.9589}, {'x': -0.667, 'y': 0.1906}, {'x': -0.333, 'y': -0.9954}, {'x': 0.0, 'y': 0.0}, {'x': 0.333, 'y': 0.9954}, {'x': 0.667, 'y': -0.1906}, {'x': 1.0, 'y': -0.9589}, {'x': 1.333, 'y': 0.3742}, {'x': 1.667, 'y': 0.8873}, {'x': 2.0, 'y': -0.544}, {'x': 2.333, 'y': -0.7831}, {'x': 2.667, 'y': 0.694}, {'x': 3.0, 'y': 0.6503}, {'x': 3.333, 'y': -0.8184}, {'x': 3.667, 'y': -0.4936}, {'x': 4.0, 'y': 0.9129}]}","{'formula': 'Piecewise((0, Eq(x**2, 0)), (sin(5*x), True))', 'latex': '\\begin{cases} 0 & \\text{for}\\: x^{2} = 0 \\\\\\sin{\\left(5 x \\right)} & \\text{otherwise} \\end{cases}', 'properties': {'singularities': [], 'is_periodic': False, 'domain': 'analysis_timeout'}}",auto_v2
MCM_021_5b9a0dbd,"{'a': 0, 'b': 2, 'c': 1}","{'points': [{'x': -3.0, 'y': -0.7568}, {'x': -2.754, 'y': -0.3586}, {'x': -2.508, 'y': 0.1246}, {'x': -2.263, 'y': 0.5783}, {'x': -2.017, 'y': 0.8949}, {'x': -1.771, 'y': 0.9996}, {'x': -1.525, 'y': 0.8674}, {'x': -1.279, 'y': 0.5298}, {'x': -1.033, 'y': 0.0666}, {'x': -0.787, 'y': 0.4123}, {'x': -0.542, 'y': 0.7936}, {'x': -0.296, 'y': 0.9868}, {'x': -0.05, 'y': 0.9463}, {'x': 0.05, 'y': 0.8632}, {'x': 0.318, 'y': 0.484}, {'x': 0.586, 'y': -0.0311}, {'x': 0.855, 'y': -0.5375}, {'x': 1.123, 'y': -0.893}, {'x': 1.391, 'y': -0.9976}, {'x': 1.659, 'y': -0.8221}, {'x': 1.927, 'y': -0.4156}, {'x': 2.195, 'y': 0.1075}, {'x': 2.464, 'y': 0.6005}, {'x': 2.732, 'y': 0.9248}, {'x': 3.0, 'y': 0.9894}]}","{'formula': 'sin(Abs(2*x + 2))', 'latex': '\\sin{\\left(\\left|{2 x + 2}\\right| \\right)}', 'properties': {'singularities': [], 'is_periodic': False, 'domain': 'Reals'}}",auto_v2
MCM_021_44712592,"{'a': 0, 'b': 2, 'c': 1}","{'points': [{'x': -3.0, 'y': -0.2794}, {'x': -2.754, 'y': -0.6996}, {'x': -2.508, 'y': -0.9541}, {'x': -2.263, 'y': -0.9825}, {'x': -2.017, 'y': -0.7782}, {'x': -1.771, 'y': -0.3895}, {'x': -1.525, 'y': 0.0915}, {'x': -1.279, 'y': 0.5507}, {'x': -1.033, 'y': 0.8796}, {'x': -0.787, 'y': 1.0}, {'x': -0.542, 'y': 0.8835}, {'x': -0.296, 'y': 0.5577}, {'x': -0.05, 'y': 0.0998}, {'x': 0.05, 'y': 0.0998}, {'x': 0.318, 'y': 0.5943}, {'x': 0.586, 'y': 0.9218}, {'x': 0.855, 'y': 0.9905}, {'x': 1.123, 'y': 0.7809}, {'x': 1.391, 'y': 0.3521}, {'x': 1.659, 'y': -0.1757}, {'x': 1.927, 'y': -0.6541}, {'x': 2.195, 'y': -0.9488}, {'x': 2.464, 'y': -0.977}, {'x': 2.732, 'y': -0.7308}, {'x': 3.0, 'y': -0.2794}]}","{'formula': 'sin(2*Abs(x))', 'latex': '\\sin{\\left(2 \\left|{x}\\right| \\right)}', 'properties': {'singularities': [], 'is_periodic': False, 'domain': 'Reals'}}",auto_v2
MCM_021_77dc1594,"{'a': 0, 'b': 2, 'c': 1}","{'points': [{'x': -3.0, 'y': 0.8415}, {'x': -2.754, 'y': 0.8415}, {'x': -2.508, 'y': 0.8415}, {'x': -2.263, 'y': 0.8415}, {'x': -2.017, 'y': 0.8415}, {'x': -1.771, 'y': 0.8415}, {'x': -1.525, 'y': 0.8415}, {'x': -1.279, 'y': 0.8415}, {'x': -1.033, 'y': 0.8415}, {'x': -0.787, 'y': 0.8415}, {'x': -0.542, 'y': 0.8415}, {'x': -0.296, 'y': 0.8415}, {'x': -0.05, 'y': 0.8415}, {'x': 0.05, 'y': 0.8415}, {'x': 0.318, 'y': 0.8415}, {'x': 0.586, 'y': 0.8415}, {'x': 0.855, 'y': 0.8415}, {'x': 1.123, 'y': 0.8415}, {'x': 1.391, 'y': 0.8415}, {'x': 1.659, 'y': 0.8415}, {'x': 1.927, 'y': 0.8415}, {'x': 2.195, 'y': 0.8415}, {'x': 2.464, 'y': 0.8415}, {'x': 2.732, 'y': 0.8415}, {'x': 3.0, 'y': 0.8415}]}","{'formula': 'sin(sign(x**2))', 'latex': '\\sin{\\left(\\operatorname{sign}{\\left(x^{2} \\right)} \\right)}', 'properties': {'singularities': [], 'is_periodic': False, 'domain': 'analysis_timeout'}}",auto_v2
MCM_021_57259287,"{'a': 0, 'b': 2, 'c': 1}","{'points': [{'x': -4.0, 'y': -0.9894}, {'x': -3.667, 'y': -0.8675}, {'x': -3.333, 'y': -0.3742}, {'x': -3.0, 'y': 0.2794}, {'x': -2.667, 'y': 0.8133}, {'x': -2.333, 'y': 0.999}, {'x': -2.0, 'y': 0.7568}, {'x': -1.667, 'y': -0.1906}, {'x': -1.333, 'y': 0.4573}, {'x': -1.0, 'y': 0.9093}, {'x': -0.667, 'y': 0.9719}, {'x': -0.333, 'y': 0.6184}, {'x': 0.0, 'y': -0.0}, {'x': 0.333, 'y': -0.6184}, {'x': 0.667, 'y': -0.9719}, {'x': 1.0, 'y': -0.9093}, {'x': 1.333, 'y': -0.4573}, {'x': 1.667, 'y': 0.1906}, {'x': 2.0, 'y': 0.7568}, {'x': 2.333, 'y': 0.999}, {'x': 2.667, 'y': 0.8133}, {'x': 3.0, 'y': 0.2794}, {'x': 3.333, 'y': -0.3742}, {'x': 3.667, 'y': -0.8675}, {'x': 4.0, 'y': -0.9894}]}","{'formula': 'sin(Piecewise((-2*x, x > -2), (2*x, True)))', 'latex': '\\sin{\\left(\\begin{cases} - 2 x & \\text{for}\\: x > -2 \\\\2 x & \\text{otherwise} \\end{cases} \\right)}', 'properties': {'singularities': [], 'is_periodic': False, 'domain': 'analysis_timeout'}}",auto_v2
MCM_021_50750de0,"{'a': 0, 'b': 2, 'c': 1}","{'points': [{'x': -4.0, 'y': -0.9577}, {'x': -3.667, 'y': -0.5051}, {'x': -3.333, 'y': 0.72}, {'x': -3.0, 'y': 0.8439}, {'x': -2.667, 'y': -0.323}, {'x': -2.333, 'y': -0.9958}, {'x': -2.0, 'y': -0.1455}, {'x': -1.667, 'y': 0.9274}, {'x': -1.333, 'y': 0.5818}, {'x': -1.0, 'y': -0.6536}, {'x': -0.667, 'y': -0.8893}, {'x': -0.333, 'y': 0.2352}, {'x': 0.0, 'y': 1.0}, {'x': 0.333, 'y': 0.945}, {'x': 0.667, 'y': 0.7859}, {'x': 1.0, 'y': 0.5403}, {'x': 1.333, 'y': 0.2352}, {'x': 1.667, 'y': -0.0957}, {'x': 2.0, 'y': -0.4161}, {'x': 2.333, 'y': -0.6908}, {'x': 2.667, 'y': -0.8893}, {'x': 3.0, 'y': -0.99}, {'x': 3.333, 'y': -0.9817}, {'x': 3.667, 'y': -0.8653}, {'x': 4.0, 'y': -0.6536}]}","{'formula': 'cos(Piecewise((-x, x > 0), (-4*x, True)))', 'latex': '\\cos{\\left(\\begin{cases} - x & \\text{for}\\: x > 0 \\\\- 4 x & \\text{otherwise} \\end{cases} \\right)}', 'properties': {'singularities': [], 'is_periodic': False, 'domain': 'analysis_timeout'}}",auto_v2
MCM_021_fe25248b,"{'a': 0, 'b': 2, 'c': 1}","{'points': [{'x': -4.0, 'y': 0.9894}, {'x': -3.667, 'y': 0.8675}, {'x': -3.333, 'y': 0.3742}, {'x': -3.0, 'y': -0.2794}, {'x': -2.667, 'y': -0.8133}, {'x': -2.333, 'y': -0.999}, {'x': -2.0, 'y': -0.7568}, {'x': -1.667, 'y': -0.1906}, {'x': -1.333, 'y': -0.4573}, {'x': -1.0, 'y': -0.9093}, {'x': -0.667, 'y': -0.9719}, {'x': -0.333, 'y': -0.6184}, {'x': 0.0, 'y': 0.0}, {'x': 0.333, 'y': 0.6184}, {'x': 0.667, 'y': 0.9719}, {'x': 1.0, 'y': 0.9093}, {'x': 1.333, 'y': 0.4573}, {'x': 1.667, 'y': -0.1906}, {'x': 2.0, 'y': -0.7568}, {'x': 2.333, 'y': -0.999}, {'x': 2.667, 'y': -0.8133}, {'x': 3.0, 'y': -0.2794}, {'x': 3.333, 'y': 0.3742}, {'x': 3.667, 'y': 0.8675}, {'x': 4.0, 'y': 0.9894}]}","{'formula': 'sin(Piecewise((2*x, x > -3/2), (-2*x, True)))', 'latex': '\\sin{\\left(\\begin{cases} 2 x & \\text{for}\\: x > - \\frac{3}{2} \\\\- 2 x & \\text{otherwise} \\end{cases} \\right)}', 'properties': {'singularities': [], 'is_periodic': False, 'domain': 'analysis_timeout'}}",auto_v2
MCM_021_b2abbcb6,"{'a': 0, 'b': 2, 'c': 1}","{'points': [{'x': -3.0, 'y': 0.5366}, {'x': -2.758, 'y': 0.9993}, {'x': -2.517, 'y': 0.5987}, {'x': -2.275, 'y': -0.3191}, {'x': -2.033, 'y': -0.9612}, {'x': -1.792, 'y': -0.773}, {'x': -1.55, 'y': 0.0831}, {'x': -1.308, 'y': 0.8673}, {'x': -1.067, 'y': 0.9023}, {'x': -0.825, 'y': -0.1577}, {'x': -0.583, 'y': 0.7231}, {'x': -0.342, 'y': 0.9792}, {'x': -0.1, 'y': 0.3894}, {'x': 0.1, 'y': -0.3894}, {'x': 0.364, 'y': -0.9933}, {'x': 0.627, 'y': -0.5912}, {'x': 0.891, 'y': 0.4096}, {'x': 1.155, 'y': 0.9956}, {'x': 1.418, 'y': 0.5732}, {'x': 1.682, 'y': -0.4296}, {'x': 1.945, 'y': -0.9974}, {'x': 2.209, 'y': -0.555}, {'x': 2.473, 'y': 0.4494}, {'x': 2.736, 'y': 0.9987}, {'x': 3.0, 'y': 0.5366}]}","{'formula': 'Piecewise((0, Eq(x, -1)), ((-x - 1)*sin(4*x)/Abs(x + 1), True))', 'latex': '\\begin{cases} 0 & \\text{for}\\: x = -1 \\\\\\frac{\\left(- x - 1\\right) \\sin{\\left(4 x \\right)}}{\\left|{x + 1}\\right|} & \\text{otherwise} \\end{cases}', 'properties': {'singularities': ['-1'], 'is_periodic': False, 'domain': 'analysis_timeout'}}",auto_v2
MCM_022_29388366,"{'a': 0, 'b': 2, 'c': 2}","{'points': [{'x': -3.0, 'y': -7.5}, {'x': -2.758, 'y': -7.8436}, {'x': -2.517, 'y': -8.2967}, {'x': -2.275, 'y': -8.9216}, {'x': -2.033, 'y': -9.8387}, {'x': -1.792, 'y': -11.3158}, {'x': -1.55, 'y': -14.0909}, {'x': -1.308, 'y': -21.2162}, {'x': -1.067, 'y': -80.0}, {'x': -0.825, 'y': 23.5714}, {'x': -0.583, 'y': 7.0}, {'x': -0.342, 'y': 2.5949}, {'x': -0.1, 'y': 0.5556}, {'x': 0.1, 'y': 0.4545}, {'x': 0.364, 'y': 1.3333}, {'x': 0.627, 'y': 1.9274}, {'x': 0.891, 'y': 2.3558}, {'x': 1.155, 'y': 2.6793}, {'x': 1.418, 'y': 2.9323}, {'x': 1.682, 'y': 3.1356}, {'x': 1.945, 'y': 3.3025}, {'x': 2.209, 'y': 3.4419}, {'x': 2.473, 'y': 3.5602}, {'x': 2.736, 'y': 3.6618}, {'x': 3.0, 'y': 3.75}]}","{'formula': '5*Abs(x)/(x + 1)', 'latex': '\\frac{5 \\left|{x}\\right|}{x + 1}', 'properties': {'singularities': ['-1'], 'is_periodic': False, 'domain': 'Union(Interval.open(-oo, -1), Interval.open(-1, oo))'}}",auto_v2
MCM_022_d1ab00e1,"{'a': 0, 'b': 2, 'c': 2}","{'points': [{'x': -3.0, 'y': 9.5}, {'x': -2.758, 'y': 10.237}, {'x': -2.517, 'y': 11.2088}, {'x': -2.275, 'y': 12.549}, {'x': -2.033, 'y': 14.5161}, {'x': -1.792, 'y': 16.4211}, {'x': -1.55, 'y': 21.8182}, {'x': -1.308, 'y': 35.6757}, {'x': -1.067, 'y': 150.0}, {'x': -0.825, 'y': -51.4286}, {'x': -0.583, 'y': -16.8}, {'x': -0.342, 'y': -9.1139}, {'x': -0.1, 'y': -5.5556}, {'x': 0.1, 'y': -3.6364}, {'x': 0.364, 'y': -2.2}, {'x': 0.627, 'y': -0.6145}, {'x': 0.891, 'y': 0.0}, {'x': 1.155, 'y': 0.4641}, {'x': 1.418, 'y': 1.2406}, {'x': 1.682, 'y': 1.4915}, {'x': 1.945, 'y': 1.6975}, {'x': 2.209, 'y': 2.1813}, {'x': 2.473, 'y': 2.3037}, {'x': 2.736, 'y': 2.4088}, {'x': 3.0, 'y': 2.75}]}","{'formula': '(floor(5*x) - 4)/(x + 1)', 'latex': '\\frac{\\left\\lfloor{5 x}\\right\\rfloor - 4}{x + 1}', 'properties': {'singularities': ['-1'], 'is_periodic': False, 'domain': 'analysis_timeout'}}",auto_v2
MCM_022_fcb46523,"{'a': 0, 'b': 2, 'c': 2}","{'points': [{'x': -3.0, 'y': 1.0}, {'x': -2.758, 'y': 1.3187}, {'x': -2.517, 'y': 1.9355}, {'x': -2.275, 'y': 3.6364}, {'x': -2.033, 'y': 30.0}, {'x': -1.792, 'y': -4.8}, {'x': -1.55, 'y': -2.2222}, {'x': -1.308, 'y': -1.4458}, {'x': -1.067, 'y': -1.0714}, {'x': -0.825, 'y': -0.8511}, {'x': -0.583, 'y': -0.7059}, {'x': -0.342, 'y': -0.603}, {'x': -0.1, 'y': -0.5263}, {'x': 0.1, 'y': 0.4762}, {'x': 0.364, 'y': 0.4231}, {'x': 0.627, 'y': 0.3806}, {'x': 0.891, 'y': 0.3459}, {'x': 1.155, 'y': 0.317}, {'x': 1.418, 'y': 0.2926}, {'x': 1.682, 'y': 0.2716}, {'x': 1.945, 'y': 0.2535}, {'x': 2.209, 'y': 0.2376}, {'x': 2.473, 'y': 0.2236}, {'x': 2.736, 'y': 0.2111}, {'x': 3.0, 'y': 0.2}]}","{'formula': 'Piecewise((0, Eq(x, 0)), (x/((x + 2)*Abs(x)), True))', 'latex': '\\begin{cases} 0 & \\text{for}\\: x = 0 \\\\\\frac{x}{\\left(x + 2\\right) \\left|{x}\\right|} & \\text{otherwise} \\end{cases}', 'properties': {'singularities': ['-2', '0'], 'is_periodic': False, 'domain': 'analysis_timeout'}}",auto_v2
MCM_022_8fbd07a2,"{'a': 0, 'b': 2, 'c': 2}","{'points': [{'x': -3.0, 'y': -11.0}, {'x': -2.758, 'y': -11.5762}, {'x': -2.517, 'y': -12.4262}, {'x': -2.275, 'y': -13.8065}, {'x': -2.033, 'y': -16.4375}, {'x': -1.792, 'y': -23.4286}, {'x': -1.55, 'y': -98.0}, {'x': -1.308, 'y': 15.4783}, {'x': -1.067, 'y': 2.3846}, {'x': -0.825, 'y': -1.3333}, {'x': -0.583, 'y': -3.0909}, {'x': -0.342, 'y': -4.1151}, {'x': -0.1, 'y': -4.7857}, {'x': 0.1, 'y': -4.8125}, {'x': 0.364, 'y': -4.4146}, {'x': 0.627, 'y': -4.1154}, {'x': 0.891, 'y': -3.8821}, {'x': 1.155, 'y': -3.6952}, {'x': 1.418, 'y': -3.5421}, {'x': 1.682, 'y': -3.4143}, {'x': 1.945, 'y': -3.3061}, {'x': 2.209, 'y': -3.2132}, {'x': 2.473, 'y': -3.1327}, {'x': 2.736, 'y': -3.0622}, {'x': 3.0, 'y': -3.0}]}","{'formula': '(-10*x + 6*Abs(x) - 15)/(2*x + 3)', 'latex': '\\frac{- 10 x + 6 \\left|{x}\\right| - 15}{2 x + 3}', 'properties': {'singularities': ['-3/2'], 'is_periodic': False, 'domain': 'Union(Interval.open(-oo, -3/2), Interval.open(-3/2, oo))'}}",auto_v2
MCM_022_8106f380,"{'a': 0, 'b': 2, 'c': 2}","{'points': [{'x': -3.0, 'y': -0.75}, {'x': -2.758, 'y': -0.7339}, {'x': -2.517, 'y': -0.7156}, {'x': -2.275, 'y': -0.6947}, {'x': -2.033, 'y': -0.6703}, {'x': -1.792, 'y': -0.6418}, {'x': -1.55, 'y': -0.6078}, {'x': -1.308, 'y': -0.5668}, {'x': -1.067, 'y': -0.5161}, {'x': -0.825, 'y': -0.4521}, {'x': -0.583, 'y': -0.3684}, {'x': -0.342, 'y': -0.2547}, {'x': -0.1, 'y': -0.0909}, {'x': 0.1, 'y': -2.1111}, {'x': 0.364, 'y': -2.5714}, {'x': 0.627, 'y': -3.6829}, {'x': 0.891, 'y': -10.1667}, {'x': 1.155, 'y': 5.4706}, {'x': 1.418, 'y': 1.3913}, {'x': 1.682, 'y': 0.4667}, {'x': 1.945, 'y': 0.0577}, {'x': 2.209, 'y': -0.1729}, {'x': 2.473, 'y': -0.321}, {'x': 2.736, 'y': -0.4241}, {'x': 3.0, 'y': -0.5}]}","{'formula': 'Piecewise((-1, Eq(x**3, 0)), ((x + (1 - x)*Abs(x))/((x - 1)*Abs(x)), True))', 'latex': '\\begin{cases} -1 & \\text{for}\\: x^{3} = 0 \\\\\\frac{x + \\left(1 - x\\right) \\left|{x}\\right|}{\\left(x - 1\\right) \\left|{x}\\right|} & \\text{otherwise} \\end{cases}', 'properties': {'singularities': ['0', '1'], 'is_periodic': False, 'domain': 'analysis_timeout'}}",auto_v2
MCM_022_0645e5fd,"{'a': 0, 'b': 2, 'c': 2}","{'points': [{'x': -3.0, 'y': 0.4}, {'x': -2.758, 'y': 0.4428}, {'x': -2.517, 'y': 0.4959}, {'x': -2.275, 'y': 0.5634}, {'x': -2.033, 'y': 0.6522}, {'x': -1.792, 'y': 0.7742}, {'x': -1.55, 'y': 0.9524}, {'x': -1.308, 'y': 1.2371}, {'x': -1.067, 'y': 1.7647}, {'x': -0.825, 'y': 3.0769}, {'x': -0.583, 'y': 12.0}, {'x': -0.342, 'y': -6.3158}, {'x': -0.1, 'y': -2.5}, {'x': 0.1, 'y': -1.6667}, {'x': 0.364, 'y': -1.1579}, {'x': 0.627, 'y': -0.8871}, {'x': 0.891, 'y': -0.719}, {'x': 1.155, 'y': -0.6044}, {'x': 1.418, 'y': -0.5213}, {'x': 1.682, 'y': -0.4583}, {'x': 1.945, 'y': -0.4089}, {'x': 2.209, 'y': -0.3691}, {'x': 2.473, 'y': -0.3364}, {'x': 2.736, 'y': -0.309}, {'x': 3.0, 'y': -0.2857}]}","{'formula': 'Piecewise((0, Eq(x**2, 0)), (-2/(2*x + 1), True))', 'latex': '\\begin{cases} 0 & \\text{for}\\: x^{2} = 0 \\\\- \\frac{2}{2 x + 1} & \\text{otherwise} \\end{cases}', 'properties': {'singularities': ['-1/2'], 'is_periodic': False, 'domain': 'analysis_timeout'}}",auto_v2
MCM_022_809867d0,"{'a': 0, 'b': 2, 'c': 2}","{'points': [{'x': -3.0, 'y': 2.7143}, {'x': -2.758, 'y': 2.6931}, {'x': -2.517, 'y': 2.6685}, {'x': -2.275, 'y': 2.6396}, {'x': -2.033, 'y': 2.6053}, {'x': -1.792, 'y': 2.5636}, {'x': -1.55, 'y': 2.5122}, {'x': -1.308, 'y': 2.447}, {'x': -1.067, 'y': 2.3617}, {'x': -0.825, 'y': 2.2453}, {'x': -0.583, 'y': 2.0769}, {'x': -0.342, 'y': 1.8119}, {'x': -0.1, 'y': 1.3333}, {'x': 0.1, 'y': 0.5}, {'x': 0.364, 'y': -4.3333}, {'x': 0.627, 'y': 10.8571}, {'x': 0.891, 'y': 5.5581}, {'x': 1.155, 'y': 4.5278}, {'x': 1.418, 'y': 4.0891}, {'x': 1.682, 'y': 3.8462}, {'x': 1.945, 'y': 3.6918}, {'x': 2.209, 'y': 3.5851}, {'x': 2.473, 'y': 3.5069}, {'x': 2.736, 'y': 3.4472}, {'x': 3.0, 'y': 3.4}]}","{'formula': 'Piecewise((3, Eq(x**2, 0)), ((6*x - 1)/(2*x - 1), True))', 'latex': '\\begin{cases} 3 & \\text{for}\\: x^{2} = 0 \\\\\\frac{6 x - 1}{2 x - 1} & \\text{otherwise} \\end{cases}', 'properties': {'singularities': ['1/2'], 'is_periodic': False, 'domain': 'analysis_timeout'}}",auto_v2
MCM_022_2f74cde8,"{'a': 0, 'b': 2, 'c': 2}","{'points': [{'x': -3.0, 'y': 4.25}, {'x': -2.758, 'y': 4.2661}, {'x': -2.517, 'y': 4.2844}, {'x': -2.275, 'y': 4.3053}, {'x': -2.033, 'y': 4.3297}, {'x': -1.792, 'y': 4.3582}, {'x': -1.55, 'y': 4.3922}, {'x': -1.308, 'y': 4.4332}, {'x': -1.067, 'y': 4.4839}, {'x': -0.825, 'y': 4.5479}, {'x': -0.583, 'y': 4.6316}, {'x': -0.342, 'y': 4.7453}, {'x': -0.1, 'y': 4.9091}, {'x': 0.1, 'y': 4.8889}, {'x': 0.364, 'y': 4.4286}, {'x': 0.627, 'y': 3.3171}, {'x': 0.891, 'y': -3.1667}, {'x': 1.155, 'y': 12.4706}, {'x': 1.418, 'y': 8.3913}, {'x': 1.682, 'y': 7.4667}, {'x': 1.945, 'y': 7.0577}, {'x': 2.209, 'y': 6.8271}, {'x': 2.473, 'y': 6.679}, {'x': 2.736, 'y': 6.5759}, {'x': 3.0, 'y': 6.5}]}","{'formula': '(5*x + Abs(x) - 5)/(x - 1)', 'latex': '\\frac{5 x + \\left|{x}\\right| - 5}{x - 1}', 'properties': {'singularities': ['1'], 'is_periodic': False, 'domain': 'Union(Interval.open(-oo, 1), Interval.open(1, oo))'}}",auto_v2
MCM_022_80b3584e,"{'a': 0, 'b': 2, 'c': 2}","{'points': [{'x': -3.0, 'y': -0.2}, {'x': -2.758, 'y': -0.2102}, {'x': -2.517, 'y': -0.2214}, {'x': -2.275, 'y': -0.2339}, {'x': -2.033, 'y': -0.2479}, {'x': -1.792, 'y': -0.2637}, {'x': -1.55, 'y': -0.2817}, {'x': -1.308, 'y': -0.3023}, {'x': -1.067, 'y': -0.3261}, {'x': -0.825, 'y': -0.354}, {'x': -0.583, 'y': -0.3871}, {'x': -0.342, 'y': -0.427}, {'x': -0.1, 'y': -0.4762}, {'x': 0.1, 'y': -0.5263}, {'x': 0.364, 'y': -0.6111}, {'x': 0.627, 'y': -0.7285}, {'x': 0.891, 'y': -0.9016}, {'x': 1.155, 'y': -1.1828}, {'x': 1.418, 'y': -1.7188}, {'x': 1.682, 'y': -3.1429}, {'x': 1.945, 'y': -18.3333}, {'x': 2.209, 'y': 4.7826}, {'x': 2.473, 'y': 2.1154}, {'x': 2.736, 'y': 1.358}, {'x': 3.0, 'y': 1.0}]}","{'formula': 'Piecewise((0, Eq(x**2, 0)), (1/(x - 2), True))', 'latex': '\\begin{cases} 0 & \\text{for}\\: x^{2} = 0 \\\\\\frac{1}{x - 2} & \\text{otherwise} \\end{cases}', 'properties': {'singularities': ['2'], 'is_periodic': False, 'domain': 'analysis_timeout'}}",auto_v2
MCM_022_951a2e18,"{'a': 0, 'b': 2, 'c': 2}","{'points': [{'x': -3.0, 'y': -3.8}, {'x': -2.758, 'y': -3.7898}, {'x': -2.517, 'y': -3.7786}, {'x': -2.275, 'y': -3.7661}, {'x': -2.033, 'y': -3.7521}, {'x': -1.792, 'y': -3.7363}, {'x': -1.55, 'y': -3.7183}, {'x': -1.308, 'y': -3.6977}, {'x': -1.067, 'y': -3.6739}, {'x': -0.825, 'y': -3.646}, {'x': -0.583, 'y': -3.6129}, {'x': -0.342, 'y': -3.573}, {'x': -0.1, 'y': -3.5238}, {'x': 0.1, 'y': -4.5263}, {'x': 0.364, 'y': -4.6111}, {'x': 0.627, 'y': -4.7285}, {'x': 0.891, 'y': -4.9016}, {'x': 1.155, 'y': -5.1828}, {'x': 1.418, 'y': -5.7188}, {'x': 1.682, 'y': -7.1429}, {'x': 1.945, 'y': -22.3333}, {'x': 2.209, 'y': 0.7826}, {'x': 2.473, 'y': -1.8846}, {'x': 2.736, 'y': -2.642}, {'x': 3.0, 'y': -3.0}]}","{'formula': 'Piecewise((-4, Eq(x**3, 0)), ((x + (8 - 4*x)*Abs(x))/((x - 2)*Abs(x)), True))', 'latex': '\\begin{cases} -4 & \\text{for}\\: x^{3} = 0 \\\\\\frac{x + \\left(8 - 4 x\\right) \\left|{x}\\right|}{\\left(x - 2\\right) \\left|{x}\\right|} & \\text{otherwise} \\end{cases}', 'properties': {'singularities': ['0', '2'], 'is_periodic': False, 'domain': 'analysis_timeout'}}",auto_v2
MCM_022_be5c2c97,"{'a': 0, 'b': 2, 'c': 2}","{'points': [{'x': -3.0, 'y': -4.0}, {'x': -2.758, 'y': -4.3187}, {'x': -2.517, 'y': -4.9355}, {'x': -2.275, 'y': -6.6364}, {'x': -2.033, 'y': -33.0}, {'x': -1.792, 'y': 1.8}, {'x': -1.55, 'y': -0.7778}, {'x': -1.308, 'y': -1.5542}, {'x': -1.067, 'y': -1.9286}, {'x': -0.825, 'y': -2.1489}, {'x': -0.583, 'y': -2.2941}, {'x': -0.342, 'y': -2.397}, {'x': -0.1, 'y': -2.4737}, {'x': 0.1, 'y': -2.5238}, {'x': 0.364, 'y': -2.5769}, {'x': 0.627, 'y': -2.6194}, {'x': 0.891, 'y': -2.6541}, {'x': 1.155, 'y': -2.683}, {'x': 1.418, 'y': -2.7074}, {'x': 1.682, 'y': -2.7284}, {'x': 1.945, 'y': -2.7465}, {'x': 2.209, 'y': -2.7624}, {'x': 2.473, 'y': -2.7764}, {'x': 2.736, 'y': -2.7889}, {'x': 3.0, 'y': -2.8}]}","{'formula': 'Piecewise((-3, Eq(x, -4)), ((x - (3*x + 6)*Abs(x + 4) + 4)/((x + 2)*Abs(x + 4)), True))', 'latex': '\\begin{cases} -3 & \\text{for}\\: x = -4 \\\\\\frac{x - \\left(3 x + 6\\right) \\left|{x + 4}\\right| + 4}{\\left(x + 2\\right) \\left|{x + 4}\\right|} & \\text{otherwise} \\end{cases}', 'properties': {'singularities': ['-4', '-2'], 'is_periodic': False, 'domain': 'analysis_timeout'}}",auto_v2
MCM_023_203b931b,"{'a': 0, 'b': 2, 'c': 3}","{'points': [{'x': -3.0, 'y': 1.2}, {'x': -2.758, 'y': 1.382}, {'x': -2.517, 'y': 1.6442}, {'x': -2.275, 'y': 2.06}, {'x': -2.033, 'y': 2.8357}, {'x': -1.792, 'y': 4.8603}, {'x': -1.55, 'y': 26.1972}, {'x': -1.308, 'y': -6.1899}, {'x': -1.067, 'y': -2.408}, {'x': -0.825, 'y': -1.2979}, {'x': -0.583, 'y': -0.739}, {'x': -0.342, 'y': -0.3779}, {'x': -0.1, 'y': -0.102}, {'x': 0.1, 'y': -0.0987}, {'x': 0.364, 'y': -0.3577}, {'x': 0.627, 'y': -0.6444}, {'x': 0.891, 'y': -1.0079}, {'x': 1.155, 'y': -1.5433}, {'x': 1.418, 'y': -2.5058}, {'x': 1.682, 'y': -4.9837}, {'x': 1.945, 'y': -31.0554}, {'x': 2.209, 'y': 8.5454}, {'x': 2.473, 'y': 3.95}, {'x': 2.736, 'y': 2.6315}, {'x': 3.0, 'y': 2.0}]}","{'formula': '6*Abs(x)/((x - 2)*(2*x + 3))', 'latex': '\\frac{6 \\left|{x}\\right|}{\\left(x - 2\\right) \\left(2 x + 3\\right)}', 'properties': {'singularities': ['-3/2', '2'], 'is_periodic': False, 'domain': 'Union(Interval.open(-oo, -3/2), Interval.open(-3/2, 2), Interval.open(2, oo))'}}",auto_v2
MCM_023_042fbf22,"{'a': 0, 'b': 2, 'c': 3}","{'points': [{'x': -3.0, 'y': 7.5732}, {'x': -2.758, 'y': 7.3679}, {'x': -2.517, 'y': 5.9171}, {'x': -2.275, 'y': -2.4575}, {'x': -2.033, 'y': -4.085}, {'x': -1.792, 'y': 3.1978}, {'x': -1.55, 'y': -1.9105}, {'x': -1.308, 'y': -1.6984}, {'x': -1.067, 'y': -0.9988}, {'x': -0.825, 'y': -0.5118}, {'x': -0.583, 'y': -0.2207}, {'x': -0.342, 'y': 0.0662}, {'x': -0.1, 'y': 0.005}, {'x': 0.1, 'y': 0.0046}, {'x': 0.364, 'y': 0.0543}, {'x': 0.627, 'y': 0.1462}, {'x': 0.891, 'y': 0.2691}, {'x': 1.155, 'y': 0.4155}, {'x': 1.418, 'y': 0.58}, {'x': 1.682, 'y': 0.7588}, {'x': 1.945, 'y': 0.949}, {'x': 2.209, 'y': 1.1485}, {'x': 2.473, 'y': 1.3557}, {'x': 2.736, 'y': 1.5692}, {'x': 3.0, 'y': 1.788}]}","{'formula': 'Piecewise((x**2*sin(1/(x + 2)), x > -1/2), (-x**2*sin(1/(x + 2)), True))', 'latex': '\\begin{cases} x^{2} \\sin{\\left(\\frac{1}{x + 2} \\right)} & \\text{for}\\: x > - \\frac{1}{2} \\\\- x^{2} \\sin{\\left(\\frac{1}{x + 2} \\right)} & \\text{otherwise} \\end{cases}', 'properties': {'singularities': ['-2'], 'is_periodic': False, 'domain': 'analysis_timeout'}}",auto_v2
MCM_023_36cb8e40,"{'a': 0, 'b': 2, 'c': 3}","{'points': [{'x': -3.0, 'y': -5.3}, {'x': -2.758, 'y': -4.8217}, {'x': -2.517, 'y': -4.8417}, {'x': -2.275, 'y': -4.8572}, {'x': -2.033, 'y': -4.8627}, {'x': -1.792, 'y': -4.8444}, {'x': -1.55, 'y': -4.7631}, {'x': -1.308, 'y': -4.4523}, {'x': -1.067, 'y': -16.3043}, {'x': -0.825, 'y': -1.4159}, {'x': -0.583, 'y': -1.5484}, {'x': -0.342, 'y': -1.7082}, {'x': -0.1, 'y': -1.9048}, {'x': 0.1, 'y': -2.1053}, {'x': 0.364, 'y': -2.4444}, {'x': 0.627, 'y': -2.9139}, {'x': 0.891, 'y': -3.6066}, {'x': 1.155, 'y': -4.267}, {'x': 1.418, 'y': -6.0479}, {'x': 1.682, 'y': -11.8257}, {'x': 1.945, 'y': -72.3148}, {'x': 2.209, 'y': 20.3769}, {'x': 2.473, 'y': 10.1893}, {'x': 2.736, 'y': 7.3056}, {'x': 3.0, 'y': 6.25}]}","{'formula': '(4*x + (x - 2)*floor(x**2) + 4)/((x - 2)*(x + 1))', 'latex': '\\frac{4 x + \\left(x - 2\\right) \\left\\lfloor{x^{2}}\\right\\rfloor + 4}{\\left(x - 2\\right) \\left(x + 1\\right)}', 'properties': {'singularities': ['-1', '2'], 'is_periodic': False, 'domain': 'analysis_timeout'}}",auto_v2
MCM_023_2c88a21e,"{'a': 0, 'b': 2, 'c': 3}","{'points': [{'x': -3.0, 'y': 1.2}, {'x': -2.758, 'y': 1.3187}, {'x': -2.517, 'y': 1.4695}, {'x': -2.275, 'y': 1.6695}, {'x': -2.033, 'y': 1.9515}, {'x': -1.792, 'y': 2.3875}, {'x': -1.55, 'y': 3.1754}, {'x': -1.308, 'y': 5.1304}, {'x': -1.067, 'y': 20.8696}, {'x': -0.825, 'y': -6.6751}, {'x': -0.583, 'y': -2.1677}, {'x': -0.342, 'y': -0.8865}, {'x': -0.1, 'y': -0.2116}, {'x': 0.1, 'y': 0.0144}, {'x': 0.364, 'y': 0.1778}, {'x': 0.627, 'y': 0.5284}, {'x': 0.891, 'y': 1.1354}, {'x': 1.155, 'y': 2.1953}, {'x': 1.418, 'y': 4.2885}, {'x': 1.682, 'y': 9.9443}, {'x': 1.945, 'y': 70.6728}, {'x': 2.209, 'y': -21.8188}, {'x': 2.473, 'y': -11.1736}, {'x': 2.736, 'y': -8.1645}, {'x': 3.0, 'y': -6.75}]}","{'formula': 'Piecewise((-3*x**2/((x - 2)*(x + 1)), x > 0), (-4*x/((x - 2)*(x + 1)), True))', 'latex': '\\begin{cases} - \\frac{3 x^{2}}{\\left(x - 2\\right) \\left(x + 1\\right)} & \\text{for}\\: x > 0 \\\\- \\frac{4 x}{\\left(x - 2\\right) \\left(x + 1\\right)} & \\text{otherwise} \\end{cases}', 'properties': {'singularities': ['-1', '2'], 'is_periodic': False, 'domain': 'analysis_timeout'}}",auto_v2
MCM_023_014cb0fd,"{'a': 0, 'b': 2, 'c': 3}","{'points': [{'x': -3.0, 'y': 3.0}, {'x': -2.758, 'y': 3.7865}, {'x': -2.517, 'y': 5.2744}, {'x': -2.275, 'y': 9.2991}, {'x': -2.033, 'y': 70.8791}, {'x': -1.792, 'y': -10.2448}, {'x': -1.55, 'y': -4.1394}, {'x': -1.308, 'y': 2.2183}, {'x': -1.067, 'y': 1.2097}, {'x': -0.825, 'y': 0.5246}, {'x': -0.583, 'y': -0.0372}, {'x': -0.342, 'y': -0.5805}, {'x': -0.1, 'y': -1.1962}, {'x': 0.1, 'y': -1.8519}, {'x': 0.364, 'y': -3.2033}, {'x': 0.627, 'y': -6.2664}, {'x': 0.891, 'y': -23.6373}, {'x': 1.155, 'y': 17.9946}, {'x': 1.418, 'y': 7.0594}, {'x': 1.682, 'y': 4.5449}, {'x': 1.945, 'y': 3.4119}, {'x': 2.209, 'y': 2.7599}, {'x': 2.473, 'y': 2.3324}, {'x': 2.736, 'y': 2.0284}, {'x': 3.0, 'y': 1.8}]}","{'formula': 'Piecewise(((5*x + 3)/((x - 1)*(x + 2)), x > -3/2), ((-5*x - 3)/((x - 1)*(x + 2)), True))', 'latex': '\\begin{cases} \\frac{5 x + 3}{\\left(x - 1\\right) \\left(x + 2\\right)} & \\text{for}\\: x > - \\frac{3}{2} \\\\\\frac{- 5 x - 3}{\\left(x - 1\\right) \\left(x + 2\\right)} & \\text{otherwise} \\end{cases}', 'properties': {'singularities': ['-2', '1'], 'is_periodic': False, 'domain': 'analysis_timeout'}}",auto_v2
MCM_023_f6a9b2e5,"{'a': 0, 'b': 2, 'c': 3}","{'points': [{'x': -3.0, 'y': 1.5}, {'x': -2.758, 'y': 2.0686}, {'x': -2.517, 'y': 3.2116}, {'x': -2.275, 'y': 6.4884}, {'x': -2.033, 'y': 59.0323}, {'x': -1.792, 'y': -10.8632}, {'x': -1.55, 'y': -6.2626}, {'x': -1.308, 'y': -6.1348}, {'x': -1.067, 'y': -17.1429}, {'x': -0.825, 'y': 4.0122}, {'x': -0.583, 'y': 0.9882}, {'x': -0.342, 'y': 0.313}, {'x': -0.1, 'y': 0.0585}, {'x': 0.1, 'y': 0.0433}, {'x': 0.364, 'y': 0.1128}, {'x': 0.627, 'y': 0.1467}, {'x': 0.891, 'y': 0.163}, {'x': 1.155, 'y': 0.1699}, {'x': 1.418, 'y': 0.1716}, {'x': 1.682, 'y': 0.1703}, {'x': 1.945, 'y': 0.1674}, {'x': 2.209, 'y': 0.1635}, {'x': 2.473, 'y': 0.1592}, {'x': 2.736, 'y': 0.1546}, {'x': 3.0, 'y': 0.15}]}","{'formula': 'Abs(x)/((x + 1)*(x + 2))', 'latex': '\\frac{\\left|{x}\\right|}{\\left(x + 1\\right) \\left(x + 2\\right)}', 'properties': {'singularities': ['-2', '-1'], 'is_periodic': False, 'domain': 'Union(Interval.open(-oo, -2), Interval.open(-2, -1), Interval.open(-1, oo))'}}",auto_v2
MCM_023_d67e4a3a,"{'a': 0, 'b': 2, 'c': 3}","{'points': [{'x': -3.0, 'y': 0.4948}, {'x': -2.758, 'y': 0.4322}, {'x': -2.517, 'y': 0.4191}, {'x': -2.275, 'y': 0.3982}, {'x': -2.033, 'y': 0.3665}, {'x': -1.792, 'y': 0.3195}, {'x': -1.55, 'y': 0.2506}, {'x': -1.308, 'y': 0.1495}, {'x': -1.067, 'y': 0.1813}, {'x': -0.825, 'y': 0.0}, {'x': -0.583, 'y': 0.0}, {'x': -0.342, 'y': 0.0}, {'x': -0.1, 'y': 0.0}, {'x': 0.1, 'y': 0.0}, {'x': 0.364, 'y': 0.0}, {'x': 0.627, 'y': 0.0}, {'x': 0.891, 'y': 0.0}, {'x': 1.155, 'y': -0.5393}, {'x': 1.418, 'y': -16.6674}, {'x': 1.682, 'y': 10.9404}, {'x': 1.945, 'y': 5.8674}, {'x': 2.209, 'y': 4.1515}, {'x': 2.473, 'y': 3.8738}, {'x': 2.736, 'y': 3.0834}, {'x': 3.0, 'y': 2.8766}]}","{'formula': '2*sin(1/(x - 1))*floor(x**2)/(2*x - 3)', 'latex': '\\frac{2 \\sin{\\left(\\frac{1}{x - 1} \\right)} \\left\\lfloor{x^{2}}\\right\\rfloor}{2 x - 3}', 'properties': {'singularities': ['1', '3/2'], 'is_periodic': False, 'domain': 'analysis_timeout'}}",auto_v2
MCM_023_b2536cd7,"{'a': 0, 'b': 2, 'c': 3}","{'points': [{'x': -3.0, 'y': -3.0}, {'x': -2.758, 'y': -3.74}, {'x': -2.517, 'y': -4.8964}, {'x': -2.275, 'y': -6.907}, {'x': -2.033, 'y': -11.0685}, {'x': -1.792, 'y': -23.2782}, {'x': -1.55, 'y': -169.0909}, {'x': -1.308, 'y': 66.416}, {'x': -1.067, 'y': 110.7692}, {'x': -0.825, 'y': -20.9524}, {'x': -0.583, 'y': -4.5818}, {'x': -0.342, 'y': -1.3441}, {'x': -0.1, 'y': -0.2381}, {'x': 0.1, 'y': -0.0227}, {'x': 0.364, 'y': -0.2081}, {'x': 0.627, 'y': -0.4547}, {'x': 0.891, 'y': -0.7023}, {'x': 1.155, 'y': -0.9323}, {'x': 1.418, 'y': -1.14}, {'x': 1.682, 'y': -1.3259}, {'x': 1.945, 'y': -1.4918}, {'x': 2.209, 'y': -1.64}, {'x': 2.473, 'y': -1.7728}, {'x': 2.736, 'y': -1.8922}, {'x': 3.0, 'y': -2.0}]}","{'formula': 'Piecewise((-8*x**2/((x + 1)*(2*x + 3)), x > 0), (6*x/((x + 1)*(2*x + 3)), True))', 'latex': '\\begin{cases} - \\frac{8 x^{2}}{\\left(x + 1\\right) \\left(2 x + 3\\right)} & \\text{for}\\: x > 0 \\\\\\frac{6 x}{\\left(x + 1\\right) \\left(2 x + 3\\right)} & \\text{otherwise} \\end{cases}', 'properties': {'singularities': ['-3/2', '-1'], 'is_periodic': False, 'domain': 'analysis_timeout'}}",auto_v2
MCM_023_8f6f33d5,"{'a': 0, 'b': 2, 'c': 3}","{'points': [{'x': -3.0, 'y': 1.2}, {'x': -2.758, 'y': 1.6106}, {'x': -2.517, 'y': 2.4154}, {'x': -2.275, 'y': 4.6607}, {'x': -2.033, 'y': 39.7826}, {'x': -1.792, 'y': -6.6581}, {'x': -1.55, 'y': -3.2804}, {'x': -1.308, 'y': -2.3401}, {'x': -1.067, 'y': -2.0168}, {'x': -0.825, 'y': -2.1604}, {'x': -0.583, 'y': -4.9412}, {'x': -0.342, 'y': 1.3012}, {'x': -0.1, 'y': 0.1316}, {'x': 0.1, 'y': -0.0794}, {'x': 0.364, 'y': -0.1781}, {'x': 0.627, 'y': -0.2118}, {'x': 0.891, 'y': -0.2216}, {'x': 1.155, 'y': 0.2212}, {'x': 1.418, 'y': 0.2163}, {'x': 1.682, 'y': 0.2094}, {'x': 1.945, 'y': 0.2016}, {'x': 2.209, 'y': 0.1937}, {'x': 2.473, 'y': 0.186}, {'x': 2.736, 'y': 0.1785}, {'x': 3.0, 'y': 0.1714}]}","{'formula': 'Piecewise((2*x/((x + 2)*(2*x + 1)), x > 1), (-2*x/((x + 2)*(2*x + 1)), True))', 'latex': '\\begin{cases} \\frac{2 x}{\\left(x + 2\\right) \\left(2 x + 1\\right)} & \\text{for}\\: x > 1 \\\\- \\frac{2 x}{\\left(x + 2\\right) \\left(2 x + 1\\right)} & \\text{otherwise} \\end{cases}', 'properties': {'singularities': ['-2', '-1/2'], 'is_periodic': False, 'domain': 'analysis_timeout'}}",auto_v2
MCM_023_e5f27529,"{'a': 0, 'b': 2, 'c': 3}","{'points': [{'x': -3.0, 'y': -0.3366}, {'x': -2.758, 'y': -0.4288}, {'x': -2.517, 'y': -0.4633}, {'x': -2.275, 'y': 0.2675}, {'x': -2.033, 'y': 0.6444}, {'x': -1.792, 'y': -0.7712}, {'x': -1.55, 'y': 0.7574}, {'x': -1.308, 'y': 1.2275}, {'x': -1.067, 'y': 1.5492}, {'x': -0.825, 'y': 2.3138}, {'x': -0.583, 'y': 7.7845}, {'x': -0.342, 'y': -3.5819}, {'x': -0.1, 'y': -1.2559}, {'x': 0.1, 'y': -0.764}, {'x': 0.364, 'y': -0.4754}, {'x': 0.627, 'y': -0.3296}, {'x': 0.891, 'y': 0.2438}, {'x': 1.155, 'y': 0.1884}, {'x': 1.418, 'y': 0.1503}, {'x': 1.682, 'y': 0.123}, {'x': 1.945, 'y': 0.1025}, {'x': 2.209, 'y': 0.0869}, {'x': 2.473, 'y': 0.0746}, {'x': 2.736, 'y': 0.0648}, {'x': 3.0, 'y': 0.0568}]}","{'formula': 'Piecewise((0, Eq(x, 4/5)), ((10*x - 8)*sin(1/(x + 2))/((2*x + 1)*Abs(5*x - 4)), True))', 'latex': '\\begin{cases} 0 & \\text{for}\\: x = \\frac{4}{5} \\\\\\frac{\\left(10 x - 8\\right) \\sin{\\left(\\frac{1}{x + 2} \\right)}}{\\left(2 x + 1\\right) \\left|{5 x - 4}\\right|} & \\text{otherwise} \\end{cases}', 'properties': {'singularities': ['-2', '-1/2', '4/5'], 'is_periodic': False, 'domain': 'analysis_timeout'}}",auto_v2
MCM_100_83b56db3,"{'a': 1, 'b': 0, 'c': 0}","{'points': [{'x': -3.0, 'y': -19.0}, {'x': -2.75, 'y': -16.375}, {'x': -2.5, 'y': -14.0}, {'x': -2.25, 'y': -11.875}, {'x': -2.0, 'y': -10.0}, {'x': -1.75, 'y': -8.375}, {'x': -1.5, 'y': -7.0}, {'x': -1.25, 'y': -5.875}, {'x': -1.0, 'y': -5.0}, {'x': -0.75, 'y': -4.375}, {'x': -0.5, 'y': -4.0}, {'x': -0.25, 'y': -3.875}, {'x': 0.0, 'y': -4.0}, {'x': 0.25, 'y': -4.375}, {'x': 0.5, 'y': -5.0}, {'x': 0.75, 'y': -5.875}, {'x': 1.0, 'y': -7.0}, {'x': 1.25, 'y': -8.375}, {'x': 1.5, 'y': -10.0}, {'x': 1.75, 'y': -11.875}, {'x': 2.0, 'y': -14.0}, {'x': 2.25, 'y': -16.375}, {'x': 2.5, 'y': -19.0}, {'x': 2.75, 'y': -21.875}, {'x': 3.0, 'y': -25.0}]}","{'formula': '-2*x**2 - x - 4', 'latex': '- 2 x^{2} - x - 4', 'properties': {'singularities': [], 'is_periodic': False, 'domain': 'Reals'}}",auto_v2
MCM_100_d144a5d0,"{'a': 1, 'b': 0, 'c': 0}","{'points': [{'x': -3.0, 'y': 64.0}, {'x': -2.75, 'y': 49.0}, {'x': -2.5, 'y': 36.0}, {'x': -2.25, 'y': 25.0}, {'x': -2.0, 'y': 16.0}, {'x': -1.75, 'y': 9.0}, {'x': -1.5, 'y': 4.0}, {'x': -1.25, 'y': 1.0}, {'x': -1.0, 'y': 0.0}, {'x': -0.75, 'y': 1.0}, {'x': -0.5, 'y': 4.0}, {'x': -0.25, 'y': 9.0}, {'x': 0.0, 'y': 16.0}, {'x': 0.25, 'y': 25.0}, {'x': 0.5, 'y': 36.0}, {'x': 0.75, 'y': 49.0}, {'x': 1.0, 'y': 64.0}, {'x': 1.25, 'y': 81.0}, {'x': 1.5, 'y': 100.0}, {'x': 1.75, 'y': 121.0}, {'x': 2.0, 'y': 144.0}, {'x': 2.25, 'y': 169.0}, {'x': 2.5, 'y': 196.0}, {'x': 2.75, 'y': 225.0}, {'x': 3.0, 'y': 256.0}]}","{'formula': '16*(x + 1)**2', 'latex': '16 \\left(x + 1\\right)^{2}', 'properties': {'singularities': [], 'is_periodic': False, 'domain': 'Reals'}}",auto_v2
MCM_100_8ef52888,"{'a': 1, 'b': 0, 'c': 0}","{'points': [{'x': -3.0, 'y': -36.0}, {'x': -2.75, 'y': -29.0469}, {'x': -2.5, 'y': -23.125}, {'x': -2.25, 'y': -18.1406}, {'x': -2.0, 'y': -14.0}, {'x': -1.75, 'y': -10.6094}, {'x': -1.5, 'y': -7.875}, {'x': -1.25, 'y': -5.7031}, {'x': -1.0, 'y': -4.0}, {'x': -0.75, 'y': -2.6719}, {'x': -0.5, 'y': -1.625}, {'x': -0.25, 'y': -0.7656}, {'x': 0.0, 'y': 0.0}, {'x': 0.25, 'y': 0.7656}, {'x': 0.5, 'y': 1.625}, {'x': 0.75, 'y': 2.6719}, {'x': 1.0, 'y': 4.0}, {'x': 1.25, 'y': 5.7031}, {'x': 1.5, 'y': 7.875}, {'x': 1.75, 'y': 10.6094}, {'x': 2.0, 'y': 14.0}, {'x': 2.25, 'y': 18.1406}, {'x': 2.5, 'y': 23.125}, {'x': 2.75, 'y': 29.0469}, {'x': 3.0, 'y': 36.0}]}","{'formula': 'x*(x**2 + 3)', 'latex': 'x \\left(x^{2} + 3\\right)', 'properties': {'singularities': [], 'is_periodic': False, 'domain': 'Reals'}}",auto_v2
MCM_100_face6772,"{'a': 1, 'b': 0, 'c': 0}","{'points': [{'x': -3.0, 'y': 196.0}, {'x': -2.75, 'y': 175.5625}, {'x': -2.5, 'y': 156.25}, {'x': -2.25, 'y': 138.0625}, {'x': -2.0, 'y': 121.0}, {'x': -1.75, 'y': 105.0625}, {'x': -1.5, 'y': 90.25}, {'x': -1.25, 'y': 76.5625}, {'x': -1.0, 'y': 64.0}, {'x': -0.75, 'y': 52.5625}, {'x': -0.5, 'y': 42.25}, {'x': -0.25, 'y': 33.0625}, {'x': 0.0, 'y': 25.0}, {'x': 0.25, 'y': 18.0625}, {'x': 0.5, 'y': 12.25}, {'x': 0.75, 'y': 7.5625}, {'x': 1.0, 'y': 4.0}, {'x': 1.25, 'y': 1.5625}, {'x': 1.5, 'y': 0.25}, {'x': 1.75, 'y': 0.0625}, {'x': 2.0, 'y': 1.0}, {'x': 2.25, 'y': 3.0625}, {'x': 2.5, 'y': 6.25}, {'x': 2.75, 'y': 10.5625}, {'x': 3.0, 'y': 16.0}]}","{'formula': '(3*x - 5)**2', 'latex': '\\left(3 x - 5\\right)^{2}', 'properties': {'singularities': [], 'is_periodic': False, 'domain': 'Reals'}}",auto_v2
MCM_100_c021ff8d,"{'a': 1, 'b': 0, 'c': 0}","{'points': [{'x': -3.0, 'y': -11.0}, {'x': -2.75, 'y': -7.875}, {'x': -2.5, 'y': -5.0}, {'x': -2.25, 'y': -2.375}, {'x': -2.0, 'y': 0.0}, {'x': -1.75, 'y': 2.125}, {'x': -1.5, 'y': 4.0}, {'x': -1.25, 'y': 5.625}, {'x': -1.0, 'y': 7.0}, {'x': -0.75, 'y': 8.125}, {'x': -0.5, 'y': 9.0}, {'x': -0.25, 'y': 9.625}, {'x': 0.0, 'y': 10.0}, {'x': 0.25, 'y': 10.125}, {'x': 0.5, 'y': 10.0}, {'x': 0.75, 'y': 9.625}, {'x': 1.0, 'y': 9.0}, {'x': 1.25, 'y': 8.125}, {'x': 1.5, 'y': 7.0}, {'x': 1.75, 'y': 5.625}, {'x': 2.0, 'y': 4.0}, {'x': 2.25, 'y': 2.125}, {'x': 2.5, 'y': 0.0}, {'x': 2.75, 'y': -2.375}, {'x': 3.0, 'y': -5.0}]}","{'formula': '-2*x**2 + x + 10', 'latex': '- 2 x^{2} + x + 10', 'properties': {'singularities': [], 'is_periodic': False, 'domain': 'Reals'}}",auto_v2
MCM_100_670ec9fb,"{'a': 1, 'b': 0, 'c': 0}","{'points': [{'x': -3.0, 'y': 225.0}, {'x': -2.75, 'y': 196.0}, {'x': -2.5, 'y': 169.0}, {'x': -2.25, 'y': 144.0}, {'x': -2.0, 'y': 121.0}, {'x': -1.75, 'y': 100.0}, {'x': -1.5, 'y': 81.0}, {'x': -1.25, 'y': 64.0}, {'x': -1.0, 'y': 49.0}, {'x': -0.75, 'y': 36.0}, {'x': -0.5, 'y': 25.0}, {'x': -0.25, 'y': 16.0}, {'x': 0.0, 'y': 9.0}, {'x': 0.25, 'y': 4.0}, {'x': 0.5, 'y': 1.0}, {'x': 0.75, 'y': 0.0}, {'x': 1.0, 'y': 1.0}, {'x': 1.25, 'y': 4.0}, {'x': 1.5, 'y': 9.0}, {'x': 1.75, 'y': 16.0}, {'x': 2.0, 'y': 25.0}, {'x': 2.25, 'y': 36.0}, {'x': 2.5, 'y': 49.0}, {'x': 2.75, 'y': 64.0}, {'x': 3.0, 'y': 81.0}]}","{'formula': '(4*x - 3)**2', 'latex': '\\left(4 x - 3\\right)^{2}', 'properties': {'singularities': [], 'is_periodic': False, 'domain': 'Reals'}}",auto_v2
MCM_100_cb3d1cb1,"{'a': 1, 'b': 0, 'c': 0}","{'points': [{'x': -3.0, 'y': 144.0}, {'x': -2.75, 'y': 126.5625}, {'x': -2.5, 'y': 110.25}, {'x': -2.25, 'y': 95.0625}, {'x': -2.0, 'y': 81.0}, {'x': -1.75, 'y': 68.0625}, {'x': -1.5, 'y': 56.25}, {'x': -1.25, 'y': 45.5625}, {'x': -1.0, 'y': 36.0}, {'x': -0.75, 'y': 27.5625}, {'x': -0.5, 'y': 20.25}, {'x': -0.25, 'y': 14.0625}, {'x': 0.0, 'y': 9.0}, {'x': 0.25, 'y': 5.0625}, {'x': 0.5, 'y': 2.25}, {'x': 0.75, 'y': 0.5625}, {'x': 1.0, 'y': 0.0}, {'x': 1.25, 'y': 0.5625}, {'x': 1.5, 'y': 2.25}, {'x': 1.75, 'y': 5.0625}, {'x': 2.0, 'y': 9.0}, {'x': 2.25, 'y': 14.0625}, {'x': 2.5, 'y': 20.25}, {'x': 2.75, 'y': 27.5625}, {'x': 3.0, 'y': 36.0}]}","{'formula': '9*(x - 1)**2', 'latex': '9 \\left(x - 1\\right)^{2}', 'properties': {'singularities': [], 'is_periodic': False, 'domain': 'Reals'}}",auto_v2
MCM_101_601345e4,"{'a': 1, 'b': 0, 'c': 1}","{'points': [{'x': -4.0, 'y': 0.4528}, {'x': -3.667, 'y': 0.0044}, {'x': -3.333, 'y': -0.4565}, {'x': -3.0, 'y': 0.3755}, {'x': -2.667, 'y': 0.144}, {'x': -2.333, 'y': -0.4953}, {'x': -2.0, 'y': 0.2683}, {'x': -1.667, 'y': 0.272}, {'x': -1.333, 'y': -0.4947}, {'x': -1.0, 'y': 0.1397}, {'x': -0.667, 'y': 0.3784}, {'x': -0.333, 'y': -0.4546}, {'x': 0.0, 'y': 0.0}, {'x': 0.333, 'y': 0.4546}, {'x': 0.667, 'y': -0.3784}, {'x': 1.0, 'y': -0.1397}, {'x': 1.333, 'y': 0.4947}, {'x': 1.667, 'y': -0.272}, {'x': 2.0, 'y': -0.2683}, {'x': 2.333, 'y': 0.4953}, {'x': 2.667, 'y': -0.144}, {'x': 3.0, 'y': -0.3755}, {'x': 3.333, 'y': 0.4565}, {'x': 3.667, 'y': -0.0044}, {'x': 4.0, 'y': -0.4528}]}","{'formula': 'sin(6*x)/2', 'latex': '\\frac{\\sin{\\left(6 x \\right)}}{2}', 'properties': {'singularities': [], 'is_periodic': True, 'domain': 'Reals', 'period_value': 'pi/3'}}",auto_v2
MCM_101_c3526d1d,"{'a': 1, 'b': 0, 'c': 1}","{'points': [{'x': -4.0, 'y': -0.2757}, {'x': -3.667, 'y': 0.4359}, {'x': -3.333, 'y': -0.4997}, {'x': -3.0, 'y': 0.4528}, {'x': -2.667, 'y': -0.3057}, {'x': -2.333, 'y': 0.0909}, {'x': -2.0, 'y': 0.144}, {'x': -1.667, 'y': -0.347}, {'x': -1.333, 'y': 0.4732}, {'x': -1.0, 'y': -0.4947}, {'x': -0.667, 'y': 0.4067}, {'x': -0.333, 'y': -0.2286}, {'x': 0.0, 'y': 0.0}, {'x': 0.333, 'y': 0.2286}, {'x': 0.667, 'y': -0.4067}, {'x': 1.0, 'y': 0.4947}, {'x': 1.333, 'y': -0.4732}, {'x': 1.667, 'y': 0.347}, {'x': 2.0, 'y': -0.144}, {'x': 2.333, 'y': -0.0909}, {'x': 2.667, 'y': 0.3057}, {'x': 3.0, 'y': -0.4528}, {'x': 3.333, 'y': 0.4997}, {'x': 3.667, 'y': -0.4359}, {'x': 4.0, 'y': 0.2757}]}","{'formula': 'sin(4*x)*cos(4*x)', 'latex': '\\sin{\\left(4 x \\right)} \\cos{\\left(4 x \\right)}', 'properties': {'singularities': [], 'is_periodic': True, 'domain': 'Reals', 'period_value': 'pi/2'}}",auto_v2
MCM_101_da47d3ed,"{'a': 1, 'b': 0, 'c': 1}","{'points': [{'x': -4.0, 'y': 0.8545}, {'x': -3.667, 'y': 1.4974}, {'x': -3.333, 'y': 1.9274}, {'x': -3.0, 'y': 1.9602}, {'x': -2.667, 'y': 1.5818}, {'x': -2.333, 'y': 0.9543}, {'x': -2.0, 'y': 0.3464}, {'x': -1.667, 'y': 0.0183}, {'x': -1.333, 'y': 0.1107}, {'x': -1.0, 'y': 0.5839}, {'x': -0.667, 'y': 1.2352}, {'x': -0.333, 'y': 1.7859}, {'x': 0.0, 'y': 2.0}, {'x': 0.333, 'y': 1.7859}, {'x': 0.667, 'y': 1.2352}, {'x': 1.0, 'y': 0.5839}, {'x': 1.333, 'y': 0.1107}, {'x': 1.667, 'y': 0.0183}, {'x': 2.0, 'y': 0.3464}, {'x': 2.333, 'y': 0.9543}, {'x': 2.667, 'y': 1.5818}, {'x': 3.0, 'y': 1.9602}, {'x': 3.333, 'y': 1.9274}, {'x': 3.667, 'y': 1.4974}, {'x': 4.0, 'y': 0.8545}]}","{'formula': '2*cos(x)**2', 'latex': '2 \\cos^{2}{\\left(x \\right)}', 'properties': {'singularities': [], 'is_periodic': True, 'domain': 'Reals', 'period_value': '2*pi'}}",auto_v2
MCM_101_56907f19,"{'a': 1, 'b': 0, 'c': 1}","{'points': [{'x': -4.0, 'y': -5.9577}, {'x': -3.667, 'y': -5.5051}, {'x': -3.333, 'y': -4.28}, {'x': -3.0, 'y': -4.1561}, {'x': -2.667, 'y': -5.323}, {'x': -2.333, 'y': -5.9958}, {'x': -2.0, 'y': -5.1455}, {'x': -1.667, 'y': -4.0726}, {'x': -1.333, 'y': -4.4182}, {'x': -1.0, 'y': -5.6536}, {'x': -0.667, 'y': -5.8893}, {'x': -0.333, 'y': -4.7648}, {'x': 0.0, 'y': -4.0}, {'x': 0.333, 'y': -4.7648}, {'x': 0.667, 'y': -5.8893}, {'x': 1.0, 'y': -5.6536}, {'x': 1.333, 'y': -4.4182}, {'x': 1.667, 'y': -4.0726}, {'x': 2.0, 'y': -5.1455}, {'x': 2.333, 'y': -5.9958}, {'x': 2.667, 'y': -5.323}, {'x': 3.0, 'y': -4.1561}, {'x': 3.333, 'y': -4.28}, {'x': 3.667, 'y': -5.5051}, {'x': 4.0, 'y': -5.9577}]}","{'formula': 'cos(4*x) - 5', 'latex': '\\cos{\\left(4 x \\right)} - 5', 'properties': {'singularities': [], 'is_periodic': True, 'domain': 'Reals', 'period_value': 'pi/2'}}",auto_v2
MCM_102_c00f1943,"{'a': 1, 'b': 0, 'c': 2}","{'points': [{'x': -3.0, 'y': 2.5}, {'x': -2.758, 'y': 2.4678}, {'x': -2.517, 'y': 2.4313}, {'x': -2.275, 'y': 2.3893}, {'x': -2.033, 'y': 2.3407}, {'x': -1.792, 'y': 2.2836}, {'x': -1.55, 'y': 2.2157}, {'x': -1.308, 'y': 2.1336}, {'x': -1.067, 'y': 2.0323}, {'x': -0.825, 'y': 1.9041}, {'x': -0.583, 'y': 1.7368}, {'x': -0.342, 'y': 1.5093}, {'x': -0.1, 'y': 1.1818}, {'x': 0.1, 'y': 0.7778}, {'x': 0.364, 'y': -0.1429}, {'x': 0.627, 'y': -2.3659}, {'x': 0.891, 'y': -15.3333}, {'x': 1.155, 'y': 15.9412}, {'x': 1.418, 'y': 7.7826}, {'x': 1.682, 'y': 5.9333}, {'x': 1.945, 'y': 5.1154}, {'x': 2.209, 'y': 4.6541}, {'x': 2.473, 'y': 4.358}, {'x': 2.736, 'y': 4.1518}, {'x': 3.0, 'y': 4.0}]}","{'formula': '(3*x - 1)/(x - 1)', 'latex': '\\frac{3 x - 1}{x - 1}', 'properties': {'singularities': ['1'], 'is_periodic': False, 'domain': 'Union(Interval.open(-oo, 1), Interval.open(1, oo))'}}",auto_v2
MCM_102_873163a3,"{'a': 1, 'b': 0, 'c': 2}","{'points': [{'x': -3.0, 'y': -17.0}, {'x': -2.758, 'y': -19.9451}, {'x': -2.517, 'y': -25.8715}, {'x': -2.275, 'y': -42.6386}, {'x': -2.033, 'y': -306.0333}, {'x': -1.792, 'y': 42.2083}, {'x': -1.55, 'y': 16.6722}, {'x': -1.308, 'y': 9.1495}, {'x': -1.067, 'y': 5.6476}, {'x': -0.825, 'y': 3.6856}, {'x': -0.583, 'y': 2.4755}, {'x': -0.342, 'y': 1.6885}, {'x': -0.1, 'y': 1.1632}, {'x': 0.1, 'y': 0.8619}, {'x': 0.364, 'y': 0.5944}, {'x': 0.627, 'y': 0.4335}, {'x': 0.891, 'y': 0.35}, {'x': 1.155, 'y': 0.3246}, {'x': 1.418, 'y': 0.3437}, {'x': 1.682, 'y': 0.3979}, {'x': 1.945, 'y': 0.48}, {'x': 2.209, 'y': 0.5849}, {'x': 2.473, 'y': 0.7085}, {'x': 2.736, 'y': 0.8477}, {'x': 3.0, 'y': 1.0}]}","{'formula': '(x**2 - 2*x + 2)/(x + 2)', 'latex': '\\frac{x^{2} - 2 x + 2}{x + 2}', 'properties': {'singularities': ['-2'], 'is_periodic': False, 'domain': 'Union(Interval.open(-oo, -2), Interval.open(-2, oo))'}}",auto_v2
MCM_102_2f10ebcd,"{'a': 1, 'b': 0, 'c': 2}","{'points': [{'x': -3.0, 'y': -64.0}, {'x': -2.758, 'y': -58.2155}, {'x': -2.517, 'y': -52.4664}, {'x': -2.275, 'y': -46.7605}, {'x': -2.033, 'y': -41.1081}, {'x': -1.792, 'y': -35.523}, {'x': -1.55, 'y': -30.0245}, {'x': -1.308, 'y': -24.6397}, {'x': -1.067, 'y': -19.4086}, {'x': -0.825, 'y': -14.3921}, {'x': -0.583, 'y': -9.6886}, {'x': -0.342, 'y': -5.4671}, {'x': -0.1, 'y': -2.0455}, {'x': 0.1, 'y': -0.2778}, {'x': 0.364, 'y': -1.0519}, {'x': 0.627, 'y': -12.245}, {'x': 0.891, 'y': -109.3939}, {'x': 1.155, 'y': 147.393}, {'x': 1.418, 'y': 88.7154}, {'x': 1.682, 'y': 80.5121}, {'x': 1.945, 'y': 80.5594}, {'x': 2.209, 'y': 83.4604}, {'x': 2.473, 'y': 87.6824}, {'x': 2.736, 'y': 92.6238}, {'x': 3.0, 'y': 98.0}]}","{'formula': '(5*x - 1)**2/(x - 1)', 'latex': '\\frac{\\left(5 x - 1\\right)^{2}}{x - 1}', 'properties': {'singularities': ['1'], 'is_periodic': False, 'domain': 'Union(Interval.open(-oo, 1), Interval.open(1, oo))'}}",auto_v2
MCM_102_956bc01b,"{'a': 1, 'b': 0, 'c': 2}","{'points': [{'x': -3.0, 'y': -19.0}, {'x': -2.758, 'y': -23.4615}, {'x': -2.517, 'y': -32.0968}, {'x': -2.275, 'y': -55.9091}, {'x': -2.033, 'y': -425.0}, {'x': -1.792, 'y': 62.2}, {'x': -1.55, 'y': 26.1111}, {'x': -1.308, 'y': 15.241}, {'x': -1.067, 'y': 10.0}, {'x': -0.825, 'y': 6.9149}, {'x': -0.583, 'y': 4.8824}, {'x': -0.342, 'y': 3.4422}, {'x': -0.1, 'y': 2.3684}, {'x': 0.1, 'y': 1.6667}, {'x': 0.364, 'y': 0.9231}, {'x': 0.627, 'y': 0.3287}, {'x': 0.891, 'y': -0.1572}, {'x': 1.155, 'y': -0.562}, {'x': 1.418, 'y': -0.9043}, {'x': 1.682, 'y': -1.1975}, {'x': 1.945, 'y': -1.4516}, {'x': 2.209, 'y': -1.6739}, {'x': 2.473, 'y': -1.8699}, {'x': 2.736, 'y': -2.0441}, {'x': 3.0, 'y': -2.2}]}","{'formula': '(4 - 5*x)/(x + 2)', 'latex': '\\frac{4 - 5 x}{x + 2}', 'properties': {'singularities': ['-2'], 'is_periodic': False, 'domain': 'Union(Interval.open(-oo, -2), Interval.open(-2, oo))'}}",auto_v2
MCM_102_4fd61be8,"{'a': 1, 'b': 0, 'c': 2}","{'points': [{'x': -3.0, 'y': 6.0}, {'x': -2.758, 'y': 4.7478}, {'x': -2.517, 'y': 3.6153}, {'x': -2.275, 'y': 2.6034}, {'x': -2.033, 'y': 1.7132}, {'x': -1.792, 'y': 0.9461}, {'x': -1.55, 'y': 0.3043}, {'x': -1.308, 'y': -0.2086}, {'x': -1.067, 'y': -0.587}, {'x': -0.825, 'y': -0.8215}, {'x': -0.583, 'y': -0.8937}, {'x': -0.342, 'y': -0.7645}, {'x': -0.1, 'y': -0.3317}, {'x': 0.1, 'y': 0.4975}, {'x': 0.364, 'y': 4.9807}, {'x': 0.627, 'y': -7.9179}, {'x': 0.891, 'y': -2.7492}, {'x': 1.155, 'y': -1.1766}, {'x': 1.418, 'y': 0.0174}, {'x': 1.682, 'y': 1.179}, {'x': 1.945, 'y': 2.4022}, {'x': 2.209, 'y': 3.7227}, {'x': 2.473, 'y': 5.1572}, {'x': 2.736, 'y': 6.7146}, {'x': 3.0, 'y': 8.4}]}","{'formula': '2*x*(x**2 - 2)/(2*x - 1)', 'latex': '\\frac{2 x \\left(x^{2} - 2\\right)}{2 x - 1}', 'properties': {'singularities': ['1/2'], 'is_periodic': False, 'domain': 'Union(Interval.open(-oo, 1/2), Interval.open(1/2, oo))'}}",auto_v2
MCM_102_230f0c70,"{'a': 1, 'b': 0, 'c': 2}","{'points': [{'x': -3.0, 'y': 0.25}, {'x': -2.758, 'y': 0.2661}, {'x': -2.517, 'y': 0.2844}, {'x': -2.275, 'y': 0.3053}, {'x': -2.033, 'y': 0.3297}, {'x': -1.792, 'y': 0.3582}, {'x': -1.55, 'y': 0.3922}, {'x': -1.308, 'y': 0.4332}, {'x': -1.067, 'y': 0.4839}, {'x': -0.825, 'y': 0.5479}, {'x': -0.583, 'y': 0.6316}, {'x': -0.342, 'y': 0.7453}, {'x': -0.1, 'y': 0.9091}, {'x': 0.1, 'y': 1.1111}, {'x': 0.364, 'y': 1.5714}, {'x': 0.627, 'y': 2.6829}, {'x': 0.891, 'y': 9.1667}, {'x': 1.155, 'y': -6.4706}, {'x': 1.418, 'y': -2.3913}, {'x': 1.682, 'y': -1.4667}, {'x': 1.945, 'y': -1.0577}, {'x': 2.209, 'y': -0.8271}, {'x': 2.473, 'y': -0.679}, {'x': 2.736, 'y': -0.5759}, {'x': 3.0, 'y': -0.5}]}","{'formula': '-1/(x - 1)', 'latex': '- \\frac{1}{x - 1}', 'properties': {'singularities': ['1'], 'is_periodic': False, 'domain': 'Union(Interval.open(-oo, 1), Interval.open(1, oo))'}}",auto_v2
MCM_102_ed0d3b21,"{'a': 1, 'b': 0, 'c': 2}","{'points': [{'x': -3.0, 'y': 2.75}, {'x': -2.758, 'y': 2.7339}, {'x': -2.517, 'y': 2.7156}, {'x': -2.275, 'y': 2.6947}, {'x': -2.033, 'y': 2.6703}, {'x': -1.792, 'y': 2.6418}, {'x': -1.55, 'y': 2.6078}, {'x': -1.308, 'y': 2.5668}, {'x': -1.067, 'y': 2.5161}, {'x': -0.825, 'y': 2.4521}, {'x': -0.583, 'y': 2.3684}, {'x': -0.342, 'y': 2.2547}, {'x': -0.1, 'y': 2.0909}, {'x': 0.1, 'y': 1.8889}, {'x': 0.364, 'y': 1.4286}, {'x': 0.627, 'y': 0.3171}, {'x': 0.891, 'y': -6.1667}, {'x': 1.155, 'y': 9.4706}, {'x': 1.418, 'y': 5.3913}, {'x': 1.682, 'y': 4.4667}, {'x': 1.945, 'y': 4.0577}, {'x': 2.209, 'y': 3.8271}, {'x': 2.473, 'y': 3.679}, {'x': 2.736, 'y': 3.5759}, {'x': 3.0, 'y': 3.5}]}","{'formula': '(3*x - 2)/(x - 1)', 'latex': '\\frac{3 x - 2}{x - 1}', 'properties': {'singularities': ['1'], 'is_periodic': False, 'domain': 'Union(Interval.open(-oo, 1), Interval.open(1, oo))'}}",auto_v2
MCM_103_499d8685,"{'a': 1, 'b': 0, 'c': 3}","{'points': [{'x': -3.0, 'y': -4.2074}, {'x': -2.758, 'y': -3.9624}, {'x': -2.517, 'y': -3.0832}, {'x': -2.275, 'y': 1.2467}, {'x': -2.033, 'y': 2.043}, {'x': -1.792, 'y': -1.6205}, {'x': -1.55, 'y': 1.0358}, {'x': -1.308, 'y': 1.0865}, {'x': -1.067, 'y': 0.8818}, {'x': -0.825, 'y': 0.775}, {'x': -0.583, 'y': 0.7613}, {'x': -0.342, 'y': 0.8129}, {'x': -0.1, 'y': 0.9093}, {'x': 0.1, 'y': 1.0131}, {'x': 0.364, 'y': 1.174}, {'x': 0.627, 'y': 1.3552}, {'x': 0.891, 'y': 1.5514}, {'x': 1.155, 'y': 1.7587}, {'x': 1.418, 'y': 1.9748}, {'x': 1.682, 'y': 2.1978}, {'x': 1.945, 'y': 2.4262}, {'x': 2.209, 'y': 2.6591}, {'x': 2.473, 'y': 2.8956}, {'x': 2.736, 'y': 3.1352}, {'x': 3.0, 'y': 3.3774}]}","{'formula': '(x**2 + 2*x + 2)*sin(1/(x + 2))', 'latex': '\\left(x^{2} + 2 x + 2\\right) \\sin{\\left(\\frac{1}{x + 2} \\right)}', 'properties': {'singularities': ['-2'], 'is_periodic': False, 'domain': 'Union(Interval.open(-oo, -2), Interval.open(-2, oo))'}}",auto_v2
MCM_103_4bbb964f,"{'a': 1, 'b': 0, 'c': 3}","{'points': [{'x': -3.0, 'y': 3.5}, {'x': -2.758, 'y': 3.2154}, {'x': -2.517, 'y': 2.9035}, {'x': -2.275, 'y': 2.5617}, {'x': -2.033, 'y': 2.1875}, {'x': -1.792, 'y': 1.7805}, {'x': -1.55, 'y': 1.3434}, {'x': -1.308, 'y': 0.8877}, {'x': -1.067, 'y': 0.4447}, {'x': -0.825, 'y': 0.0933}, {'x': -0.583, 'y': 0.0364}, {'x': -0.342, 'y': 0.8418}, {'x': -0.1, 'y': 4.3788}, {'x': 0.1, 'y': 14.6944}, {'x': 0.364, 'y': 110.0952}, {'x': 0.627, 'y': -317.6463}, {'x': 0.891, 'y': -512.0078}, {'x': 1.155, 'y': 295.0989}, {'x': 1.418, 'y': 101.882}, {'x': 1.682, 'y': 61.6026}, {'x': 1.945, 'y': 44.9349}, {'x': 2.209, 'y': 36.0183}, {'x': 2.473, 'y': 30.5313}, {'x': 2.736, 'y': 26.8405}, {'x': 3.0, 'y': 24.2}]}","{'formula': '2*(3*x + 2)**2/((x - 1)*(2*x - 1))', 'latex': '\\frac{2 \\left(3 x + 2\\right)^{2}}{\\left(x - 1\\right) \\left(2 x - 1\\right)}', 'properties': {'singularities': ['1/2', '1'], 'is_periodic': False, 'domain': 'Union(Interval.open(-oo, 1/2), Interval.open(1/2, 1), Interval.open(1, oo))'}}",auto_v2
MCM_103_20797a6e,"{'a': 1, 'b': 0, 'c': 3}","{'points': [{'x': -3.0, 'y': -9.7355}, {'x': -2.758, 'y': -9.7014}, {'x': -2.517, 'y': -9.7064}, {'x': -2.275, 'y': -9.76}, {'x': -2.033, 'y': -9.8732}, {'x': -1.792, 'y': -10.0513}, {'x': -1.55, 'y': -10.2685}, {'x': -1.308, 'y': -10.3414}, {'x': -1.067, 'y': -9.2282}, {'x': -0.825, 'y': -0.5157}, {'x': -0.583, 'y': 3.5809}, {'x': -0.342, 'y': 0.1788}, {'x': -0.1, 'y': 2.6393}, {'x': 0.1, 'y': 3.5934}, {'x': 0.364, 'y': 2.4527}, {'x': 0.627, 'y': 1.4608}, {'x': 0.891, 'y': 0.8101}, {'x': 1.155, 'y': 0.4062}, {'x': 1.418, 'y': 0.1686}, {'x': 1.682, 'y': 0.0448}, {'x': 1.945, 'y': 0.0012}, {'x': 2.209, 'y': 0.0158}, {'x': 2.473, 'y': 0.0738}, {'x': 2.736, 'y': 0.1649}, {'x': 3.0, 'y': 0.2818}]}","{'formula': '(x**2 - 4*x + 4)*sin(2/(2*x + 1))', 'latex': '\\left(x^{2} - 4 x + 4\\right) \\sin{\\left(\\frac{2}{2 x + 1} \\right)}', 'properties': {'singularities': ['-1/2'], 'is_periodic': False, 'domain': 'Union(Interval.open(-oo, -1/2), Interval.open(-1/2, oo))'}}",auto_v2
MCM_103_9003160a,"{'a': 1, 'b': 0, 'c': 3}","{'points': [{'x': -4.0, 'y': 11.3915}, {'x': -3.667, 'y': 10.2155}, {'x': -3.333, 'y': 9.0615}, {'x': -3.0, 'y': 7.9343}, {'x': -2.667, 'y': 6.8406}, {'x': -2.333, 'y': 5.7889}, {'x': -2.0, 'y': 4.7913}, {'x': -1.667, 'y': 3.8648}, {'x': -1.333, 'y': 3.0341}, {'x': -1.0, 'y': 2.3365}, {'x': -0.667, 'y': 1.8308}, {'x': -0.333, 'y': 1.6141}, {'x': 0.0, 'y': 1.8551}, {'x': 0.333, 'y': 2.8559}, {'x': 0.667, 'y': 5.0744}, {'x': 1.0, 'y': 7.2744}, {'x': 1.333, 'y': -3.1978}, {'x': 1.667, 'y': 4.4086}, {'x': 2.0, 'y': -19.0952}, {'x': 2.333, 'y': -25.2686}, {'x': 2.667, 'y': -25.7872}, {'x': 3.0, 'y': -25.9715}, {'x': 3.333, 'y': -26.3439}, {'x': 3.667, 'y': -26.9175}, {'x': 4.0, 'y': -27.6487}]}","{'formula': '(-4*x**2 - x - 3)*sin(2/(2*x - 3))', 'latex': '\\left(- 4 x^{2} - x - 3\\right) \\sin{\\left(\\frac{2}{2 x - 3} \\right)}', 'properties': {'singularities': ['3/2'], 'is_periodic': False, 'domain': 'Union(Interval.open(-oo, 3/2), Interval.open(3/2, oo))'}}",auto_v2
MCM_103_0aa89e47,"{'a': 1, 'b': 0, 'c': 3}","{'points': [{'x': -3.0, 'y': -16.8}, {'x': -2.758, 'y': -16.3974}, {'x': -2.517, 'y': -17.2406}, {'x': -2.275, 'y': -22.4824}, {'x': -2.033, 'y': -126.4488}, {'x': -1.792, 'y': 14.1519}, {'x': -1.55, 'y': 5.1361}, {'x': -1.308, 'y': 3.197}, {'x': -1.067, 'y': 2.7075}, {'x': -0.825, 'y': 2.6341}, {'x': -0.583, 'y': 2.6058}, {'x': -0.342, 'y': 2.4118}, {'x': -0.1, 'y': 1.8719}, {'x': 0.1, 'y': 1.0153}, {'x': 0.364, 'y': -0.9794}, {'x': 0.627, 'y': -4.5274}, {'x': 0.891, 'y': -10.7785}, {'x': 1.155, 'y': -22.2981}, {'x': 1.418, 'y': -46.2849}, {'x': 1.682, 'y': -113.7772}, {'x': 1.945, 'y': -855.8104}, {'x': 2.209, 'y': 279.18}, {'x': 2.473, 'y': 150.8027}, {'x': 2.736, 'y': 116.015}, {'x': 3.0, 'y': 100.8}]}","{'formula': '(9*x**3 + 24*x**2 + 17*x - 6)/(x**2 - 4)', 'latex': '\\frac{9 x^{3} + 24 x^{2} + 17 x - 6}{x^{2} - 4}', 'properties': {'singularities': ['-2', '2'], 'is_periodic': False, 'domain': 'Union(Interval.open(-oo, -2), Interval.open(-2, 2), Interval.open(2, oo))'}}",auto_v2
MCM_103_db40fca5,"{'a': 1, 'b': 0, 'c': 3}","{'points': [{'x': -3.0, 'y': -1.2367}, {'x': -2.758, 'y': -1.8292}, {'x': -2.517, 'y': -2.6395}, {'x': -2.275, 'y': -3.6821}, {'x': -2.033, 'y': -4.3507}, {'x': -1.792, 'y': 1.5207}, {'x': -1.55, 'y': -5.7453}, {'x': -1.308, 'y': -6.4377}, {'x': -1.067, 'y': 6.3768}, {'x': -0.825, 'y': 10.0935}, {'x': -0.583, 'y': 10.6874}, {'x': -0.342, 'y': 11.0695}, {'x': -0.1, 'y': 11.845}, {'x': 0.1, 'y': 13.0607}, {'x': 0.364, 'y': 16.2523}, {'x': 0.627, 'y': 24.5894}, {'x': 0.891, 'y': 74.825}, {'x': 1.155, 'y': -47.1814}, {'x': 1.418, 'y': -15.5936}, {'x': 1.682, 'y': -8.5481}, {'x': 1.945, 'y': -5.4971}, {'x': 2.209, 'y': -3.8174}, {'x': 2.473, 'y': -2.7665}, {'x': 2.736, 'y': -2.0538}, {'x': 3.0, 'y': -1.5428}]}","{'formula': '(x - 5)*(x + 4)*sin(2/(2*x + 3))/(x - 1)', 'latex': '\\frac{\\left(x - 5\\right) \\left(x + 4\\right) \\sin{\\left(\\frac{2}{2 x + 3} \\right)}}{x - 1}', 'properties': {'singularities': ['-3/2', '1'], 'is_periodic': False, 'domain': 'Union(Interval.open(-oo, -3/2), Interval.open(-3/2, 1), Interval.open(1, oo))'}}",auto_v2
MCM_103_50b29566,"{'a': 1, 'b': 0, 'c': 3}","{'points': [{'x': -3.0, 'y': 0.7702}, {'x': -2.758, 'y': 0.7562}, {'x': -2.517, 'y': 0.7402}, {'x': -2.275, 'y': 0.722}, {'x': -2.033, 'y': 0.7007}, {'x': -1.792, 'y': 0.6758}, {'x': -1.55, 'y': 0.6461}, {'x': -1.308, 'y': 0.6099}, {'x': -1.067, 'y': 0.5649}, {'x': -0.825, 'y': 0.507}, {'x': -0.583, 'y': 0.4296}, {'x': -0.342, 'y': 0.3207}, {'x': -0.1, 'y': 0.1561}, {'x': 0.1, 'y': -0.0587}, {'x': 0.364, 'y': -0.5744}, {'x': 0.627, 'y': -1.5624}, {'x': 0.891, 'y': -1.7512}, {'x': 1.155, 'y': 0.0568}, {'x': 1.418, 'y': -1.7206}, {'x': 1.682, 'y': 0.1052}, {'x': 1.945, 'y': 0.9845}, {'x': 2.209, 'y': -0.3205}, {'x': 2.473, 'y': 1.6335}, {'x': 2.736, 'y': 1.8161}, {'x': 3.0, 'y': 1.7191}]}","{'formula': 'sin(1/(x - 2)) + cos(1/(x - 1))', 'latex': '\\sin{\\left(\\frac{1}{x - 2} \\right)} + \\cos{\\left(\\frac{1}{x - 1} \\right)}', 'properties': {'singularities': ['1', '2'], 'is_periodic': False, 'domain': 'Union(Interval.open(-oo, 1), Interval.open(1, 2), Interval.open(2, oo))'}}",auto_v2
MCM_103_1fbb731d,"{'a': 1, 'b': 0, 'c': 3}","{'points': [{'x': -3.0, 'y': 1.4726}, {'x': -2.758, 'y': 2.0076}, {'x': -2.517, 'y': 2.187}, {'x': -2.275, 'y': -1.2067}, {'x': -2.033, 'y': -2.6264}, {'x': -1.792, 'y': 2.6595}, {'x': -1.55, 'y': -2.0247}, {'x': -1.308, 'y': -2.2272}, {'x': -1.067, 'y': -1.4952}, {'x': -0.825, 'y': -0.6214}, {'x': -0.583, 'y': 0.35}, {'x': -0.342, 'y': 1.5077}, {'x': -0.1, 'y': 3.0278}, {'x': 0.1, 'y': 4.803}, {'x': 0.364, 'y': 8.7019}, {'x': 0.627, 'y': 17.903}, {'x': 0.891, 'y': 71.0299}, {'x': 1.155, 'y': -56.8043}, {'x': 1.418, 'y': -23.3709}, {'x': 1.682, 'y': -15.7512}, {'x': 1.945, 'y': -12.3567}, {'x': 2.209, 'y': -10.427}, {'x': 2.473, 'y': -9.1777}, {'x': 2.736, 'y': -8.3003}, {'x': 3.0, 'y': -7.6488}]}","{'formula': '(-x - 4)*(3*x + 2)*sin(1/(x + 2))/(x - 1)', 'latex': '\\frac{\\left(- x - 4\\right) \\left(3 x + 2\\right) \\sin{\\left(\\frac{1}{x + 2} \\right)}}{x - 1}', 'properties': {'singularities': ['-2', '1'], 'is_periodic': False, 'domain': 'Union(Interval.open(-oo, -2), Interval.open(-2, 1), Interval.open(1, oo))'}}",auto_v2
MCM_110_d957155b,"{'a': 1, 'b': 1, 'c': 0}","{'points': [{'x': -1.5, 'y': 0.0111}, {'x': -1.375, 'y': 0.0228}, {'x': -1.25, 'y': 0.0439}, {'x': -1.125, 'y': 0.0796}, {'x': -1.0, 'y': 0.1353}, {'x': -0.875, 'y': 0.2163}, {'x': -0.75, 'y': 0.3247}, {'x': -0.625, 'y': 0.4578}, {'x': -0.5, 'y': 0.6065}, {'x': -0.375, 'y': 0.7548}, {'x': -0.25, 'y': 0.8825}, {'x': -0.125, 'y': 0.9692}, {'x': 0.0, 'y': 1.0}, {'x': 0.125, 'y': 0.9692}, {'x': 0.25, 'y': 0.8825}, {'x': 0.375, 'y': 0.7548}, {'x': 0.5, 'y': 0.6065}, {'x': 0.625, 'y': 0.4578}, {'x': 0.75, 'y': 0.3247}, {'x': 0.875, 'y': 0.2163}, {'x': 1.0, 'y': 0.1353}, {'x': 1.125, 'y': 0.0796}, {'x': 1.25, 'y': 0.0439}, {'x': 1.375, 'y': 0.0228}, {'x': 1.5, 'y': 0.0111}]}","{'formula': 'exp(-2*x**2)', 'latex': 'e^{- 2 x^{2}}', 'properties': {'singularities': [], 'is_periodic': False, 'domain': 'Reals'}}",auto_v2
MCM_110_faccea14,"{'a': 1, 'b': 1, 'c': 0}","{'points': [{'x': -3.0, 'y': 9.5916}, {'x': -2.75, 'y': 9.0314}, {'x': -2.5, 'y': 8.4409}, {'x': -2.25, 'y': 7.8192}, {'x': -2.0, 'y': 7.167}, {'x': -1.75, 'y': 6.4874}, {'x': -1.5, 'y': 5.7877}, {'x': -1.25, 'y': 5.0819}, {'x': -1.0, 'y': 4.3944}, {'x': -0.75, 'y': 3.7639}, {'x': -0.5, 'y': 3.2437}, {'x': -0.25, 'y': 2.8957}, {'x': 0.0, 'y': 2.7726}, {'x': 0.25, 'y': 2.8957}, {'x': 0.5, 'y': 3.2437}, {'x': 0.75, 'y': 3.7639}, {'x': 1.0, 'y': 4.3944}, {'x': 1.25, 'y': 5.0819}, {'x': 1.5, 'y': 5.7877}, {'x': 1.75, 'y': 6.4874}, {'x': 2.0, 'y': 7.167}, {'x': 2.25, 'y': 7.8192}, {'x': 2.5, 'y': 8.4409}, {'x': 2.75, 'y': 9.0314}, {'x': 3.0, 'y': 9.5916}]}","{'formula': '4*log(x**2 + 2)', 'latex': '4 \\log{\\left(x^{2} + 2 \\right)}', 'properties': {'singularities': [], 'is_periodic': False, 'domain': 'Reals'}}",auto_v2
MCM_110_2104703a,"{'a': 1, 'b': 1, 'c': 0}","{'points': [{'x': -1.5, 'y': 90.0171}, {'x': -1.375, 'y': 61.8678}, {'x': -1.25, 'y': 42.5211}, {'x': -1.125, 'y': 29.2243}, {'x': -1.0, 'y': 20.0855}, {'x': -0.875, 'y': 13.8046}, {'x': -0.75, 'y': 9.4877}, {'x': -0.625, 'y': 6.5208}, {'x': -0.5, 'y': 4.4817}, {'x': -0.375, 'y': 3.0802}, {'x': -0.25, 'y': 2.117}, {'x': -0.125, 'y': 1.455}, {'x': 0.0, 'y': 1.0}, {'x': 0.125, 'y': 0.6873}, {'x': 0.25, 'y': 0.4724}, {'x': 0.375, 'y': 0.3247}, {'x': 0.5, 'y': 0.2231}, {'x': 0.625, 'y': 0.1534}, {'x': 0.75, 'y': 0.1054}, {'x': 0.875, 'y': 0.0724}, {'x': 1.0, 'y': 0.0498}, {'x': 1.125, 'y': 0.0342}, {'x': 1.25, 'y': 0.0235}, {'x': 1.375, 'y': 0.0162}, {'x': 1.5, 'y': 0.0111}]}","{'formula': 'exp(-3*x)', 'latex': 'e^{- 3 x}', 'properties': {'singularities': [], 'is_periodic': False, 'domain': 'Reals'}}",auto_v2
MCM_110_a58e019c,"{'a': 1, 'b': 1, 'c': 0}","{'points': [{'x': -3.0, 'y': 12.4245}, {'x': -2.75, 'y': 11.7865}, {'x': -2.5, 'y': 11.1231}, {'x': -2.25, 'y': 10.4361}, {'x': -2.0, 'y': 9.7296}, {'x': -1.75, 'y': 9.0106}, {'x': -1.5, 'y': 8.2911}, {'x': -1.25, 'y': 7.5894}, {'x': -1.0, 'y': 6.9315}, {'x': -0.75, 'y': 6.3523}, {'x': -0.5, 'y': 5.8933}, {'x': -0.25, 'y': 5.5962}, {'x': 0.0, 'y': 5.4931}, {'x': 0.25, 'y': 5.5962}, {'x': 0.5, 'y': 5.8933}, {'x': 0.75, 'y': 6.3523}, {'x': 1.0, 'y': 6.9315}, {'x': 1.25, 'y': 7.5894}, {'x': 1.5, 'y': 8.2911}, {'x': 1.75, 'y': 9.0106}, {'x': 2.0, 'y': 9.7296}, {'x': 2.25, 'y': 10.4361}, {'x': 2.5, 'y': 11.1231}, {'x': 2.75, 'y': 11.7865}, {'x': 3.0, 'y': 12.4245}]}","{'formula': '5*log(x**2 + 3)', 'latex': '5 \\log{\\left(x^{2} + 3 \\right)}', 'properties': {'singularities': [], 'is_periodic': False, 'domain': 'Reals'}}",auto_v2
MCM_110_9fcd0565,"{'a': 1, 'b': 1, 'c': 0}","{'points': [{'x': -3.0, 'y': -2.2513}, {'x': -2.758, 'y': -2.0929}, {'x': -2.517, 'y': -1.9219}, {'x': -2.275, 'y': -1.7362}, {'x': -2.033, 'y': -1.5335}, {'x': -1.792, 'y': -1.3111}, {'x': -1.55, 'y': -1.0656}, {'x': -1.308, 'y': -0.7938}, {'x': -1.067, 'y': -0.4933}, {'x': -0.825, 'y': -0.166}, {'x': -0.583, 'y': 0.174}, {'x': -0.342, 'y': 0.4833}, {'x': -0.1, 'y': 0.6733}, {'x': 0.1, 'y': 0.6733}, {'x': 0.364, 'y': 0.4585}, {'x': 0.627, 'y': 0.1126}, {'x': 0.891, 'y': -0.2575}, {'x': 1.155, 'y': -0.6059}, {'x': 1.418, 'y': -0.9208}, {'x': 1.682, 'y': -1.2025}, {'x': 1.945, 'y': -1.4551}, {'x': 2.209, 'y': -1.6827}, {'x': 2.473, 'y': -1.8892}, {'x': 2.736, 'y': -2.0779}, {'x': 3.0, 'y': -2.2513}]}","{'formula': '-log(x**2 + 1/2)', 'latex': '- \\log{\\left(x^{2} + \\frac{1}{2} \\right)}', 'properties': {'singularities': [], 'is_periodic': False, 'domain': 'Reals'}}",auto_v2
MCM_110_4d28e2f3,"{'a': 1, 'b': 1, 'c': 0}","{'points': [{'x': -1.5, 'y': 0.3247}, {'x': -1.375, 'y': 0.3886}, {'x': -1.25, 'y': 0.4578}, {'x': -1.125, 'y': 0.5311}, {'x': -1.0, 'y': 0.6065}, {'x': -0.875, 'y': 0.6819}, {'x': -0.75, 'y': 0.7548}, {'x': -0.625, 'y': 0.8226}, {'x': -0.5, 'y': 0.8825}, {'x': -0.375, 'y': 0.9321}, {'x': -0.25, 'y': 0.9692}, {'x': -0.125, 'y': 0.9922}, {'x': 0.0, 'y': 1.0}, {'x': 0.125, 'y': 0.9922}, {'x': 0.25, 'y': 0.9692}, {'x': 0.375, 'y': 0.9321}, {'x': 0.5, 'y': 0.8825}, {'x': 0.625, 'y': 0.8226}, {'x': 0.75, 'y': 0.7548}, {'x': 0.875, 'y': 0.6819}, {'x': 1.0, 'y': 0.6065}, {'x': 1.125, 'y': 0.5311}, {'x': 1.25, 'y': 0.4578}, {'x': 1.375, 'y': 0.3886}, {'x': 1.5, 'y': 0.3247}]}","{'formula': 'exp(-x**2/2)', 'latex': 'e^{- \\frac{x^{2}}{2}}', 'properties': {'singularities': [], 'is_periodic': False, 'domain': 'Reals'}}",auto_v2
MCM_110_4dc595eb,"{'a': 1, 'b': 1, 'c': 0}","{'points': [{'x': -3.0, 'y': 11.9895}, {'x': -2.75, 'y': 11.2892}, {'x': -2.5, 'y': 10.5511}, {'x': -2.25, 'y': 9.774}, {'x': -2.0, 'y': 8.9588}, {'x': -1.75, 'y': 8.1093}, {'x': -1.5, 'y': 7.2346}, {'x': -1.25, 'y': 6.3523}, {'x': -1.0, 'y': 5.4931}, {'x': -0.75, 'y': 4.7049}, {'x': -0.5, 'y': 4.0547}, {'x': -0.25, 'y': 3.6196}, {'x': 0.0, 'y': 3.4657}, {'x': 0.25, 'y': 3.6196}, {'x': 0.5, 'y': 4.0547}, {'x': 0.75, 'y': 4.7049}, {'x': 1.0, 'y': 5.4931}, {'x': 1.25, 'y': 6.3523}, {'x': 1.5, 'y': 7.2346}, {'x': 1.75, 'y': 8.1093}, {'x': 2.0, 'y': 8.9588}, {'x': 2.25, 'y': 9.774}, {'x': 2.5, 'y': 10.5511}, {'x': 2.75, 'y': 11.2892}, {'x': 3.0, 'y': 11.9895}]}","{'formula': '5*log(x**2 + 2)', 'latex': '5 \\log{\\left(x^{2} + 2 \\right)}', 'properties': {'singularities': [], 'is_periodic': False, 'domain': 'Reals'}}",auto_v2
MCM_110_747886fd,"{'a': 1, 'b': 1, 'c': 0}","{'points': [{'x': -3.0, 'y': -6.7539}, {'x': -2.758, 'y': -6.2787}, {'x': -2.517, 'y': -5.7656}, {'x': -2.275, 'y': -5.2085}, {'x': -2.033, 'y': -4.6005}, {'x': -1.792, 'y': -3.9332}, {'x': -1.55, 'y': -3.1967}, {'x': -1.308, 'y': -2.3813}, {'x': -1.067, 'y': -1.48}, {'x': -0.825, 'y': -0.4981}, {'x': -0.583, 'y': 0.5221}, {'x': -0.342, 'y': 1.4499}, {'x': -0.1, 'y': 2.02}, {'x': 0.1, 'y': 2.02}, {'x': 0.364, 'y': 1.3755}, {'x': 0.627, 'y': 0.3379}, {'x': 0.891, 'y': -0.7726}, {'x': 1.155, 'y': -1.8178}, {'x': 1.418, 'y': -2.7623}, {'x': 1.682, 'y': -3.6076}, {'x': 1.945, 'y': -4.3652}, {'x': 2.209, 'y': -5.0481}, {'x': 2.473, 'y': -5.6677}, {'x': 2.736, 'y': -6.2337}, {'x': 3.0, 'y': -6.7539}]}","{'formula': '-3*log(x**2 + 1/2)', 'latex': '- 3 \\log{\\left(x^{2} + \\frac{1}{2} \\right)}', 'properties': {'singularities': [], 'is_periodic': False, 'domain': 'Reals'}}",auto_v2
MCM_111_e6e4a96b,"{'a': 1, 'b': 1, 'c': 1}","{'points': [{'x': -4.0, 'y': 0.4186}, {'x': -3.667, 'y': -0.9621}, {'x': -3.333, 'y': -0.8629}, {'x': -3.0, 'y': 0.7207}, {'x': -2.667, 'y': 0.9886}, {'x': -2.333, 'y': -0.1365}, {'x': -2.0, 'y': -0.9962}, {'x': -1.667, 'y': -0.5322}, {'x': -1.333, 'y': 0.9391}, {'x': -1.0, 'y': 0.9066}, {'x': -0.667, 'y': -0.6334}, {'x': -0.333, 'y': -0.9936}, {'x': 0.0, 'y': 0.0}, {'x': 0.333, 'y': 0.9936}, {'x': 0.667, 'y': 0.6334}, {'x': 1.0, 'y': -0.9066}, {'x': 1.333, 'y': -0.9391}, {'x': 1.667, 'y': 0.5322}, {'x': 2.0, 'y': 0.9962}, {'x': 2.333, 'y': 0.1365}, {'x': 2.667, 'y': -0.9886}, {'x': 3.0, 'y': -0.7207}, {'x': 3.333, 'y': 0.8629}, {'x': 3.667, 'y': 0.9621}, {'x': 4.0, 'y': -0.4186}]}","{'formula': 'sin(3*sin(4*x)/2)', 'latex': '\\sin{\\left(\\frac{3 \\sin{\\left(4 x \\right)}}{2} \\right)}', 'properties': {'singularities': [], 'is_periodic': True, 'domain': 'Reals', 'period_value': 'pi/2'}}",auto_v2
MCM_111_17820a35,"{'a': 1, 'b': 1, 'c': 1}","{'points': [{'x': -4.0, 'y': 0.9056}, {'x': -3.667, 'y': 0.3355}, {'x': -3.333, 'y': -0.9698}, {'x': -3.0, 'y': -0.1499}, {'x': -2.667, 'y': 0.9985}, {'x': -2.333, 'y': -0.0413}, {'x': -2.0, 'y': -0.9906}, {'x': -1.667, 'y': 0.2309}, {'x': -1.333, 'y': 0.9464}, {'x': -1.0, 'y': -0.4121}, {'x': -0.667, 'y': -0.8675}, {'x': -0.333, 'y': 0.5782}, {'x': 0.0, 'y': 0.7568}, {'x': 0.333, 'y': -0.7231}, {'x': 0.667, 'y': -0.6184}, {'x': 1.0, 'y': 0.8415}, {'x': 1.333, 'y': 0.4573}, {'x': 1.667, 'y': -0.929}, {'x': 2.0, 'y': -0.2794}, {'x': 2.333, 'y': 0.9825}, {'x': 2.667, 'y': 0.0913}, {'x': 3.0, 'y': -1.0}, {'x': 3.333, 'y': 0.1001}, {'x': 3.667, 'y': 0.9808}, {'x': 4.0, 'y': -0.2879}]}","{'formula': 'sin(5*x - 4)', 'latex': '\\sin{\\left(5 x - 4 \\right)}', 'properties': {'singularities': [], 'is_periodic': True, 'domain': 'Reals', 'period_value': '2*pi/5'}}",auto_v2
MCM_111_0f991aed,"{'a': 1, 'b': 1, 'c': 1}","{'points': [{'x': -4.0, 'y': -0.2049}, {'x': -3.667, 'y': -2.2312}, {'x': -3.333, 'y': -0.3633}, {'x': -3.0, 'y': -0.79}, {'x': -2.667, 'y': -1.5531}, {'x': -2.333, 'y': 0.7742}, {'x': -2.0, 'y': -0.5935}, {'x': -1.667, 'y': 0.1717}, {'x': -1.333, 'y': 1.6714}, {'x': -1.0, 'y': -0.1214}, {'x': -0.667, 'y': 1.6403}, {'x': -0.333, 'y': 1.4378}, {'x': 0.0, 'y': 0.0}, {'x': 0.333, 'y': 1.8337}, {'x': 0.667, 'y': 0.0229}, {'x': 1.0, 'y': -0.3058}, {'x': 1.333, 'y': 0.7907}, {'x': 1.667, 'y': -1.6068}, {'x': 2.0, 'y': -0.5122}, {'x': 2.333, 'y': -0.5343}, {'x': 2.667, 'y': -2.1922}, {'x': 3.0, 'y': -0.0945}, {'x': 3.333, 'y': -1.1468}, {'x': 3.667, 'y': -1.221}, {'x': 4.0, 'y': 0.8228}]}","{'formula': '(2*sin(4*x) + cos(4*x))*sin(3*x)', 'latex': '\\left(2 \\sin{\\left(4 x \\right)} + \\cos{\\left(4 x \\right)}\\right) \\sin{\\left(3 x \\right)}', 'properties': {'singularities': [], 'is_periodic': True, 'domain': 'Reals', 'period_value': '2*pi'}}",auto_v2
MCM_112_7ba16ef2,"{'a': 1, 'b': 1, 'c': 2}","{'points': [{'x': -3.0, 'y': -4.0025}, {'x': -2.758, 'y': -4.0053}, {'x': -2.517, 'y': -4.0126}, {'x': -2.275, 'y': -4.0384}, {'x': -2.033, 'y': -4.514}, {'x': -1.792, 'y': -3.8666}, {'x': -1.55, 'y': -3.8999}, {'x': -1.308, 'y': -3.8944}, {'x': -1.067, 'y': -3.8731}, {'x': -0.825, 'y': -3.8366}, {'x': -0.583, 'y': -3.7802}, {'x': -0.342, 'y': -3.6955}, {'x': -0.1, 'y': -3.5691}, {'x': 0.1, 'y': -3.4184}, {'x': 0.364, 'y': -3.1245}, {'x': 0.627, 'y': -2.6654}, {'x': 0.891, 'y': -1.9451}, {'x': 1.155, 'y': -0.8093}, {'x': 1.418, 'y': 0.9891}, {'x': 1.682, 'y': 3.8478}, {'x': 1.945, 'y': 8.408}, {'x': 2.209, 'y': 15.7062}, {'x': 2.473, 'y': 27.4204}, {'x': 2.736, 'y': 46.2725}, {'x': 3.0, 'y': 76.6858}]}","{'formula': '(-4*x + exp(2*x) - 8)/(x + 2)', 'latex': '\\frac{- 4 x + e^{2 x} - 8}{x + 2}', 'properties': {'singularities': ['-2'], 'is_periodic': False, 'domain': 'Union(Interval.open(-oo, -2), Interval.open(-2, oo))'}}",auto_v2
MCM_112_cfa362b9,"{'a': 1, 'b': 1, 'c': 2}","{'points': [{'x': -3.0, 'y': -3.3132}, {'x': -2.758, 'y': -3.7536}, {'x': -2.517, 'y': -4.394}, {'x': -2.275, 'y': -5.4223}, {'x': -2.033, 'y': -7.3685}, {'x': -1.792, 'y': -12.5223}, {'x': -1.55, 'y': -67.4745}, {'x': -1.308, 'y': 16.1745}, {'x': -1.067, 'y': 6.5546}, {'x': -0.825, 'y': 3.861}, {'x': -0.583, 'y': 2.6314}, {'x': -0.342, 'y': 1.9628}, {'x': -0.1, 'y': 1.5742}, {'x': 0.1, 'y': 1.3774}, {'x': 0.364, 'y': 1.2253}, {'x': 0.627, 'y': 1.1488}, {'x': 0.891, 'y': 1.1153}, {'x': 1.155, 'y': 1.1047}, {'x': 1.418, 'y': 1.1046}, {'x': 1.682, 'y': 1.108}, {'x': 1.945, 'y': 1.1114}, {'x': 2.209, 'y': 1.1131}, {'x': 2.473, 'y': 1.1125}, {'x': 2.736, 'y': 1.1095}, {'x': 3.0, 'y': 1.1044}]}","{'formula': '4*log(x**2 + 3)/(2*x + 3)', 'latex': '\\frac{4 \\log{\\left(x^{2} + 3 \\right)}}{2 x + 3}', 'properties': {'singularities': ['-3/2'], 'is_periodic': False, 'domain': 'Union(Interval.open(-oo, -3/2), Interval.open(-3/2, oo))'}}",auto_v2
MCM_112_d3eec798,"{'a': 1, 'b': 1, 'c': 2}","{'points': [{'x': -3.0, 'y': -1.0025}, {'x': -2.758, 'y': -1.0053}, {'x': -2.517, 'y': -1.0126}, {'x': -2.275, 'y': -1.0384}, {'x': -2.033, 'y': -1.514}, {'x': -1.792, 'y': -0.8666}, {'x': -1.55, 'y': -0.8999}, {'x': -1.308, 'y': -0.8944}, {'x': -1.067, 'y': -0.8731}, {'x': -0.825, 'y': -0.8366}, {'x': -0.583, 'y': -0.7802}, {'x': -0.342, 'y': -0.6955}, {'x': -0.1, 'y': -0.5691}, {'x': 0.1, 'y': -0.4184}, {'x': 0.364, 'y': -0.1245}, {'x': 0.627, 'y': 0.3346}, {'x': 0.891, 'y': 1.0549}, {'x': 1.155, 'y': 2.1907}, {'x': 1.418, 'y': 3.9891}, {'x': 1.682, 'y': 6.8478}, {'x': 1.945, 'y': 11.408}, {'x': 2.209, 'y': 18.7062}, {'x': 2.473, 'y': 30.4204}, {'x': 2.736, 'y': 49.2725}, {'x': 3.0, 'y': 79.6858}]}","{'formula': '(-x + exp(2*x) - 2)/(x + 2)', 'latex': '\\frac{- x + e^{2 x} - 2}{x + 2}', 'properties': {'singularities': ['-2'], 'is_periodic': False, 'domain': 'Union(Interval.open(-oo, -2), Interval.open(-2, oo))'}}",auto_v2
MCM_112_cd7381db,"{'a': 1, 'b': 1, 'c': 2}","{'points': [{'x': -3.0, 'y': 2.3026}, {'x': -2.758, 'y': 2.4486}, {'x': -2.517, 'y': 2.6274}, {'x': -2.275, 'y': 2.8559}, {'x': -2.033, 'y': 3.1664}, {'x': -1.792, 'y': 3.6315}, {'x': -1.55, 'y': 4.4528}, {'x': -1.308, 'y': 6.4708}, {'x': -1.067, 'y': 22.793}, {'x': -0.825, 'y': -5.9333}, {'x': -0.583, 'y': -1.4058}, {'x': -0.342, 'y': -0.3354}, {'x': -0.1, 'y': -0.0221}, {'x': 0.1, 'y': -0.0181}, {'x': 0.364, 'y': -0.1821}, {'x': 0.627, 'y': -0.4078}, {'x': 0.891, 'y': -0.618}, {'x': 1.155, 'y': -0.7864}, {'x': 1.418, 'y': -0.9117}, {'x': 1.682, 'y': -1.0012}, {'x': 1.945, 'y': -1.063}, {'x': 2.209, 'y': -1.1041}, {'x': 2.473, 'y': -1.13}, {'x': 2.736, 'y': -1.1448}, {'x': 3.0, 'y': -1.1513}]}","{'formula': '-2*log(x**2 + 1)/(x + 1)', 'latex': '- \\frac{2 \\log{\\left(x^{2} + 1 \\right)}}{x + 1}', 'properties': {'singularities': ['-1'], 'is_periodic': False, 'domain': 'Union(Interval.open(-oo, -1), Interval.open(-1, oo))'}}",auto_v2
MCM_112_2d4ef87e,"{'a': 1, 'b': 1, 'c': 2}","{'points': [{'x': -3.0, 'y': -4.0594}, {'x': -2.758, 'y': -4.0714}, {'x': -2.517, 'y': -4.0885}, {'x': -2.275, 'y': -4.1118}, {'x': -2.033, 'y': -4.1427}, {'x': -1.792, 'y': -4.1826}, {'x': -1.55, 'y': -4.2329}, {'x': -1.308, 'y': -4.2946}, {'x': -1.067, 'y': -4.3674}, {'x': -0.825, 'y': -4.4481}, {'x': -0.583, 'y': -4.5278}, {'x': -0.342, 'y': -4.5897}, {'x': -0.1, 'y': -4.6075}, {'x': 0.1, 'y': -4.5662}, {'x': 0.364, 'y': -4.4012}, {'x': 0.627, 'y': -4.0699}, {'x': 0.891, 'y': -3.503}, {'x': 1.155, 'y': -2.5366}, {'x': 1.418, 'y': -0.6826}, {'x': 1.682, 'y': 4.21}, {'x': 1.945, 'y': 56.0439}, {'x': 2.209, 'y': -22.7261}, {'x': 2.473, 'y': -13.5886}, {'x': 2.736, 'y': -10.9641}, {'x': 3.0, 'y': -9.7028}]}","{'formula': '(-5*x - 2*log(x**2 + 3/2) + 10)/(x - 2)', 'latex': '\\frac{- 5 x - 2 \\log{\\left(x^{2} + \\frac{3}{2} \\right)} + 10}{x - 2}', 'properties': {'singularities': ['2'], 'is_periodic': False, 'domain': 'Union(Interval.open(-oo, 2), Interval.open(2, oo))'}}",auto_v2
MCM_112_7da331a2,"{'a': 1, 'b': 1, 'c': 2}","{'points': [{'x': -4.0, 'y': -0.1533}, {'x': -3.667, 'y': -0.2979}, {'x': -3.333, 'y': -0.334}, {'x': -3.0, 'y': -0.2176}, {'x': -2.667, 'y': 0.0421}, {'x': -2.333, 'y': 0.375}, {'x': -2.0, 'y': 0.6596}, {'x': -1.667, 'y': 0.7436}, {'x': -1.333, 'y': 0.449}, {'x': -1.0, 'y': -0.5588}, {'x': -0.667, 'y': -4.88}, {'x': -0.333, 'y': 5.9937}, {'x': 0.0, 'y': 1.5136}, {'x': 0.333, 'y': 0.2287}, {'x': 0.667, 'y': -0.3919}, {'x': 1.0, 'y': -0.6062}, {'x': 1.333, 'y': -0.5301}, {'x': 1.667, 'y': -0.2854}, {'x': 2.0, 'y': 0.0}, {'x': 2.333, 'y': 0.2182}, {'x': 2.667, 'y': 0.3069}, {'x': 3.0, 'y': 0.2598}, {'x': 3.333, 'y': 0.1193}, {'x': 3.667, 'y': -0.0457}, {'x': 4.0, 'y': -0.1682}]}","{'formula': '2*sin(2*x - 4)/(2*x + 1)', 'latex': '\\frac{2 \\sin{\\left(2 x - 4 \\right)}}{2 x + 1}', 'properties': {'singularities': ['-1/2'], 'is_periodic': False, 'domain': 'Union(Interval.open(-oo, -1/2), Interval.open(-1/2, oo))'}}",auto_v2
MCM_112_0fa1b155,"{'a': 1, 'b': 1, 'c': 2}","{'points': [{'x': -3.0, 'y': -0.2404}, {'x': -2.758, 'y': -0.2904}, {'x': -2.517, 'y': -0.3302}, {'x': -2.275, 'y': -0.3561}, {'x': -2.033, 'y': -0.3642}, {'x': -1.792, 'y': -0.3506}, {'x': -1.55, 'y': -0.3111}, {'x': -1.308, 'y': -0.2405}, {'x': -1.067, 'y': -0.132}, {'x': -0.825, 'y': 0.0252}, {'x': -0.583, 'y': 0.2507}, {'x': -0.342, 'y': 0.587}, {'x': -0.1, 'y': 1.1463}, {'x': 0.1, 'y': 2.0457}, {'x': 0.364, 'y': 6.8919}, {'x': 0.627, 'y': -7.8287}, {'x': 0.891, 'y': -2.5175}, {'x': 1.155, 'y': -1.3809}, {'x': 1.418, 'y': -0.8289}, {'x': 1.682, 'y': -0.4787}, {'x': 1.945, 'y': -0.2292}, {'x': 2.209, 'y': -0.0433}, {'x': 2.473, 'y': 0.0955}, {'x': 2.736, 'y': 0.1958}, {'x': 3.0, 'y': 0.2628}]}","{'formula': '2*sin(x + 4)/(2*x - 1)', 'latex': '\\frac{2 \\sin{\\left(x + 4 \\right)}}{2 x - 1}', 'properties': {'singularities': ['1/2'], 'is_periodic': False, 'domain': 'Union(Interval.open(-oo, 1/2), Interval.open(1/2, oo))'}}",auto_v2
MCM_113_9c5e6cdc,"{'a': 1, 'b': 1, 'c': 3}","{'points': [{'x': -3.0, 'y': 0.0001}, {'x': -2.758, 'y': 0.0003}, {'x': -2.517, 'y': 0.001}, {'x': -2.275, 'y': 0.0051}, {'x': -2.033, 'y': 0.1262}, {'x': -1.792, 'y': -0.0762}, {'x': -1.55, 'y': -0.425}, {'x': -1.308, 'y': 0.1489}, {'x': -1.067, 'y': 0.1008}, {'x': -0.825, 'y': 0.1061}, {'x': -0.583, 'y': 0.1338}, {'x': -0.342, 'y': 0.1868}, {'x': -0.1, 'y': 0.2785}, {'x': 0.1, 'y': 0.4017}, {'x': 0.364, 'y': 0.6758}, {'x': 0.627, 'y': 1.1747}, {'x': 0.891, 'y': 2.0949}, {'x': 1.155, 'y': 3.8134}, {'x': 1.418, 'y': 7.0602}, {'x': 1.682, 'y': 13.2579}, {'x': 1.945, 'y': 25.1975}, {'x': 2.209, 'y': 48.3874}, {'x': 2.473, 'y': 93.7593}, {'x': 2.736, 'y': 183.1153}, {'x': 3.0, 'y': 360.1371}]}","{'formula': '2*exp(3*x)/((x + 2)*(2*x + 3))', 'latex': '\\frac{2 e^{3 x}}{\\left(x + 2\\right) \\left(2 x + 3\\right)}', 'properties': {'singularities': ['-2', '-3/2'], 'is_periodic': False, 'domain': 'Union(Interval.open(-oo, -2), Interval.open(-2, -3/2), Interval.open(-3/2, oo))'}}",auto_v2
MCM_113_b20f2b4c,"{'a': 1, 'b': 1, 'c': 3}","{'points': [{'x': -3.0, 'y': 0.6789}, {'x': -2.758, 'y': 0.634}, {'x': -2.517, 'y': 0.5708}, {'x': -2.275, 'y': 0.4761}, {'x': -2.033, 'y': 0.3218}, {'x': -1.792, 'y': 0.0421}, {'x': -1.55, 'y': -0.5228}, {'x': -1.308, 'y': -1.2925}, {'x': -1.067, 'y': -1.08}, {'x': -0.825, 'y': 0.4959}, {'x': -0.583, 'y': -1.1149}, {'x': -0.342, 'y': -0.3624}, {'x': -0.1, 'y': -0.0147}, {'x': 0.1, 'y': 0.1121}, {'x': 0.364, 'y': 0.1692}, {'x': 0.627, 'y': 0.1513}, {'x': 0.891, 'y': 0.079}, {'x': 1.155, 'y': -0.0315}, {'x': 1.418, 'y': -0.0734}, {'x': 1.682, 'y': 0.9325}, {'x': 1.945, 'y': 1.4365}, {'x': 2.209, 'y': -0.0457}, {'x': 2.473, 'y': 1.8142}, {'x': 2.736, 'y': 1.9418}, {'x': 3.0, 'y': 1.8104}]}","{'formula': 'sin(1/(x - 2)) + cos(1/(x + 1))', 'latex': '\\sin{\\left(\\frac{1}{x - 2} \\right)} + \\cos{\\left(\\frac{1}{x + 1} \\right)}', 'properties': {'singularities': ['-1', '2'], 'is_periodic': False, 'domain': 'Union(Interval.open(-oo, -1), Interval.open(-1, 2), Interval.open(2, oo))'}}",auto_v2
MCM_120_2c509424,"{'a': 1, 'b': 2, 'c': 0}","{'points': [{'x': -4.0, 'y': -0.8439}, {'x': -3.667, 'y': -0.0044}, {'x': -3.333, 'y': 0.8391}, {'x': -3.0, 'y': 0.9111}, {'x': -2.667, 'y': 0.1455}, {'x': -2.333, 'y': -0.7539}, {'x': -2.0, 'y': -0.9602}, {'x': -1.667, 'y': -0.2837}, {'x': -1.333, 'y': 0.6536}, {'x': -1.0, 'y': 0.99}, {'x': -0.667, 'y': 0.4161}, {'x': -0.333, 'y': -0.5403}, {'x': 0.0, 'y': -1.0}, {'x': 0.333, 'y': -0.5403}, {'x': 0.667, 'y': 0.4161}, {'x': 1.0, 'y': 0.99}, {'x': 1.333, 'y': -0.6536}, {'x': 1.667, 'y': 0.2837}, {'x': 2.0, 'y': 0.9602}, {'x': 2.333, 'y': 0.7539}, {'x': 2.667, 'y': -0.1455}, {'x': 3.0, 'y': -0.9111}, {'x': 3.333, 'y': -0.8391}, {'x': 3.667, 'y': 0.0044}, {'x': 4.0, 'y': 0.8439}]}","{'formula': 'Piecewise((cos(3*x), x > 1), (-cos(3*x), True))', 'latex': '\\begin{cases} \\cos{\\left(3 x \\right)} & \\text{for}\\: x > 1 \\\\- \\cos{\\left(3 x \\right)} & \\text{otherwise} \\end{cases}', 'properties': {'singularities': [], 'is_periodic': False, 'domain': 'analysis_timeout'}}",auto_v2
MCM_120_db966379,"{'a': 1, 'b': 2, 'c': 0}","{'points': [{'x': -3.0, 'y': 3.0}, {'x': -2.75, 'y': 2.75}, {'x': -2.5, 'y': 2.5}, {'x': -2.25, 'y': 2.25}, {'x': -2.0, 'y': 2.0}, {'x': -1.75, 'y': 1.75}, {'x': -1.5, 'y': 1.5}, {'x': -1.25, 'y': 1.25}, {'x': -1.0, 'y': 1.0}, {'x': -0.75, 'y': 0.75}, {'x': -0.5, 'y': 0.5}, {'x': -0.25, 'y': 0.25}, {'x': 0.0, 'y': -0.0}, {'x': 0.25, 'y': 0.0156}, {'x': 0.5, 'y': 0.125}, {'x': 0.75, 'y': 0.4219}, {'x': 1.0, 'y': 1.0}, {'x': 1.25, 'y': 1.9531}, {'x': 1.5, 'y': 3.375}, {'x': 1.75, 'y': 5.3594}, {'x': 2.0, 'y': 8.0}, {'x': 2.25, 'y': 11.3906}, {'x': 2.5, 'y': 15.625}, {'x': 2.75, 'y': 20.7969}, {'x': 3.0, 'y': 27.0}]}","{'formula': 'Piecewise((x**3, x > 0), (-x, True))', 'latex': '\\begin{cases} x^{3} & \\text{for}\\: x > 0 \\\\- x & \\text{otherwise} \\end{cases}', 'properties': {'singularities': [], 'is_periodic': False, 'domain': 'analysis_timeout'}}",auto_v2
MCM_120_d5333282,"{'a': 1, 'b': 2, 'c': 0}","{'points': [{'x': -3.0, 'y': -15.0}, {'x': -2.75, 'y': -13.75}, {'x': -2.5, 'y': -12.5}, {'x': -2.25, 'y': -11.25}, {'x': -2.0, 'y': -10.0}, {'x': -1.75, 'y': -8.75}, {'x': -1.5, 'y': -7.5}, {'x': -1.25, 'y': -6.25}, {'x': -1.0, 'y': -5.0}, {'x': -0.75, 'y': -3.75}, {'x': -0.5, 'y': -2.5}, {'x': -0.25, 'y': -1.25}, {'x': 0.0, 'y': 0.0}, {'x': 0.25, 'y': 0.0156}, {'x': 0.5, 'y': 0.125}, {'x': 0.75, 'y': 0.4219}, {'x': 1.0, 'y': 1.0}, {'x': 1.25, 'y': 1.9531}, {'x': 1.5, 'y': 3.375}, {'x': 1.75, 'y': 5.3594}, {'x': 2.0, 'y': 8.0}, {'x': 2.25, 'y': 11.3906}, {'x': 2.5, 'y': 15.625}, {'x': 2.75, 'y': 20.7969}, {'x': 3.0, 'y': 27.0}]}","{'formula': 'Piecewise((x**3, x > 0), (5*x, True))', 'latex': '\\begin{cases} x^{3} & \\text{for}\\: x > 0 \\\\5 x & \\text{otherwise} \\end{cases}', 'properties': {'singularities': [], 'is_periodic': False, 'domain': 'analysis_timeout'}}",auto_v2
MCM_120_174a0d08,"{'a': 1, 'b': 2, 'c': 0}","{'points': [{'x': -3.0, 'y': 1.0}, {'x': -2.754, 'y': 1.0}, {'x': -2.508, 'y': 1.0}, {'x': -2.263, 'y': 1.0}, {'x': -2.017, 'y': 1.0}, {'x': -1.771, 'y': 1.0}, {'x': -1.525, 'y': 1.0}, {'x': -1.279, 'y': 1.0}, {'x': -1.033, 'y': 1.0}, {'x': -0.787, 'y': 1.0}, {'x': -0.542, 'y': 1.0}, {'x': -0.296, 'y': 1.0}, {'x': -0.05, 'y': 1.0}, {'x': 0.05, 'y': 1.0}, {'x': 0.318, 'y': 1.0}, {'x': 0.586, 'y': 1.0}, {'x': 0.855, 'y': 1.0}, {'x': 1.123, 'y': 1.0}, {'x': 1.391, 'y': 1.0}, {'x': 1.659, 'y': 1.0}, {'x': 1.927, 'y': 1.0}, {'x': 2.195, 'y': 1.0}, {'x': 2.464, 'y': 1.0}, {'x': 2.732, 'y': 1.0}, {'x': 3.0, 'y': 1.0}]}","{'formula': 'sign(x**2)', 'latex': '\\operatorname{sign}{\\left(x^{2} \\right)}', 'properties': {'singularities': [], 'is_periodic': False, 'domain': 'analysis_timeout'}}",auto_v2
MCM_120_1214d5a4,"{'a': 1, 'b': 2, 'c': 0}","{'points': [{'x': -3.0, 'y': 3.0}, {'x': -2.75, 'y': 2.75}, {'x': -2.5, 'y': 2.5}, {'x': -2.25, 'y': 2.25}, {'x': -2.0, 'y': 2.0}, {'x': -1.75, 'y': 1.75}, {'x': -1.5, 'y': 1.5}, {'x': -1.25, 'y': 1.25}, {'x': -1.0, 'y': 1.0}, {'x': -0.75, 'y': 0.75}, {'x': -0.5, 'y': 0.5}, {'x': -0.25, 'y': 0.25}, {'x': 0.0, 'y': -0.0}, {'x': 0.25, 'y': -3.5}, {'x': 0.5, 'y': -3.0}, {'x': 0.75, 'y': -2.5}, {'x': 1.0, 'y': -2.0}, {'x': 1.25, 'y': -1.5}, {'x': 1.5, 'y': -1.0}, {'x': 1.75, 'y': -0.5}, {'x': 2.0, 'y': 0.0}, {'x': 2.25, 'y': 0.5}, {'x': 2.5, 'y': 1.0}, {'x': 2.75, 'y': 1.5}, {'x': 3.0, 'y': 2.0}]}","{'formula': 'Piecewise((2*x - 4, x > 0), (-x, True))', 'latex': '\\begin{cases} 2 x - 4 & \\text{for}\\: x > 0 \\\\- x & \\text{otherwise} \\end{cases}', 'properties': {'singularities': [], 'is_periodic': False, 'domain': 'analysis_timeout'}}",auto_v2
MCM_120_25578387,"{'a': 1, 'b': 2, 'c': 0}","{'points': [{'x': -3.0, 'y': 0.2921}, {'x': -2.754, 'y': 0.454}, {'x': -2.508, 'y': 0.9973}, {'x': -2.263, 'y': 0.553}, {'x': -2.017, 'y': 0.3407}, {'x': -1.771, 'y': 0.7451}, {'x': -1.525, 'y': 0.9191}, {'x': -1.279, 'y': 0.4988}, {'x': -1.033, 'y': 0.4506}, {'x': -0.787, 'y': 0.8831}, {'x': -0.542, 'y': 0.9874}, {'x': -0.296, 'y': 0.9997}, {'x': -0.05, 'y': 1.0}, {'x': 0.05, 'y': 1.0}, {'x': 0.318, 'y': 0.9995}, {'x': 0.586, 'y': 0.9797}, {'x': 0.855, 'y': 0.8115}, {'x': 1.123, 'y': 0.155}, {'x': 1.391, 'y': 0.9001}, {'x': 1.659, 'y': 0.1451}, {'x': 1.927, 'y': 0.6407}, {'x': 2.195, 'y': 0.4018}, {'x': 2.464, 'y': 0.7283}, {'x': 2.732, 'y': 0.0332}, {'x': 3.0, 'y': 0.2921}]}","{'formula': 'Abs(cos(x**3))', 'latex': '\\left|{\\cos{\\left(x^{3} \\right)}}\\right|', 'properties': {'singularities': [], 'is_periodic': False, 'domain': 'Reals'}}",auto_v2
MCM_120_73b60e5d,"{'a': 1, 'b': 2, 'c': 0}","{'points': [{'x': -3.0, 'y': -4.6102}, {'x': -2.758, 'y': -4.3541}, {'x': -2.517, 'y': -4.0606}, {'x': -2.275, 'y': -3.717}, {'x': -2.033, 'y': -3.303}, {'x': -1.792, 'y': -2.7831}, {'x': -1.55, 'y': -2.0872}, {'x': -1.308, 'y': -1.0567}, {'x': -1.067, 'y': 0.4925}, {'x': -0.825, 'y': -0.2356}, {'x': -0.583, 'y': -1.577}, {'x': -0.342, 'y': -2.4279}, {'x': -0.1, 'y': -3.0325}, {'x': 0.1, 'y': -3.4259}, {'x': 0.364, 'y': -3.8499}, {'x': 0.627, 'y': -4.2002}, {'x': 0.891, 'y': -4.4986}, {'x': 1.155, 'y': 4.7583}, {'x': 1.418, 'y': 4.9883}, {'x': 1.682, 'y': 5.1946}, {'x': 1.945, 'y': 5.3817}, {'x': 2.209, 'y': 5.5528}, {'x': 2.473, 'y': 5.7104}, {'x': 2.736, 'y': 5.8565}, {'x': 3.0, 'y': 5.9927}]}","{'formula': 'Piecewise((log(25*(x + 1)**2 + 1/2), x > 1), (-log(25*(x + 1)**2 + 1/2), True))', 'latex': '\\begin{cases} \\log{\\left(25 \\left(x + 1\\right)^{2} + \\frac{1}{2} \\right)} & \\text{for}\\: x > 1 \\\\- \\log{\\left(25 \\left(x + 1\\right)^{2} + \\frac{1}{2} \\right)} & \\text{otherwise} \\end{cases}', 'properties': {'singularities': [], 'is_periodic': False, 'domain': 'analysis_timeout'}}",auto_v2
MCM_120_ba050098,"{'a': 1, 'b': 2, 'c': 0}","{'points': [{'x': -4.0, 'y': 16.0}, {'x': -3.667, 'y': 14.6667}, {'x': -3.333, 'y': 13.3333}, {'x': -3.0, 'y': 12.0}, {'x': -2.667, 'y': 10.6667}, {'x': -2.333, 'y': 9.3333}, {'x': -2.0, 'y': 8.0}, {'x': -1.667, 'y': 6.6667}, {'x': -1.333, 'y': 5.3333}, {'x': -1.0, 'y': 4.0}, {'x': -0.667, 'y': 2.6667}, {'x': -0.333, 'y': 1.3333}, {'x': 0.0, 'y': -0.0}, {'x': 0.333, 'y': -0.2204}, {'x': 0.667, 'y': -0.7764}, {'x': 1.0, 'y': -0.9093}, {'x': 1.333, 'y': 0.4022}, {'x': 1.667, 'y': 0.6651}, {'x': 2.0, 'y': -0.9894}, {'x': 2.333, 'y': 0.9943}, {'x': 2.667, 'y': -0.9964}, {'x': 3.0, 'y': 0.751}, {'x': 3.333, 'y': 0.229}, {'x': 3.667, 'y': -0.9829}, {'x': 4.0, 'y': -0.5514}]}","{'formula': 'Piecewise((-sin(2*x**2), x > 0), (-4*x, True))', 'latex': '\\begin{cases} - \\sin{\\left(2 x^{2} \\right)} & \\text{for}\\: x > 0 \\\\- 4 x & \\text{otherwise} \\end{cases}', 'properties': {'singularities': [], 'is_periodic': False, 'domain': 'analysis_timeout'}}",auto_v2
MCM_120_b34857e1,"{'a': 1, 'b': 2, 'c': 0}","{'points': [{'x': -3.0, 'y': 5.0}, {'x': -2.754, 'y': 4.2625}, {'x': -2.508, 'y': 3.525}, {'x': -2.263, 'y': 2.7875}, {'x': -2.017, 'y': 2.05}, {'x': -1.771, 'y': 1.3125}, {'x': -1.525, 'y': 0.575}, {'x': -1.279, 'y': 0.1625}, {'x': -1.033, 'y': 0.9}, {'x': -0.787, 'y': 1.6375}, {'x': -0.542, 'y': 2.375}, {'x': -0.296, 'y': 3.1125}, {'x': -0.05, 'y': 3.85}, {'x': 0.05, 'y': 4.15}, {'x': 0.318, 'y': 4.9545}, {'x': 0.586, 'y': 5.7591}, {'x': 0.855, 'y': 6.5636}, {'x': 1.123, 'y': 7.3682}, {'x': 1.391, 'y': 8.1727}, {'x': 1.659, 'y': 8.9773}, {'x': 1.927, 'y': 9.7818}, {'x': 2.195, 'y': 10.5864}, {'x': 2.464, 'y': 11.3909}, {'x': 2.732, 'y': 12.1955}, {'x': 3.0, 'y': 13.0}]}","{'formula': 'Abs(3*x + 4)', 'latex': '\\left|{3 x + 4}\\right|', 'properties': {'singularities': [], 'is_periodic': False, 'domain': 'Reals'}}",auto_v2
MCM_121_64a83f1b,"{'a': 1, 'b': 2, 'c': 1}","{'points': [{'x': -4.0, 'y': 0.9129}, {'x': -3.667, 'y': -0.4936}, {'x': -3.333, 'y': -0.8184}, {'x': -3.0, 'y': 0.6503}, {'x': -2.667, 'y': 0.694}, {'x': -2.333, 'y': -0.7831}, {'x': -2.0, 'y': -0.544}, {'x': -1.667, 'y': 0.8873}, {'x': -1.333, 'y': 0.3742}, {'x': -1.0, 'y': -0.9589}, {'x': -0.667, 'y': -0.1906}, {'x': -0.333, 'y': 0.9954}, {'x': 0.0, 'y': -0.0}, {'x': 0.333, 'y': 0.7075}, {'x': 0.667, 'y': 0.7075}, {'x': 1.0, 'y': -0.4042}, {'x': 1.333, 'y': -0.8314}, {'x': 1.667, 'y': -0.0457}, {'x': 2.0, 'y': 0.8193}, {'x': 2.333, 'y': 0.4772}, {'x': 2.667, 'y': -0.664}, {'x': 3.0, 'y': -0.744}, {'x': 3.333, 'y': 0.3253}, {'x': 3.667, 'y': 0.8387}, {'x': 4.0, 'y': 0.1363}]}","{'formula': 'sin(Piecewise((cos(4*x - 2), x > 0), (-5*x, True)))', 'latex': '\\sin{\\left(\\begin{cases} \\cos{\\left(4 x - 2 \\right)} & \\text{for}\\: x > 0 \\\\- 5 x & \\text{otherwise} \\end{cases} \\right)}', 'properties': {'singularities': [], 'is_periodic': False, 'domain': 'analysis_timeout'}}",auto_v2
MCM_121_0a8fb8fd,"{'a': 1, 'b': 2, 'c': 1}","{'points': [{'x': -4.0, 'y': 0.4081}, {'x': -3.667, 'y': 0.8697}, {'x': -3.333, 'y': -0.5746}, {'x': -3.0, 'y': -0.7597}, {'x': -2.667, 'y': 0.72}, {'x': -2.333, 'y': 0.6218}, {'x': -2.0, 'y': -0.8391}, {'x': -1.667, 'y': -0.4612}, {'x': -1.333, 'y': 0.9274}, {'x': -1.0, 'y': 0.2837}, {'x': -0.667, 'y': -0.9817}, {'x': -0.333, 'y': -0.0957}, {'x': 0.0, 'y': 1.0}, {'x': 0.333, 'y': -0.0957}, {'x': 0.667, 'y': -0.9817}, {'x': 1.0, 'y': 0.2837}, {'x': 1.333, 'y': 0.9274}, {'x': 1.667, 'y': -0.4612}, {'x': 2.0, 'y': -0.8391}, {'x': 2.333, 'y': 0.6218}, {'x': 2.667, 'y': 0.72}, {'x': 3.0, 'y': -0.7597}, {'x': 3.333, 'y': -0.5746}, {'x': 3.667, 'y': 0.8697}, {'x': 4.0, 'y': 0.4081}]}","{'formula': 'cos(Piecewise((5*x, x > -2), (-5*x, True)))', 'latex': '\\cos{\\left(\\begin{cases} 5 x & \\text{for}\\: x > -2 \\\\- 5 x & \\text{otherwise} \\end{cases} \\right)}', 'properties': {'singularities': [], 'is_periodic': False, 'domain': 'analysis_timeout'}}",auto_v2
MCM_121_0d9e1c10,"{'a': 1, 'b': 2, 'c': 1}","{'points': [{'x': -4.0, 'y': 0.2879}, {'x': -3.667, 'y': -0.8631}, {'x': -3.333, 'y': -0.694}, {'x': -3.0, 'y': 0.5366}, {'x': -2.667, 'y': 0.9464}, {'x': -2.333, 'y': -0.0913}, {'x': -2.0, 'y': -0.9894}, {'x': -1.667, 'y': -0.3742}, {'x': -1.333, 'y': 0.8133}, {'x': -1.0, 'y': 0.7568}, {'x': -0.667, 'y': -0.4573}, {'x': -0.333, 'y': -0.9719}, {'x': 0.0, 'y': 0.0}, {'x': 0.333, 'y': 0.9719}, {'x': 0.667, 'y': 0.4573}, {'x': 1.0, 'y': -0.7568}, {'x': 1.333, 'y': -0.8133}, {'x': 1.667, 'y': 0.3742}, {'x': 2.0, 'y': 0.9894}, {'x': 2.333, 'y': 0.0913}, {'x': 2.667, 'y': -0.9464}, {'x': 3.0, 'y': -0.5366}, {'x': 3.333, 'y': 0.694}, {'x': 3.667, 'y': 0.8631}, {'x': 4.0, 'y': -0.2879}]}","{'formula': 'Piecewise((0, Eq(x**2, 0)), (sin(4*x), True))', 'latex': '\\begin{cases} 0 & \\text{for}\\: x^{2} = 0 \\\\\\sin{\\left(4 x \\right)} & \\text{otherwise} \\end{cases}', 'properties': {'singularities': [], 'is_periodic': False, 'domain': 'analysis_timeout'}}",auto_v2
MCM_121_35712d1a,"{'a': 1, 'b': 2, 'c': 1}","{'points': [{'x': -4.0, 'y': -0.8415}, {'x': -3.667, 'y': -0.8415}, {'x': -3.333, 'y': -0.8415}, {'x': -3.0, 'y': -0.8415}, {'x': -2.667, 'y': -0.8415}, {'x': -2.333, 'y': -0.8415}, {'x': -2.0, 'y': -0.8415}, {'x': -1.667, 'y': -0.8415}, {'x': -1.333, 'y': -0.8415}, {'x': -1.0, 'y': -0.8415}, {'x': -0.667, 'y': -0.8415}, {'x': -0.333, 'y': -0.8415}, {'x': 0.0, 'y': 0.0}, {'x': 0.333, 'y': -0.8415}, {'x': 0.667, 'y': -0.8415}, {'x': 1.0, 'y': -0.8415}, {'x': 1.333, 'y': -0.8415}, {'x': 1.667, 'y': -0.8415}, {'x': 2.0, 'y': -0.8415}, {'x': 2.333, 'y': -0.8415}, {'x': 2.667, 'y': -0.8415}, {'x': 3.0, 'y': -0.8415}, {'x': 3.333, 'y': -0.8415}, {'x': 3.667, 'y': -0.8415}, {'x': 4.0, 'y': -0.8415}]}","{'formula': 'Piecewise((0, Eq(x**2, 0)), (-sin(1), True))', 'latex': '\\begin{cases} 0 & \\text{for}\\: x^{2} = 0 \\\\- \\sin{\\left(1 \\right)} & \\text{otherwise} \\end{cases}', 'properties': {'singularities': [], 'is_periodic': False, 'domain': 'analysis_timeout'}}",auto_v2
MCM_121_2a9fbfe4,"{'a': 1, 'b': 2, 'c': 1}","{'points': [{'x': -4.0, 'y': 0.9129}, {'x': -3.667, 'y': -0.4936}, {'x': -3.333, 'y': -0.8184}, {'x': -3.0, 'y': 0.6503}, {'x': -2.667, 'y': 0.694}, {'x': -2.333, 'y': -0.7831}, {'x': -2.0, 'y': -0.544}, {'x': -1.667, 'y': 0.8873}, {'x': -1.333, 'y': 0.3742}, {'x': -1.0, 'y': -0.9589}, {'x': -0.667, 'y': -0.1906}, {'x': -0.333, 'y': 0.9954}, {'x': 0.0, 'y': 0.0}, {'x': 0.333, 'y': -0.9954}, {'x': 0.667, 'y': 0.1906}, {'x': 1.0, 'y': 0.9589}, {'x': 1.333, 'y': -0.3742}, {'x': 1.667, 'y': -0.8873}, {'x': 2.0, 'y': 0.544}, {'x': 2.333, 'y': 0.7831}, {'x': 2.667, 'y': -0.694}, {'x': 3.0, 'y': -0.6503}, {'x': 3.333, 'y': 0.8184}, {'x': 3.667, 'y': 0.4936}, {'x': 4.0, 'y': -0.9129}]}","{'formula': 'Piecewise((0, Eq(x**2, 0)), (-sin(5*x), True))', 'latex': '\\begin{cases} 0 & \\text{for}\\: x^{2} = 0 \\\\- \\sin{\\left(5 x \\right)} & \\text{otherwise} \\end{cases}', 'properties': {'singularities': [], 'is_periodic': False, 'domain': 'analysis_timeout'}}",auto_v2
MCM_121_ab52a81b,"{'a': 1, 'b': 2, 'c': 1}","{'points': [{'x': -3.0, 'y': 0.9602}, {'x': -2.754, 'y': 0.7145}, {'x': -2.508, 'y': 0.2996}, {'x': -2.263, 'y': -0.1863}, {'x': -2.017, 'y': -0.6281}, {'x': -1.771, 'y': -0.921}, {'x': -1.525, 'y': -0.9958}, {'x': -1.279, 'y': -0.8347}, {'x': -1.033, 'y': -0.4758}, {'x': -0.787, 'y': -0.0042}, {'x': -0.542, 'y': 0.4684}, {'x': -0.296, 'y': 0.83}, {'x': -0.05, 'y': 0.995}, {'x': 0.05, 'y': 0.995}, {'x': 0.318, 'y': 0.8043}, {'x': 0.586, 'y': 0.3876}, {'x': 0.855, 'y': -0.1379}, {'x': 1.123, 'y': -0.6246}, {'x': 1.391, 'y': -0.936}, {'x': 1.659, 'y': -0.9844}, {'x': 1.927, 'y': -0.7564}, {'x': 2.195, 'y': -0.316}, {'x': 2.464, 'y': 0.2132}, {'x': 2.732, 'y': 0.6826}, {'x': 3.0, 'y': 0.9602}]}","{'formula': 'cos(2*Abs(x))', 'latex': '\\cos{\\left(2 \\left|{x}\\right| \\right)}', 'properties': {'singularities': [], 'is_periodic': False, 'domain': 'Reals'}}",auto_v2
MCM_122_6c5a386a,"{'a': 1, 'b': 2, 'c': 2}","{'points': [{'x': -3.0, 'y': 1.8}, {'x': -2.758, 'y': 1.7391}, {'x': -2.517, 'y': 1.6716}, {'x': -2.275, 'y': 1.5965}, {'x': -2.033, 'y': 1.5124}, {'x': -1.792, 'y': 1.4176}, {'x': -1.55, 'y': 1.3099}, {'x': -1.308, 'y': 1.1864}, {'x': -1.067, 'y': 1.0435}, {'x': -0.825, 'y': 0.8761}, {'x': -0.583, 'y': 0.6774}, {'x': -0.342, 'y': 0.4377}, {'x': -0.1, 'y': 0.1429}, {'x': 0.1, 'y': -0.6758}, {'x': 0.364, 'y': -1.5168}, {'x': 0.627, 'y': -3.4952}, {'x': 0.891, 'y': -8.3623}, {'x': 1.155, 'y': -21.2052}, {'x': 1.418, 'y': -59.564}, {'x': 1.682, 'y': -210.5404}, {'x': 1.945, 'y': -2374.061}, {'x': 2.209, 'y': 1197.1673}, {'x': 2.473, 'y': 1023.5731}, {'x': 2.736, 'y': 1270.2135}, {'x': 3.0, 'y': 1808.0424}]}","{'formula': 'Piecewise((exp(5*x/2)/(x - 2), x > 0), (3*x/(x - 2), True))', 'latex': '\\begin{cases} \\frac{e^{\\frac{5 x}{2}}}{x - 2} & \\text{for}\\: x > 0 \\\\\\frac{3 x}{x - 2} & \\text{otherwise} \\end{cases}', 'properties': {'singularities': ['2'], 'is_periodic': False, 'domain': 'analysis_timeout'}}",auto_v2
MCM_122_8959ce87,"{'a': 1, 'b': 2, 'c': 2}","{'points': [{'x': -3.0, 'y': 2.2}, {'x': -2.758, 'y': 2.2102}, {'x': -2.517, 'y': 2.2214}, {'x': -2.275, 'y': 2.2339}, {'x': -2.033, 'y': 2.2479}, {'x': -1.792, 'y': 2.2637}, {'x': -1.55, 'y': 2.2817}, {'x': -1.308, 'y': 2.3023}, {'x': -1.067, 'y': 2.3261}, {'x': -0.825, 'y': 2.354}, {'x': -0.583, 'y': 2.3871}, {'x': -0.342, 'y': 2.427}, {'x': -0.1, 'y': 2.4762}, {'x': 0.1, 'y': 1.4737}, {'x': 0.364, 'y': 1.3889}, {'x': 0.627, 'y': 1.2715}, {'x': 0.891, 'y': 1.0984}, {'x': 1.155, 'y': 0.8172}, {'x': 1.418, 'y': 0.2812}, {'x': 1.682, 'y': -1.1429}, {'x': 1.945, 'y': -16.3333}, {'x': 2.209, 'y': 6.7826}, {'x': 2.473, 'y': 4.1154}, {'x': 2.736, 'y': 3.358}, {'x': 3.0, 'y': 3.0}]}","{'formula': 'Piecewise((2, Eq(x, 0)), ((x + (2*x - 4)*Abs(x))/((x - 2)*Abs(x)), True))', 'latex': '\\begin{cases} 2 & \\text{for}\\: x = 0 \\\\\\frac{x + \\left(2 x - 4\\right) \\left|{x}\\right|}{\\left(x - 2\\right) \\left|{x}\\right|} & \\text{otherwise} \\end{cases}', 'properties': {'singularities': ['0', '2'], 'is_periodic': False, 'domain': 'analysis_timeout'}}",auto_v2
MCM_122_66d33b0a,"{'a': 1, 'b': 2, 'c': 2}","{'points': [{'x': -3.0, 'y': -2.25}, {'x': -2.758, 'y': -2.2018}, {'x': -2.517, 'y': -2.1469}, {'x': -2.275, 'y': -2.084}, {'x': -2.033, 'y': -2.011}, {'x': -1.792, 'y': -1.9254}, {'x': -1.55, 'y': -1.8235}, {'x': -1.308, 'y': -1.7004}, {'x': -1.067, 'y': -1.5484}, {'x': -0.825, 'y': -1.3562}, {'x': -0.583, 'y': -1.1053}, {'x': -0.342, 'y': -0.764}, {'x': -0.1, 'y': -0.2727}, {'x': 0.1, 'y': 1.5556}, {'x': 0.364, 'y': 3.8571}, {'x': 0.627, 'y': 9.4146}, {'x': 0.891, 'y': 41.8333}, {'x': 1.155, 'y': -36.3529}, {'x': 1.418, 'y': -15.9565}, {'x': 1.682, 'y': -11.3333}, {'x': 1.945, 'y': -9.2885}, {'x': 2.209, 'y': -8.1353}, {'x': 2.473, 'y': -7.3951}, {'x': 2.736, 'y': -6.8796}, {'x': 3.0, 'y': -6.5}]}","{'formula': 'Piecewise(((-4*x - 1)/(x - 1), x > 0), (-3*x/(x - 1), True))', 'latex': '\\begin{cases} \\frac{- 4 x - 1}{x - 1} & \\text{for}\\: x > 0 \\\\- \\frac{3 x}{x - 1} & \\text{otherwise} \\end{cases}', 'properties': {'singularities': ['1'], 'is_periodic': False, 'domain': 'analysis_timeout'}}",auto_v2
MCM_122_460f0060,"{'a': 1, 'b': 2, 'c': 2}","{'points': [{'x': -3.0, 'y': 4.75}, {'x': -2.758, 'y': 4.7339}, {'x': -2.517, 'y': 4.7156}, {'x': -2.275, 'y': 4.6947}, {'x': -2.033, 'y': 4.6703}, {'x': -1.792, 'y': 4.6418}, {'x': -1.55, 'y': 4.6078}, {'x': -1.308, 'y': 4.5668}, {'x': -1.067, 'y': 4.5161}, {'x': -0.825, 'y': 4.4521}, {'x': -0.583, 'y': 4.3684}, {'x': -0.342, 'y': 4.2547}, {'x': -0.1, 'y': 4.0909}, {'x': 0.1, 'y': 3.8889}, {'x': 0.364, 'y': 3.4286}, {'x': 0.627, 'y': -2.3171}, {'x': 0.891, 'y': 4.1667}, {'x': 1.155, 'y': -11.4706}, {'x': 1.418, 'y': -7.3913}, {'x': 1.682, 'y': -6.4667}, {'x': 1.945, 'y': -6.0577}, {'x': 2.209, 'y': -5.8271}, {'x': 2.473, 'y': -5.679}, {'x': 2.736, 'y': -5.5759}, {'x': 3.0, 'y': -5.5}]}","{'formula': 'Piecewise(((4 - 5*x)/(x - 1), x > 1/2), ((5*x - 4)/(x - 1), True))', 'latex': '\\begin{cases} \\frac{4 - 5 x}{x - 1} & \\text{for}\\: x > \\frac{1}{2} \\\\\\frac{5 x - 4}{x - 1} & \\text{otherwise} \\end{cases}', 'properties': {'singularities': ['1'], 'is_periodic': False, 'domain': 'analysis_timeout'}}",auto_v2
MCM_122_69f5c6f5,"{'a': 1, 'b': 2, 'c': 2}","{'points': [{'x': -3.0, 'y': -0.8}, {'x': -2.758, 'y': -0.7391}, {'x': -2.517, 'y': -0.6716}, {'x': -2.275, 'y': -0.5965}, {'x': -2.033, 'y': -0.5124}, {'x': -1.792, 'y': -0.4176}, {'x': -1.55, 'y': -0.3099}, {'x': -1.308, 'y': -0.1864}, {'x': -1.067, 'y': -0.0435}, {'x': -0.825, 'y': 0.1239}, {'x': -0.583, 'y': 0.3226}, {'x': -0.342, 'y': 0.5623}, {'x': -0.1, 'y': 0.8571}, {'x': 0.1, 'y': 0.8421}, {'x': 0.364, 'y': 0.3333}, {'x': 0.627, 'y': -0.3709}, {'x': 0.891, 'y': -1.4098}, {'x': 1.155, 'y': -3.0968}, {'x': 1.418, 'y': -6.3125}, {'x': 1.682, 'y': -14.8571}, {'x': 1.945, 'y': -106.0}, {'x': 2.209, 'y': 32.6957}, {'x': 2.473, 'y': 16.6923}, {'x': 2.736, 'y': 12.1481}, {'x': 3.0, 'y': 10.0}]}","{'formula': '(x + 3*Abs(x) - 2)/(x - 2)', 'latex': '\\frac{x + 3 \\left|{x}\\right| - 2}{x - 2}', 'properties': {'singularities': ['2'], 'is_periodic': False, 'domain': 'Union(Interval.open(-oo, 2), Interval.open(2, oo))'}}",auto_v2
MCM_122_76832ce6,"{'a': 1, 'b': 2, 'c': 2}","{'points': [{'x': -3.0, 'y': 4.4308}, {'x': -2.758, 'y': -5.4185}, {'x': -2.517, 'y': -7.2849}, {'x': -2.275, 'y': -12.3421}, {'x': -2.033, 'y': -90.0121}, {'x': -1.792, 'y': 12.4229}, {'x': -1.55, 'y': 4.8257}, {'x': -1.308, 'y': 2.5735}, {'x': -1.067, 'y': 1.5614}, {'x': -0.825, 'y': 1.0572}, {'x': -0.583, 'y': 0.8022}, {'x': -0.342, 'y': 0.6652}, {'x': -0.1, 'y': 0.5782}, {'x': 0.1, 'y': 0.5232}, {'x': 0.364, 'y': 0.4673}, {'x': 0.627, 'y': 0.4373}, {'x': 0.891, 'y': 0.446}, {'x': 1.155, 'y': 0.4957}, {'x': 1.418, 'y': 0.5712}, {'x': 1.682, 'y': 0.6513}, {'x': 1.945, 'y': 0.7229}, {'x': 2.209, 'y': 0.7814}, {'x': 2.473, 'y': 0.8269}, {'x': 2.736, 'y': 0.8611}, {'x': 3.0, 'y': 0.8862}]}","{'formula': 'Piecewise((log(x**4 + 3)/(x + 2), x > -3), (-log(x**4 + 3)/(x + 2), True))', 'latex': '\\begin{cases} \\frac{\\log{\\left(x^{4} + 3 \\right)}}{x + 2} & \\text{for}\\: x > -3 \\\\- \\frac{\\log{\\left(x^{4} + 3 \\right)}}{x + 2} & \\text{otherwise} \\end{cases}', 'properties': {'singularities': ['-2'], 'is_periodic': False, 'domain': 'analysis_timeout'}}",auto_v2
MCM_122_ae319b9a,"{'a': 1, 'b': 2, 'c': 2}","{'points': [{'x': -3.0, 'y': -4.25}, {'x': -2.758, 'y': -3.8625}, {'x': -2.517, 'y': -3.7062}, {'x': -2.275, 'y': -3.5267}, {'x': -2.033, 'y': -3.3187}, {'x': -1.792, 'y': -3.0746}, {'x': -1.55, 'y': -2.7843}, {'x': -1.308, 'y': -2.4332}, {'x': -1.067, 'y': -2.4839}, {'x': -0.825, 'y': -2.0}, {'x': -0.583, 'y': -2.0}, {'x': -0.342, 'y': -2.0}, {'x': -0.1, 'y': -2.0}, {'x': 0.1, 'y': -2.0}, {'x': 0.364, 'y': -2.0}, {'x': 0.627, 'y': -2.0}, {'x': 0.891, 'y': -2.0}, {'x': 1.155, 'y': 4.4706}, {'x': 1.418, 'y': 2.7826}, {'x': 1.682, 'y': 0.9333}, {'x': 1.945, 'y': 1.1731}, {'x': 2.209, 'y': 1.3083}, {'x': 2.473, 'y': 2.0741}, {'x': 2.736, 'y': 2.0314}, {'x': 3.0, 'y': 2.5}]}","{'formula': '(-2*x + floor(x**2) + 2)/(x - 1)', 'latex': '\\frac{- 2 x + \\left\\lfloor{x^{2}}\\right\\rfloor + 2}{x - 1}', 'properties': {'singularities': ['1'], 'is_periodic': False, 'domain': 'analysis_timeout'}}",auto_v2
MCM_122_addc9a76,"{'a': 1, 'b': 2, 'c': 2}","{'points': [{'x': -3.0, 'y': -3.0}, {'x': -2.758, 'y': -3.6374}, {'x': -2.517, 'y': -4.871}, {'x': -2.275, 'y': -8.2727}, {'x': -2.033, 'y': -61.0}, {'x': -1.792, 'y': 8.6}, {'x': -1.55, 'y': 3.4444}, {'x': -1.308, 'y': 1.8916}, {'x': -1.067, 'y': 1.1429}, {'x': -0.825, 'y': 0.7021}, {'x': -0.583, 'y': 0.4118}, {'x': -0.342, 'y': 0.206}, {'x': -0.1, 'y': 0.0526}, {'x': 0.1, 'y': -0.0238}, {'x': 0.364, 'y': -0.2797}, {'x': 0.627, 'y': -0.7488}, {'x': 0.891, 'y': -1.3728}, {'x': 1.155, 'y': -2.1128}, {'x': 1.418, 'y': -2.942}, {'x': 1.682, 'y': -3.8412}, {'x': 1.945, 'y': -4.7964}, {'x': 2.209, 'y': -5.7971}, {'x': 2.473, 'y': -6.8352}, {'x': 2.736, 'y': -7.9045}, {'x': 3.0, 'y': -9.0}]}","{'formula': 'Piecewise((-5*x**2/(x + 2), x > 0), (-x/(x + 2), True))', 'latex': '\\begin{cases} - \\frac{5 x^{2}}{x + 2} & \\text{for}\\: x > 0 \\\\- \\frac{x}{x + 2} & \\text{otherwise} \\end{cases}', 'properties': {'singularities': ['-2'], 'is_periodic': False, 'domain': 'analysis_timeout'}}",auto_v2
MCM_122_847a5b9d,"{'a': 1, 'b': 2, 'c': 2}","{'points': [{'x': -3.0, 'y': 3.2962}, {'x': -2.758, 'y': 3.4629}, {'x': -2.517, 'y': 3.6525}, {'x': -2.275, 'y': 3.871}, {'x': -2.033, 'y': 4.1275}, {'x': -1.792, 'y': 4.4386}, {'x': -1.55, 'y': 4.8454}, {'x': -1.308, 'y': 5.538}, {'x': -1.067, 'y': 10.1925}, {'x': -0.825, 'y': 1.1669}, {'x': -0.583, 'y': 1.4815}, {'x': -0.342, 'y': 1.0481}, {'x': -0.1, 'y': 0.7702}, {'x': 0.1, 'y': 0.6301}, {'x': 0.364, 'y': 0.5049}, {'x': 0.627, 'y': 0.3553}, {'x': 0.891, 'y': -0.0}, {'x': 1.155, 'y': -0.4891}, {'x': 1.418, 'y': -0.8915}, {'x': 1.682, 'y': -1.1713}, {'x': 1.945, 'y': -1.3588}, {'x': 2.209, 'y': 1.4832}, {'x': 2.473, 'y': 1.5648}, {'x': 2.736, 'y': 1.6168}, {'x': 3.0, 'y': 1.6481}]}","{'formula': 'Piecewise((log(x**6 + 1/2)/(x + 1), x > 2), (-log(x**6 + 1/2)/(x + 1), True))', 'latex': '\\begin{cases} \\frac{\\log{\\left(x^{6} + \\frac{1}{2} \\right)}}{x + 1} & \\text{for}\\: x > 2 \\\\- \\frac{\\log{\\left(x^{6} + \\frac{1}{2} \\right)}}{x + 1} & \\text{otherwise} \\end{cases}', 'properties': {'singularities': ['-1'], 'is_periodic': False, 'domain': 'analysis_timeout'}}",auto_v2
MCM_123_983dd96c,"{'a': 1, 'b': 2, 'c': 3}","{'points': [{'x': -3.0, 'y': 4.5631}, {'x': -2.758, 'y': 5.1232}, {'x': -2.517, 'y': 4.8103}, {'x': -2.275, 'y': -2.3725}, {'x': -2.033, 'y': -4.7741}, {'x': -1.792, 'y': 4.6348}, {'x': -1.55, 'y': -3.5435}, {'x': -1.308, 'y': 4.2052}, {'x': -1.067, 'y': 3.5068}, {'x': -0.825, 'y': 2.796}, {'x': -0.583, 'y': 2.2052}, {'x': -0.342, 'y': 1.7148}, {'x': -0.1, 'y': 1.2908}, {'x': 0.1, 'y': 0.9679}, {'x': 0.364, 'y': 0.5576}, {'x': 0.627, 'y': 0.206}, {'x': 0.891, 'y': 0.2026}, {'x': 1.155, 'y': 0.4412}, {'x': 1.418, 'y': 0.622}, {'x': 1.682, 'y': 0.7334}, {'x': 1.945, 'y': 0.8007}, {'x': 2.209, 'y': 0.8405}, {'x': 2.473, 'y': 0.8628}, {'x': 2.736, 'y': 0.8736}, {'x': 3.0, 'y': 0.8767}]}","{'formula': 'Piecewise((log((4*x - 3)**2 + 3/2)*sin(1/(x + 2)), x > -3/2), (-log((4*x - 3)**2 + 3/2)*sin(1/(x + 2)), True))', 'latex': '\\begin{cases} \\log{\\left(\\left(4 x - 3\\right)^{2} + \\frac{3}{2} \\right)} \\sin{\\left(\\frac{1}{x + 2} \\right)} & \\text{for}\\: x > - \\frac{3}{2} \\\\- \\log{\\left(\\left(4 x - 3\\right)^{2} + \\frac{3}{2} \\right)} \\sin{\\left(\\frac{1}{x + 2} \\right)} & \\text{otherwise} \\end{cases}', 'properties': {'singularities': ['-2'], 'is_periodic': False, 'domain': 'analysis_timeout'}}",auto_v2
MCM_123_bc83f422,"{'a': 1, 'b': 2, 'c': 3}","{'points': [{'x': -3.0, 'y': -0.191}, {'x': -2.758, 'y': -0.0667}, {'x': -2.517, 'y': 0.1314}, {'x': -2.275, 'y': 0.2316}, {'x': -2.033, 'y': 0.1318}, {'x': -1.792, 'y': -0.1014}, {'x': -1.55, 'y': -0.2722}, {'x': -1.308, 'y': -0.2153}, {'x': -1.067, 'y': 0.0504}, {'x': -0.825, 'y': 0.3127}, {'x': -0.583, 'y': 0.3275}, {'x': -0.342, 'y': 0.0345}, {'x': -0.1, 'y': -0.3542}, {'x': 0.1, 'y': -0.4992}, {'x': 0.364, 'y': -0.2255}, {'x': 0.627, 'y': 0.4033}, {'x': 0.891, 'y': 0.7773}, {'x': 1.155, 'y': 0.3449}, {'x': 1.418, 'y': -0.6163}, {'x': 1.682, 'y': 0.0012}, {'x': 1.945, 'y': 0.1738}, {'x': 2.209, 'y': 0.6386}, {'x': 2.473, 'y': -0.8417}, {'x': 2.736, 'y': -0.3239}, {'x': 3.0, 'y': 0.5528}]}","{'formula': 'Piecewise((-sin(1/(x - 2))*sin(4*x - 5), x > 3), (sin(1/(x - 2))*sin(4*x - 5), True))', 'latex': '\\begin{cases} - \\sin{\\left(\\frac{1}{x - 2} \\right)} \\sin{\\left(4 x - 5 \\right)} & \\text{for}\\: x > 3 \\\\\\sin{\\left(\\frac{1}{x - 2} \\right)} \\sin{\\left(4 x - 5 \\right)} & \\text{otherwise} \\end{cases}', 'properties': {'singularities': ['2'], 'is_periodic': False, 'domain': 'analysis_timeout'}}",auto_v2
MCM_123_ed709742,"{'a': 1, 'b': 2, 'c': 3}","{'points': [{'x': -4.0, 'y': -3.5264}, {'x': -3.667, 'y': -3.3278}, {'x': -3.333, 'y': -3.095}, {'x': -3.0, 'y': -3.1003}, {'x': -2.667, 'y': -2.7951}, {'x': -2.333, 'y': -2.4196}, {'x': -2.0, 'y': -2.3365}, {'x': -1.667, 'y': -1.7813}, {'x': -1.333, 'y': -1.0376}, {'x': -1.0, 'y': -0.6184}, {'x': -0.667, 'y': 0.756}, {'x': -0.333, 'y': 2.7961}, {'x': 0.0, 'y': 3.6372}, {'x': 0.333, 'y': -1.6765}, {'x': 0.667, 'y': 2.2353}, {'x': 1.0, 'y': -8.1837}, {'x': 1.333, 'y': -10.2524}, {'x': 1.667, 'y': -9.8277}, {'x': 2.0, 'y': -8.6572}, {'x': 2.333, 'y': -8.3009}, {'x': 2.667, 'y': -8.0159}, {'x': 3.0, 'y': -7.3989}, {'x': 3.333, 'y': -7.2588}, {'x': 3.667, 'y': -7.143}, {'x': 4.0, 'y': -6.7642}]}","{'formula': '(floor(-5*x) - 4)*sin(2/(2*x - 1))', 'latex': '\\left(\\left\\lfloor{- 5 x}\\right\\rfloor - 4\\right) \\sin{\\left(\\frac{2}{2 x - 1} \\right)}', 'properties': {'singularities': ['1/2'], 'is_periodic': False, 'domain': 'analysis_timeout'}}",auto_v2
MCM_123_481c2968,"{'a': 1, 'b': 2, 'c': 3}","{'points': [{'x': -3.0, 'y': -0.2818}, {'x': -2.758, 'y': -0.3021}, {'x': -2.517, 'y': -0.3255}, {'x': -2.275, 'y': -0.3526}, {'x': -2.033, 'y': -0.3846}, {'x': -1.792, 'y': -0.4226}, {'x': -1.55, 'y': -0.4687}, {'x': -1.308, 'y': -0.5252}, {'x': -1.067, 'y': -0.5958}, {'x': -0.825, 'y': -0.6851}, {'x': -0.583, 'y': -0.7975}, {'x': -0.342, 'y': -0.9277}, {'x': -0.1, 'y': -0.9954}, {'x': 0.1, 'y': -0.5985}, {'x': 0.364, 'y': -0.8675}, {'x': 0.627, 'y': 1.0}, {'x': 0.891, 'y': 0.5509}, {'x': 1.155, 'y': 0.9991}, {'x': 1.418, 'y': 0.8862}, {'x': 1.682, 'y': 0.7487}, {'x': 1.945, 'y': 0.6379}, {'x': 2.209, 'y': 0.5523}, {'x': 2.473, 'y': 0.4855}, {'x': 2.736, 'y': 0.4324}, {'x': 3.0, 'y': 0.3894}]}","{'formula': 'Piecewise((0, Eq(x, -5)), ((x + 5)*sin(2/(2*x - 1))/Abs(x + 5), True))', 'latex': '\\begin{cases} 0 & \\text{for}\\: x = -5 \\\\\\frac{\\left(x + 5\\right) \\sin{\\left(\\frac{2}{2 x - 1} \\right)}}{\\left|{x + 5}\\right|} & \\text{otherwise} \\end{cases}', 'properties': {'singularities': ['-5', '1/2'], 'is_periodic': False, 'domain': 'analysis_timeout'}}",auto_v2
MCM_123_f93d0457,"{'a': 1, 'b': 2, 'c': 3}","{'points': [{'x': -3.0, 'y': 1.4325}, {'x': -2.758, 'y': 1.4351}, {'x': -2.517, 'y': 1.4298}, {'x': -2.275, 'y': 1.4135}, {'x': -2.033, 'y': 1.3817}, {'x': -1.792, 'y': 1.3285}, {'x': -1.55, 'y': 1.2465}, {'x': -1.308, 'y': -1.1289}, {'x': -1.067, 'y': -0.9776}, {'x': -0.825, 'y': -0.8229}, {'x': -0.583, 'y': -0.7334}, {'x': -0.342, 'y': -0.7573}, {'x': -0.1, 'y': -0.8669}, {'x': 0.1, 'y': -0.9847}, {'x': 0.364, 'y': -1.1217}, {'x': 0.627, 'y': -0.5695}, {'x': 0.891, 'y': -0.4361}, {'x': 1.155, 'y': 0.431}, {'x': 1.418, 'y': 2.0141}, {'x': 1.682, 'y': 3.5361}, {'x': 1.945, 'y': 3.5714}, {'x': 2.209, 'y': 3.3763}, {'x': 2.473, 'y': 3.1574}, {'x': 2.736, 'y': 2.9551}, {'x': 3.0, 'y': 2.7759}]}","{'formula': 'Piecewise((log(4*x**4 + 3)*sin(1/(x - 1)), x > -3/2), (-log(4*x**4 + 3)*sin(1/(x - 1)), True))', 'latex': '\\begin{cases} \\log{\\left(4 x^{4} + 3 \\right)} \\sin{\\left(\\frac{1}{x - 1} \\right)} & \\text{for}\\: x > - \\frac{3}{2} \\\\- \\log{\\left(4 x^{4} + 3 \\right)} \\sin{\\left(\\frac{1}{x - 1} \\right)} & \\text{otherwise} \\end{cases}', 'properties': {'singularities': ['1'], 'is_periodic': False, 'domain': 'analysis_timeout'}}",auto_v2
MCM_200_116c8d2d,"{'a': 2, 'b': 0, 'c': 0}","{'points': [{'x': -3.0, 'y': 274.0}, {'x': -2.75, 'y': 198.2617}, {'x': -2.5, 'y': 139.9375}, {'x': -2.25, 'y': 96.0742}, {'x': -2.0, 'y': 64.0}, {'x': -1.75, 'y': 41.3242}, {'x': -1.5, 'y': 25.9375}, {'x': -1.25, 'y': 16.0117}, {'x': -1.0, 'y': 10.0}, {'x': -0.75, 'y': 6.6367}, {'x': -0.5, 'y': 4.9375}, {'x': -0.25, 'y': 4.1992}, {'x': 0.0, 'y': 4.0}, {'x': 0.25, 'y': 4.1992}, {'x': 0.5, 'y': 4.9375}, {'x': 0.75, 'y': 6.6367}, {'x': 1.0, 'y': 10.0}, {'x': 1.25, 'y': 16.0117}, {'x': 1.5, 'y': 25.9375}, {'x': 1.75, 'y': 41.3242}, {'x': 2.0, 'y': 64.0}, {'x': 2.25, 'y': 96.0742}, {'x': 2.5, 'y': 139.9375}, {'x': 2.75, 'y': 198.2617}, {'x': 3.0, 'y': 274.0}]}","{'formula': '3*x**4 + 3*x**2 + 4', 'latex': '3 x^{4} + 3 x^{2} + 4', 'properties': {'singularities': [], 'is_periodic': False, 'domain': 'Reals'}}",auto_v2
MCM_200_3a25d143,"{'a': 2, 'b': 0, 'c': 0}","{'points': [{'x': -3.0, 'y': -26.0}, {'x': -2.75, 'y': -20.3125}, {'x': -2.5, 'y': -15.25}, {'x': -2.25, 'y': -10.8125}, {'x': -2.0, 'y': -7.0}, {'x': -1.75, 'y': -3.8125}, {'x': -1.5, 'y': -1.25}, {'x': -1.25, 'y': 0.6875}, {'x': -1.0, 'y': 2.0}, {'x': -0.75, 'y': 2.6875}, {'x': -0.5, 'y': 2.75}, {'x': -0.25, 'y': 2.1875}, {'x': 0.0, 'y': 1.0}, {'x': 0.25, 'y': -0.8125}, {'x': 0.5, 'y': -3.25}, {'x': 0.75, 'y': -6.3125}, {'x': 1.0, 'y': -10.0}, {'x': 1.25, 'y': -14.3125}, {'x': 1.5, 'y': -19.25}, {'x': 1.75, 'y': -24.8125}, {'x': 2.0, 'y': -31.0}, {'x': 2.25, 'y': -37.8125}, {'x': 2.5, 'y': -45.25}, {'x': 2.75, 'y': -53.3125}, {'x': 3.0, 'y': -62.0}]}","{'formula': '-5*x**2 - 6*x + 1', 'latex': '- 5 x^{2} - 6 x + 1', 'properties': {'singularities': [], 'is_periodic': False, 'domain': 'Reals'}}",auto_v2
MCM_200_992b3cbb,"{'a': 2, 'b': 0, 'c': 0}","{'points': [{'x': -3.0, 'y': 201.0}, {'x': -2.75, 'y': 136.7617}, {'x': -2.5, 'y': 88.9375}, {'x': -2.25, 'y': 54.5742}, {'x': -2.0, 'y': 31.0}, {'x': -1.75, 'y': 15.8242}, {'x': -1.5, 'y': 6.9375}, {'x': -1.25, 'y': 2.5117}, {'x': -1.0, 'y': 1.0}, {'x': -0.75, 'y': 1.1367}, {'x': -0.5, 'y': 1.9375}, {'x': -0.25, 'y': 2.6992}, {'x': 0.0, 'y': 3.0}, {'x': 0.25, 'y': 2.6992}, {'x': 0.5, 'y': 1.9375}, {'x': 0.75, 'y': 1.1367}, {'x': 1.0, 'y': 1.0}, {'x': 1.25, 'y': 2.5117}, {'x': 1.5, 'y': 6.9375}, {'x': 1.75, 'y': 15.8242}, {'x': 2.0, 'y': 31.0}, {'x': 2.25, 'y': 54.5742}, {'x': 2.5, 'y': 88.9375}, {'x': 2.75, 'y': 136.7617}, {'x': 3.0, 'y': 201.0}]}","{'formula': '3*x**4 - 5*x**2 + 3', 'latex': '3 x^{4} - 5 x^{2} + 3', 'properties': {'singularities': [], 'is_periodic': False, 'domain': 'Reals'}}",auto_v2
MCM_200_d2b12a58,"{'a': 2, 'b': 0, 'c': 0}","{'points': [{'x': -3.0, 'y': 360.0}, {'x': -2.75, 'y': 308.1719}, {'x': -2.5, 'y': 256.25}, {'x': -2.25, 'y': 206.2969}, {'x': -2.0, 'y': 160.0}, {'x': -1.75, 'y': 118.6719}, {'x': -1.5, 'y': 83.25}, {'x': -1.25, 'y': 54.2969}, {'x': -1.0, 'y': 32.0}, {'x': -0.75, 'y': 16.1719}, {'x': -0.5, 'y': 6.25}, {'x': -0.25, 'y': 1.2969}, {'x': 0.0, 'y': 0.0}, {'x': 0.25, 'y': 0.6719}, {'x': 0.5, 'y': 1.25}, {'x': 0.75, 'y': -0.7031}, {'x': 1.0, 'y': -8.0}, {'x': 1.25, 'y': -23.8281}, {'x': 1.5, 'y': -51.75}, {'x': 1.75, 'y': -95.7031}, {'x': 2.0, 'y': -160.0}, {'x': 2.25, 'y': -249.3281}, {'x': 2.5, 'y': -368.75}, {'x': 2.75, 'y': -523.7031}, {'x': 3.0, 'y': -720.0}]}","{'formula': '4*x**2*(-x**2 - 5*x + 4)', 'latex': '4 x^{2} \\left(- x^{2} - 5 x + 4\\right)', 'properties': {'singularities': [], 'is_periodic': False, 'domain': 'Reals'}}",auto_v2
MCM_200_65ccaebe,"{'a': 2, 'b': 0, 'c': 0}","{'points': [{'x': -3.0, 'y': -108.0}, {'x': -2.75, 'y': -70.8984}, {'x': -2.5, 'y': -43.75}, {'x': -2.25, 'y': -24.6797}, {'x': -2.0, 'y': -12.0}, {'x': -1.75, 'y': -4.2109}, {'x': -1.5, 'y': 0.0}, {'x': -1.25, 'y': 1.7578}, {'x': -1.0, 'y': 2.0}, {'x': -0.75, 'y': 1.4766}, {'x': -0.5, 'y': 0.75}, {'x': -0.25, 'y': 0.1953}, {'x': 0.0, 'y': 0.0}, {'x': 0.25, 'y': 0.1641}, {'x': 0.5, 'y': 0.5}, {'x': 0.75, 'y': 0.6328}, {'x': 1.0, 'y': 0.0}, {'x': 1.25, 'y': -2.1484}, {'x': 1.5, 'y': -6.75}, {'x': 1.75, 'y': -14.9297}, {'x': 2.0, 'y': -28.0}, {'x': 2.25, 'y': -47.4609}, {'x': 2.5, 'y': -75.0}, {'x': 2.75, 'y': -112.4922}, {'x': 3.0, 'y': -162.0}]}","{'formula': 'x**2*(-2*x**2 - x + 3)', 'latex': 'x^{2} \\left(- 2 x^{2} - x + 3\\right)', 'properties': {'singularities': [], 'is_periodic': False, 'domain': 'Reals'}}",auto_v2
MCM_200_abd41a07,"{'a': 2, 'b': 0, 'c': 0}","{'points': [{'x': -3.0, 'y': 249.0}, {'x': -2.75, 'y': 176.1367}, {'x': -2.5, 'y': 120.4375}, {'x': -2.25, 'y': 78.9492}, {'x': -2.0, 'y': 49.0}, {'x': -1.75, 'y': 28.1992}, {'x': -1.5, 'y': 14.4375}, {'x': -1.25, 'y': 5.8867}, {'x': -1.0, 'y': 1.0}, {'x': -0.75, 'y': -1.4883}, {'x': -0.5, 'y': -2.5625}, {'x': -0.25, 'y': -2.9258}, {'x': 0.0, 'y': -3.0}, {'x': 0.25, 'y': -2.9258}, {'x': 0.5, 'y': -2.5625}, {'x': 0.75, 'y': -1.4883}, {'x': 1.0, 'y': 1.0}, {'x': 1.25, 'y': 5.8867}, {'x': 1.5, 'y': 14.4375}, {'x': 1.75, 'y': 28.1992}, {'x': 2.0, 'y': 49.0}, {'x': 2.25, 'y': 78.9492}, {'x': 2.5, 'y': 120.4375}, {'x': 2.75, 'y': 176.1367}, {'x': 3.0, 'y': 249.0}]}","{'formula': '3*x**4 + x**2 - 3', 'latex': '3 x^{4} + x^{2} - 3', 'properties': {'singularities': [], 'is_periodic': False, 'domain': 'Reals'}}",auto_v2
MCM_200_4d693b71,"{'a': 2, 'b': 0, 'c': 0}","{'points': [{'x': -3.0, 'y': 1681.0}, {'x': -2.75, 'y': 1242.5625}, {'x': -2.5, 'y': 900.0}, {'x': -2.25, 'y': 637.5625}, {'x': -2.0, 'y': 441.0}, {'x': -1.75, 'y': 297.5625}, {'x': -1.5, 'y': 196.0}, {'x': -1.25, 'y': 126.5625}, {'x': -1.0, 'y': 81.0}, {'x': -0.75, 'y': 52.5625}, {'x': -0.5, 'y': 36.0}, {'x': -0.25, 'y': 27.5625}, {'x': 0.0, 'y': 25.0}, {'x': 0.25, 'y': 27.5625}, {'x': 0.5, 'y': 36.0}, {'x': 0.75, 'y': 52.5625}, {'x': 1.0, 'y': 81.0}, {'x': 1.25, 'y': 126.5625}, {'x': 1.5, 'y': 196.0}, {'x': 1.75, 'y': 297.5625}, {'x': 2.0, 'y': 441.0}, {'x': 2.25, 'y': 637.5625}, {'x': 2.5, 'y': 900.0}, {'x': 2.75, 'y': 1242.5625}, {'x': 3.0, 'y': 1681.0}]}","{'formula': '(4*x**2 + 5)**2', 'latex': '\\left(4 x^{2} + 5\\right)^{2}', 'properties': {'singularities': [], 'is_periodic': False, 'domain': 'Reals'}}",auto_v2
MCM_201_bf048d9e,"{'a': 2, 'b': 0, 'c': 1}","{'points': [{'x': -4.0, 'y': -0.6503}, {'x': -3.667, 'y': -0.694}, {'x': -3.333, 'y': 0.7831}, {'x': -3.0, 'y': 0.544}, {'x': -2.667, 'y': -0.8873}, {'x': -2.333, 'y': -0.3742}, {'x': -2.0, 'y': 0.9589}, {'x': -1.667, 'y': 0.1906}, {'x': -1.333, 'y': -0.9954}, {'x': -1.0, 'y': 0.0}, {'x': -0.667, 'y': 0.9954}, {'x': -0.333, 'y': -0.1906}, {'x': 0.0, 'y': -0.9589}, {'x': 0.333, 'y': 0.3742}, {'x': 0.667, 'y': 0.8873}, {'x': 1.0, 'y': -0.544}, {'x': 1.333, 'y': -0.7831}, {'x': 1.667, 'y': 0.694}, {'x': 2.0, 'y': 0.6503}, {'x': 2.333, 'y': -0.8184}, {'x': 2.667, 'y': -0.4936}, {'x': 3.0, 'y': 0.9129}, {'x': 3.333, 'y': 0.3188}, {'x': 3.667, 'y': -0.974}, {'x': 4.0, 'y': -0.1324}]}","{'formula': 'sin(5*x + 5)', 'latex': '\\sin{\\left(5 x + 5 \\right)}', 'properties': {'singularities': [], 'is_periodic': True, 'domain': 'Reals', 'period_value': '2*pi/5'}}",auto_v2
MCM_201_3ba4a947,"{'a': 2, 'b': 0, 'c': 1}","{'points': [{'x': -4.0, 'y': -0.3726}, {'x': -3.667, 'y': 0.4293}, {'x': -3.333, 'y': -0.4703}, {'x': -3.0, 'y': 0.494}, {'x': -2.667, 'y': -0.4997}, {'x': -2.333, 'y': 0.487}, {'x': -2.0, 'y': -0.4565}, {'x': -1.667, 'y': 0.4092}, {'x': -1.333, 'y': -0.347}, {'x': -1.0, 'y': 0.272}, {'x': -0.667, 'y': -0.1871}, {'x': -0.333, 'y': 0.0953}, {'x': 0.0, 'y': 0.0}, {'x': 0.333, 'y': -0.0953}, {'x': 0.667, 'y': 0.1871}, {'x': 1.0, 'y': -0.272}, {'x': 1.333, 'y': 0.347}, {'x': 1.667, 'y': -0.4092}, {'x': 2.0, 'y': 0.4565}, {'x': 2.333, 'y': -0.487}, {'x': 2.667, 'y': 0.4997}, {'x': 3.0, 'y': -0.494}, {'x': 3.333, 'y': 0.4703}, {'x': 3.667, 'y': -0.4293}, {'x': 4.0, 'y': 0.3726}]}","{'formula': 'sin(10*x)/2', 'latex': '\\frac{\\sin{\\left(10 x \\right)}}{2}', 'properties': {'singularities': [], 'is_periodic': True, 'domain': 'Reals', 'period_value': 'pi/5'}}",auto_v2
MCM_201_6bd71778,"{'a': 2, 'b': 0, 'c': 1}","{'points': [{'x': -4.0, 'y': -0.8415}, {'x': -3.667, 'y': -0.6184}, {'x': -3.333, 'y': -0.3272}, {'x': -3.0, 'y': 0.0}, {'x': -2.667, 'y': 0.3272}, {'x': -2.333, 'y': 0.6184}, {'x': -2.0, 'y': 0.8415}, {'x': -1.667, 'y': 0.9719}, {'x': -1.333, 'y': 0.9954}, {'x': -1.0, 'y': 0.9093}, {'x': -0.667, 'y': 0.7231}, {'x': -0.333, 'y': 0.4573}, {'x': 0.0, 'y': 0.1411}, {'x': 0.333, 'y': -0.1906}, {'x': 0.667, 'y': -0.5013}, {'x': 1.0, 'y': -0.7568}, {'x': 1.333, 'y': -0.929}, {'x': 1.667, 'y': -0.999}, {'x': 2.0, 'y': -0.9589}, {'x': 2.333, 'y': -0.8133}, {'x': 2.667, 'y': -0.5782}, {'x': 3.0, 'y': -0.2794}, {'x': 3.333, 'y': 0.0501}, {'x': 3.667, 'y': 0.3742}, {'x': 4.0, 'y': 0.657}]}","{'formula': 'sin(x + 3)', 'latex': '\\sin{\\left(x + 3 \\right)}', 'properties': {'singularities': [], 'is_periodic': True, 'domain': 'Reals', 'period_value': '2*pi'}}",auto_v2
MCM_201_9fbc2552,"{'a': 2, 'b': 0, 'c': 1}","{'points': [{'x': -4.0, 'y': 0.8462}, {'x': -3.667, 'y': -0.6114}, {'x': -3.333, 'y': -0.7292}, {'x': -3.0, 'y': 0.751}, {'x': -2.667, 'y': 0.5854}, {'x': -2.333, 'y': -0.8631}, {'x': -2.0, 'y': -0.4202}, {'x': -1.667, 'y': 0.9435}, {'x': -1.333, 'y': 0.2395}, {'x': -1.0, 'y': -0.9894}, {'x': -0.667, 'y': -0.0501}, {'x': -0.333, 'y': 0.999}, {'x': 0.0, 'y': -0.1411}, {'x': 0.333, 'y': -0.9719}, {'x': 0.667, 'y': 0.3272}, {'x': 1.0, 'y': 0.9093}, {'x': 1.333, 'y': -0.5013}, {'x': 1.667, 'y': -0.8133}, {'x': 2.0, 'y': 0.657}, {'x': 2.333, 'y': 0.6876}, {'x': 2.667, 'y': -0.7886}, {'x': 3.0, 'y': -0.5366}, {'x': 3.333, 'y': 0.8913}, {'x': 3.667, 'y': 0.3659}, {'x': 4.0, 'y': -0.9614}]}","{'formula': 'sin(5*x - 3)', 'latex': '\\sin{\\left(5 x - 3 \\right)}', 'properties': {'singularities': [], 'is_periodic': True, 'domain': 'Reals', 'period_value': '2*pi/5'}}",auto_v2
MCM_201_a7d88283,"{'a': 2, 'b': 0, 'c': 1}","{'points': [{'x': -4.0, 'y': 2.8439}, {'x': -3.667, 'y': 2.0044}, {'x': -3.333, 'y': 1.1609}, {'x': -3.0, 'y': 1.0889}, {'x': -2.667, 'y': 1.8545}, {'x': -2.333, 'y': 2.7539}, {'x': -2.0, 'y': 2.9602}, {'x': -1.667, 'y': 2.2837}, {'x': -1.333, 'y': 1.3464}, {'x': -1.0, 'y': 1.01}, {'x': -0.667, 'y': 1.5839}, {'x': -0.333, 'y': 2.5403}, {'x': 0.0, 'y': 3.0}, {'x': 0.333, 'y': 2.5403}, {'x': 0.667, 'y': 1.5839}, {'x': 1.0, 'y': 1.01}, {'x': 1.333, 'y': 1.3464}, {'x': 1.667, 'y': 2.2837}, {'x': 2.0, 'y': 2.9602}, {'x': 2.333, 'y': 2.7539}, {'x': 2.667, 'y': 1.8545}, {'x': 3.0, 'y': 1.0889}, {'x': 3.333, 'y': 1.1609}, {'x': 3.667, 'y': 2.0044}, {'x': 4.0, 'y': 2.8439}]}","{'formula': 'cos(3*x) + 2', 'latex': '\\cos{\\left(3 x \\right)} + 2', 'properties': {'singularities': [], 'is_periodic': True, 'domain': 'Reals', 'period_value': '2*pi/3'}}",auto_v2
MCM_201_bc47d998,"{'a': 2, 'b': 0, 'c': 1}","{'points': [{'x': -4.0, 'y': 0.3464}, {'x': -3.667, 'y': 0.1347}, {'x': -3.333, 'y': 0.0183}, {'x': -3.0, 'y': 0.01}, {'x': -2.667, 'y': 0.1107}, {'x': -2.333, 'y': 0.3092}, {'x': -2.0, 'y': 0.5839}, {'x': -1.667, 'y': 0.9043}, {'x': -1.333, 'y': 1.2352}, {'x': -1.0, 'y': 1.5403}, {'x': -0.667, 'y': 1.7859}, {'x': -0.333, 'y': 1.945}, {'x': 0.0, 'y': 2.0}, {'x': 0.333, 'y': 1.945}, {'x': 0.667, 'y': 1.7859}, {'x': 1.0, 'y': 1.5403}, {'x': 1.333, 'y': 1.2352}, {'x': 1.667, 'y': 0.9043}, {'x': 2.0, 'y': 0.5839}, {'x': 2.333, 'y': 0.3092}, {'x': 2.667, 'y': 0.1107}, {'x': 3.0, 'y': 0.01}, {'x': 3.333, 'y': 0.0183}, {'x': 3.667, 'y': 0.1347}, {'x': 4.0, 'y': 0.3464}]}","{'formula': 'cos(x) + 1', 'latex': '\\cos{\\left(x \\right)} + 1', 'properties': {'singularities': [], 'is_periodic': True, 'domain': 'Reals', 'period_value': '2*pi'}}",auto_v2
MCM_202_bc356e6c,"{'a': 2, 'b': 0, 'c': 2}","{'points': [{'x': -3.0, 'y': -108.5}, {'x': -2.758, 'y': -98.8104}, {'x': -2.517, 'y': -89.9895}, {'x': -2.275, 'y': -82.1992}, {'x': -2.033, 'y': -75.7529}, {'x': -1.792, 'y': -71.3464}, {'x': -1.55, 'y': -70.8989}, {'x': -1.308, 'y': -82.3458}, {'x': -1.067, 'y': -228.6889}, {'x': -0.825, 'y': 46.5076}, {'x': -0.583, 'y': 8.7486}, {'x': -0.342, 'y': 2.0382}, {'x': -0.1, 'y': 0.8944}, {'x': 0.1, 'y': 1.2682}, {'x': 0.364, 'y': 2.3267}, {'x': 0.627, 'y': 3.4306}, {'x': 0.891, 'y': 4.27}, {'x': 1.155, 'y': 4.6871}, {'x': 1.418, 'y': 4.5925}, {'x': 1.682, 'y': 3.9322}, {'x': 1.945, 'y': 2.6714}, {'x': 2.209, 'y': 0.7869}, {'x': 2.473, 'y': -1.7375}, {'x': 2.736, 'y': -4.9137}, {'x': 3.0, 'y': -8.75}]}","{'formula': '(-5*x**3 + 10*x**2 + 3*x + 1)/(x + 1)', 'latex': '\\frac{- 5 x^{3} + 10 x^{2} + 3 x + 1}{x + 1}', 'properties': {'singularities': ['-1'], 'is_periodic': False, 'domain': 'Union(Interval.open(-oo, -1), Interval.open(-1, oo))'}}",auto_v2
MCM_202_88714942,"{'a': 2, 'b': 0, 'c': 2}","{'points': [{'x': -3.0, 'y': -3.5}, {'x': -2.758, 'y': -3.5322}, {'x': -2.517, 'y': -3.5687}, {'x': -2.275, 'y': -3.6107}, {'x': -2.033, 'y': -3.6593}, {'x': -1.792, 'y': -3.7164}, {'x': -1.55, 'y': -3.7843}, {'x': -1.308, 'y': -3.8664}, {'x': -1.067, 'y': -3.9677}, {'x': -0.825, 'y': -4.0959}, {'x': -0.583, 'y': -4.2632}, {'x': -0.342, 'y': -4.4907}, {'x': -0.1, 'y': -4.8182}, {'x': 0.1, 'y': -5.2222}, {'x': 0.364, 'y': -6.1429}, {'x': 0.627, 'y': -8.3659}, {'x': 0.891, 'y': -21.3333}, {'x': 1.155, 'y': 9.9412}, {'x': 1.418, 'y': 1.7826}, {'x': 1.682, 'y': -0.0667}, {'x': 1.945, 'y': -0.8846}, {'x': 2.209, 'y': -1.3459}, {'x': 2.473, 'y': -1.642}, {'x': 2.736, 'y': -1.8482}, {'x': 3.0, 'y': -2.0}]}","{'formula': '(5 - 3*x)/(x - 1)', 'latex': '\\frac{5 - 3 x}{x - 1}', 'properties': {'singularities': ['1'], 'is_periodic': False, 'domain': 'Union(Interval.open(-oo, 1), Interval.open(1, oo))'}}",auto_v2
MCM_202_c1e4bdc4,"{'a': 2, 'b': 0, 'c': 2}","{'points': [{'x': -3.0, 'y': 16.0}, {'x': -2.758, 'y': 17.4152}, {'x': -2.517, 'y': 18.2817}, {'x': -2.275, 'y': 18.6074}, {'x': -2.033, 'y': 18.4025}, {'x': -1.792, 'y': 17.681}, {'x': -1.55, 'y': 16.462}, {'x': -1.308, 'y': 14.7727}, {'x': -1.067, 'y': 12.653}, {'x': -0.825, 'y': 10.164}, {'x': -0.583, 'y': 7.4039}, {'x': -0.342, 'y': 4.5418}, {'x': -0.1, 'y': 1.8955}, {'x': 0.1, 'y': 0.3278}, {'x': 0.364, 'y': 0.7544}, {'x': 0.627, 'y': 10.9049}, {'x': 0.891, 'y': 106.3163}, {'x': 1.155, 'y': -152.9034}, {'x': 1.418, 'y': -97.3534}, {'x': 1.682, 'y': -92.9729}, {'x': 1.945, 'y': -97.538}, {'x': 2.209, 'y': -105.6517}, {'x': 2.473, 'y': -115.7816}, {'x': 2.736, 'y': -127.3258}, {'x': 3.0, 'y': -140.0}]}","{'formula': '(1 - 5*x)*(x**2 + 4*x - 1)/(x - 1)', 'latex': '\\frac{\\left(1 - 5 x\\right) \\left(x^{2} + 4 x - 1\\right)}{x - 1}', 'properties': {'singularities': ['1'], 'is_periodic': False, 'domain': 'Union(Interval.open(-oo, 1), Interval.open(1, oo))'}}",auto_v2
MCM_202_3461c267,"{'a': 2, 'b': 0, 'c': 2}","{'points': [{'x': -3.0, 'y': 5.4}, {'x': -2.758, 'y': 4.7969}, {'x': -2.517, 'y': 4.2068}, {'x': -2.275, 'y': 3.632}, {'x': -2.033, 'y': 3.0752}, {'x': -1.792, 'y': 2.5398}, {'x': -1.55, 'y': 2.0303}, {'x': -1.308, 'y': 1.5522}, {'x': -1.067, 'y': 1.113}, {'x': -0.825, 'y': 0.7228}, {'x': -0.583, 'y': 0.3952}, {'x': -0.342, 'y': 0.1496}, {'x': -0.1, 'y': 0.0143}, {'x': 0.1, 'y': 0.0158}, {'x': 0.364, 'y': 0.2424}, {'x': 0.627, 'y': 0.8599}, {'x': 0.891, 'y': 2.1469}, {'x': 1.155, 'y': 4.7299}, {'x': 1.418, 'y': 10.3705}, {'x': 1.682, 'y': 26.6688}, {'x': 1.945, 'y': 208.1636}, {'x': 2.209, 'y': -70.0186}, {'x': 2.473, 'y': -38.8028}, {'x': 2.736, 'y': -30.5054}, {'x': 3.0, 'y': -27.0}]}","{'formula': '-3*x**2/(x - 2)', 'latex': '- \\frac{3 x^{2}}{x - 2}', 'properties': {'singularities': ['2'], 'is_periodic': False, 'domain': 'Union(Interval.open(-oo, 2), Interval.open(2, oo))'}}",auto_v2
MCM_202_095d59e2,"{'a': 2, 'b': 0, 'c': 2}","{'points': [{'x': -3.0, 'y': -260.5}, {'x': -2.758, 'y': -191.7862}, {'x': -2.517, 'y': -137.478}, {'x': -2.275, 'y': -95.4374}, {'x': -2.033, 'y': -63.6786}, {'x': -1.792, 'y': -40.3497}, {'x': -1.55, 'y': -23.6688}, {'x': -1.308, 'y': -11.5549}, {'x': -1.067, 'y': 6.7608}, {'x': -0.825, 'y': -10.3812}, {'x': -0.583, 'y': -5.5019}, {'x': -0.342, 'y': -4.2474}, {'x': -0.1, 'y': -4.0053}, {'x': 0.1, 'y': -3.9953}, {'x': 0.364, 'y': -3.8074}, {'x': 0.627, 'y': -3.1707}, {'x': 0.891, 'y': -2.0575}, {'x': 1.155, 'y': -0.6834}, {'x': 1.418, 'y': 0.4986}, {'x': 1.682, 'y': 0.801}, {'x': 1.945, 'y': -0.6969}, {'x': 2.209, 'y': -5.1489}, {'x': 2.473, 'y': -13.9408}, {'x': 2.736, 'y': -28.6911}, {'x': 3.0, 'y': -51.25}]}","{'formula': '(x**3*(-2*x**2 + 2*x + 5) - 4*x - 4)/(x + 1)', 'latex': '\\frac{x^{3} \\left(- 2 x^{2} + 2 x + 5\\right) - 4 x - 4}{x + 1}', 'properties': {'singularities': ['-1'], 'is_periodic': False, 'domain': 'Union(Interval.open(-oo, -1), Interval.open(-1, oo))'}}",auto_v2
MCM_202_b71748d1,"{'a': 2, 'b': 0, 'c': 2}","{'points': [{'x': -3.0, 'y': -13.0}, {'x': -2.758, 'y': -15.8681}, {'x': -2.517, 'y': -21.4194}, {'x': -2.275, 'y': -36.7273}, {'x': -2.033, 'y': -274.0}, {'x': -1.792, 'y': 39.2}, {'x': -1.55, 'y': 16.0}, {'x': -1.308, 'y': 9.012}, {'x': -1.067, 'y': 5.6429}, {'x': -0.825, 'y': 3.6596}, {'x': -0.583, 'y': 2.3529}, {'x': -0.342, 'y': 1.4271}, {'x': -0.1, 'y': 0.7368}, {'x': 0.1, 'y': 0.2857}, {'x': 0.364, 'y': -0.1923}, {'x': 0.627, 'y': -0.5744}, {'x': 0.891, 'y': -0.8868}, {'x': 1.155, 'y': -1.147}, {'x': 1.418, 'y': -1.367}, {'x': 1.682, 'y': -1.5556}, {'x': 1.945, 'y': -1.7189}, {'x': 2.209, 'y': -1.8618}, {'x': 2.473, 'y': -1.9878}, {'x': 2.736, 'y': -2.0998}, {'x': 3.0, 'y': -2.2}]}","{'formula': '(1 - 4*x)/(x + 2)', 'latex': '\\frac{1 - 4 x}{x + 2}', 'properties': {'singularities': ['-2'], 'is_periodic': False, 'domain': 'Union(Interval.open(-oo, -2), Interval.open(-2, oo))'}}",auto_v2
MCM_202_5cad22d8,"{'a': 2, 'b': 0, 'c': 2}","{'points': [{'x': -3.0, 'y': -3.0}, {'x': -2.758, 'y': -2.8714}, {'x': -2.517, 'y': -2.7251}, {'x': -2.275, 'y': -2.5573}, {'x': -2.033, 'y': -2.3626}, {'x': -1.792, 'y': -2.1343}, {'x': -1.55, 'y': -1.8627}, {'x': -1.308, 'y': -1.5343}, {'x': -1.067, 'y': -1.129}, {'x': -0.825, 'y': -0.6164}, {'x': -0.583, 'y': 0.0526}, {'x': -0.342, 'y': 0.9627}, {'x': -0.1, 'y': 2.2727}, {'x': 0.1, 'y': 3.8889}, {'x': 0.364, 'y': 7.5714}, {'x': 0.627, 'y': 16.4634}, {'x': 0.891, 'y': 68.3333}, {'x': 1.155, 'y': -56.7647}, {'x': 1.418, 'y': -24.1304}, {'x': 1.682, 'y': -16.7333}, {'x': 1.945, 'y': -13.4615}, {'x': 2.209, 'y': -11.6165}, {'x': 2.473, 'y': -10.4321}, {'x': 2.736, 'y': -9.6073}, {'x': 3.0, 'y': -9.0}]}","{'formula': '(-5*x - 3)/(x - 1)', 'latex': '\\frac{- 5 x - 3}{x - 1}', 'properties': {'singularities': ['1'], 'is_periodic': False, 'domain': 'Union(Interval.open(-oo, 1), Interval.open(1, oo))'}}",auto_v2
MCM_203_05bfc2b9,"{'a': 2, 'b': 0, 'c': 3}","{'points': [{'x': -3.0, 'y': 51.5006}, {'x': -2.758, 'y': 46.5967}, {'x': -2.517, 'y': 42.2304}, {'x': -2.275, 'y': 38.4287}, {'x': -2.033, 'y': 35.2271}, {'x': -1.792, 'y': 32.662}, {'x': -1.55, 'y': 30.7189}, {'x': -1.308, 'y': 29.0431}, {'x': -1.067, 'y': 25.1331}, {'x': -0.825, 'y': 1.4329}, {'x': -0.583, 'y': -10.9355}, {'x': -0.342, 'y': -0.6655}, {'x': -0.1, 'y': -13.7107}, {'x': 0.1, 'y': -27.8719}, {'x': 0.364, 'y': -39.8914}, {'x': 0.627, 'y': -69.6537}, {'x': 0.891, 'y': -261.9781}, {'x': 1.155, 'y': 216.086}, {'x': 1.418, 'y': 96.949}, {'x': 1.682, 'y': 73.7007}, {'x': 1.945, 'y': 66.4462}, {'x': 2.209, 'y': 65.0118}, {'x': 2.473, 'y': 66.5287}, {'x': 2.736, 'y': 69.881}, {'x': 3.0, 'y': 74.5474}]}","{'formula': '(2*x**2 + 5)**2*sin(2/(2*x + 1))/(x - 1)', 'latex': '\\frac{\\left(2 x^{2} + 5\\right)^{2} \\sin{\\left(\\frac{2}{2 x + 1} \\right)}}{x - 1}', 'properties': {'singularities': ['-1/2', '1'], 'is_periodic': False, 'domain': 'Union(Interval.open(-oo, -1/2), Interval.open(-1/2, 1), Interval.open(1, oo))'}}",auto_v2
MCM_203_12210172,"{'a': 2, 'b': 0, 'c': 3}","{'points': [{'x': -4.0, 'y': 23.1447}, {'x': -3.667, 'y': 19.7258}, {'x': -3.333, 'y': 16.3426}, {'x': -3.0, 'y': 13.0035}, {'x': -2.667, 'y': 9.7194}, {'x': -2.333, 'y': 6.5053}, {'x': -2.0, 'y': 3.3821}, {'x': -1.667, 'y': 0.3796}, {'x': -1.333, 'y': -2.458}, {'x': -1.0, 'y': -5.0624}, {'x': -0.667, 'y': -7.3231}, {'x': -0.333, 'y': -9.0503}, {'x': 0.0, 'y': -9.8939}, {'x': 0.333, 'y': -9.1557}, {'x': 0.667, 'y': -5.3851}, {'x': 1.0, 'y': 2.7279}, {'x': 1.333, 'y': -3.9739}, {'x': 1.667, 'y': 7.7926}, {'x': 2.0, 'y': -40.0091}, {'x': 2.333, 'y': -58.3042}, {'x': 2.667, 'y': -63.1659}, {'x': 3.0, 'y': -66.1656}, {'x': 3.333, 'y': -68.9437}, {'x': 3.667, 'y': -71.7965}, {'x': 4.0, 'y': -74.7683}]}","{'formula': '(-11*x**2 - 8*x + 16)*sin(2/(2*x - 3))', 'latex': '\\left(- 11 x^{2} - 8 x + 16\\right) \\sin{\\left(\\frac{2}{2 x - 3} \\right)}', 'properties': {'singularities': ['3/2'], 'is_periodic': False, 'domain': 'Union(Interval.open(-oo, 3/2), Interval.open(3/2, oo))'}}",auto_v2
MCM_203_d82d9fe8,"{'a': 2, 'b': 0, 'c': 3}","{'points': [{'x': -3.0, 'y': -133.5679}, {'x': -2.758, 'y': -136.6747}, {'x': -2.517, 'y': -140.0501}, {'x': -2.275, 'y': -140.4379}, {'x': -2.033, 'y': -119.5302}, {'x': -1.792, 'y': 29.9014}, {'x': -1.55, 'y': -79.6323}, {'x': -1.308, 'y': -61.315}, {'x': -1.067, 'y': 40.1089}, {'x': -0.825, 'y': 39.3931}, {'x': -0.583, 'y': 23.2989}, {'x': -0.342, 'y': 10.9088}, {'x': -0.1, 'y': 2.5454}, {'x': 0.1, 'y': -2.1125}, {'x': 0.364, 'y': -5.9852}, {'x': 0.627, 'y': -7.8989}, {'x': 0.891, 'y': -8.1657}, {'x': 1.155, 'y': -6.6734}, {'x': 1.418, 'y': -2.4002}, {'x': 1.682, 'y': 9.8581}, {'x': 1.945, 'y': 138.8838}, {'x': 2.209, 'y': -55.6909}, {'x': 2.473, 'y': -32.0276}, {'x': 2.736, 'y': -24.3221}, {'x': 3.0, 'y': -19.8358}]}","{'formula': '5*x*(x - 5)*(2*x - 3)*sin(2/(2*x + 3))/(x - 2)', 'latex': '\\frac{5 x \\left(x - 5\\right) \\left(2 x - 3\\right) \\sin{\\left(\\frac{2}{2 x + 3} \\right)}}{x - 2}', 'properties': {'singularities': ['-3/2', '2'], 'is_periodic': False, 'domain': 'Union(Interval.open(-oo, -3/2), Interval.open(-3/2, 2), Interval.open(2, oo))'}}",auto_v2
MCM_203_6271668b,"{'a': 2, 'b': 0, 'c': 3}","{'points': [{'x': -4.0, 'y': -46.1596}, {'x': -3.667, 'y': -38.4882}, {'x': -3.333, 'y': -31.4834}, {'x': -3.0, 'y': -25.1453}, {'x': -2.667, 'y': -19.4746}, {'x': -2.333, 'y': -14.4723}, {'x': -2.0, 'y': -10.1413}, {'x': -1.667, 'y': -6.4872}, {'x': -1.333, 'y': -3.521}, {'x': -1.0, 'y': -1.2124}, {'x': -0.667, 'y': 0.1685}, {'x': -0.333, 'y': -0.2732}, {'x': 0.0, 'y': 1.8186}, {'x': 0.333, 'y': 4.5566}, {'x': 0.667, 'y': -3.1919}, {'x': 1.0, 'y': -2.4735}, {'x': 1.333, 'y': -4.3119}, {'x': 1.667, 'y': -7.0969}, {'x': 2.0, 'y': -10.6441}, {'x': 2.333, 'y': -14.9018}, {'x': 2.667, 'y': -19.8497}, {'x': 3.0, 'y': -25.4786}, {'x': 3.333, 'y': -31.7833}, {'x': 3.667, 'y': -38.7608}, {'x': 4.0, 'y': -46.4095}]}","{'formula': '(-6*x**4 + 4*x**2 - 2)*sin(2/(2*x + 1))/(2*x - 1)', 'latex': '\\frac{\\left(- 6 x^{4} + 4 x^{2} - 2\\right) \\sin{\\left(\\frac{2}{2 x + 1} \\right)}}{2 x - 1}', 'properties': {'singularities': ['-1/2', '1/2'], 'is_periodic': False, 'domain': 'Union(Interval.open(-oo, -1/2), Interval.open(-1/2, 1/2), Interval.open(1/2, oo))'}}",auto_v2
MCM_203_e5f389db,"{'a': 2, 'b': 0, 'c': 3}","{'points': [{'x': -3.0, 'y': 34.6287}, {'x': -2.758, 'y': 29.5204}, {'x': -2.517, 'y': 23.9108}, {'x': -2.275, 'y': 17.1053}, {'x': -2.033, 'y': 7.862}, {'x': -1.792, 'y': 0.1578}, {'x': -1.55, 'y': -9.0771}, {'x': -1.308, 'y': -21.8517}, {'x': -1.067, 'y': 89.9757}, {'x': -0.825, 'y': -42.5533}, {'x': -0.583, 'y': -13.7737}, {'x': -0.342, 'y': -6.4145}, {'x': -0.1, 'y': -3.6756}, {'x': 0.1, 'y': -2.686}, {'x': 0.364, 'y': -2.1092}, {'x': 0.627, 'y': -1.8532}, {'x': 0.891, 'y': -1.6558}, {'x': 1.155, 'y': -1.3849}, {'x': 1.418, 'y': -0.9679}, {'x': 1.682, 'y': -0.3621}, {'x': 1.945, 'y': 0.4591}, {'x': 2.209, 'y': 1.5131}, {'x': 2.473, 'y': 2.8114}, {'x': 2.736, 'y': 4.3622}, {'x': 3.0, 'y': 6.1711}]}","{'formula': '(2*x**4 - 5*x**2 - 5)*sin(2/(2*x + 3))/(x + 1)', 'latex': '\\frac{\\left(2 x^{4} - 5 x^{2} - 5\\right) \\sin{\\left(\\frac{2}{2 x + 3} \\right)}}{x + 1}', 'properties': {'singularities': ['-3/2', '-1'], 'is_periodic': False, 'domain': 'Union(Interval.open(-oo, -3/2), Interval.open(-3/2, -1), Interval.open(-1, oo))'}}",auto_v2
MCM_203_4d3d5bf6,"{'a': 2, 'b': 0, 'c': 3}","{'points': [{'x': -3.0, 'y': 0.6982}, {'x': -2.758, 'y': 0.6759}, {'x': -2.517, 'y': 0.6501}, {'x': -2.275, 'y': 0.6202}, {'x': -2.033, 'y': 0.5849}, {'x': -1.792, 'y': 0.5428}, {'x': -1.55, 'y': 0.4919}, {'x': -1.308, 'y': 0.4294}, {'x': -1.067, 'y': 0.3515}, {'x': -0.825, 'y': 0.2529}, {'x': -0.583, 'y': 0.1285}, {'x': -0.342, 'y': -0.0175}, {'x': -0.1, 'y': -0.1067}, {'x': 0.1, 'y': 0.2662}, {'x': 0.364, 'y': -0.0485}, {'x': 0.627, 'y': 1.7462}, {'x': 0.891, 'y': 1.1712}, {'x': 1.155, 'y': 1.3774}, {'x': 1.418, 'y': 0.7388}, {'x': 1.682, 'y': -0.2513}, {'x': 1.945, 'y': 1.5076}, {'x': 2.209, 'y': 0.6225}, {'x': 2.473, 'y': -0.0326}, {'x': 2.736, 'y': 0.6436}, {'x': 3.0, 'y': 0.9297}]}","{'formula': 'sin(2/(2*x - 1)) + cos(1/(x - 2))', 'latex': '\\sin{\\left(\\frac{2}{2 x - 1} \\right)} + \\cos{\\left(\\frac{1}{x - 2} \\right)}', 'properties': {'singularities': ['1/2', '2'], 'is_periodic': False, 'domain': 'Union(Interval.open(-oo, 1/2), Interval.open(1/2, 2), Interval.open(2, oo))'}}",auto_v2
MCM_203_8b2c2fdd,"{'a': 2, 'b': 0, 'c': 3}","{'points': [{'x': -3.0, 'y': -78.8571}, {'x': -2.758, 'y': -81.386}, {'x': -2.517, 'y': -91.542}, {'x': -2.275, 'y': -128.5029}, {'x': -2.033, 'y': -767.5895}, {'x': -1.792, 'y': 85.3609}, {'x': -1.55, 'y': 25.9361}, {'x': -1.308, 'y': 10.1035}, {'x': -1.067, 'y': 3.7168}, {'x': -0.825, 'y': 0.7144}, {'x': -0.583, 'y': -0.8415}, {'x': -0.342, 'y': -1.7855}, {'x': -0.1, 'y': -2.5962}, {'x': 0.1, 'y': -3.5235}, {'x': 0.364, 'y': -7.5039}, {'x': 0.627, 'y': 2.8759}, {'x': 0.891, 'y': -1.8272}, {'x': 1.155, 'y': -3.711}, {'x': 1.418, 'y': -5.474}, {'x': 1.682, 'y': -7.4267}, {'x': 1.945, 'y': -9.6639}, {'x': 2.209, 'y': -12.2282}, {'x': 2.473, 'y': -15.1431}, {'x': 2.736, 'y': -18.4236}, {'x': 3.0, 'y': -22.08}]}","{'formula': '(-6*x**4 - 8*x**2 + 6)/((x + 2)*(2*x - 1))', 'latex': '\\frac{- 6 x^{4} - 8 x^{2} + 6}{\\left(x + 2\\right) \\left(2 x - 1\\right)}', 'properties': {'singularities': ['-2', '1/2'], 'is_periodic': False, 'domain': 'Union(Interval.open(-oo, -2), Interval.open(-2, 1/2), Interval.open(1/2, oo))'}}",auto_v2
MCM_203_6d33e775,"{'a': 2, 'b': 0, 'c': 3}","{'points': [{'x': -3.0, 'y': 78.0}, {'x': -2.758, 'y': 89.5389}, {'x': -2.517, 'y': 113.0027}, {'x': -2.275, 'y': 179.8295}, {'x': -2.033, 'y': 1233.1667}, {'x': -1.792, 'y': -160.0417}, {'x': -1.55, 'y': -58.1389}, {'x': -1.308, 'y': -28.2897}, {'x': -1.067, 'y': -14.5238}, {'x': -0.825, 'y': -6.9176}, {'x': -0.583, 'y': -2.3186}, {'x': -0.342, 'y': 0.5877}, {'x': -0.1, 'y': 2.4474}, {'x': 0.1, 'y': 3.4524}, {'x': 0.364, 'y': 4.2587}, {'x': 0.627, 'y': 4.6387}, {'x': 0.891, 'y': 4.709}, {'x': 1.155, 'y': 4.5472}, {'x': 1.418, 'y': 4.207}, {'x': 1.682, 'y': 3.7267}, {'x': 1.945, 'y': 3.1345}, {'x': 2.209, 'y': 2.4513}, {'x': 2.473, 'y': 1.6933}, {'x': 2.736, 'y': 0.8729}, {'x': 3.0, 'y': 0.0}]}","{'formula': '(3 - x)*(5*x + 2)/(x + 2)', 'latex': '\\frac{\\left(3 - x\\right) \\left(5 x + 2\\right)}{x + 2}', 'properties': {'singularities': ['-2'], 'is_periodic': False, 'domain': 'Union(Interval.open(-oo, -2), Interval.open(-2, oo))'}}",auto_v2
MCM_210_52c5363b,"{'a': 2, 'b': 1, 'c': 0}","{'points': [{'x': -4.0, 'y': 0.0}, {'x': -3.667, 'y': 2.3393}, {'x': -3.333, 'y': 1.6516}, {'x': -3.0, 'y': -1.6934}, {'x': -2.667, 'y': -6.7067}, {'x': -2.333, 'y': -12.0514}, {'x': -2.0, 'y': -16.3674}, {'x': -1.667, 'y': -18.5809}, {'x': -1.333, 'y': -18.1428}, {'x': -1.0, 'y': -15.1465}, {'x': -0.667, 'y': -10.3062}, {'x': -0.333, 'y': -4.7989}, {'x': 0.0, 'y': 0.0}, {'x': 0.333, 'y': 2.8357}, {'x': 0.667, 'y': 2.8857}, {'x': 1.0, 'y': 0.0}, {'x': 1.333, 'y': -5.1837}, {'x': 1.667, 'y': -11.2813}, {'x': 2.0, 'y': -16.3674}, {'x': 2.333, 'y': -18.3182}, {'x': 2.667, 'y': -15.2424}, {'x': 3.0, 'y': -5.927}, {'x': 3.333, 'y': 9.7825}, {'x': 3.667, 'y': 30.745}, {'x': 4.0, 'y': 54.4898}]}","{'formula': '(3 - 3*x)*(x + 4)*sin(x)', 'latex': '\\left(3 - 3 x\\right) \\left(x + 4\\right) \\sin{\\left(x \\right)}', 'properties': {'singularities': [], 'is_periodic': False, 'domain': 'Reals'}}",auto_v2
MCM_210_f876170a,"{'a': 2, 'b': 1, 'c': 0}","{'points': [{'x': -4.0, 'y': 0.0}, {'x': -3.667, 'y': 4.6266}, {'x': -3.333, 'y': 3.7415}, {'x': -3.0, 'y': -3.9118}, {'x': -2.667, 'y': -14.0977}, {'x': -2.333, 'y': -19.9791}, {'x': -2.0, 'y': -16.6497}, {'x': -1.667, 'y': -4.4466}, {'x': -1.333, 'y': 10.9745}, {'x': -1.0, 'y': 21.8231}, {'x': -0.667, 'y': 22.6786}, {'x': -0.333, 'y': 13.6041}, {'x': 0.0, 'y': -0.0}, {'x': 0.333, 'y': -10.7184}, {'x': 0.667, 'y': -13.6071}, {'x': 1.0, 'y': -9.093}, {'x': 1.333, 'y': -2.4388}, {'x': 1.667, 'y': 0.0}, {'x': 2.0, 'y': -4.5408}, {'x': 2.333, 'y': -12.6534}, {'x': 2.667, 'y': -16.2666}, {'x': 3.0, 'y': -7.8236}, {'x': 3.333, 'y': 13.7189}, {'x': 3.667, 'y': 39.9049}, {'x': 4.0, 'y': 55.4041}]}","{'formula': '(x + 4)*(3*x - 5)*sin(2*x)', 'latex': '\\left(x + 4\\right) \\left(3 x - 5\\right) \\sin{\\left(2 x \\right)}', 'properties': {'singularities': [], 'is_periodic': False, 'domain': 'Reals'}}",auto_v2
MCM_210_88d22aca,"{'a': 2, 'b': 1, 'c': 0}","{'points': [{'x': -1.5, 'y': 0.0}, {'x': -1.375, 'y': 0.0}, {'x': -1.25, 'y': 0.0}, {'x': -1.125, 'y': 0.0}, {'x': -1.0, 'y': 0.0}, {'x': -0.875, 'y': 0.0}, {'x': -0.75, 'y': 0.0}, {'x': -0.625, 'y': 0.0}, {'x': -0.5, 'y': 0.0}, {'x': -0.375, 'y': 0.0}, {'x': -0.25, 'y': 0.0}, {'x': -0.125, 'y': 0.0051}, {'x': 0.0, 'y': 0.1353}, {'x': 0.125, 'y': 0.7548}, {'x': 0.25, 'y': 0.8825}, {'x': 0.375, 'y': 0.2163}, {'x': 0.5, 'y': 0.0111}, {'x': 0.625, 'y': 0.0001}, {'x': 0.75, 'y': 0.0}, {'x': 0.875, 'y': 0.0}, {'x': 1.0, 'y': 0.0}, {'x': 1.125, 'y': 0.0}, {'x': 1.25, 'y': 0.0}, {'x': 1.375, 'y': 0.0}, {'x': 1.5, 'y': 0.0}]}","{'formula': 'exp(-2*(5*x - 1)**2)', 'latex': 'e^{- 2 \\left(5 x - 1\\right)^{2}}', 'properties': {'singularities': [], 'is_periodic': False, 'domain': 'Reals'}}",auto_v2
MCM_210_083b4fa6,"{'a': 2, 'b': 1, 'c': 0}","{'points': [{'x': -4.0, 'y': -0.7422}, {'x': -3.667, 'y': 0.7881}, {'x': -3.333, 'y': -0.5932}, {'x': -3.0, 'y': -0.888}, {'x': -2.667, 'y': -0.7808}, {'x': -2.333, 'y': -0.7122}, {'x': -2.0, 'y': 0.8342}, {'x': -1.667, 'y': -0.7155}, {'x': -1.333, 'y': 0.9724}, {'x': -1.0, 'y': 0.5403}, {'x': -0.667, 'y': 0.3761}, {'x': -0.333, 'y': 0.4102}, {'x': 0.0, 'y': 1.0}, {'x': 0.333, 'y': 0.4102}, {'x': 0.667, 'y': 0.3761}, {'x': 1.0, 'y': 0.5403}, {'x': 1.333, 'y': 0.9724}, {'x': 1.667, 'y': -0.7155}, {'x': 2.0, 'y': 0.8342}, {'x': 2.333, 'y': -0.7122}, {'x': 2.667, 'y': -0.7808}, {'x': 3.0, 'y': -0.888}, {'x': 3.333, 'y': -0.5932}, {'x': 3.667, 'y': 0.7881}, {'x': 4.0, 'y': -0.7422}]}","{'formula': 'cos(x*(5*x**2 - 4))', 'latex': '\\cos{\\left(x \\left(5 x^{2} - 4\\right) \\right)}', 'properties': {'singularities': [], 'is_periodic': False, 'domain': 'Reals'}}",auto_v2
MCM_210_8f7aa9ab,"{'a': 2, 'b': 1, 'c': 0}","{'points': [{'x': -4.0, 'y': 0.3837}, {'x': -3.667, 'y': -0.9352}, {'x': -3.333, 'y': -0.9992}, {'x': -3.0, 'y': 0.9996}, {'x': -2.667, 'y': 0.921}, {'x': -2.333, 'y': -0.3239}, {'x': -2.0, 'y': 0.7985}, {'x': -1.667, 'y': -0.5211}, {'x': -1.333, 'y': 0.9993}, {'x': -1.0, 'y': 0.7767}, {'x': -0.667, 'y': -0.6118}, {'x': -0.333, 'y': -0.7454}, {'x': 0.0, 'y': 0.9912}, {'x': 0.333, 'y': 0.6386}, {'x': 0.667, 'y': 0.6684}, {'x': 1.0, 'y': 0.5403}, {'x': 1.333, 'y': 0.9938}, {'x': 1.667, 'y': -0.9345}, {'x': 2.0, 'y': -0.9111}, {'x': 2.333, 'y': 0.9974}, {'x': 2.667, 'y': 0.7679}, {'x': 3.0, 'y': 0.3006}, {'x': 3.333, 'y': 0.9462}, {'x': 3.667, 'y': 0.6943}, {'x': 4.0, 'y': -0.0487}]}","{'formula': 'cos((4*x - 5)**2)', 'latex': '\\cos{\\left(\\left(4 x - 5\\right)^{2} \\right)}', 'properties': {'singularities': [], 'is_periodic': False, 'domain': 'Reals'}}",auto_v2
MCM_210_2faa2d9d,"{'a': 2, 'b': 1, 'c': 0}","{'points': [{'x': -4.0, 'y': -39.1549}, {'x': -3.667, 'y': 91.4204}, {'x': -3.333, 'y': 56.0302}, {'x': -3.0, 'y': -32.1944}, {'x': -2.667, 'y': -40.9404}, {'x': -2.333, 'y': 2.7463}, {'x': -2.0, 'y': 19.7872}, {'x': -1.667, 'y': 4.7115}, {'x': -1.333, 'y': -6.0247}, {'x': -1.0, 'y': -3.0272}, {'x': -0.667, 'y': 0.8807}, {'x': -0.333, 'y': 0.72}, {'x': 0.0, 'y': 0.0}, {'x': 0.333, 'y': 0.72}, {'x': 0.667, 'y': 0.8807}, {'x': 1.0, 'y': -3.0272}, {'x': 1.333, 'y': -6.0247}, {'x': 1.667, 'y': 4.7115}, {'x': 2.0, 'y': 19.7872}, {'x': 2.333, 'y': 2.7463}, {'x': 2.667, 'y': -40.9404}, {'x': 3.0, 'y': -32.1944}, {'x': 3.333, 'y': 56.0302}, {'x': 3.667, 'y': 91.4204}, {'x': 4.0, 'y': -39.1549}]}","{'formula': '2*x*(x**2 + 1)*sin(4*x)', 'latex': '2 x \\left(x^{2} + 1\\right) \\sin{\\left(4 x \\right)}', 'properties': {'singularities': [], 'is_periodic': False, 'domain': 'Reals'}}",auto_v2
MCM_210_e12eed1f,"{'a': 2, 'b': 1, 'c': 0}","{'points': [{'x': -4.0, 'y': 230.068}, {'x': -3.667, 'y': 116.2034}, {'x': -3.333, 'y': 32.7495}, {'x': -3.0, 'y': -17.3578}, {'x': -2.667, 'y': -38.4786}, {'x': -2.333, 'y': -39.1805}, {'x': -2.0, 'y': -29.0975}, {'x': -1.667, 'y': -16.4058}, {'x': -1.333, 'y': -6.3356}, {'x': -1.0, 'y': -0.8415}, {'x': -0.667, 'y': 0.7329}, {'x': -0.333, 'y': 0.3757}, {'x': 0.0, 'y': 0.0}, {'x': 0.333, 'y': 0.3757}, {'x': 0.667, 'y': 0.7329}, {'x': 1.0, 'y': -0.8415}, {'x': 1.333, 'y': -6.3356}, {'x': 1.667, 'y': -16.4058}, {'x': 2.0, 'y': -29.0975}, {'x': 2.333, 'y': -39.1805}, {'x': 2.667, 'y': -38.4786}, {'x': 3.0, 'y': -17.3578}, {'x': 3.333, 'y': 32.7495}, {'x': 3.667, 'y': 116.2034}, {'x': 4.0, 'y': 230.068}]}","{'formula': 'x*(4 - 5*x**2)*sin(x)', 'latex': 'x \\left(4 - 5 x^{2}\\right) \\sin{\\left(x \\right)}', 'properties': {'singularities': [], 'is_periodic': False, 'domain': 'Reals'}}",auto_v2
MCM_210_9e6423ac,"{'a': 2, 'b': 1, 'c': 0}","{'points': [{'x': -4.0, 'y': 0.2538}, {'x': -3.667, 'y': 0.0809}, {'x': -3.333, 'y': -0.275}, {'x': -3.0, 'y': 0.9999}, {'x': -2.667, 'y': -0.7423}, {'x': -2.333, 'y': -0.9958}, {'x': -2.0, 'y': -0.5366}, {'x': -1.667, 'y': 0.9941}, {'x': -1.333, 'y': -0.9478}, {'x': -1.0, 'y': 0.1411}, {'x': -0.667, 'y': 0.9983}, {'x': -0.333, 'y': 0.647}, {'x': 0.0, 'y': -0.0}, {'x': 0.333, 'y': -0.647}, {'x': 0.667, 'y': -0.9983}, {'x': 1.0, 'y': -0.1411}, {'x': 1.333, 'y': 0.9478}, {'x': 1.667, 'y': -0.9941}, {'x': 2.0, 'y': 0.5366}, {'x': 2.333, 'y': 0.9958}, {'x': 2.667, 'y': 0.7423}, {'x': 3.0, 'y': -0.9999}, {'x': 3.333, 'y': 0.275}, {'x': 3.667, 'y': -0.0809}, {'x': 4.0, 'y': -0.2538}]}","{'formula': '-sin(x*(x**2 + 2))', 'latex': '- \\sin{\\left(x \\left(x^{2} + 2\\right) \\right)}', 'properties': {'singularities': [], 'is_periodic': False, 'domain': 'Reals'}}",auto_v2
MCM_210_0061387a,"{'a': 2, 'b': 1, 'c': 0}","{'points': [{'x': -1.5, 'y': 0.0109}, {'x': -1.375, 'y': 0.019}, {'x': -1.25, 'y': 0.0251}, {'x': -1.125, 'y': 0.0184}, {'x': -1.0, 'y': -0.0191}, {'x': -0.875, 'y': -0.1068}, {'x': -0.75, 'y': -0.2526}, {'x': -0.625, 'y': -0.4368}, {'x': -0.5, 'y': -0.605}, {'x': -0.375, 'y': -0.6811}, {'x': -0.25, 'y': -0.6015}, {'x': -0.125, 'y': -0.355}, {'x': 0.0, 'y': 0.0}, {'x': 0.125, 'y': 0.355}, {'x': 0.25, 'y': 0.6015}, {'x': 0.375, 'y': 0.6811}, {'x': 0.5, 'y': 0.605}, {'x': 0.625, 'y': 0.4368}, {'x': 0.75, 'y': 0.2526}, {'x': 0.875, 'y': 0.1068}, {'x': 1.0, 'y': 0.0191}, {'x': 1.125, 'y': -0.0184}, {'x': 1.25, 'y': -0.0251}, {'x': 1.375, 'y': -0.019}, {'x': 1.5, 'y': -0.0109}]}","{'formula': 'exp(-2*x**2)*sin(3*x)', 'latex': 'e^{- 2 x^{2}} \\sin{\\left(3 x \\right)}', 'properties': {'singularities': [], 'is_periodic': False, 'domain': 'Reals'}}",auto_v2
MCM_210_14324989,"{'a': 2, 'b': 1, 'c': 0}","{'points': [{'x': -4.0, 'y': -0.0487}, {'x': -3.667, 'y': 0.6943}, {'x': -3.333, 'y': 0.9462}, {'x': -3.0, 'y': 0.3006}, {'x': -2.667, 'y': 0.7679}, {'x': -2.333, 'y': 0.9974}, {'x': -2.0, 'y': -0.9111}, {'x': -1.667, 'y': -0.9345}, {'x': -1.333, 'y': 0.9938}, {'x': -1.0, 'y': 0.5403}, {'x': -0.667, 'y': 0.6684}, {'x': -0.333, 'y': 0.6386}, {'x': 0.0, 'y': 0.9912}, {'x': 0.333, 'y': -0.7454}, {'x': 0.667, 'y': -0.6118}, {'x': 1.0, 'y': 0.7767}, {'x': 1.333, 'y': 0.9993}, {'x': 1.667, 'y': -0.5211}, {'x': 2.0, 'y': 0.7985}, {'x': 2.333, 'y': -0.3239}, {'x': 2.667, 'y': 0.921}, {'x': 3.0, 'y': 0.9996}, {'x': 3.333, 'y': -0.9992}, {'x': 3.667, 'y': -0.9352}, {'x': 4.0, 'y': 0.3837}]}","{'formula': 'cos((4*x + 5)**2)', 'latex': '\\cos{\\left(\\left(4 x + 5\\right)^{2} \\right)}', 'properties': {'singularities': [], 'is_periodic': False, 'domain': 'Reals'}}",auto_v2
MCM_211_87f80078,"{'a': 2, 'b': 1, 'c': 1}","{'points': [{'x': -4.0, 'y': -0.0939}, {'x': -3.667, 'y': -3.0943}, {'x': -3.333, 'y': -1.3618}, {'x': -3.0, 'y': 2.4536}, {'x': -2.667, 'y': 2.5162}, {'x': -2.333, 'y': -1.2698}, {'x': -2.0, 'y': -3.1136}, {'x': -1.667, 'y': -0.1951}, {'x': -1.333, 'y': 3.0218}, {'x': -1.0, 'y': 1.6168}, {'x': -0.667, 'y': -2.2611}, {'x': -0.333, 'y': -2.6806}, {'x': 0.0, 'y': 1.0}, {'x': 0.333, 'y': 3.1511}, {'x': 0.667, 'y': 0.4825}, {'x': 1.0, 'y': -2.9241}, {'x': 1.333, 'y': -1.8582}, {'x': 1.667, 'y': 2.0498}, {'x': 2.0, 'y': 2.8226}, {'x': 2.333, 'y': -0.7219}, {'x': 2.667, 'y': -3.1622}, {'x': 3.0, 'y': -0.7659}, {'x': 3.333, 'y': 2.8019}, {'x': 3.667, 'y': 2.0841}, {'x': 4.0, 'y': -1.8214}]}","{'formula': '3*sin(4*x) + cos(4*x)', 'latex': '3 \\sin{\\left(4 x \\right)} + \\cos{\\left(4 x \\right)}', 'properties': {'singularities': [], 'is_periodic': True, 'domain': 'Reals', 'period_value': 'pi/2'}}",auto_v2
MCM_211_f30c86bc,"{'a': 2, 'b': 1, 'c': 1}","{'points': [{'x': -1.5, 'y': 0.3826}, {'x': -1.375, 'y': 0.4765}, {'x': -1.25, 'y': 0.5908}, {'x': -1.125, 'y': 0.4264}, {'x': -1.0, 'y': -0.3682}, {'x': -0.875, 'y': -1.269}, {'x': -0.75, 'y': -1.378}, {'x': -0.625, 'y': -0.9384}, {'x': -0.5, 'y': -0.5483}, {'x': -0.375, 'y': -0.3475}, {'x': -0.25, 'y': -0.2639}, {'x': -0.125, 'y': -0.204}, {'x': 0.0, 'y': 0.0}, {'x': 0.125, 'y': 0.6575}, {'x': 0.25, 'y': 1.7607}, {'x': 0.375, 'y': 2.3426}, {'x': 0.5, 'y': 1.8148}, {'x': 0.625, 'y': 0.97}, {'x': 0.75, 'y': 0.4393}, {'x': 0.875, 'y': 0.1922}, {'x': 1.0, 'y': 0.0541}, {'x': 1.125, 'y': -0.1255}, {'x': 1.25, 'y': -0.5529}, {'x': 1.375, 'y': -1.4541}, {'x': 1.5, 'y': -2.4975}]}","{'formula': 'exp(sin(5*x))*sin(3*x)', 'latex': 'e^{\\sin{\\left(5 x \\right)}} \\sin{\\left(3 x \\right)}', 'properties': {'singularities': [], 'is_periodic': True, 'domain': 'Reals', 'period_value': '2*pi'}}",auto_v2
MCM_211_e85bb6c4,"{'a': 2, 'b': 1, 'c': 1}","{'points': [{'x': -4.0, 'y': 0.9614}, {'x': -3.667, 'y': -0.3659}, {'x': -3.333, 'y': -0.8913}, {'x': -3.0, 'y': 0.5366}, {'x': -2.667, 'y': 0.7886}, {'x': -2.333, 'y': -0.6876}, {'x': -2.0, 'y': -0.657}, {'x': -1.667, 'y': 0.8133}, {'x': -1.333, 'y': 0.5013}, {'x': -1.0, 'y': -0.9093}, {'x': -0.667, 'y': -0.3272}, {'x': -0.333, 'y': 0.9719}, {'x': 0.0, 'y': 0.1411}, {'x': 0.333, 'y': -0.999}, {'x': 0.667, 'y': 0.0501}, {'x': 1.0, 'y': 0.9894}, {'x': 1.333, 'y': -0.2395}, {'x': 1.667, 'y': -0.9435}, {'x': 2.0, 'y': 0.4202}, {'x': 2.333, 'y': 0.8631}, {'x': 2.667, 'y': -0.5854}, {'x': 3.0, 'y': -0.751}, {'x': 3.333, 'y': 0.7292}, {'x': 3.667, 'y': 0.6114}, {'x': 4.0, 'y': -0.8462}]}","{'formula': 'sin(5*x + 3)', 'latex': '\\sin{\\left(5 x + 3 \\right)}', 'properties': {'singularities': [], 'is_periodic': True, 'domain': 'Reals', 'period_value': '2*pi/5'}}",auto_v2
MCM_212_9eb06e86,"{'a': 2, 'b': 1, 'c': 2}","{'points': [{'x': -3.0, 'y': 0.001}, {'x': -2.758, 'y': 0.0075}, {'x': -2.517, 'y': 0.0271}, {'x': -2.275, 'y': 0.0595}, {'x': -2.033, 'y': -0.3472}, {'x': -1.792, 'y': 0.4452}, {'x': -1.55, 'y': 0.447}, {'x': -1.308, 'y': 0.3259}, {'x': -1.067, 'y': 0.0293}, {'x': -0.825, 'y': -0.3343}, {'x': -0.583, 'y': -0.5536}, {'x': -0.342, 'y': -0.4768}, {'x': -0.1, 'y': -0.1545}, {'x': 0.1, 'y': 0.1398}, {'x': 0.364, 'y': 0.3436}, {'x': 0.627, 'y': 0.2788}, {'x': 0.891, 'y': 0.0921}, {'x': 1.155, 'y': -0.0413}, {'x': 1.418, 'y': -0.0687}, {'x': 1.682, 'y': -0.0389}, {'x': 1.945, 'y': -0.0088}, {'x': 2.209, 'y': 0.0031}, {'x': 2.473, 'y': 0.0034}, {'x': 2.736, 'y': 0.0013}, {'x': 3.0, 'y': 0.0002}]}","{'formula': 'exp(-2*x**2/3)*sin(3*x)/(x + 2)', 'latex': '\\frac{e^{- \\frac{2 x^{2}}{3}} \\sin{\\left(3 x \\right)}}{x + 2}', 'properties': {'singularities': ['-2'], 'is_periodic': False, 'domain': 'Union(Interval.open(-oo, -2), Interval.open(-2, oo))'}}",auto_v2
MCM_212_c70543fd,"{'a': 2, 'b': 1, 'c': 2}","{'points': [{'x': -3.0, 'y': -0.9912}, {'x': -2.758, 'y': -1.1074}, {'x': -2.517, 'y': -1.9342}, {'x': -2.275, 'y': 0.4593}, {'x': -2.033, 'y': 8.934}, {'x': -1.792, 'y': -1.5091}, {'x': -1.55, 'y': 2.0268}, {'x': -1.308, 'y': 1.4458}, {'x': -1.067, 'y': 0.8594}, {'x': -0.825, 'y': -0.5831}, {'x': -0.583, 'y': 0.2421}, {'x': -0.342, 'y': -0.5063}, {'x': -0.1, 'y': 0.2276}, {'x': 0.1, 'y': 0.4457}, {'x': 0.364, 'y': 0.2994}, {'x': 0.627, 'y': -0.3803}, {'x': 0.891, 'y': 0.2962}, {'x': 1.155, 'y': 0.2109}, {'x': 1.418, 'y': 0.1636}, {'x': 1.682, 'y': 0.269}, {'x': 1.945, 'y': -0.204}, {'x': 2.209, 'y': 0.2346}, {'x': 2.473, 'y': -0.0003}, {'x': 2.736, 'y': -0.0344}, {'x': 3.0, 'y': 0.1597}]}","{'formula': 'cos((3*x + 4)**2)/(x + 2)', 'latex': '\\frac{\\cos{\\left(\\left(3 x + 4\\right)^{2} \\right)}}{x + 2}', 'properties': {'singularities': ['-2'], 'is_periodic': False, 'domain': 'Union(Interval.open(-oo, -2), Interval.open(-2, oo))'}}",auto_v2
MCM_212_552a2802,"{'a': 2, 'b': 1, 'c': 2}","{'points': [{'x': -3.0, 'y': -15.024}, {'x': -2.758, 'y': -27.6186}, {'x': -2.517, 'y': -16.797}, {'x': -2.275, 'y': 9.5316}, {'x': -2.033, 'y': 33.4751}, {'x': -1.792, 'y': 38.9825}, {'x': -1.55, 'y': -19.0671}, {'x': -1.308, 'y': 39.7375}, {'x': -1.067, 'y': 13.6323}, {'x': -0.825, 'y': 1.0952}, {'x': -0.583, 'y': -2.4573}, {'x': -0.342, 'y': -1.4779}, {'x': -0.1, 'y': -0.1394}, {'x': 0.1, 'y': -0.1219}, {'x': 0.364, 'y': -0.9947}, {'x': 0.627, 'y': -0.9402}, {'x': 0.891, 'y': 0.8843}, {'x': 1.155, 'y': 2.7422}, {'x': 1.418, 'y': 1.9532}, {'x': 1.682, 'y': -1.7778}, {'x': 1.945, 'y': -4.9474}, {'x': 2.209, 'y': -3.2661}, {'x': 2.473, 'y': 3.1091}, {'x': 2.736, 'y': 8.056}, {'x': 3.0, 'y': 5.008}]}","{'formula': '-2*x*(x**2 + 5)*sin(4*x)/(2*x + 3)', 'latex': '- \\frac{2 x \\left(x^{2} + 5\\right) \\sin{\\left(4 x \\right)}}{2 x + 3}', 'properties': {'singularities': ['-3/2'], 'is_periodic': False, 'domain': 'Union(Interval.open(-oo, -3/2), Interval.open(-3/2, oo))'}}",auto_v2
MCM_212_768780cd,"{'a': 2, 'b': 1, 'c': 2}","{'points': [{'x': -3.0, 'y': -0.4479}, {'x': -2.758, 'y': -0.4223}, {'x': -2.517, 'y': -0.3679}, {'x': -2.275, 'y': -0.2872}, {'x': -2.033, 'y': -0.2301}, {'x': -1.792, 'y': -0.3205}, {'x': -1.55, 'y': -0.5819}, {'x': -1.308, 'y': -0.9281}, {'x': -1.067, 'y': -1.3255}, {'x': -0.825, 'y': -1.7866}, {'x': -0.583, 'y': -2.3477}, {'x': -0.342, 'y': -3.0722}, {'x': -0.1, 'y': -4.0773}, {'x': 0.1, 'y': -5.2885}, {'x': 0.364, 'y': -8.0018}, {'x': 0.627, 'y': -14.4777}, {'x': 0.891, 'y': -52.0377}, {'x': 1.155, 'y': 38.4182}, {'x': 1.418, 'y': 14.7798}, {'x': 1.682, 'y': 9.3997}, {'x': 1.945, 'y': 7.0061}, {'x': 2.209, 'y': 5.6467}, {'x': 2.473, 'y': 4.7669}, {'x': 2.736, 'y': 4.1488}, {'x': 3.0, 'y': 3.6895}]}","{'formula': 'log((x + 2)**2*(x + 5)**2 + 2)/(x - 1)', 'latex': '\\frac{\\log{\\left(\\left(x + 2\\right)^{2} \\left(x + 5\\right)^{2} + 2 \\right)}}{x - 1}', 'properties': {'singularities': ['1'], 'is_periodic': False, 'domain': 'Union(Interval.open(-oo, 1), Interval.open(1, oo))'}}",auto_v2
MCM_212_7b1ce8cf,"{'a': 2, 'b': 1, 'c': 2}","{'points': [{'x': -3.0, 'y': -5.0}, {'x': -2.758, 'y': -5.0}, {'x': -2.517, 'y': -5.0}, {'x': -2.275, 'y': -5.0002}, {'x': -2.033, 'y': -5.0063}, {'x': -1.792, 'y': -5.1105}, {'x': -1.55, 'y': -7.9204}, {'x': -1.308, 'y': -3.0353}, {'x': -1.067, 'y': -3.5011}, {'x': -0.825, 'y': -3.7305}, {'x': -0.583, 'y': -3.9504}, {'x': -0.342, 'y': -4.1406}, {'x': -0.1, 'y': -4.2857}, {'x': 0.1, 'y': -4.375}, {'x': 0.364, 'y': -4.4665}, {'x': 0.627, 'y': -4.5536}, {'x': 0.891, 'y': -4.661}, {'x': 1.155, 'y': -4.7917}, {'x': 1.418, 'y': -4.911}, {'x': 1.682, 'y': -4.9782}, {'x': 1.945, 'y': -4.9976}, {'x': 2.209, 'y': -4.9999}, {'x': 2.473, 'y': -5.0}, {'x': 2.736, 'y': -5.0}, {'x': 3.0, 'y': -5.0}]}","{'formula': '-5 + exp(-x**4/3)/(x + 3/2)', 'latex': '-5 + \\frac{e^{- \\frac{x^{4}}{3}}}{x + \\frac{3}{2}}', 'properties': {'singularities': ['-3/2'], 'is_periodic': False, 'domain': 'Union(Interval.open(-oo, -3/2), Interval.open(-3/2, oo))'}}",auto_v2
MCM_212_846c482f,"{'a': 2, 'b': 1, 'c': 2}","{'points': [{'x': -3.0, 'y': -5.0}, {'x': -2.758, 'y': -5.0}, {'x': -2.517, 'y': -5.0}, {'x': -2.275, 'y': -5.0}, {'x': -2.033, 'y': -5.0003}, {'x': -1.792, 'y': -4.995}, {'x': -1.55, 'y': -4.9526}, {'x': -1.308, 'y': -4.795}, {'x': -1.067, 'y': -4.548}, {'x': -0.825, 'y': -4.3751}, {'x': -0.583, 'y': -4.3466}, {'x': -0.342, 'y': -4.4024}, {'x': -0.1, 'y': -4.4737}, {'x': 0.1, 'y': -4.5238}, {'x': 0.364, 'y': -4.5818}, {'x': 0.627, 'y': -4.6567}, {'x': 0.891, 'y': -4.7727}, {'x': 1.155, 'y': -4.903}, {'x': 1.418, 'y': -4.9803}, {'x': 1.682, 'y': -4.9987}, {'x': 1.945, 'y': -5.0}, {'x': 2.209, 'y': -5.0}, {'x': 2.473, 'y': -5.0}, {'x': 2.736, 'y': -5.0}, {'x': 3.0, 'y': -5.0}]}","{'formula': '-5 + exp(-2*x**4/3)/(x + 2)', 'latex': '-5 + \\frac{e^{- \\frac{2 x^{4}}{3}}}{x + 2}', 'properties': {'singularities': ['-2'], 'is_periodic': False, 'domain': 'Union(Interval.open(-oo, -2), Interval.open(-2, oo))'}}",auto_v2
MCM_212_092d6112,"{'a': 2, 'b': 1, 'c': 2}","{'points': [{'x': -3.0, 'y': 0.4769}, {'x': -2.758, 'y': 0.5678}, {'x': -2.517, 'y': 0.635}, {'x': -2.275, 'y': 0.4515}, {'x': -2.033, 'y': -0.4962}, {'x': -1.792, 'y': -1.052}, {'x': -1.55, 'y': 1.6221}, {'x': -1.308, 'y': -1.5943}, {'x': -1.067, 'y': 5.7444}, {'x': -0.825, 'y': 3.8502}, {'x': -0.583, 'y': -2.3996}, {'x': -0.342, 'y': 0.4605}, {'x': -0.1, 'y': 1.1016}, {'x': 0.1, 'y': 0.5429}, {'x': 0.364, 'y': 0.0545}, {'x': 0.627, 'y': 0.0398}, {'x': 0.891, 'y': 0.3035}, {'x': 1.155, 'y': 0.4594}, {'x': 1.418, 'y': -0.0945}, {'x': 1.682, 'y': -0.2392}, {'x': 1.945, 'y': 0.2974}, {'x': 2.209, 'y': -0.2407}, {'x': 2.473, 'y': 0.0406}, {'x': 2.736, 'y': 0.2449}, {'x': 3.0, 'y': -0.0331}]}","{'formula': 'sin(4*x**2 - 4*x + 1)/(x + 1)', 'latex': '\\frac{\\sin{\\left(4 x^{2} - 4 x + 1 \\right)}}{x + 1}', 'properties': {'singularities': ['-1'], 'is_periodic': False, 'domain': 'Union(Interval.open(-oo, -1), Interval.open(-1, oo))'}}",auto_v2
MCM_213_2dadb609,"{'a': 2, 'b': 1, 'c': 3}","{'points': [{'x': -3.0, 'y': 1.2856}, {'x': -2.758, 'y': 1.6782}, {'x': -2.517, 'y': 2.4143}, {'x': -2.275, 'y': 4.3781}, {'x': -2.033, 'y': 33.9971}, {'x': -1.792, 'y': -4.8932}, {'x': -1.55, 'y': -1.855}, {'x': -1.308, 'y': -0.7742}, {'x': -1.067, 'y': -0.2006}, {'x': -0.825, 'y': -0.2823}, {'x': -0.583, 'y': -0.5107}, {'x': -0.342, 'y': -0.6545}, {'x': -0.1, 'y': -0.7506}, {'x': 0.1, 'y': -0.8152}, {'x': 0.364, 'y': -0.8963}, {'x': 0.627, 'y': -0.9849}, {'x': 0.891, 'y': -1.0891}, {'x': 1.155, 'y': -1.2045}, {'x': 1.418, 'y': -1.8048}, {'x': 1.682, 'y': 1.3392}, {'x': 1.945, 'y': 1.21}, {'x': 2.209, 'y': 1.0389}, {'x': 2.473, 'y': 0.8856}, {'x': 2.736, 'y': 0.7624}, {'x': 3.0, 'y': 0.664}]}","{'formula': '2*log((-2*x**2 + x + 3)**2 + 3/2)/((x + 2)*(2*x - 3))', 'latex': '\\frac{2 \\log{\\left(\\left(- 2 x^{2} + x + 3\\right)^{2} + \\frac{3}{2} \\right)}}{\\left(x + 2\\right) \\left(2 x - 3\\right)}', 'properties': {'singularities': ['-2', '3/2'], 'is_periodic': False, 'domain': 'Union(Interval.open(-oo, -2), Interval.open(-2, 3/2), Interval.open(3/2, oo))'}}",auto_v2
MCM_213_663b5a82,"{'a': 2, 'b': 1, 'c': 3}","{'points': [{'x': -3.0, 'y': 2.1113}, {'x': -2.758, 'y': 2.8462}, {'x': -2.517, 'y': 4.2689}, {'x': -2.275, 'y': 8.1896}, {'x': -2.033, 'y': 68.9021}, {'x': -1.792, 'y': -11.2194}, {'x': -1.55, 'y': -5.2688}, {'x': -1.308, 'y': -3.4592}, {'x': -1.067, 'y': -2.5652}, {'x': -0.825, 'y': -2.0104}, {'x': -0.583, 'y': -1.6042}, {'x': -0.342, 'y': -1.2544}, {'x': -0.1, 'y': -0.8923}, {'x': 0.1, 'y': -0.5379}, {'x': 0.364, 'y': -0.1904}, {'x': 0.627, 'y': -0.2014}, {'x': 0.891, 'y': -0.6477}, {'x': 1.155, 'y': -1.4592}, {'x': 1.418, 'y': -2.6221}, {'x': 1.682, 'y': -5.3073}, {'x': 1.945, 'y': -32.6229}, {'x': 2.209, 'y': 8.7377}, {'x': 2.473, 'y': 3.9082}, {'x': 2.736, 'y': 2.5131}, {'x': 3.0, 'y': 1.8421}]}","{'formula': 'log(16*(2*x - 1)**4 + 2)/(x**2 - 4)', 'latex': '\\frac{\\log{\\left(16 \\left(2 x - 1\\right)^{4} + 2 \\right)}}{x^{2} - 4}', 'properties': {'singularities': ['-2', '2'], 'is_periodic': False, 'domain': 'Union(Interval.open(-oo, -2), Interval.open(-2, 2), Interval.open(2, oo))'}}",auto_v2
MCM_220_6a67b31f,"{'a': 2, 'b': 2, 'c': 0}","{'points': [{'x': -3.0, 'y': -123.0}, {'x': -2.75, 'y': -96.9375}, {'x': -2.5, 'y': -75.0}, {'x': -2.25, 'y': -56.8125}, {'x': -2.0, 'y': -42.0}, {'x': -1.75, 'y': 30.1875}, {'x': -1.5, 'y': 21.0}, {'x': -1.25, 'y': 14.0625}, {'x': -1.0, 'y': 9.0}, {'x': -0.75, 'y': 5.4375}, {'x': -0.5, 'y': 3.0}, {'x': -0.25, 'y': 1.3125}, {'x': 0.0, 'y': -0.0}, {'x': 0.25, 'y': -1.3125}, {'x': 0.5, 'y': -3.0}, {'x': 0.75, 'y': -5.4375}, {'x': 1.0, 'y': -9.0}, {'x': 1.25, 'y': -14.0625}, {'x': 1.5, 'y': -21.0}, {'x': 1.75, 'y': -30.1875}, {'x': 2.0, 'y': -42.0}, {'x': 2.25, 'y': -56.8125}, {'x': 2.5, 'y': -75.0}, {'x': 2.75, 'y': -96.9375}, {'x': 3.0, 'y': -123.0}]}","{'formula': 'Piecewise((x*(-4*x**2 - 5), x > -2), (x*(4*x**2 + 5), True))', 'latex': '\\begin{cases} x \\left(- 4 x^{2} - 5\\right) & \\text{for}\\: x > -2 \\\\x \\left(4 x^{2} + 5\\right) & \\text{otherwise} \\end{cases}', 'properties': {'singularities': [], 'is_periodic': False, 'domain': 'analysis_timeout'}}",auto_v2
MCM_220_9a0802d0,"{'a': 2, 'b': 2, 'c': 0}","{'points': [{'x': -1.5, 'y': 15.75}, {'x': -1.375, 'y': 13.5781}, {'x': -1.25, 'y': 11.5625}, {'x': -1.125, 'y': 9.7031}, {'x': -1.0, 'y': 8.0}, {'x': -0.875, 'y': 6.4531}, {'x': -0.75, 'y': 5.0625}, {'x': -0.625, 'y': 3.8281}, {'x': -0.5, 'y': 2.75}, {'x': -0.375, 'y': 1.8281}, {'x': -0.25, 'y': 1.0625}, {'x': -0.125, 'y': 0.4531}, {'x': 0.0, 'y': -0.0}, {'x': 0.125, 'y': 0.9606}, {'x': 0.25, 'y': 1.0913}, {'x': 0.375, 'y': 1.3904}, {'x': 0.5, 'y': 1.8565}, {'x': 0.625, 'y': 2.4884}, {'x': 0.75, 'y': 3.2849}, {'x': 0.875, 'y': 4.245}, {'x': 1.0, 'y': 5.3679}, {'x': 1.125, 'y': 6.6528}, {'x': 1.25, 'y': 8.099}, {'x': 1.375, 'y': 9.706}, {'x': 1.5, 'y': 11.4731}]}","{'formula': 'Piecewise((5*x**2 + exp(-x), x > 0), (x*(5*x - 3), True))', 'latex': '\\begin{cases} 5 x^{2} + e^{- x} & \\text{for}\\: x > 0 \\\\x \\left(5 x - 3\\right) & \\text{otherwise} \\end{cases}', 'properties': {'singularities': [], 'is_periodic': False, 'domain': 'analysis_timeout'}}",auto_v2
MCM_220_b29a7bcb,"{'a': 2, 'b': 2, 'c': 0}","{'points': [{'x': -3.0, 'y': -12.0}, {'x': -2.758, 'y': -11.0}, {'x': -2.517, 'y': -10.0}, {'x': -2.275, 'y': -9.0}, {'x': -2.033, 'y': -8.0}, {'x': -1.792, 'y': -7.0}, {'x': -1.55, 'y': -6.0}, {'x': -1.308, 'y': -4.0}, {'x': -1.067, 'y': -3.0}, {'x': -0.825, 'y': -1.0}, {'x': -0.583, 'y': 0.0}, {'x': -0.342, 'y': 2.0}, {'x': -0.1, 'y': 3.0}, {'x': 0.1, 'y': 3.0}, {'x': 0.364, 'y': 2.0}, {'x': 0.627, 'y': 0.0}, {'x': 0.891, 'y': -2.0}, {'x': 1.155, 'y': -4.0}, {'x': 1.418, 'y': -5.0}, {'x': 1.682, 'y': -7.0}, {'x': 1.945, 'y': -8.0}, {'x': 2.209, 'y': -9.0}, {'x': 2.473, 'y': -10.0}, {'x': 2.736, 'y': -11.0}, {'x': 3.0, 'y': -12.0}]}","{'formula': 'floor(-5*log(x**2 + 1/2))', 'latex': '\\left\\lfloor{- 5 \\log{\\left(x^{2} + \\frac{1}{2} \\right)}}\\right\\rfloor', 'properties': {'singularities': [], 'is_periodic': False, 'domain': 'analysis_timeout'}}",auto_v2
MCM_220_4a3182d8,"{'a': 2, 'b': 2, 'c': 0}","{'points': [{'x': -3.0, 'y': 12.0}, {'x': -2.75, 'y': 11.0}, {'x': -2.5, 'y': 10.0}, {'x': -2.25, 'y': 9.0}, {'x': -2.0, 'y': 8.0}, {'x': -1.75, 'y': 7.0}, {'x': -1.5, 'y': 6.0}, {'x': -1.25, 'y': 5.0}, {'x': -1.0, 'y': 4.0}, {'x': -0.75, 'y': 3.0}, {'x': -0.5, 'y': 2.0}, {'x': -0.25, 'y': 1.0}, {'x': 0.0, 'y': -0.0}, {'x': 0.25, 'y': 13.1875}, {'x': 0.5, 'y': 11.25}, {'x': 0.75, 'y': 9.1875}, {'x': 1.0, 'y': 7.0}, {'x': 1.25, 'y': 4.6875}, {'x': 1.5, 'y': 2.25}, {'x': 1.75, 'y': -0.3125}, {'x': 2.0, 'y': -3.0}, {'x': 2.25, 'y': -5.8125}, {'x': 2.5, 'y': -8.75}, {'x': 2.75, 'y': -11.8125}, {'x': 3.0, 'y': -15.0}]}","{'formula': 'Piecewise((-x**2 - 7*x + 15, x > 0), (-4*x, True))', 'latex': '\\begin{cases} - x^{2} - 7 x + 15 & \\text{for}\\: x > 0 \\\\- 4 x & \\text{otherwise} \\end{cases}', 'properties': {'singularities': [], 'is_periodic': False, 'domain': 'analysis_timeout'}}",auto_v2
MCM_220_7a2dc99a,"{'a': 2, 'b': 2, 'c': 0}","{'points': [{'x': -3.0, 'y': -4.0}, {'x': -2.75, 'y': -2.625}, {'x': -2.5, 'y': -1.5}, {'x': -2.25, 'y': -0.625}, {'x': -2.0, 'y': 0.0}, {'x': -1.75, 'y': 0.375}, {'x': -1.5, 'y': 0.5}, {'x': -1.25, 'y': 0.375}, {'x': -1.0, 'y': 0.0}, {'x': -0.75, 'y': -0.625}, {'x': -0.5, 'y': -1.5}, {'x': -0.25, 'y': -2.625}, {'x': 0.0, 'y': -4.0}, {'x': 0.25, 'y': -5.625}, {'x': 0.5, 'y': -7.5}, {'x': 0.75, 'y': -9.625}, {'x': 1.0, 'y': -12.0}, {'x': 1.25, 'y': 14.625}, {'x': 1.5, 'y': 17.5}, {'x': 1.75, 'y': 20.625}, {'x': 2.0, 'y': 24.0}, {'x': 2.25, 'y': 27.625}, {'x': 2.5, 'y': 31.5}, {'x': 2.75, 'y': 35.625}, {'x': 3.0, 'y': 40.0}]}","{'formula': 'Piecewise(((x + 2)*(2*x + 2), x > 1), ((-2*x - 2)*(x + 2), True))', 'latex': '\\begin{cases} \\left(x + 2\\right) \\left(2 x + 2\\right) & \\text{for}\\: x > 1 \\\\\\left(- 2 x - 2\\right) \\left(x + 2\\right) & \\text{otherwise} \\end{cases}', 'properties': {'singularities': [], 'is_periodic': False, 'domain': 'analysis_timeout'}}",auto_v2
MCM_220_6a6b1cdf,"{'a': 2, 'b': 2, 'c': 0}","{'points': [{'x': -3.0, 'y': 4.7958}, {'x': -2.75, 'y': 4.5157}, {'x': -2.5, 'y': 4.2204}, {'x': -2.25, 'y': 3.9096}, {'x': -2.0, 'y': 3.5835}, {'x': -1.75, 'y': -3.2437}, {'x': -1.5, 'y': -2.8938}, {'x': -1.25, 'y': -2.5409}, {'x': -1.0, 'y': -2.1972}, {'x': -0.75, 'y': -1.882}, {'x': -0.5, 'y': -1.6219}, {'x': -0.25, 'y': -1.4478}, {'x': 0.0, 'y': -1.3863}, {'x': 0.25, 'y': -1.4478}, {'x': 0.5, 'y': -1.6219}, {'x': 0.75, 'y': -1.882}, {'x': 1.0, 'y': -2.1972}, {'x': 1.25, 'y': -2.5409}, {'x': 1.5, 'y': -2.8938}, {'x': 1.75, 'y': -3.2437}, {'x': 2.0, 'y': -3.5835}, {'x': 2.25, 'y': -3.9096}, {'x': 2.5, 'y': -4.2204}, {'x': 2.75, 'y': -4.5157}, {'x': 3.0, 'y': -4.7958}]}","{'formula': 'Piecewise((-2*log(x**2 + 2), x > -2), (2*log(x**2 + 2), True))', 'latex': '\\begin{cases} - 2 \\log{\\left(x^{2} + 2 \\right)} & \\text{for}\\: x > -2 \\\\2 \\log{\\left(x^{2} + 2 \\right)} & \\text{otherwise} \\end{cases}', 'properties': {'singularities': [], 'is_periodic': False, 'domain': 'analysis_timeout'}}",auto_v2
MCM_220_bc4816c4,"{'a': 2, 'b': 2, 'c': 0}","{'points': [{'x': -1.5, 'y': -14.4724}, {'x': -1.375, 'y': -13.0325}, {'x': -1.25, 'y': -11.594}, {'x': -1.125, 'y': -10.1558}, {'x': -1.0, 'y': -8.7165}, {'x': -0.875, 'y': -7.2748}, {'x': -0.75, 'y': -5.829}, {'x': -0.625, 'y': -4.3779}, {'x': -0.5, 'y': -2.92}, {'x': -0.375, 'y': -1.4542}, {'x': -0.25, 'y': 0.0206}, {'x': -0.125, 'y': 1.5052}, {'x': 0.0, 'y': 3.0}, {'x': 0.125, 'y': 4.5052}, {'x': 0.25, 'y': 6.0206}, {'x': 0.375, 'y': 7.5458}, {'x': 0.5, 'y': 9.08}, {'x': 0.625, 'y': 12.3779}, {'x': 0.75, 'y': 13.829}, {'x': 0.875, 'y': 15.2748}, {'x': 1.0, 'y': 16.7165}, {'x': 1.125, 'y': 18.1558}, {'x': 1.25, 'y': 19.594}, {'x': 1.375, 'y': 21.0325}, {'x': 1.5, 'y': 22.4724}]}","{'formula': 'Piecewise((12*x + 4 + exp(-x**2/3), x > 1/2), (12*x + 4 - exp(-x**2/3), True))', 'latex': '\\begin{cases} 12 x + 4 + e^{- \\frac{x^{2}}{3}} & \\text{for}\\: x > \\frac{1}{2} \\\\12 x + 4 - e^{- \\frac{x^{2}}{3}} & \\text{otherwise} \\end{cases}', 'properties': {'singularities': [], 'is_periodic': False, 'domain': 'analysis_timeout'}}",auto_v2
MCM_220_1a8ccb93,"{'a': 2, 'b': 2, 'c': 0}","{'points': [{'x': -3.0, 'y': -3.0}, {'x': -2.75, 'y': -2.75}, {'x': -2.5, 'y': -2.5}, {'x': -2.25, 'y': -2.25}, {'x': -2.0, 'y': -2.0}, {'x': -1.75, 'y': -1.75}, {'x': -1.5, 'y': -1.5}, {'x': -1.25, 'y': -1.25}, {'x': -1.0, 'y': -1.0}, {'x': -0.75, 'y': -0.75}, {'x': -0.5, 'y': -0.5}, {'x': -0.25, 'y': -0.25}, {'x': 0.0, 'y': 0.0}, {'x': 0.25, 'y': 0.5312}, {'x': 0.5, 'y': 1.25}, {'x': 0.75, 'y': 2.3438}, {'x': 1.0, 'y': 4.0}, {'x': 1.25, 'y': 6.4062}, {'x': 1.5, 'y': 9.75}, {'x': 1.75, 'y': 14.2188}, {'x': 2.0, 'y': 20.0}, {'x': 2.25, 'y': 27.2812}, {'x': 2.5, 'y': 36.25}, {'x': 2.75, 'y': 47.0938}, {'x': 3.0, 'y': 60.0}]}","{'formula': 'Piecewise((2*x*(x**2 + 1), x > 0), (x, True))', 'latex': '\\begin{cases} 2 x \\left(x^{2} + 1\\right) & \\text{for}\\: x > 0 \\\\x & \\text{otherwise} \\end{cases}', 'properties': {'singularities': [], 'is_periodic': False, 'domain': 'analysis_timeout'}}",auto_v2
MCM_220_43fb54b1,"{'a': 2, 'b': 2, 'c': 0}","{'points': [{'x': -3.0, 'y': -17.0}, {'x': -2.75, 'y': -13.875}, {'x': -2.5, 'y': -11.0}, {'x': -2.25, 'y': -8.375}, {'x': -2.0, 'y': -6.0}, {'x': -1.75, 'y': -3.875}, {'x': -1.5, 'y': -2.0}, {'x': -1.25, 'y': -0.375}, {'x': -1.0, 'y': 1.0}, {'x': -0.75, 'y': -2.125}, {'x': -0.5, 'y': -3.0}, {'x': -0.25, 'y': -3.625}, {'x': 0.0, 'y': -4.0}, {'x': 0.25, 'y': -4.125}, {'x': 0.5, 'y': -4.0}, {'x': 0.75, 'y': -3.625}, {'x': 1.0, 'y': -3.0}, {'x': 1.25, 'y': -2.125}, {'x': 1.5, 'y': -1.0}, {'x': 1.75, 'y': 0.375}, {'x': 2.0, 'y': 2.0}, {'x': 2.25, 'y': 3.875}, {'x': 2.5, 'y': 6.0}, {'x': 2.75, 'y': 8.375}, {'x': 3.0, 'y': 11.0}]}","{'formula': 'Piecewise((2*x**2 - x - 4, x > -1), (-2*x**2 + x + 4, True))', 'latex': '\\begin{cases} 2 x^{2} - x - 4 & \\text{for}\\: x > -1 \\\\- 2 x^{2} + x + 4 & \\text{otherwise} \\end{cases}', 'properties': {'singularities': [], 'is_periodic': False, 'domain': 'analysis_timeout'}}",auto_v2
MCM_221_f0fc7f1a,"{'a': 2, 'b': 2, 'c': 1}","{'points': [{'x': -4.0, 'y': -0.2964}, {'x': -3.667, 'y': 0.7003}, {'x': -3.333, 'y': -0.9492}, {'x': -3.0, 'y': 0.988}, {'x': -2.667, 'y': -0.8081}, {'x': -2.333, 'y': 0.4494}, {'x': -2.0, 'y': 0.0089}, {'x': -1.667, 'y': -0.4651}, {'x': -1.333, 'y': 0.8184}, {'x': -1.0, 'y': -0.9906}, {'x': -0.667, 'y': 0.9435}, {'x': -0.333, 'y': -0.6876}, {'x': 0.0, 'y': 0.2794}, {'x': 0.333, 'y': 0.3286}, {'x': 0.667, 'y': 0.8048}, {'x': 1.0, 'y': 0.9976}, {'x': 1.333, 'y': 0.9929}, {'x': 1.667, 'y': 0.6215}, {'x': 2.0, 'y': 0.9895}, {'x': 2.333, 'y': -0.0013}, {'x': 2.667, 'y': 0.997}, {'x': 3.0, 'y': -0.3142}, {'x': 3.333, 'y': 0.9386}, {'x': 3.667, 'y': -0.2755}, {'x': 4.0, 'y': 0.4321}]}","{'formula': 'sin(Piecewise((9*x + 5*sin(10*x)/2 - 6, x > 0), (8*x - 6, True)))', 'latex': '\\sin{\\left(\\begin{cases} 9 x + \\frac{5 \\sin{\\left(10 x \\right)}}{2} - 6 & \\text{for}\\: x > 0 \\\\8 x - 6 & \\text{otherwise} \\end{cases} \\right)}', 'properties': {'singularities': [], 'is_periodic': False, 'domain': 'analysis_timeout'}}",auto_v2
MCM_221_826567cf,"{'a': 2, 'b': 2, 'c': 1}","{'points': [{'x': -4.0, 'y': -0.7568}, {'x': -3.667, 'y': 0.1411}, {'x': -3.333, 'y': 0.9093}, {'x': -3.0, 'y': 0.8415}, {'x': -2.667, 'y': 0.0}, {'x': -2.333, 'y': -0.8415}, {'x': -2.0, 'y': -0.9093}, {'x': -1.667, 'y': -0.1411}, {'x': -1.333, 'y': 0.7568}, {'x': -1.0, 'y': 0.9589}, {'x': -0.667, 'y': 0.2794}, {'x': -0.333, 'y': -0.657}, {'x': 0.0, 'y': -0.9894}, {'x': 0.333, 'y': -0.1499}, {'x': 0.667, 'y': -0.9999}, {'x': 1.0, 'y': -0.3821}, {'x': 1.333, 'y': 0.7772}, {'x': 1.667, 'y': 0.8907}, {'x': 2.0, 'y': 0.7834}, {'x': 2.333, 'y': 0.3458}, {'x': 2.667, 'y': -0.9498}, {'x': 3.0, 'y': -0.8584}, {'x': 3.333, 'y': -0.4034}, {'x': 3.667, 'y': -0.2865}, {'x': 4.0, 'y': 0.969}]}","{'formula': 'sin(Piecewise((2*x + sqrt(2)*sin(5*x + pi/4) - 8, x > 0), (-3*x - 8, True)))', 'latex': '\\sin{\\left(\\begin{cases} 2 x + \\sqrt{2} \\sin{\\left(5 x + \\frac{\\pi}{4} \\right)} - 8 & \\text{for}\\: x > 0 \\\\- 3 x - 8 & \\text{otherwise} \\end{cases} \\right)}', 'properties': {'singularities': [], 'is_periodic': False, 'domain': 'analysis_timeout'}}",auto_v2
MCM_221_482f9c75,"{'a': 2, 'b': 2, 'c': 1}","{'points': [{'x': -3.0, 'y': 0.5403}, {'x': -2.754, 'y': 0.5403}, {'x': -2.508, 'y': 0.5403}, {'x': -2.263, 'y': 0.5403}, {'x': -2.017, 'y': 0.5403}, {'x': -1.771, 'y': 0.5403}, {'x': -1.525, 'y': 0.5403}, {'x': -1.279, 'y': 0.5403}, {'x': -1.033, 'y': 0.5403}, {'x': -0.787, 'y': 0.5403}, {'x': -0.542, 'y': 0.5403}, {'x': -0.296, 'y': 0.5403}, {'x': -0.05, 'y': 0.5403}, {'x': 0.05, 'y': 0.5403}, {'x': 0.318, 'y': 0.5403}, {'x': 0.586, 'y': 0.5403}, {'x': 0.855, 'y': 0.5403}, {'x': 1.123, 'y': 0.5403}, {'x': 1.391, 'y': 0.5403}, {'x': 1.659, 'y': 0.5403}, {'x': 1.927, 'y': 0.5403}, {'x': 2.195, 'y': 0.5403}, {'x': 2.464, 'y': 0.5403}, {'x': 2.732, 'y': 0.5403}, {'x': 3.0, 'y': 0.5403}]}","{'formula': 'cos(sign((x - 2)*(x - 1)))', 'latex': '\\cos{\\left(\\operatorname{sign}{\\left(\\left(x - 2\\right) \\left(x - 1\\right) \\right)} \\right)}', 'properties': {'singularities': [], 'is_periodic': False, 'domain': 'analysis_timeout'}}",auto_v2
MCM_221_8835f81b,"{'a': 2, 'b': 2, 'c': 1}","{'points': [{'x': -3.0, 'y': 0.4234}, {'x': -2.758, 'y': 1.0315}, {'x': -2.517, 'y': 1.4723}, {'x': -2.275, 'y': 1.7338}, {'x': -2.033, 'y': 1.8197}, {'x': -1.792, 'y': 1.7481}, {'x': -1.55, 'y': 1.5497}, {'x': -1.308, 'y': 1.2635}, {'x': -1.067, 'y': 0.934}, {'x': -0.825, 'y': 0.606}, {'x': -0.583, 'y': 0.3213}, {'x': -0.342, 'y': 0.1145}, {'x': -0.1, 'y': 0.01}, {'x': 0.1, 'y': 0.1292}, {'x': 0.364, 'y': 0.7119}, {'x': 0.627, 'y': 1.5087}, {'x': 0.891, 'y': 2.3031}, {'x': 1.155, 'y': 2.8794}, {'x': 1.418, 'y': 3.0809}, {'x': 1.682, 'y': 2.8531}, {'x': 1.945, 'y': 2.2577}, {'x': 2.209, 'y': 1.4565}, {'x': 2.473, 'y': 0.6671}, {'x': 2.736, 'y': 0.1039}, {'x': 3.0, 'y': -0.08}]}","{'formula': 'Piecewise((sin(2*x)/2 - 3*cos(2*x)/2 + 3/2, x > 0), (x*sin(x), True))', 'latex': '\\begin{cases} \\frac{\\sin{\\left(2 x \\right)}}{2} - \\frac{3 \\cos{\\left(2 x \\right)}}{2} + \\frac{3}{2} & \\text{for}\\: x > 0 \\\\x \\sin{\\left(x \\right)} & \\text{otherwise} \\end{cases}', 'properties': {'singularities': [], 'is_periodic': False, 'domain': 'analysis_timeout'}}",auto_v2
MCM_221_708a4bb6,"{'a': 2, 'b': 2, 'c': 1}","{'points': [{'x': -4.0, 'y': -0.8415}, {'x': -3.667, 'y': -0.8415}, {'x': -3.333, 'y': -0.8415}, {'x': -3.0, 'y': -0.8415}, {'x': -2.667, 'y': -0.8415}, {'x': -2.333, 'y': -0.8415}, {'x': -2.0, 'y': -0.8415}, {'x': -1.667, 'y': -0.8415}, {'x': -1.333, 'y': -0.8415}, {'x': -1.0, 'y': -0.8415}, {'x': -0.667, 'y': -0.8415}, {'x': -0.333, 'y': -0.8415}, {'x': 0.0, 'y': 0.0}, {'x': 0.333, 'y': -0.8415}, {'x': 0.667, 'y': -0.8415}, {'x': 1.0, 'y': -0.8415}, {'x': 1.333, 'y': -0.8415}, {'x': 1.667, 'y': -0.8415}, {'x': 2.0, 'y': -0.8415}, {'x': 2.333, 'y': -0.8415}, {'x': 2.667, 'y': -0.8415}, {'x': 3.0, 'y': -0.8415}, {'x': 3.333, 'y': -0.8415}, {'x': 3.667, 'y': -0.8415}, {'x': 4.0, 'y': -0.8415}]}","{'formula': 'Piecewise((0, Eq(log(x**2 + 1), 0)), (-sin(1), True))', 'latex': '\\begin{cases} 0 & \\text{for}\\: \\log{\\left(x^{2} + 1 \\right)} = 0 \\\\- \\sin{\\left(1 \\right)} & \\text{otherwise} \\end{cases}', 'properties': {'singularities': [], 'is_periodic': False, 'domain': 'analysis_timeout'}}",auto_v2
MCM_221_cc434552,"{'a': 2, 'b': 2, 'c': 1}","{'points': [{'x': -3.0, 'y': -0.2794}, {'x': -2.758, 'y': -0.6936}, {'x': -2.517, 'y': -0.9489}, {'x': -2.275, 'y': -0.9868}, {'x': -2.033, 'y': -0.7987}, {'x': -1.792, 'y': -0.4275}, {'x': -1.55, 'y': 0.0416}, {'x': -1.308, 'y': 0.5011}, {'x': -1.067, 'y': 0.8459}, {'x': -0.825, 'y': 0.9969}, {'x': -0.583, 'y': 0.9194}, {'x': -0.342, 'y': 0.6314}, {'x': -0.1, 'y': 0.1987}, {'x': 0.1, 'y': 0.1987}, {'x': 0.364, 'y': 0.6648}, {'x': 0.627, 'y': 0.9504}, {'x': 0.891, 'y': 0.9778}, {'x': 1.155, 'y': 0.7396}, {'x': 1.418, 'y': 0.3005}, {'x': 1.682, 'y': -0.2202}, {'x': 1.945, 'y': -0.6811}, {'x': 2.209, 'y': -0.957}, {'x': 2.473, 'y': -0.973}, {'x': 2.736, 'y': -0.7246}, {'x': 3.0, 'y': -0.2794}]}","{'formula': 'Piecewise((0, Eq(x, 0)), (x*sin(2*x)/Abs(x), True))', 'latex': '\\begin{cases} 0 & \\text{for}\\: x = 0 \\\\\\frac{x \\sin{\\left(2 x \\right)}}{\\left|{x}\\right|} & \\text{otherwise} \\end{cases}', 'properties': {'singularities': ['0'], 'is_periodic': False, 'domain': 'analysis_timeout'}}",auto_v2
MCM_221_535e59f8,"{'a': 2, 'b': 2, 'c': 1}","{'points': [{'x': -4.0, 'y': 0.1435}, {'x': -3.667, 'y': -0.4183}, {'x': -3.333, 'y': -0.3401}, {'x': -3.0, 'y': 0.2651}, {'x': -2.667, 'y': 0.4557}, {'x': -2.333, 'y': -0.0456}, {'x': -2.0, 'y': -0.4747}, {'x': -1.667, 'y': -0.186}, {'x': -1.333, 'y': 0.3955}, {'x': -1.0, 'y': 0.3694}, {'x': -0.667, 'y': 0.2266}, {'x': -0.333, 'y': 0.4671}, {'x': 0.0, 'y': -0.0}, {'x': 0.333, 'y': -0.4671}, {'x': 0.667, 'y': -0.2266}, {'x': 1.0, 'y': 0.3694}, {'x': 1.333, 'y': 0.3955}, {'x': 1.667, 'y': -0.186}, {'x': 2.0, 'y': -0.4747}, {'x': 2.333, 'y': -0.0456}, {'x': 2.667, 'y': 0.4557}, {'x': 3.0, 'y': 0.2651}, {'x': 3.333, 'y': -0.3401}, {'x': 3.667, 'y': -0.4183}, {'x': 4.0, 'y': 0.1435}]}","{'formula': 'sin(Piecewise((-sin(4*x)/2, x > -1), (sin(4*x)/2, True)))', 'latex': '\\sin{\\left(\\begin{cases} - \\frac{\\sin{\\left(4 x \\right)}}{2} & \\text{for}\\: x > -1 \\\\\\frac{\\sin{\\left(4 x \\right)}}{2} & \\text{otherwise} \\end{cases} \\right)}', 'properties': {'singularities': [], 'is_periodic': False, 'domain': 'analysis_timeout'}}",auto_v2
MCM_222_b3fd3a89,"{'a': 2, 'b': 2, 'c': 2}","{'points': [{'x': -4.0, 'y': -13.5953}, {'x': -3.667, 'y': -14.1097}, {'x': -3.333, 'y': -14.9286}, {'x': -3.0, 'y': -15.0313}, {'x': -2.667, 'y': -15.0798}, {'x': -2.333, 'y': -16.2334}, {'x': -2.0, 'y': -17.5532}, {'x': -1.667, 'y': -18.2736}, {'x': -1.333, 'y': -20.2554}, {'x': -1.0, 'y': -21.2165}, {'x': -0.667, 'y': -23.9952}, {'x': -0.333, 'y': -32.0796}, {'x': 0.0, 'y': -47.0}, {'x': 0.333, 'y': -108.4532}, {'x': 0.667, 'y': 90.2534}, {'x': 1.0, 'y': 27.4852}, {'x': 1.333, 'y': 11.6639}, {'x': 1.667, 'y': 3.8441}, {'x': 2.0, 'y': 1.47}, {'x': 2.333, 'y': 0.3118}, {'x': 2.667, 'y': -1.911}, {'x': 3.0, 'y': -3.564}, {'x': 3.333, 'y': -3.7375}, {'x': 3.667, 'y': -4.0432}, {'x': 4.0, 'y': -5.1442}]}","{'formula': 'Piecewise(((-20*x + 2*sqrt(2)*cos(5*x + pi/4) + 45)/(2*x - 1), x > -2), ((-20*x - 2*sqrt(2)*cos(5*x + pi/4) + 45)/(2*x - 1), True))', 'latex': '\\begin{cases} \\frac{- 20 x + 2 \\sqrt{2} \\cos{\\left(5 x + \\frac{\\pi}{4} \\right)} + 45}{2 x - 1} & \\text{for}\\: x > -2 \\\\\\frac{- 20 x - 2 \\sqrt{2} \\cos{\\left(5 x + \\frac{\\pi}{4} \\right)} + 45}{2 x - 1} & \\text{otherwise} \\end{cases}', 'properties': {'singularities': ['1/2'], 'is_periodic': False, 'domain': 'analysis_timeout'}}",auto_v2
MCM_222_ae9bb84c,"{'a': 2, 'b': 2, 'c': 2}","{'points': [{'x': -3.0, 'y': 66.0}, {'x': -2.758, 'y': 58.1086}, {'x': -2.517, 'y': 50.8888}, {'x': -2.275, 'y': 44.3904}, {'x': -2.033, 'y': 38.7099}, {'x': -1.792, 'y': 34.0613}, {'x': -1.55, 'y': 31.0352}, {'x': -1.308, 'y': 32.0733}, {'x': -1.067, 'y': 75.0222}, {'x': -0.825, 'y': -11.329}, {'x': -0.583, 'y': -0.9819}, {'x': -0.342, 'y': 0.2161}, {'x': -0.1, 'y': 0.1056}, {'x': 0.1, 'y': -0.0864}, {'x': 0.364, 'y': -0.0904}, {'x': 0.627, 'y': 0.3729}, {'x': 0.891, 'y': 1.3987}, {'x': 1.155, 'y': 3.0356}, {'x': 1.418, 'y': 5.3112}, {'x': 1.682, 'y': 8.2419}, {'x': 1.945, 'y': 11.8387}, {'x': 2.209, 'y': 16.1085}, {'x': 2.473, 'y': 21.0564}, {'x': 2.736, 'y': 26.6861}, {'x': 3.0, 'y': 33.0}]}","{'formula': 'Piecewise(((-5*x**3 + x)/(x + 1), x > 3), ((5*x**3 - x)/(x + 1), True))', 'latex': '\\begin{cases} \\frac{- 5 x^{3} + x}{x + 1} & \\text{for}\\: x > 3 \\\\\\frac{5 x^{3} - x}{x + 1} & \\text{otherwise} \\end{cases}', 'properties': {'singularities': ['-1'], 'is_periodic': False, 'domain': 'analysis_timeout'}}",auto_v2
MCM_222_9be86694,"{'a': 2, 'b': 2, 'c': 2}","{'points': [{'x': -3.0, 'y': -14.5}, {'x': -2.758, 'y': -15.3934}, {'x': -2.517, 'y': -16.5714}, {'x': -2.275, 'y': -18.1961}, {'x': -2.033, 'y': -20.5806}, {'x': -1.792, 'y': -24.4211}, {'x': -1.55, 'y': -31.6364}, {'x': -1.308, 'y': -50.1622}, {'x': -1.067, 'y': -203.0}, {'x': -0.825, 'y': 66.2857}, {'x': -0.583, 'y': 23.2}, {'x': -0.342, 'y': 11.7468}, {'x': -0.1, 'y': 6.4444}, {'x': 0.1, 'y': 3.8155}, {'x': 0.364, 'y': 1.4275}, {'x': 0.627, 'y': -0.4662}, {'x': 0.891, 'y': -2.2469}, {'x': 1.155, 'y': -4.1091}, {'x': 1.418, 'y': -6.1626}, {'x': 1.682, 'y': -8.474}, {'x': 1.945, 'y': -11.0859}, {'x': 2.209, 'y': -14.0271}, {'x': 2.473, 'y': -17.3176}, {'x': 2.736, 'y': -20.9717}, {'x': 3.0, 'y': -25.0}]}","{'formula': 'Piecewise(((-3*x**3 - 8*x + 5)/(x + 1), x > 0), ((5 - 8*x)/(x + 1), True))', 'latex': '\\begin{cases} \\frac{- 3 x^{3} - 8 x + 5}{x + 1} & \\text{for}\\: x > 0 \\\\\\frac{5 - 8 x}{x + 1} & \\text{otherwise} \\end{cases}', 'properties': {'singularities': ['-1'], 'is_periodic': False, 'domain': 'analysis_timeout'}}",auto_v2
MCM_222_5c4f6e8c,"{'a': 2, 'b': 2, 'c': 2}","{'points': [{'x': -3.0, 'y': -42.0}, {'x': -2.758, 'y': -37.3751}, {'x': -2.517, 'y': -33.1882}, {'x': -2.275, 'y': -29.4891}, {'x': -2.033, 'y': -26.3743}, {'x': -1.792, 'y': -24.0578}, {'x': -1.55, 'y': -23.1302}, {'x': -1.308, 'y': -26.0332}, {'x': -1.067, 'y': -70.6133}, {'x': -0.825, 'y': 14.3403}, {'x': -0.583, 'y': 2.8292}, {'x': -0.342, 'y': 0.7007}, {'x': -0.1, 'y': 0.1144}, {'x': 0.1, 'y': -0.0936}, {'x': 0.364, 'y': -0.3725}, {'x': 0.627, 'y': -0.8405}, {'x': 0.891, 'y': -1.593}, {'x': 1.155, 'y': 2.6787}, {'x': 1.418, 'y': 4.125}, {'x': 1.682, 'y': 5.9486}, {'x': 1.945, 'y': 8.16}, {'x': 2.209, 'y': 10.7665}, {'x': 2.473, 'y': 13.7731}, {'x': 2.736, 'y': 17.1834}, {'x': 3.0, 'y': 21.0}]}","{'formula': 'Piecewise(((3*x**3 + x)/(x + 1), x > 1), ((-3*x**3 - x)/(x + 1), True))', 'latex': '\\begin{cases} \\frac{3 x^{3} + x}{x + 1} & \\text{for}\\: x > 1 \\\\\\frac{- 3 x^{3} - x}{x + 1} & \\text{otherwise} \\end{cases}', 'properties': {'singularities': ['-1'], 'is_periodic': False, 'domain': 'analysis_timeout'}}",auto_v2
MCM_222_a3a6cf21,"{'a': 2, 'b': 2, 'c': 2}","{'points': [{'x': -3.0, 'y': 21.0}, {'x': -2.758, 'y': 25.0549}, {'x': -2.517, 'y': 32.9032}, {'x': -2.275, 'y': 58.1818}, {'x': -2.033, 'y': 420.0}, {'x': -1.792, 'y': -57.6}, {'x': -1.55, 'y': -24.4444}, {'x': -1.308, 'y': -13.012}, {'x': -1.067, 'y': -8.5714}, {'x': -0.825, 'y': -5.9574}, {'x': -0.583, 'y': -4.2353}, {'x': -0.342, 'y': -3.0151}, {'x': -0.1, 'y': -2.1053}, {'x': 0.1, 'y': -1.4286}, {'x': 0.364, 'y': -1.2692}, {'x': 0.627, 'y': -0.7612}, {'x': 0.891, 'y': -0.6918}, {'x': 1.155, 'y': -0.317}, {'x': 1.418, 'y': -0.2926}, {'x': 1.682, 'y': -0.2716}, {'x': 1.945, 'y': -0.2535}, {'x': 2.209, 'y': -0.4752}, {'x': 2.473, 'y': -0.4472}, {'x': 2.736, 'y': -0.6334}, {'x': 3.0, 'y': -0.6}]}","{'formula': '(floor(x*(3 - x)) - 3)/(x + 2)', 'latex': '\\frac{\\left\\lfloor{x \\left(3 - x\\right)}\\right\\rfloor - 3}{x + 2}', 'properties': {'singularities': ['-2'], 'is_periodic': False, 'domain': 'analysis_timeout'}}",auto_v2
MCM_222_7a26762f,"{'a': 2, 'b': 2, 'c': 2}","{'points': [{'x': -3.0, 'y': 3.0}, {'x': -2.758, 'y': 3.6374}, {'x': -2.517, 'y': 4.871}, {'x': -2.275, 'y': 8.2727}, {'x': -2.033, 'y': 61.0}, {'x': -1.792, 'y': -8.6}, {'x': -1.55, 'y': -3.4444}, {'x': -1.308, 'y': -1.8916}, {'x': -1.067, 'y': -1.1429}, {'x': -0.825, 'y': -0.7021}, {'x': -0.583, 'y': -0.4118}, {'x': -0.342, 'y': -0.206}, {'x': -0.1, 'y': -0.0526}, {'x': 0.1, 'y': 0.0473}, {'x': 0.364, 'y': 0.1406}, {'x': 0.627, 'y': 0.1809}, {'x': 0.891, 'y': 0.1691}, {'x': 1.155, 'y': 0.1172}, {'x': 1.418, 'y': 0.044}, {'x': 1.682, 'y': -0.0299}, {'x': 1.945, 'y': -0.0863}, {'x': 2.209, 'y': -0.1137}, {'x': 2.473, 'y': -0.1088}, {'x': 2.736, 'y': -0.0765}, {'x': 3.0, 'y': -0.0279}]}","{'formula': 'Piecewise((sin(2*x)/(2*x + 4), x > 0), (x/(x + 2), True))', 'latex': '\\begin{cases} \\frac{\\sin{\\left(2 x \\right)}}{2 x + 4} & \\text{for}\\: x > 0 \\\\\\frac{x}{x + 2} & \\text{otherwise} \\end{cases}', 'properties': {'singularities': ['-2'], 'is_periodic': False, 'domain': 'analysis_timeout'}}",auto_v2
MCM_222_1cf21fc6,"{'a': 2, 'b': 2, 'c': 2}","{'points': [{'x': -3.0, 'y': 41.5}, {'x': -2.758, 'y': 40.46}, {'x': -2.517, 'y': 39.7048}, {'x': -2.275, 'y': 39.3961}, {'x': -2.033, 'y': 39.8473}, {'x': -1.792, 'y': 41.7544}, {'x': -1.55, 'y': 47.0364}, {'x': -1.308, 'y': 63.6288}, {'x': -1.067, 'y': 214.5333}, {'x': -0.825, 'y': -56.6857}, {'x': -0.583, 'y': -15.5333}, {'x': -0.342, 'y': -6.0135}, {'x': -0.1, 'y': -2.6444}, {'x': 0.1, 'y': 8.4364}, {'x': 0.364, 'y': 11.7758}, {'x': 0.627, 'y': 14.7165}, {'x': 0.891, 'y': 17.4253}, {'x': 1.155, 'y': 19.9874}, {'x': 1.418, 'y': 22.4507}, {'x': 1.682, 'y': 24.8444}, {'x': 1.945, 'y': 27.1871}, {'x': 2.209, 'y': 29.4914}, {'x': 2.473, 'y': 31.7661}, {'x': 2.736, 'y': 34.0174}, {'x': 3.0, 'y': 36.25}]}","{'formula': 'Piecewise(((8*x**2 + 22*x + 7)/(x + 1), x > 0), ((-8*x**2 + 3*x - 2)/(x + 1), True))', 'latex': '\\begin{cases} \\frac{8 x^{2} + 22 x + 7}{x + 1} & \\text{for}\\: x > 0 \\\\\\frac{- 8 x^{2} + 3 x - 2}{x + 1} & \\text{otherwise} \\end{cases}', 'properties': {'singularities': ['-1'], 'is_periodic': False, 'domain': 'analysis_timeout'}}",auto_v2
MCM_222_5187c9a8,"{'a': 2, 'b': 2, 'c': 2}","{'points': [{'x': -3.0, 'y': -7.75}, {'x': -2.758, 'y': -7.2018}, {'x': -2.517, 'y': -6.678}, {'x': -2.275, 'y': -6.1838}, {'x': -2.033, 'y': -5.7264}, {'x': -1.792, 'y': -5.3153}, {'x': -1.55, 'y': -4.9637}, {'x': -1.308, 'y': -4.6903}, {'x': -1.067, 'y': -4.5226}, {'x': -0.825, 'y': -4.5024}, {'x': -0.583, 'y': -4.6974}, {'x': -0.342, 'y': -5.2238}, {'x': -0.1, 'y': -6.3}, {'x': 0.1, 'y': -7.9222}, {'x': 0.364, 'y': -12.1948}, {'x': 0.627, 'y': -23.6304}, {'x': 0.891, 'y': -94.1606}, {'x': 1.155, 'y': 78.6401}, {'x': 1.418, 'y': 34.5589}, {'x': 1.682, 'y': 25.1788}, {'x': 1.945, 'y': 21.471}, {'x': 2.209, 'y': 19.725}, {'x': 2.473, 'y': 18.8873}, {'x': 2.736, 'y': 18.5442}, {'x': 3.0, 'y': 18.5}]}","{'formula': 'Piecewise(((-3*x**2 - 9*x + 1)/(x - 1), x > 3), ((3*x**2 + x + 7)/(x - 1), True))', 'latex': '\\begin{cases} \\frac{- 3 x^{2} - 9 x + 1}{x - 1} & \\text{for}\\: x > 3 \\\\\\frac{3 x^{2} + x + 7}{x - 1} & \\text{otherwise} \\end{cases}', 'properties': {'singularities': ['1'], 'is_periodic': False, 'domain': 'analysis_timeout'}}",auto_v2
MCM_222_274d5122,"{'a': 2, 'b': 2, 'c': 2}","{'points': [{'x': -3.0, 'y': 2.0}, {'x': -2.758, 'y': 2.1921}, {'x': -2.517, 'y': 2.4754}, {'x': -2.275, 'y': 2.9355}, {'x': -2.033, 'y': 3.8125}, {'x': -1.792, 'y': 6.1429}, {'x': -1.55, 'y': 31.0}, {'x': -1.308, 'y': -6.8261}, {'x': -1.067, 'y': -2.4615}, {'x': -0.825, 'y': -1.2222}, {'x': -0.583, 'y': -0.6364}, {'x': -0.342, 'y': -0.295}, {'x': -0.1, 'y': -0.0714}, {'x': 0.1, 'y': 0.6907}, {'x': 0.364, 'y': 0.7719}, {'x': 0.627, 'y': 0.8802}, {'x': 0.891, 'y': 1.0194}, {'x': 1.155, 'y': 1.1952}, {'x': 1.418, 'y': 1.4151}, {'x': 1.682, 'y': 1.6894}, {'x': 1.945, 'y': 2.0307}, {'x': 2.209, 'y': 2.4554}, {'x': 2.473, 'y': 2.984}, {'x': 2.736, 'y': 3.6425}, {'x': 3.0, 'y': 4.4635}]}","{'formula': 'Piecewise((2*exp(x)/(2*x + 3), x > 0), (2*x/(2*x + 3), True))', 'latex': '\\begin{cases} \\frac{2 e^{x}}{2 x + 3} & \\text{for}\\: x > 0 \\\\\\frac{2 x}{2 x + 3} & \\text{otherwise} \\end{cases}', 'properties': {'singularities': ['-3/2'], 'is_periodic': False, 'domain': 'analysis_timeout'}}",auto_v2
MCM_223_612c687b,"{'a': 2, 'b': 2, 'c': 3}","{'points': [{'x': -3.0, 'y': -11.3599}, {'x': -2.758, 'y': -10.8149}, {'x': -2.517, 'y': -8.469}, {'x': -2.275, 'y': 3.4143}, {'x': -2.033, 'y': 5.4765}, {'x': -1.792, 'y': -4.1046}, {'x': -1.55, 'y': 2.3226}, {'x': -1.308, 'y': 1.9252}, {'x': -1.067, 'y': 1.0311}, {'x': -0.825, 'y': 0.4627}, {'x': -0.583, 'y': 0.1627}, {'x': -0.342, 'y': 0.0337}, {'x': -0.1, 'y': 0.0009}, {'x': 0.1, 'y': -0.001}, {'x': 0.364, 'y': -0.062}, {'x': 0.627, 'y': -0.492}, {'x': 0.891, 'y': -4.3955}, {'x': 1.155, 'y': 6.2083}, {'x': 1.418, 'y': 3.9342}, {'x': 1.682, 'y': 3.7435}, {'x': 1.945, 'y': 3.9057}, {'x': 2.209, 'y': 4.1969}, {'x': 2.473, 'y': 4.5524}, {'x': 2.736, 'y': 4.9458}, {'x': 3.0, 'y': 5.3641}]}","{'formula': '(2*x**3 + floor(exp(-x**2/3)))*sin(1/(x + 2))/(x - 1)', 'latex': '\\frac{\\left(2 x^{3} + \\left\\lfloor{e^{- \\frac{x^{2}}{3}}}\\right\\rfloor\\right) \\sin{\\left(\\frac{1}{x + 2} \\right)}}{x - 1}', 'properties': {'singularities': ['-2', '1'], 'is_periodic': False, 'domain': 'analysis_timeout'}}",auto_v2
MCM_223_7f97b0b5,"{'a': 2, 'b': 2, 'c': 3}","{'points': [{'x': -3.0, 'y': 14.0}, {'x': -2.758, 'y': 17.0798}, {'x': -2.517, 'y': 23.1152}, {'x': -2.275, 'y': 39.9552}, {'x': -2.033, 'y': 303.3696}, {'x': -1.792, 'y': -44.9355}, {'x': -1.55, 'y': -19.6032}, {'x': -1.308, 'y': -12.5506}, {'x': -1.067, 'y': -10.1261}, {'x': -0.825, 'y': -11.2029}, {'x': -0.583, 'y': -32.0588}, {'x': -0.342, 'y': 14.7593}, {'x': -0.1, 'y': 5.9868}, {'x': 0.1, 'y': 4.4048}, {'x': 0.364, 'y': 3.664}, {'x': 0.627, 'y': 3.4115}, {'x': 0.891, 'y': 3.3383}, {'x': 1.155, 'y': 3.341}, {'x': 1.418, 'y': 3.3778}, {'x': 1.682, 'y': 3.4298}, {'x': 1.945, 'y': 3.4877}, {'x': 2.209, 'y': 3.547}, {'x': 2.473, 'y': 3.6052}, {'x': 2.736, 'y': 3.6611}, {'x': 3.0, 'y': 3.7143}]}","{'formula': '10*Abs(x**2 + x + 1)/((x + 2)*(2*x + 1))', 'latex': '\\frac{10 \\left|{x^{2} + x + 1}\\right|}{\\left(x + 2\\right) \\left(2 x + 1\\right)}', 'properties': {'singularities': ['-2', '-1/2'], 'is_periodic': False, 'domain': 'Union(Interval.open(-oo, -2), Interval.open(-2, -1/2), Interval.open(-1/2, oo))'}}",auto_v2
MCM_223_71169cb0,"{'a': 2, 'b': 2, 'c': 3}","{'points': [{'x': -3.0, 'y': -22.847}, {'x': -2.758, 'y': -24.74}, {'x': -2.517, 'y': -28.7735}, {'x': -2.275, 'y': -42.0365}, {'x': -2.033, 'y': -257.9184}, {'x': -1.792, 'y': 29.7272}, {'x': -1.55, 'y': 9.0309}, {'x': -1.308, 'y': 3.5282}, {'x': -1.067, 'y': 1.3963}, {'x': -0.825, 'y': 0.2382}, {'x': -0.583, 'y': -0.002}, {'x': -0.342, 'y': -0.2}, {'x': -0.1, 'y': -0.2401}, {'x': 0.1, 'y': -0.0012}, {'x': 0.364, 'y': -0.0584}, {'x': 0.627, 'y': -0.3127}, {'x': 0.891, 'y': -0.9593}, {'x': 1.155, 'y': -2.258}, {'x': 1.418, 'y': -4.1267}, {'x': 1.682, 'y': 0.0082}, {'x': 1.945, 'y': 4.6059}, {'x': 2.209, 'y': -12.7747}, {'x': 2.473, 'y': 14.4566}, {'x': 2.736, 'y': 21.1417}, {'x': 3.0, 'y': 22.7197}]}","{'formula': '(5*x**3 + floor(exp(-x)))*sin(1/(x - 2))/(x + 2)', 'latex': '\\frac{\\left(5 x^{3} + \\left\\lfloor{e^{- x}}\\right\\rfloor\\right) \\sin{\\left(\\frac{1}{x - 2} \\right)}}{x + 2}', 'properties': {'singularities': ['-2', '2'], 'is_periodic': False, 'domain': 'analysis_timeout'}}",auto_v2
MCM_223_d013e54f,"{'a': 2, 'b': 2, 'c': 3}","{'points': [{'x': -3.0, 'y': 0.2}, {'x': -2.758, 'y': 0.1813}, {'x': -2.517, 'y': 0.1508}, {'x': -2.275, 'y': 0.1009}, {'x': -2.033, 'y': 0.016}, {'x': -1.792, 'y': -0.1388}, {'x': -1.55, 'y': -0.4609}, {'x': -1.308, 'y': -1.3561}, {'x': -1.067, 'y': -9.1304}, {'x': -0.825, 'y': 4.7535}, {'x': -0.583, 'y': 2.6323}, {'x': -0.342, 'y': 2.1514}, {'x': -0.1, 'y': 2.0106}, {'x': 0.1, 'y': 1.0813}, {'x': 0.364, 'y': -0.0333}, {'x': 0.627, 'y': -1.3272}, {'x': 0.891, 'y': -3.0571}, {'x': 1.155, 'y': -5.7169}, {'x': 1.418, 'y': -10.6417}, {'x': 1.682, 'y': -23.54}, {'x': 1.945, 'y': -160.321}, {'x': 2.209, 'y': 47.6667}, {'x': 2.473, 'y': 23.6144}, {'x': 2.736, 'y': 16.7575}, {'x': 3.0, 'y': 13.5}]}","{'formula': 'Piecewise(((4*x**2 + 7*x - 3)/(x**2 - x - 2), x > 0), ((-2*x - 4)/((x - 2)*(x + 1)), True))', 'latex': '\\begin{cases} \\frac{4 x^{2} + 7 x - 3}{x^{2} - x - 2} & \\text{for}\\: x > 0 \\\\\\frac{- 2 x - 4}{\\left(x - 2\\right) \\left(x + 1\\right)} & \\text{otherwise} \\end{cases}', 'properties': {'singularities': ['-1', '2'], 'is_periodic': False, 'domain': 'analysis_timeout'}}",auto_v2
MCM_223_463b3aef,"{'a': 2, 'b': 2, 'c': 3}","{'points': [{'x': -3.0, 'y': -0.2818}, {'x': -2.754, 'y': -0.3025}, {'x': -2.508, 'y': -0.3263}, {'x': -2.263, 'y': -0.3541}, {'x': -2.017, 'y': -0.387}, {'x': -1.771, 'y': -0.4263}, {'x': -1.525, 'y': -0.474}, {'x': -1.279, 'y': -0.5329}, {'x': -1.033, 'y': -0.6069}, {'x': -0.787, 'y': -0.7009}, {'x': -0.542, 'y': -0.8192}, {'x': -0.296, 'y': -0.951}, {'x': -0.05, 'y': -0.9696}, {'x': 0.05, 'y': -0.7952}, {'x': 0.318, 'y': 0.7055}, {'x': 0.586, 'y': -0.8346}, {'x': 0.855, 'y': 0.3156}, {'x': 1.123, 'y': 0.9994}, {'x': 1.391, 'y': 0.9012}, {'x': 1.659, 'y': 0.7596}, {'x': 1.927, 'y': 0.6447}, {'x': 2.195, 'y': 0.5562}, {'x': 2.464, 'y': 0.4875}, {'x': 2.732, 'y': 0.4332}, {'x': 3.0, 'y': 0.3894}]}","{'formula': 'Piecewise((0, Eq(5*x**2 + x, -3)), ((5*x**2 + x + 3)*sin(2/(2*x - 1))/Abs(5*x**2 + x + 3), True))', 'latex': '\\begin{cases} 0 & \\text{for}\\: 5 x^{2} + x = -3 \\\\\\frac{\\left(5 x^{2} + x + 3\\right) \\sin{\\left(\\frac{2}{2 x - 1} \\right)}}{\\left|{5 x^{2} + x + 3}\\right|} & \\text{otherwise} \\end{cases}', 'properties': {'singularities': ['1/2'], 'is_periodic': False, 'domain': 'analysis_timeout'}}",auto_v2
MCM_223_0ece2177,"{'a': 2, 'b': 2, 'c': 3}","{'points': [{'x': -3.0, 'y': 2.6667}, {'x': -2.758, 'y': 2.7296}, {'x': -2.517, 'y': 2.8066}, {'x': -2.275, 'y': 2.9029}, {'x': -2.033, 'y': 3.0275}, {'x': -1.792, 'y': 3.1956}, {'x': -1.55, 'y': 3.4364}, {'x': -1.308, 'y': 3.8135}, {'x': -1.067, 'y': 4.4981}, {'x': -0.825, 'y': 6.1687}, {'x': -0.583, 'y': 17.36}, {'x': -0.342, 'y': -5.4875}, {'x': -0.1, 'y': -0.6562}, {'x': 0.1, 'y': -5.0357}, {'x': 0.364, 'y': -5.2211}, {'x': 0.627, 'y': -6.5409}, {'x': 0.891, 'y': -9.6354}, {'x': 1.155, 'y': -18.0346}, {'x': 1.418, 'y': -82.0053}, {'x': 1.682, 'y': 39.9531}, {'x': 1.945, 'y': 17.6669}, {'x': 2.209, 'y': 12.0034}, {'x': 2.473, 'y': 9.437}, {'x': 2.736, 'y': 7.9813}, {'x': 3.0, 'y': 7.0476}]}","{'formula': 'Piecewise(((12*x**2 + 8*x + 16)/((2*x - 3)*(2*x + 1)), x > 0), (8*x*(x - 2)/((2*x - 3)*(2*x + 1)), True))', 'latex': '\\begin{cases} \\frac{12 x^{2} + 8 x + 16}{\\left(2 x - 3\\right) \\left(2 x + 1\\right)} & \\text{for}\\: x > 0 \\\\\\frac{8 x \\left(x - 2\\right)}{\\left(2 x - 3\\right) \\left(2 x + 1\\right)} & \\text{otherwise} \\end{cases}', 'properties': {'singularities': ['-1/2', '3/2'], 'is_periodic': False, 'domain': 'analysis_timeout'}}",auto_v2
MCM_300_e0d0fdc6,"{'a': 3, 'b': 0, 'c': 0}","{'points': [{'x': -3.0, 'y': 1890.0}, {'x': -2.75, 'y': 1257.2656}, {'x': -2.5, 'y': 812.5}, {'x': -2.25, 'y': 508.7812}, {'x': -2.0, 'y': 308.0}, {'x': -1.75, 'y': 179.9219}, {'x': -1.5, 'y': 101.25}, {'x': -1.25, 'y': 54.6875}, {'x': -1.0, 'y': 28.0}, {'x': -0.75, 'y': 13.0781}, {'x': -0.5, 'y': 5.0}, {'x': -0.25, 'y': 1.0938}, {'x': 0.0, 'y': 0.0}, {'x': 0.25, 'y': 0.7344}, {'x': 0.5, 'y': 1.75}, {'x': 0.75, 'y': 0.0}, {'x': 1.0, 'y': -10.0}, {'x': 1.25, 'y': -37.1094}, {'x': 1.5, 'y': -94.5}, {'x': 1.75, 'y': -200.5938}, {'x': 2.0, 'y': -380.0}, {'x': 2.25, 'y': -664.4531}, {'x': 2.5, 'y': -1093.75}, {'x': 2.75, 'y': -1716.6875}, {'x': 3.0, 'y': -2592.0}]}","{'formula': 'x**2*(-8*x**3 - 6*x**2 - 11*x + 15)', 'latex': 'x^{2} \\left(- 8 x^{3} - 6 x^{2} - 11 x + 15\\right)', 'properties': {'singularities': [], 'is_periodic': False, 'domain': 'Reals'}}",auto_v2
MCM_300_1a2c82fa,"{'a': 3, 'b': 0, 'c': 0}","{'points': [{'x': -3.0, 'y': 1026.0}, {'x': -2.75, 'y': 768.7852}, {'x': -2.5, 'y': 566.3125}, {'x': -2.25, 'y': 409.7227}, {'x': -2.0, 'y': 291.0}, {'x': -1.75, 'y': 202.9727}, {'x': -1.5, 'y': 139.3125}, {'x': -1.25, 'y': 94.5352}, {'x': -1.0, 'y': 64.0}, {'x': -0.75, 'y': 43.9102}, {'x': -0.5, 'y': 31.3125}, {'x': -0.25, 'y': 24.0977}, {'x': 0.0, 'y': 21.0}, {'x': 0.25, 'y': 21.5977}, {'x': 0.5, 'y': 26.3125}, {'x': 0.75, 'y': 36.4102}, {'x': 1.0, 'y': 54.0}, {'x': 1.25, 'y': 82.0352}, {'x': 1.5, 'y': 124.3125}, {'x': 1.75, 'y': 185.4727}, {'x': 2.0, 'y': 271.0}, {'x': 2.25, 'y': 387.2227}, {'x': 2.5, 'y': 541.3125}, {'x': 2.75, 'y': 741.2852}, {'x': 3.0, 'y': 996.0}]}","{'formula': '(-x - 1)*(x + 4) + (3*x**2 + 5)**2', 'latex': '\\left(- x - 1\\right) \\left(x + 4\\right) + \\left(3 x^{2} + 5\\right)^{2}', 'properties': {'singularities': [], 'is_periodic': False, 'domain': 'Reals'}}",auto_v2
MCM_300_131a4b10,"{'a': 3, 'b': 0, 'c': 0}","{'points': [{'x': -3.0, 'y': 1305.0}, {'x': -2.75, 'y': 1024.2656}, {'x': -2.5, 'y': 791.5}, {'x': -2.25, 'y': 600.8906}, {'x': -2.0, 'y': 447.0}, {'x': -1.75, 'y': 324.7656}, {'x': -1.5, 'y': 229.5}, {'x': -1.25, 'y': 156.8906}, {'x': -1.0, 'y': 103.0}, {'x': -0.75, 'y': 64.2656}, {'x': -0.5, 'y': 37.5}, {'x': -0.25, 'y': 19.8906}, {'x': 0.0, 'y': 9.0}, {'x': 0.25, 'y': 2.7656}, {'x': 0.5, 'y': -0.5}, {'x': 0.75, 'y': -2.1094}, {'x': 1.0, 'y': -3.0}, {'x': 1.25, 'y': -3.7344}, {'x': 1.5, 'y': -4.5}, {'x': 1.75, 'y': -5.1094}, {'x': 2.0, 'y': -5.0}, {'x': 2.25, 'y': -3.2344}, {'x': 2.5, 'y': 1.5}, {'x': 2.75, 'y': 10.8906}, {'x': 3.0, 'y': 27.0}]}","{'formula': '-3*x + (2*x**2 - 5*x + 3)**2', 'latex': '- 3 x + \\left(2 x^{2} - 5 x + 3\\right)^{2}', 'properties': {'singularities': [], 'is_periodic': False, 'domain': 'Reals'}}",auto_v2
MCM_300_23bf5c90,"{'a': 3, 'b': 0, 'c': 0}","{'points': [{'x': -3.0, 'y': 1933.0}, {'x': -2.75, 'y': 1547.6406}, {'x': -2.5, 'y': 1222.5}, {'x': -2.25, 'y': 951.0156}, {'x': -2.0, 'y': 727.0}, {'x': -1.75, 'y': 544.6406}, {'x': -1.5, 'y': 398.5}, {'x': -1.25, 'y': 283.5156}, {'x': -1.0, 'y': 195.0}, {'x': -0.75, 'y': 128.6406}, {'x': -0.5, 'y': 80.5}, {'x': -0.25, 'y': 47.0156}, {'x': 0.0, 'y': 25.0}, {'x': 0.25, 'y': 11.6406}, {'x': 0.5, 'y': 4.5}, {'x': 0.75, 'y': 1.5156}, {'x': 1.0, 'y': 1.0}, {'x': 1.25, 'y': 1.6406}, {'x': 1.5, 'y': 2.5}, {'x': 1.75, 'y': 3.0156}, {'x': 2.0, 'y': 3.0}, {'x': 2.25, 'y': 2.6406}, {'x': 2.5, 'y': 2.5}, {'x': 2.75, 'y': 3.5156}, {'x': 3.0, 'y': 7.0}]}","{'formula': 'x + (x - 1)**2*(2*x - 5)**2', 'latex': 'x + \\left(x - 1\\right)^{2} \\left(2 x - 5\\right)^{2}', 'properties': {'singularities': [], 'is_periodic': False, 'domain': 'Reals'}}",auto_v2
MCM_300_b8d90e67,"{'a': 3, 'b': 0, 'c': 0}","{'points': [{'x': -3.0, 'y': 885.0}, {'x': -2.75, 'y': 540.7053}, {'x': -2.5, 'y': 316.0156}, {'x': -2.25, 'y': 174.8167}, {'x': -2.0, 'y': 90.0}, {'x': -1.75, 'y': 41.7932}, {'x': -1.5, 'y': 16.2656}, {'x': -1.25, 'y': 4.01}, {'x': -1.0, 'y': -1.0}, {'x': -0.75, 'y': -2.3767}, {'x': -0.5, 'y': -2.1094}, {'x': -0.25, 'y': -1.1794}, {'x': 0.0, 'y': 0.0}, {'x': 0.25, 'y': 1.3206}, {'x': 0.5, 'y': 2.8906}, {'x': 0.75, 'y': 5.1233}, {'x': 1.0, 'y': 9.0}, {'x': 1.25, 'y': 16.51}, {'x': 1.5, 'y': 31.2656}, {'x': 1.75, 'y': 59.2932}, {'x': 2.0, 'y': 110.0}, {'x': 2.25, 'y': 197.3167}, {'x': 2.5, 'y': 341.0156}, {'x': 2.75, 'y': 568.2053}, {'x': 3.0, 'y': 915.0}]}","{'formula': 'x*(x*(x**2 + 1)**2 + 5)', 'latex': 'x \\left(x \\left(x^{2} + 1\\right)^{2} + 5\\right)', 'properties': {'singularities': [], 'is_periodic': False, 'domain': 'Reals'}}",auto_v2
MCM_300_f07556f4,"{'a': 3, 'b': 0, 'c': 0}","{'points': [{'x': -3.0, 'y': 3384.0}, {'x': -2.75, 'y': 2079.8057}, {'x': -2.5, 'y': 1232.8125}, {'x': -2.25, 'y': 702.501}, {'x': -2.0, 'y': 384.0}, {'x': -1.75, 'y': 201.4072}, {'x': -1.5, 'y': 101.8125}, {'x': -1.25, 'y': 50.0244}, {'x': -1.0, 'y': 24.0}, {'x': -0.75, 'y': 10.9775}, {'x': -0.5, 'y': 4.3125}, {'x': -0.25, 'y': 1.0166}, {'x': 0.0, 'y': 0.0}, {'x': 0.25, 'y': 1.0166}, {'x': 0.5, 'y': 4.3125}, {'x': 0.75, 'y': 10.9775}, {'x': 1.0, 'y': 24.0}, {'x': 1.25, 'y': 50.0244}, {'x': 1.5, 'y': 101.8125}, {'x': 1.75, 'y': 201.4072}, {'x': 2.0, 'y': 384.0}, {'x': 2.25, 'y': 702.501}, {'x': 2.5, 'y': 1232.8125}, {'x': 2.75, 'y': 2079.8057}, {'x': 3.0, 'y': 3384.0}]}","{'formula': '4*x**2*(x**4 + x**2 + 4)', 'latex': '4 x^{2} \\left(x^{4} + x^{2} + 4\\right)', 'properties': {'singularities': [], 'is_periodic': False, 'domain': 'Reals'}}",auto_v2
MCM_300_5b52a993,"{'a': 3, 'b': 0, 'c': 0}","{'points': [{'x': -3.0, 'y': 84.0}, {'x': -2.75, 'y': 67.9375}, {'x': -2.5, 'y': 53.25}, {'x': -2.25, 'y': 39.9375}, {'x': -2.0, 'y': 28.0}, {'x': -1.75, 'y': 17.4375}, {'x': -1.5, 'y': 8.25}, {'x': -1.25, 'y': 0.4375}, {'x': -1.0, 'y': -6.0}, {'x': -0.75, 'y': -11.0625}, {'x': -0.5, 'y': -14.75}, {'x': -0.25, 'y': -17.0625}, {'x': 0.0, 'y': -18.0}, {'x': 0.25, 'y': -17.5625}, {'x': 0.5, 'y': -15.75}, {'x': 0.75, 'y': -12.5625}, {'x': 1.0, 'y': -8.0}, {'x': 1.25, 'y': -2.0625}, {'x': 1.5, 'y': 5.25}, {'x': 1.75, 'y': 13.9375}, {'x': 2.0, 'y': 24.0}, {'x': 2.25, 'y': 35.4375}, {'x': 2.5, 'y': 48.25}, {'x': 2.75, 'y': 62.4375}, {'x': 3.0, 'y': 78.0}]}","{'formula': '11*x**2 - x - 18', 'latex': '11 x^{2} - x - 18', 'properties': {'singularities': [], 'is_periodic': False, 'domain': 'Reals'}}",auto_v2
MCM_300_ede5c293,"{'a': 3, 'b': 0, 'c': 0}","{'points': [{'x': -3.0, 'y': -333.0}, {'x': -2.75, 'y': -239.6406}, {'x': -2.5, 'y': -168.75}, {'x': -2.25, 'y': -116.3906}, {'x': -2.0, 'y': -79.0}, {'x': -1.75, 'y': -53.3906}, {'x': -1.5, 'y': -36.75}, {'x': -1.25, 'y': -26.6406}, {'x': -1.0, 'y': -21.0}, {'x': -0.75, 'y': -18.1406}, {'x': -0.5, 'y': -16.75}, {'x': -0.25, 'y': -15.8906}, {'x': 0.0, 'y': -15.0}, {'x': 0.25, 'y': -13.8906}, {'x': 0.5, 'y': -12.75}, {'x': 0.75, 'y': -12.1406}, {'x': 1.0, 'y': -13.0}, {'x': 1.25, 'y': -16.6406}, {'x': 1.5, 'y': -24.75}, {'x': 1.75, 'y': -39.3906}, {'x': 2.0, 'y': -63.0}, {'x': 2.25, 'y': -98.3906}, {'x': 2.5, 'y': -148.75}, {'x': 2.75, 'y': -217.6406}, {'x': 3.0, 'y': -309.0}]}","{'formula': '-4*x**4 + 2*x**2 + 4*x - 15', 'latex': '- 4 x^{4} + 2 x^{2} + 4 x - 15', 'properties': {'singularities': [], 'is_periodic': False, 'domain': 'Reals'}}",auto_v2
MCM_301_768d3106,"{'a': 3, 'b': 0, 'c': 1}","{'points': [{'x': -4.0, 'y': 0.9589}, {'x': -3.667, 'y': 0.929}, {'x': -3.333, 'y': 0.5013}, {'x': -3.0, 'y': -0.1411}, {'x': -2.667, 'y': -0.7231}, {'x': -2.333, 'y': -0.9954}, {'x': -2.0, 'y': -0.8415}, {'x': -1.667, 'y': -0.3272}, {'x': -1.333, 'y': 0.3272}, {'x': -1.0, 'y': 0.8415}, {'x': -0.667, 'y': 0.9954}, {'x': -0.333, 'y': 0.7231}, {'x': 0.0, 'y': 0.1411}, {'x': 0.333, 'y': -0.5013}, {'x': 0.667, 'y': -0.929}, {'x': 1.0, 'y': -0.9589}, {'x': 1.333, 'y': -0.5782}, {'x': 1.667, 'y': 0.0501}, {'x': 2.0, 'y': 0.657}, {'x': 2.333, 'y': 0.9825}, {'x': 2.667, 'y': 0.8873}, {'x': 3.0, 'y': 0.4121}, {'x': 3.333, 'y': -0.2395}, {'x': 3.667, 'y': -0.7886}, {'x': 4.0, 'y': -1.0}]}","{'formula': 'sin(2*x + 3)', 'latex': '\\sin{\\left(2 x + 3 \\right)}', 'properties': {'singularities': [], 'is_periodic': True, 'domain': 'Reals', 'period_value': 'pi'}}",auto_v2
MCM_301_6256185f,"{'a': 3, 'b': 0, 'c': 1}","{'points': [{'x': -4.0, 'y': -0.657}, {'x': -3.667, 'y': -0.0501}, {'x': -3.333, 'y': 0.5782}, {'x': -3.0, 'y': 0.9589}, {'x': -2.667, 'y': 0.929}, {'x': -2.333, 'y': 0.5013}, {'x': -2.0, 'y': -0.1411}, {'x': -1.667, 'y': -0.7231}, {'x': -1.333, 'y': -0.9954}, {'x': -1.0, 'y': -0.8415}, {'x': -0.667, 'y': -0.3272}, {'x': -0.333, 'y': 0.3272}, {'x': 0.0, 'y': 0.8415}, {'x': 0.333, 'y': 0.9954}, {'x': 0.667, 'y': 0.7231}, {'x': 1.0, 'y': 0.1411}, {'x': 1.333, 'y': -0.5013}, {'x': 1.667, 'y': -0.929}, {'x': 2.0, 'y': -0.9589}, {'x': 2.333, 'y': -0.5782}, {'x': 2.667, 'y': 0.0501}, {'x': 3.0, 'y': 0.657}, {'x': 3.333, 'y': 0.9825}, {'x': 3.667, 'y': 0.8873}, {'x': 4.0, 'y': 0.4121}]}","{'formula': 'sin(2*x + 1)', 'latex': '\\sin{\\left(2 x + 1 \\right)}', 'properties': {'singularities': [], 'is_periodic': True, 'domain': 'Reals', 'period_value': 'pi'}}",auto_v2
MCM_301_ad8e94f4,"{'a': 3, 'b': 0, 'c': 1}","{'points': [{'x': -4.0, 'y': 0.0}, {'x': -3.667, 'y': 0.3272}, {'x': -3.333, 'y': 0.6184}, {'x': -3.0, 'y': 0.8415}, {'x': -2.667, 'y': 0.9719}, {'x': -2.333, 'y': 0.9954}, {'x': -2.0, 'y': 0.9093}, {'x': -1.667, 'y': 0.7231}, {'x': -1.333, 'y': 0.4573}, {'x': -1.0, 'y': 0.1411}, {'x': -0.667, 'y': -0.1906}, {'x': -0.333, 'y': -0.5013}, {'x': 0.0, 'y': -0.7568}, {'x': 0.333, 'y': -0.929}, {'x': 0.667, 'y': -0.999}, {'x': 1.0, 'y': -0.9589}, {'x': 1.333, 'y': -0.8133}, {'x': 1.667, 'y': -0.5782}, {'x': 2.0, 'y': -0.2794}, {'x': 2.333, 'y': 0.0501}, {'x': 2.667, 'y': 0.3742}, {'x': 3.0, 'y': 0.657}, {'x': 3.333, 'y': 0.8675}, {'x': 3.667, 'y': 0.9825}, {'x': 4.0, 'y': 0.9894}]}","{'formula': 'sin(x + 4)', 'latex': '\\sin{\\left(x + 4 \\right)}', 'properties': {'singularities': [], 'is_periodic': True, 'domain': 'Reals', 'period_value': '2*pi'}}",auto_v2
MCM_301_270d5b5f,"{'a': 3, 'b': 0, 'c': 1}","{'points': [{'x': -4.0, 'y': -0.8367}, {'x': -3.667, 'y': -0.7292}, {'x': -3.333, 'y': 0.4936}, {'x': -3.0, 'y': 0.9614}, {'x': -2.667, 'y': -0.0413}, {'x': -2.333, 'y': -0.9808}, {'x': -2.0, 'y': -0.4202}, {'x': -1.667, 'y': 0.7831}, {'x': -1.333, 'y': 0.7886}, {'x': -1.0, 'y': -0.4121}, {'x': -0.667, 'y': -0.9825}, {'x': -0.333, 'y': -0.0501}, {'x': 0.0, 'y': 0.9589}, {'x': 0.333, 'y': 0.5013}, {'x': 0.667, 'y': -0.7231}, {'x': 1.0, 'y': -0.8415}, {'x': 1.333, 'y': 0.3272}, {'x': 1.667, 'y': 0.9954}, {'x': 2.0, 'y': 0.1411}, {'x': 2.333, 'y': -0.929}, {'x': 2.667, 'y': -0.5782}, {'x': 3.0, 'y': 0.657}, {'x': 3.333, 'y': 0.8873}, {'x': 3.667, 'y': -0.2395}, {'x': 4.0, 'y': -1.0}]}","{'formula': 'sin(4*x - 5)', 'latex': '\\sin{\\left(4 x - 5 \\right)}', 'properties': {'singularities': [], 'is_periodic': True, 'domain': 'Reals', 'period_value': 'pi/2'}}",auto_v2
MCM_301_a6171a64,"{'a': 3, 'b': 0, 'c': 1}","{'points': [{'x': -4.0, 'y': 4.8439}, {'x': -3.667, 'y': 4.0044}, {'x': -3.333, 'y': 3.1609}, {'x': -3.0, 'y': 3.0889}, {'x': -2.667, 'y': 3.8545}, {'x': -2.333, 'y': 4.7539}, {'x': -2.0, 'y': 4.9602}, {'x': -1.667, 'y': 4.2837}, {'x': -1.333, 'y': 3.3464}, {'x': -1.0, 'y': 3.01}, {'x': -0.667, 'y': 3.5839}, {'x': -0.333, 'y': 4.5403}, {'x': 0.0, 'y': 5.0}, {'x': 0.333, 'y': 4.5403}, {'x': 0.667, 'y': 3.5839}, {'x': 1.0, 'y': 3.01}, {'x': 1.333, 'y': 3.3464}, {'x': 1.667, 'y': 4.2837}, {'x': 2.0, 'y': 4.9602}, {'x': 2.333, 'y': 4.7539}, {'x': 2.667, 'y': 3.8545}, {'x': 3.0, 'y': 3.0889}, {'x': 3.333, 'y': 3.1609}, {'x': 3.667, 'y': 4.0044}, {'x': 4.0, 'y': 4.8439}]}","{'formula': 'cos(3*x) + 4', 'latex': '\\cos{\\left(3 x \\right)} + 4', 'properties': {'singularities': [], 'is_periodic': True, 'domain': 'Reals', 'period_value': '2*pi/3'}}",auto_v2
MCM_301_575a7c5c,"{'a': 3, 'b': 0, 'c': 1}","{'points': [{'x': -4.0, 'y': -2.9577}, {'x': -3.667, 'y': -2.5051}, {'x': -3.333, 'y': -1.28}, {'x': -3.0, 'y': -1.1561}, {'x': -2.667, 'y': -2.323}, {'x': -2.333, 'y': -2.9958}, {'x': -2.0, 'y': -2.1455}, {'x': -1.667, 'y': -1.0726}, {'x': -1.333, 'y': -1.4182}, {'x': -1.0, 'y': -2.6536}, {'x': -0.667, 'y': -2.8893}, {'x': -0.333, 'y': -1.7648}, {'x': 0.0, 'y': -1.0}, {'x': 0.333, 'y': -1.7648}, {'x': 0.667, 'y': -2.8893}, {'x': 1.0, 'y': -2.6536}, {'x': 1.333, 'y': -1.4182}, {'x': 1.667, 'y': -1.0726}, {'x': 2.0, 'y': -2.1455}, {'x': 2.333, 'y': -2.9958}, {'x': 2.667, 'y': -2.323}, {'x': 3.0, 'y': -1.1561}, {'x': 3.333, 'y': -1.28}, {'x': 3.667, 'y': -2.5051}, {'x': 4.0, 'y': -2.9577}]}","{'formula': 'cos(4*x) - 2', 'latex': '\\cos{\\left(4 x \\right)} - 2', 'properties': {'singularities': [], 'is_periodic': True, 'domain': 'Reals', 'period_value': 'pi/2'}}",auto_v2
MCM_301_e804e840,"{'a': 3, 'b': 0, 'c': 1}","{'points': [{'x': -4.0, 'y': -2.5919}, {'x': -3.667, 'y': -2.1303}, {'x': -3.333, 'y': -3.5746}, {'x': -3.0, 'y': -3.7597}, {'x': -2.667, 'y': -2.28}, {'x': -2.333, 'y': -2.3782}, {'x': -2.0, 'y': -3.8391}, {'x': -1.667, 'y': -3.4612}, {'x': -1.333, 'y': -2.0726}, {'x': -1.0, 'y': -2.7163}, {'x': -0.667, 'y': -3.9817}, {'x': -0.333, 'y': -3.0957}, {'x': 0.0, 'y': -2.0}, {'x': 0.333, 'y': -3.0957}, {'x': 0.667, 'y': -3.9817}, {'x': 1.0, 'y': -2.7163}, {'x': 1.333, 'y': -2.0726}, {'x': 1.667, 'y': -3.4612}, {'x': 2.0, 'y': -3.8391}, {'x': 2.333, 'y': -2.3782}, {'x': 2.667, 'y': -2.28}, {'x': 3.0, 'y': -3.7597}, {'x': 3.333, 'y': -3.5746}, {'x': 3.667, 'y': -2.1303}, {'x': 4.0, 'y': -2.5919}]}","{'formula': 'cos(5*x) - 3', 'latex': '\\cos{\\left(5 x \\right)} - 3', 'properties': {'singularities': [], 'is_periodic': True, 'domain': 'Reals', 'period_value': '2*pi/5'}}",auto_v2
MCM_301_e84ff379,"{'a': 3, 'b': 0, 'c': 1}","{'points': [{'x': -4.0, 'y': -0.6503}, {'x': -3.667, 'y': -0.8913}, {'x': -3.333, 'y': 0.2309}, {'x': -3.0, 'y': 1.0}, {'x': -2.667, 'y': 0.2395}, {'x': -2.333, 'y': -0.8873}, {'x': -2.0, 'y': -0.657}, {'x': -1.667, 'y': 0.5782}, {'x': -1.333, 'y': 0.929}, {'x': -1.0, 'y': -0.1411}, {'x': -0.667, 'y': -0.9954}, {'x': -0.333, 'y': -0.3272}, {'x': 0.0, 'y': 0.8415}, {'x': 0.333, 'y': 0.7231}, {'x': 0.667, 'y': -0.5013}, {'x': 1.0, 'y': -0.9589}, {'x': 1.333, 'y': 0.0501}, {'x': 1.667, 'y': 0.9825}, {'x': 2.0, 'y': 0.4121}, {'x': 2.333, 'y': -0.7886}, {'x': 2.667, 'y': -0.7831}, {'x': 3.0, 'y': 0.4202}, {'x': 3.333, 'y': 0.9808}, {'x': 3.667, 'y': 0.0413}, {'x': 4.0, 'y': -0.9614}]}","{'formula': 'sin(4*x + 1)', 'latex': '\\sin{\\left(4 x + 1 \\right)}', 'properties': {'singularities': [], 'is_periodic': True, 'domain': 'Reals', 'period_value': 'pi/2'}}",auto_v2
MCM_302_04f4919d,"{'a': 3, 'b': 0, 'c': 2}","{'points': [{'x': -3.0, 'y': -0.0}, {'x': -2.758, 'y': -0.0508}, {'x': -2.517, 'y': -0.107}, {'x': -2.275, 'y': -0.1696}, {'x': -2.033, 'y': -0.2397}, {'x': -1.792, 'y': -0.3187}, {'x': -1.55, 'y': -0.4085}, {'x': -1.308, 'y': -0.5113}, {'x': -1.067, 'y': -0.6304}, {'x': -0.825, 'y': -0.7699}, {'x': -0.583, 'y': -0.9355}, {'x': -0.342, 'y': -1.1352}, {'x': -0.1, 'y': -1.381}, {'x': 0.1, 'y': -1.6316}, {'x': 0.364, 'y': -2.0556}, {'x': 0.627, 'y': -2.6424}, {'x': 0.891, 'y': -3.5082}, {'x': 1.155, 'y': -4.914}, {'x': 1.418, 'y': -7.5938}, {'x': 1.682, 'y': -14.7143}, {'x': 1.945, 'y': -90.6667}, {'x': 2.209, 'y': 24.913}, {'x': 2.473, 'y': 11.5769}, {'x': 2.736, 'y': 7.7901}, {'x': 3.0, 'y': 6.0}]}","{'formula': '(x + 3)/(x - 2)', 'latex': '\\frac{x + 3}{x - 2}', 'properties': {'singularities': ['2'], 'is_periodic': False, 'domain': 'Union(Interval.open(-oo, 2), Interval.open(2, oo))'}}",auto_v2
MCM_302_bdd5adeb,"{'a': 3, 'b': 0, 'c': 2}","{'points': [{'x': -3.0, 'y': -9.0}, {'x': -2.758, 'y': -8.0976}, {'x': -2.517, 'y': -7.2041}, {'x': -2.275, 'y': -6.3214}, {'x': -2.033, 'y': -5.452}, {'x': -1.792, 'y': -4.5995}, {'x': -1.55, 'y': -3.7686}, {'x': -1.308, 'y': -2.9662}, {'x': -1.067, 'y': -2.2022}, {'x': -0.825, 'y': -1.4918}, {'x': -0.583, 'y': -0.8596}, {'x': -0.342, 'y': -0.348}, {'x': -0.1, 'y': -0.0364}, {'x': 0.1, 'y': -0.0444}, {'x': 0.364, 'y': -0.8312}, {'x': 0.627, 'y': -4.2226}, {'x': 0.891, 'y': -29.103}, {'x': 1.155, 'y': 34.5005}, {'x': 1.418, 'y': 19.2379}, {'x': 1.682, 'y': 16.5939}, {'x': 1.945, 'y': 16.0126}, {'x': 2.209, 'y': 16.1446}, {'x': 2.473, 'y': 16.607}, {'x': 2.736, 'y': 17.2491}, {'x': 3.0, 'y': 18.0}]}","{'formula': '4*x**2/(x - 1)', 'latex': '\\frac{4 x^{2}}{x - 1}', 'properties': {'singularities': ['1'], 'is_periodic': False, 'domain': 'Union(Interval.open(-oo, 1), Interval.open(1, oo))'}}",auto_v2
MCM_302_bc3a53c8,"{'a': 3, 'b': 0, 'c': 2}","{'points': [{'x': -3.0, 'y': -2.0}, {'x': -2.758, 'y': -2.3187}, {'x': -2.517, 'y': -2.9355}, {'x': -2.275, 'y': -4.6364}, {'x': -2.033, 'y': -31.0}, {'x': -1.792, 'y': 3.8}, {'x': -1.55, 'y': 1.2222}, {'x': -1.308, 'y': 0.4458}, {'x': -1.067, 'y': 0.0714}, {'x': -0.825, 'y': -0.1489}, {'x': -0.583, 'y': -0.2941}, {'x': -0.342, 'y': -0.397}, {'x': -0.1, 'y': -0.4737}, {'x': 0.1, 'y': -0.5238}, {'x': 0.364, 'y': -0.5769}, {'x': 0.627, 'y': -0.6194}, {'x': 0.891, 'y': -0.6541}, {'x': 1.155, 'y': -0.683}, {'x': 1.418, 'y': -0.7074}, {'x': 1.682, 'y': -0.7284}, {'x': 1.945, 'y': -0.7465}, {'x': 2.209, 'y': -0.7624}, {'x': 2.473, 'y': -0.7764}, {'x': 2.736, 'y': -0.7889}, {'x': 3.0, 'y': -0.8}]}","{'formula': '(-x - 1)/(x + 2)', 'latex': '\\frac{- x - 1}{x + 2}', 'properties': {'singularities': ['-2'], 'is_periodic': False, 'domain': 'Union(Interval.open(-oo, -2), Interval.open(-2, oo))'}}",auto_v2
MCM_302_b66a0bd9,"{'a': 3, 'b': 0, 'c': 2}","{'points': [{'x': -3.0, 'y': 1314.4}, {'x': -2.758, 'y': 920.8872}, {'x': -2.517, 'y': 613.031}, {'x': -2.275, 'y': 377.9933}, {'x': -2.033, 'y': 203.8646}, {'x': -1.792, 'y': 79.6143}, {'x': -1.55, 'y': -5.0286}, {'x': -1.308, 'y': -59.9084}, {'x': -1.067, 'y': -95.6271}, {'x': -0.825, 'y': -130.0148}, {'x': -0.583, 'y': -307.18}, {'x': -0.342, 'y': 73.6897}, {'x': -0.1, 'y': 8.9302}, {'x': 0.1, 'y': 2.2072}, {'x': 0.364, 'y': 2.9618}, {'x': 0.627, 'y': 4.6673}, {'x': 0.891, 'y': 4.5593}, {'x': 1.155, 'y': 3.0115}, {'x': 1.418, 'y': 2.335}, {'x': 1.682, 'y': 6.4486}, {'x': 1.945, 'y': 20.7618}, {'x': 2.209, 'y': 52.1268}, {'x': 2.473, 'y': 108.8155}, {'x': 2.736, 'y': 200.5079}, {'x': 3.0, 'y': 338.2857}]}","{'formula': '(6*x*(x - 1)*(2*x - 1)*(2*x**2 - 5) + 8*x + 4)/(2*x + 1)', 'latex': '\\frac{6 x \\left(x - 1\\right) \\left(2 x - 1\\right) \\left(2 x^{2} - 5\\right) + 8 x + 4}{2 x + 1}', 'properties': {'singularities': ['-1/2'], 'is_periodic': False, 'domain': 'Union(Interval.open(-oo, -1/2), Interval.open(-1/2, oo))'}}",auto_v2
MCM_302_fb146312,"{'a': 3, 'b': 0, 'c': 2}","{'points': [{'x': -3.0, 'y': 5.0}, {'x': -2.758, 'y': 6.5934}, {'x': -2.517, 'y': 9.6774}, {'x': -2.275, 'y': 18.1818}, {'x': -2.033, 'y': 150.0}, {'x': -1.792, 'y': -24.0}, {'x': -1.55, 'y': -11.1111}, {'x': -1.308, 'y': -7.2289}, {'x': -1.067, 'y': -5.3571}, {'x': -0.825, 'y': -4.2553}, {'x': -0.583, 'y': -3.5294}, {'x': -0.342, 'y': -3.0151}, {'x': -0.1, 'y': -2.6316}, {'x': 0.1, 'y': -2.381}, {'x': 0.364, 'y': -2.1154}, {'x': 0.627, 'y': -1.9031}, {'x': 0.891, 'y': -1.7296}, {'x': 1.155, 'y': -1.585}, {'x': 1.418, 'y': -1.4628}, {'x': 1.682, 'y': -1.358}, {'x': 1.945, 'y': -1.2673}, {'x': 2.209, 'y': -1.1879}, {'x': 2.473, 'y': -1.1179}, {'x': 2.736, 'y': -1.0557}, {'x': 3.0, 'y': -1.0}]}","{'formula': '-5/(x + 2)', 'latex': '- \\frac{5}{x + 2}', 'properties': {'singularities': ['-2'], 'is_periodic': False, 'domain': 'Union(Interval.open(-oo, -2), Interval.open(-2, oo))'}}",auto_v2
MCM_302_955b7431,"{'a': 3, 'b': 0, 'c': 2}","{'points': [{'x': -3.0, 'y': -0.6}, {'x': -2.758, 'y': -0.6305}, {'x': -2.517, 'y': -0.6642}, {'x': -2.275, 'y': -0.7018}, {'x': -2.033, 'y': -0.7438}, {'x': -1.792, 'y': -0.7912}, {'x': -1.55, 'y': -0.8451}, {'x': -1.308, 'y': -0.9068}, {'x': -1.067, 'y': -0.9783}, {'x': -0.825, 'y': -1.0619}, {'x': -0.583, 'y': -1.1613}, {'x': -0.342, 'y': -1.2811}, {'x': -0.1, 'y': -1.4286}, {'x': 0.1, 'y': -1.5789}, {'x': 0.364, 'y': -1.8333}, {'x': 0.627, 'y': -2.1854}, {'x': 0.891, 'y': -2.7049}, {'x': 1.155, 'y': -3.5484}, {'x': 1.418, 'y': -5.1562}, {'x': 1.682, 'y': -9.4286}, {'x': 1.945, 'y': -55.0}, {'x': 2.209, 'y': 14.3478}, {'x': 2.473, 'y': 6.3462}, {'x': 2.736, 'y': 4.0741}, {'x': 3.0, 'y': 3.0}]}","{'formula': '3/(x - 2)', 'latex': '\\frac{3}{x - 2}', 'properties': {'singularities': ['2'], 'is_periodic': False, 'domain': 'Union(Interval.open(-oo, 2), Interval.open(2, oo))'}}",auto_v2
MCM_302_851031b4,"{'a': 3, 'b': 0, 'c': 2}","{'points': [{'x': -3.0, 'y': 2.0}, {'x': -2.758, 'y': 2.6374}, {'x': -2.517, 'y': 3.871}, {'x': -2.275, 'y': 7.2727}, {'x': -2.033, 'y': 60.0}, {'x': -1.792, 'y': -9.6}, {'x': -1.55, 'y': -4.4444}, {'x': -1.308, 'y': -2.8916}, {'x': -1.067, 'y': -2.1429}, {'x': -0.825, 'y': -1.7021}, {'x': -0.583, 'y': -1.4118}, {'x': -0.342, 'y': -1.206}, {'x': -0.1, 'y': -1.0526}, {'x': 0.1, 'y': -0.9524}, {'x': 0.364, 'y': -0.8462}, {'x': 0.627, 'y': -0.7612}, {'x': 0.891, 'y': -0.6918}, {'x': 1.155, 'y': -0.634}, {'x': 1.418, 'y': -0.5851}, {'x': 1.682, 'y': -0.5432}, {'x': 1.945, 'y': -0.5069}, {'x': 2.209, 'y': -0.4752}, {'x': 2.473, 'y': -0.4472}, {'x': 2.736, 'y': -0.4223}, {'x': 3.0, 'y': -0.4}]}","{'formula': '-2/(x + 2)', 'latex': '- \\frac{2}{x + 2}', 'properties': {'singularities': ['-2'], 'is_periodic': False, 'domain': 'Union(Interval.open(-oo, -2), Interval.open(-2, oo))'}}",auto_v2
MCM_302_f1ff0e84,"{'a': 3, 'b': 0, 'c': 2}","{'points': [{'x': -3.0, 'y': 0.5}, {'x': -2.758, 'y': 0.5322}, {'x': -2.517, 'y': 0.5687}, {'x': -2.275, 'y': 0.6107}, {'x': -2.033, 'y': 0.6593}, {'x': -1.792, 'y': 0.7164}, {'x': -1.55, 'y': 0.7843}, {'x': -1.308, 'y': 0.8664}, {'x': -1.067, 'y': 0.9677}, {'x': -0.825, 'y': 1.0959}, {'x': -0.583, 'y': 1.2632}, {'x': -0.342, 'y': 1.4907}, {'x': -0.1, 'y': 1.8182}, {'x': 0.1, 'y': 2.2222}, {'x': 0.364, 'y': 3.1429}, {'x': 0.627, 'y': 5.3659}, {'x': 0.891, 'y': 18.3333}, {'x': 1.155, 'y': -12.9412}, {'x': 1.418, 'y': -4.7826}, {'x': 1.682, 'y': -2.9333}, {'x': 1.945, 'y': -2.1154}, {'x': 2.209, 'y': -1.6541}, {'x': 2.473, 'y': -1.358}, {'x': 2.736, 'y': -1.1518}, {'x': 3.0, 'y': -1.0}]}","{'formula': '-2/(x - 1)', 'latex': '- \\frac{2}{x - 1}', 'properties': {'singularities': ['1'], 'is_periodic': False, 'domain': 'Union(Interval.open(-oo, 1), Interval.open(1, oo))'}}",auto_v2
MCM_303_a51781a5,"{'a': 3, 'b': 0, 'c': 3}","{'points': [{'x': -4.0, 'y': -47.6059}, {'x': -3.667, 'y': -30.8426}, {'x': -3.333, 'y': -19.0225}, {'x': -3.0, 'y': -11.2737}, {'x': -2.667, 'y': -6.7328}, {'x': -2.333, 'y': -4.549}, {'x': -2.0, 'y': -3.8942}, {'x': -1.667, 'y': -3.9804}, {'x': -1.333, 'y': -4.0992}, {'x': -1.0, 'y': -3.7102}, {'x': -0.667, 'y': -2.6692}, {'x': -0.333, 'y': -1.8411}, {'x': 0.0, 'y': -3.6372}, {'x': 0.333, 'y': 3.76}, {'x': 0.667, 'y': -9.8865}, {'x': 1.0, 'y': 69.1066}, {'x': 1.333, 'y': 133.0169}, {'x': 1.667, 'y': 184.5513}, {'x': 2.0, 'y': 241.1642}, {'x': 2.333, 'y': 306.7749}, {'x': 2.667, 'y': 383.0684}, {'x': 3.0, 'y': 471.1962}, {'x': 3.333, 'y': 572.147}, {'x': 3.667, 'y': 686.8515}, {'x': 4.0, 'y': 816.2169}]}","{'formula': '(-5*x + (2*x**2 + 5*x + 2)**2)*sin(2/(2*x - 1))', 'latex': '\\left(- 5 x + \\left(2 x^{2} + 5 x + 2\\right)^{2}\\right) \\sin{\\left(\\frac{2}{2 x - 1} \\right)}', 'properties': {'singularities': ['1/2'], 'is_periodic': False, 'domain': 'Union(Interval.open(-oo, 1/2), Interval.open(1/2, oo))'}}",auto_v2
MCM_303_efdd0fab,"{'a': 3, 'b': 0, 'c': 3}","{'points': [{'x': -3.0, 'y': 20.8603}, {'x': -2.758, 'y': 20.7443}, {'x': -2.517, 'y': 19.9044}, {'x': -2.275, 'y': 18.4272}, {'x': -2.033, 'y': 16.3993}, {'x': -1.792, 'y': 13.9082}, {'x': -1.55, 'y': 11.0422}, {'x': -1.308, 'y': 7.8905}, {'x': -1.067, 'y': 4.5442}, {'x': -0.825, 'y': 1.0964}, {'x': -0.583, 'y': -2.3559}, {'x': -0.342, 'y': -5.7105}, {'x': -0.1, 'y': -8.8563}, {'x': 0.1, 'y': -11.2125}, {'x': 0.364, 'y': -13.8234}, {'x': 0.627, 'y': -15.6324}, {'x': 0.891, 'y': -16.2412}, {'x': 1.155, 'y': -14.9046}, {'x': 1.418, 'y': -10.005}, {'x': 1.682, 'y': 0.0042}, {'x': 1.945, 'y': -1.7867}, {'x': 2.209, 'y': 9.8655}, {'x': 2.473, 'y': -12.4728}, {'x': 2.736, 'y': -16.2916}, {'x': 3.0, 'y': -12.6221}]}","{'formula': '(x**4 - 18*x**2 + 15*x + 21)*sin(1/(x - 2))', 'latex': '\\left(x^{4} - 18 x^{2} + 15 x + 21\\right) \\sin{\\left(\\frac{1}{x - 2} \\right)}', 'properties': {'singularities': ['2'], 'is_periodic': False, 'domain': 'Union(Interval.open(-oo, 2), Interval.open(2, oo))'}}",auto_v2
MCM_303_fbd53911,"{'a': 3, 'b': 0, 'c': 3}","{'points': [{'x': -3.0, 'y': -289.6}, {'x': -2.758, 'y': -257.8862}, {'x': -2.517, 'y': -230.7546}, {'x': -2.275, 'y': -208.7081}, {'x': -2.033, 'y': -192.9014}, {'x': -1.792, 'y': -186.1636}, {'x': -1.55, 'y': -196.7723}, {'x': -1.308, 'y': -260.2836}, {'x': -1.067, 'y': -941.7909}, {'x': -0.825, 'y': 336.7235}, {'x': -0.583, 'y': 307.4711}, {'x': -0.342, 'y': -64.607}, {'x': -0.1, 'y': -14.4528}, {'x': 0.1, 'y': -7.5742}, {'x': 0.364, 'y': -5.1157}, {'x': 0.627, 'y': -4.9978}, {'x': 0.891, 'y': -6.011}, {'x': 1.155, 'y': -7.788}, {'x': 1.418, 'y': -10.1255}, {'x': 1.682, 'y': -12.8491}, {'x': 1.945, 'y': -15.7833}, {'x': 2.209, 'y': -18.7449}, {'x': 2.473, 'y': -21.5432}, {'x': 2.736, 'y': -23.9812}, {'x': 3.0, 'y': -25.8571}]}","{'formula': '(2*x - 10)*(2*x**4 + 2*x**2 + 1)/((x + 1)*(2*x + 1))', 'latex': '\\frac{\\left(2 x - 10\\right) \\left(2 x^{4} + 2 x^{2} + 1\\right)}{\\left(x + 1\\right) \\left(2 x + 1\\right)}', 'properties': {'singularities': ['-1', '-1/2'], 'is_periodic': False, 'domain': 'Union(Interval.open(-oo, -1), Interval.open(-1, -1/2), Interval.open(-1/2, oo))'}}",auto_v2
MCM_303_ad434284,"{'a': 3, 'b': 0, 'c': 3}","{'points': [{'x': -3.0, 'y': 0.5906}, {'x': -2.758, 'y': 0.5495}, {'x': -2.517, 'y': 0.4998}, {'x': -2.275, 'y': 0.4387}, {'x': -2.033, 'y': 0.3625}, {'x': -1.792, 'y': 0.2663}, {'x': -1.55, 'y': 0.1458}, {'x': -1.308, 'y': 0.0098}, {'x': -1.067, 'y': -0.034}, {'x': -0.825, 'y': 0.8734}, {'x': -0.583, 'y': 1.4626}, {'x': -0.342, 'y': 0.9428}, {'x': -0.1, 'y': 1.4872}, {'x': 0.1, 'y': 1.8601}, {'x': 0.364, 'y': 1.735}, {'x': 0.627, 'y': 1.5214}, {'x': 0.891, 'y': 1.2789}, {'x': 1.155, 'y': 0.9466}, {'x': 1.418, 'y': 0.3506}, {'x': 1.682, 'y': -0.5575}, {'x': 1.945, 'y': 1.2673}, {'x': 2.209, 'y': 0.431}, {'x': 2.473, 'y': -0.188}, {'x': 2.736, 'y': 0.5153}, {'x': 3.0, 'y': 0.8221}]}","{'formula': 'sin(2/(2*x + 1)) + cos(1/(x - 2))', 'latex': '\\sin{\\left(\\frac{2}{2 x + 1} \\right)} + \\cos{\\left(\\frac{1}{x - 2} \\right)}', 'properties': {'singularities': ['-1/2', '2'], 'is_periodic': False, 'domain': 'Union(Interval.open(-oo, -1/2), Interval.open(-1/2, 2), Interval.open(2, oo))'}}",auto_v2
MCM_303_8b6e1599,"{'a': 3, 'b': 0, 'c': 3}","{'points': [{'x': -4.0, 'y': 34.9831}, {'x': -3.667, 'y': 27.7632}, {'x': -3.333, 'y': 21.4486}, {'x': -3.0, 'y': 16.0337}, {'x': -2.667, 'y': 11.5071}, {'x': -2.333, 'y': 7.8461}, {'x': -2.0, 'y': 5.0068}, {'x': -1.667, 'y': 2.9029}, {'x': -1.333, 'y': 1.3586}, {'x': -1.0, 'y': 0.0}, {'x': -0.667, 'y': -2.0116}, {'x': -0.333, 'y': -6.5274}, {'x': 0.0, 'y': -13.9426}, {'x': 0.333, 'y': 8.823}, {'x': 0.667, 'y': -18.0275}, {'x': 1.0, 'y': 130.9388}, {'x': 1.333, 'y': 495.3615}, {'x': 1.667, 'y': -450.6733}, {'x': 2.0, 'y': -122.4372}, {'x': 2.333, 'y': -50.4203}, {'x': 2.667, 'y': -14.3588}, {'x': 3.0, 'y': 10.3845}, {'x': 3.333, 'y': 30.5321}, {'x': 3.667, 'y': 48.6573}, {'x': 4.0, 'y': 65.9512}]}","{'formula': '(8*x**4 - 34*x**2 - 72*x - 46)*sin(2/(2*x - 1))/(2*x - 3)', 'latex': '\\frac{\\left(8 x^{4} - 34 x^{2} - 72 x - 46\\right) \\sin{\\left(\\frac{2}{2 x - 1} \\right)}}{2 x - 3}', 'properties': {'singularities': ['1/2', '3/2'], 'is_periodic': False, 'domain': 'Union(Interval.open(-oo, 1/2), Interval.open(1/2, 3/2), Interval.open(3/2, oo))'}}",auto_v2
MCM_303_8868157a,"{'a': 3, 'b': 0, 'c': 3}","{'points': [{'x': -4.0, 'y': -1101.2834}, {'x': -3.667, 'y': -889.9613}, {'x': -3.333, 'y': -711.7745}, {'x': -3.0, 'y': -564.8131}, {'x': -2.667, 'y': -448.0315}, {'x': -2.333, 'y': -362.978}, {'x': -2.0, 'y': -322.4384}, {'x': -1.667, 'y': -462.8093}, {'x': -1.333, 'y': 191.9969}, {'x': -1.0, 'y': 22.2613}, {'x': -0.667, 'y': 4.0543}, {'x': -0.333, 'y': 0.9271}, {'x': 0.0, 'y': -0.0}, {'x': 0.333, 'y': 0.1769}, {'x': 0.667, 'y': -0.5763}, {'x': 1.0, 'y': 6.5469}, {'x': 1.333, 'y': 20.2896}, {'x': 1.667, 'y': 41.3502}, {'x': 2.0, 'y': 73.1443}, {'x': 2.333, 'y': 118.435}, {'x': 2.667, 'y': 179.8827}, {'x': 3.0, 'y': 260.1315}, {'x': 3.333, 'y': 361.8253}, {'x': 3.667, 'y': 487.6117}, {'x': 4.0, 'y': 640.142}]}","{'formula': '6*x*(4*x**4 + x**2 + 1)*sin(2/(2*x - 1))/(2*x + 3)', 'latex': '\\frac{6 x \\left(4 x^{4} + x^{2} + 1\\right) \\sin{\\left(\\frac{2}{2 x - 1} \\right)}}{2 x + 3}', 'properties': {'singularities': ['-3/2', '1/2'], 'is_periodic': False, 'domain': 'Union(Interval.open(-oo, -3/2), Interval.open(-3/2, 1/2), Interval.open(1/2, oo))'}}",auto_v2
MCM_303_77fbacc4,"{'a': 3, 'b': 0, 'c': 3}","{'points': [{'x': -3.0, 'y': 0.2585}, {'x': -2.758, 'y': -0.0527}, {'x': -2.517, 'y': -0.6821}, {'x': -2.275, 'y': -1.2327}, {'x': -2.033, 'y': -0.2303}, {'x': -1.792, 'y': -0.3351}, {'x': -1.55, 'y': -1.075}, {'x': -1.308, 'y': -0.4006}, {'x': -1.067, 'y': -0.117}, {'x': -0.825, 'y': -0.0259}, {'x': -0.583, 'y': -0.0364}, {'x': -0.342, 'y': -0.104}, {'x': -0.1, 'y': -0.1307}, {'x': 0.1, 'y': 0.2903}, {'x': 0.364, 'y': 0.0443}, {'x': 0.627, 'y': 1.9284}, {'x': 0.891, 'y': 1.4917}, {'x': 1.155, 'y': 1.9492}, {'x': 1.418, 'y': 1.8437}, {'x': 1.682, 'y': 1.7121}, {'x': 1.945, 'y': 1.606}, {'x': 2.209, 'y': 1.5242}, {'x': 2.473, 'y': 1.4606}, {'x': 2.736, 'y': 1.4102}, {'x': 3.0, 'y': 1.3695}]}","{'formula': 'sin(2/(2*x - 1)) + cos(1/(x + 2))', 'latex': '\\sin{\\left(\\frac{2}{2 x - 1} \\right)} + \\cos{\\left(\\frac{1}{x + 2} \\right)}', 'properties': {'singularities': ['-2', '1/2'], 'is_periodic': False, 'domain': 'Union(Interval.open(-oo, -2), Interval.open(-2, 1/2), Interval.open(1/2, oo))'}}",auto_v2
MCM_303_e2e30709,"{'a': 3, 'b': 0, 'c': 3}","{'points': [{'x': -3.0, 'y': 0.5872}, {'x': -2.758, 'y': 0.4919}, {'x': -2.517, 'y': 0.3344}, {'x': -2.275, 'y': 0.045}, {'x': -2.033, 'y': -0.5449}, {'x': -1.792, 'y': -1.2198}, {'x': -1.55, 'y': 0.1301}, {'x': -1.308, 'y': 0.1861}, {'x': -1.067, 'y': -0.9923}, {'x': -0.825, 'y': -0.2574}, {'x': -0.583, 'y': 0.0842}, {'x': -0.342, 'y': 0.2357}, {'x': -0.1, 'y': 0.2972}, {'x': 0.1, 'y': 0.3086}, {'x': 0.364, 'y': 0.2857}, {'x': 0.627, 'y': 0.2258}, {'x': 0.891, 'y': 0.1295}, {'x': 1.155, 'y': 0.0042}, {'x': 1.418, 'y': -0.0472}, {'x': 1.682, 'y': 0.9523}, {'x': 1.945, 'y': 1.4518}, {'x': 2.209, 'y': -0.0337}, {'x': 2.473, 'y': 1.8238}, {'x': 2.736, 'y': 1.9497}, {'x': 3.0, 'y': 1.8169}]}","{'formula': 'sin(1/(x - 2)) + cos(2/(2*x + 3))', 'latex': '\\sin{\\left(\\frac{1}{x - 2} \\right)} + \\cos{\\left(\\frac{2}{2 x + 3} \\right)}', 'properties': {'singularities': ['-3/2', '2'], 'is_periodic': False, 'domain': 'Union(Interval.open(-oo, -3/2), Interval.open(-3/2, 2), Interval.open(2, oo))'}}",auto_v2
MCM_303_67fdf77b,"{'a': 3, 'b': 0, 'c': 3}","{'points': [{'x': -3.0, 'y': -684.5974}, {'x': -2.758, 'y': -515.8861}, {'x': -2.517, 'y': -384.6916}, {'x': -2.275, 'y': -283.7667}, {'x': -2.033, 'y': -206.8996}, {'x': -1.792, 'y': -148.7715}, {'x': -1.55, 'y': -104.7421}, {'x': -1.308, 'y': -70.3838}, {'x': -1.067, 'y': -39.9661}, {'x': -0.825, 'y': -1.3127}, {'x': -0.583, 'y': 4.581}, {'x': -0.342, 'y': 0.0774}, {'x': -0.1, 'y': 0.0305}, {'x': 0.1, 'y': 0.4489}, {'x': 0.364, 'y': 3.8564}, {'x': 0.627, 'y': 9.8459}, {'x': 0.891, 'y': 18.7205}, {'x': 1.155, 'y': 31.6922}, {'x': 1.418, 'y': 50.6517}, {'x': 1.682, 'y': 78.1864}, {'x': 1.945, 'y': 117.685}, {'x': 2.209, 'y': 173.4708}, {'x': 2.473, 'y': 250.946}, {'x': 2.736, 'y': 356.7404}, {'x': 3.0, 'y': 498.8618}]}","{'formula': 'x*(x*(x**2 + 5)**2 + 2)*sin(2/(2*x + 1))', 'latex': 'x \\left(x \\left(x^{2} + 5\\right)^{2} + 2\\right) \\sin{\\left(\\frac{2}{2 x + 1} \\right)}', 'properties': {'singularities': ['-1/2'], 'is_periodic': False, 'domain': 'Union(Interval.open(-oo, -1/2), Interval.open(-1/2, oo))'}}",auto_v2
MCM_303_84a5487d,"{'a': 3, 'b': 0, 'c': 3}","{'points': [{'x': -3.0, 'y': 131.8286}, {'x': -2.758, 'y': 109.7946}, {'x': -2.517, 'y': 89.6692}, {'x': -2.275, 'y': 71.4631}, {'x': -2.033, 'y': 55.1915}, {'x': -1.792, 'y': 40.8758}, {'x': -1.55, 'y': 28.5482}, {'x': -1.308, 'y': 18.2583}, {'x': -1.067, 'y': 10.087}, {'x': -0.825, 'y': 4.1752}, {'x': -0.583, 'y': 0.7918}, {'x': -0.342, 'y': 0.5185}, {'x': -0.1, 'y': 4.8822}, {'x': 0.1, 'y': 15.6205}, {'x': 0.364, 'y': 80.8194}, {'x': 0.627, 'y': -115.5564}, {'x': 0.891, 'y': -40.1903}, {'x': 1.155, 'y': -19.3079}, {'x': 1.418, 'y': -5.1809}, {'x': 1.682, 'y': 4.4485}, {'x': 1.945, 'y': -49.1079}, {'x': 2.209, 'y': 77.6963}, {'x': 2.473, 'y': 86.0275}, {'x': 2.736, 'y': 105.2529}, {'x': 3.0, 'y': 128.4}]}","{'formula': '(-2*x + 2*(-4*x**2 + 5*x + 3)**2)/((x - 2)*(2*x - 1))', 'latex': '\\frac{- 2 x + 2 \\left(- 4 x^{2} + 5 x + 3\\right)^{2}}{\\left(x - 2\\right) \\left(2 x - 1\\right)}', 'properties': {'singularities': ['1/2', '2'], 'is_periodic': False, 'domain': 'Union(Interval.open(-oo, 1/2), Interval.open(1/2, 2), Interval.open(2, oo))'}}",auto_v2
MCM_310_48755569,"{'a': 3, 'b': 1, 'c': 0}","{'points': [{'x': -1.5, 'y': 0.0111}, {'x': -1.375, 'y': 0.0228}, {'x': -1.25, 'y': 0.0439}, {'x': -1.125, 'y': 0.0795}, {'x': -1.0, 'y': 0.1349}, {'x': -0.875, 'y': 0.2146}, {'x': -0.75, 'y': 0.319}, {'x': -0.625, 'y': 0.442}, {'x': -0.5, 'y': 0.57}, {'x': -0.375, 'y': 0.6852}, {'x': -0.25, 'y': 0.7723}, {'x': -0.125, 'y': 0.8245}, {'x': 0.0, 'y': 0.8415}, {'x': 0.125, 'y': 0.8245}, {'x': 0.25, 'y': 0.7723}, {'x': 0.375, 'y': 0.6852}, {'x': 0.5, 'y': 0.57}, {'x': 0.625, 'y': 0.442}, {'x': 0.75, 'y': 0.319}, {'x': 0.875, 'y': 0.2146}, {'x': 1.0, 'y': 0.1349}, {'x': 1.125, 'y': 0.0795}, {'x': 1.25, 'y': 0.0439}, {'x': 1.375, 'y': 0.0228}, {'x': 1.5, 'y': 0.0111}]}","{'formula': 'sin(exp(-2*x**2))', 'latex': '\\sin{\\left(e^{- 2 x^{2}} \\right)}', 'properties': {'singularities': [], 'is_periodic': False, 'domain': 'Reals'}}",auto_v2
MCM_310_1c576506,"{'a': 3, 'b': 1, 'c': 0}","{'points': [{'x': -1.5, 'y': -12.7208}, {'x': -1.375, 'y': -17.3338}, {'x': -1.25, 'y': -29.0738}, {'x': -1.125, 'y': -47.9894}, {'x': -1.0, 'y': -62.6133}, {'x': -0.875, 'y': -56.6043}, {'x': -0.75, 'y': -35.642}, {'x': -0.625, 'y': -17.9804}, {'x': -0.5, 'y': -9.0692}, {'x': -0.375, 'y': -5.6932}, {'x': -0.25, 'y': -5.0811}, {'x': -0.125, 'y': -6.4235}, {'x': 0.0, 'y': -10.0}, {'x': 0.125, 'y': -15.315}, {'x': 0.25, 'y': -18.4045}, {'x': 0.375, 'y': -15.0098}, {'x': 0.5, 'y': -8.187}, {'x': 0.625, 'y': -3.3361}, {'x': 0.75, 'y': -1.1999}, {'x': 0.875, 'y': -0.4014}, {'x': 1.0, 'y': 0.0}, {'x': 1.125, 'y': 0.5255}, {'x': 1.25, 'y': 1.8138}, {'x': 1.375, 'y': 4.7495}, {'x': 1.5, 'y': 8.942}]}","{'formula': '(10 - 2*x)*(x - 1)*exp(sin(5*x))', 'latex': '\\left(10 - 2 x\\right) \\left(x - 1\\right) e^{\\sin{\\left(5 x \\right)}}', 'properties': {'singularities': [], 'is_periodic': False, 'domain': 'Reals'}}",auto_v2
MCM_310_9dfe33c4,"{'a': 3, 'b': 1, 'c': 0}","{'points': [{'x': -1.5, 'y': 0.8939}, {'x': -1.375, 'y': -0.9735}, {'x': -1.25, 'y': 0.4108}, {'x': -1.125, 'y': 0.997}, {'x': -1.0, 'y': 0.8415}, {'x': -0.875, 'y': 0.57}, {'x': -0.75, 'y': 0.3596}, {'x': -0.625, 'y': 0.2213}, {'x': -0.5, 'y': 0.1349}, {'x': -0.375, 'y': 0.082}, {'x': -0.25, 'y': 0.0498}, {'x': -0.125, 'y': 0.0302}, {'x': 0.0, 'y': 0.0183}, {'x': 0.125, 'y': 0.0111}, {'x': 0.25, 'y': 0.0067}, {'x': 0.375, 'y': 0.0041}, {'x': 0.5, 'y': 0.0025}, {'x': 0.625, 'y': 0.0015}, {'x': 0.75, 'y': 0.0009}, {'x': 0.875, 'y': 0.0006}, {'x': 1.0, 'y': 0.0003}, {'x': 1.125, 'y': 0.0002}, {'x': 1.25, 'y': 0.0001}, {'x': 1.375, 'y': 0.0001}, {'x': 1.5, 'y': 0.0}]}","{'formula': 'sin(exp(-4*x - 4))', 'latex': '\\sin{\\left(e^{- 4 x - 4} \\right)}', 'properties': {'singularities': [], 'is_periodic': False, 'domain': 'Reals'}}",auto_v2
MCM_310_3c88d973,"{'a': 3, 'b': 1, 'c': 0}","{'points': [{'x': -3.0, 'y': 0.9969}, {'x': -2.758, 'y': 1.0}, {'x': -2.517, 'y': 0.9974}, {'x': -2.275, 'y': 0.9882}, {'x': -2.033, 'y': 0.9715}, {'x': -1.792, 'y': 0.9464}, {'x': -1.55, 'y': 0.9119}, {'x': -1.308, 'y': 0.867}, {'x': -1.067, 'y': 0.8108}, {'x': -0.825, 'y': 0.7425}, {'x': -0.583, 'y': 0.6614}, {'x': -0.342, 'y': 0.567}, {'x': -0.1, 'y': 0.4592}, {'x': 0.1, 'y': 0.3601}, {'x': 0.364, 'y': 0.2165}, {'x': 0.627, 'y': 0.0599}, {'x': 0.891, 'y': -0.1067}, {'x': 1.155, 'y': -0.279}, {'x': 1.418, 'y': -0.4512}, {'x': 1.682, 'y': -0.6159}, {'x': 1.945, 'y': -0.7641}, {'x': 2.209, 'y': -0.8851}, {'x': 2.473, 'y': -0.9676}, {'x': 2.736, 'y': -0.9999}, {'x': 3.0, 'y': -0.9712}]}","{'formula': 'sin(exp(x/5 + 1))', 'latex': '\\sin{\\left(e^{\\frac{x}{5} + 1} \\right)}', 'properties': {'singularities': [], 'is_periodic': False, 'domain': 'Reals'}}",auto_v2
MCM_310_3edfa908,"{'a': 3, 'b': 1, 'c': 0}","{'points': [{'x': -4.0, 'y': 0.9928}, {'x': -3.667, 'y': 0.5632}, {'x': -3.333, 'y': -0.4644}, {'x': -3.0, 'y': 0.9893}, {'x': -2.667, 'y': -0.6037}, {'x': -2.333, 'y': 0.9954}, {'x': -2.0, 'y': 0.1238}, {'x': -1.667, 'y': 0.8358}, {'x': -1.333, 'y': -0.7184}, {'x': -1.0, 'y': 0.01}, {'x': -0.667, 'y': 0.0936}, {'x': -0.333, 'y': -0.4519}, {'x': 0.0, 'y': -0.6081}, {'x': 0.333, 'y': 0.0264}, {'x': 0.667, 'y': 0.8572}, {'x': 1.0, 'y': 0.9591}, {'x': 1.333, 'y': 0.6207}, {'x': 1.667, 'y': 0.6014}, {'x': 2.0, 'y': -0.9497}, {'x': 2.333, 'y': 0.3716}, {'x': 2.667, 'y': -0.9735}, {'x': 3.0, 'y': 0.9358}, {'x': 3.333, 'y': -0.6971}, {'x': 3.667, 'y': 0.9772}, {'x': 4.0, 'y': 0.5184}]}","{'formula': 'sin(x**2*(x**2 - 2)**2 + cos(x + 4))', 'latex': '\\sin{\\left(x^{2} \\left(x^{2} - 2\\right)^{2} + \\cos{\\left(x + 4 \\right)} \\right)}', 'properties': {'singularities': [], 'is_periodic': False, 'domain': 'Reals'}}",auto_v2
MCM_310_031b9e95,"{'a': 3, 'b': 1, 'c': 0}","{'points': [{'x': -1.5, 'y': -11.9403}, {'x': -1.375, 'y': -8.0754}, {'x': -1.25, 'y': -5.5309}, {'x': -1.125, 'y': -3.8824}, {'x': -1.0, 'y': -2.8196}, {'x': -0.875, 'y': -2.1319}, {'x': -0.75, 'y': -1.6827}, {'x': -0.625, 'y': -1.3852}, {'x': -0.5, 'y': -1.1855}, {'x': -0.375, 'y': -1.0511}, {'x': -0.25, 'y': -0.9674}, {'x': -0.125, 'y': -0.9394}, {'x': 0.0, 'y': -1.0}, {'x': 0.125, 'y': -1.2207}, {'x': 0.25, 'y': -1.7161}, {'x': 0.375, 'y': -2.6259}, {'x': 0.5, 'y': -4.0596}, {'x': 0.625, 'y': -6.0137}, {'x': 0.75, 'y': -8.3039}, {'x': 0.875, 'y': -10.575}, {'x': 1.0, 'y': -12.4129}, {'x': 1.125, 'y': -13.5059}, {'x': 1.25, 'y': -13.7587}, {'x': 1.375, 'y': -13.2969}, {'x': 1.5, 'y': -12.3793}]}","{'formula': '(-5*x**2 + x - 1)*exp(sin(2*x))', 'latex': '\\left(- 5 x^{2} + x - 1\\right) e^{\\sin{\\left(2 x \\right)}}', 'properties': {'singularities': [], 'is_periodic': False, 'domain': 'Reals'}}",auto_v2
MCM_310_c99d0963,"{'a': 3, 'b': 1, 'c': 0}","{'points': [{'x': -3.0, 'y': 1.0}, {'x': -2.758, 'y': 0.9571}, {'x': -2.517, 'y': 0.8278}, {'x': -2.275, 'y': 0.6094}, {'x': -2.033, 'y': 0.311}, {'x': -1.792, 'y': -0.0422}, {'x': -1.55, 'y': -0.4063}, {'x': -1.308, 'y': -0.7229}, {'x': -1.067, 'y': -0.9327}, {'x': -0.825, 'y': -0.9999}, {'x': -0.583, 'y': -0.939}, {'x': -0.342, 'y': -0.8197}, {'x': -0.1, 'y': -0.734}, {'x': 0.1, 'y': -0.734}, {'x': 0.364, 'y': -0.8304}, {'x': 0.627, 'y': -0.9571}, {'x': 0.891, 'y': -0.996}, {'x': 1.155, 'y': -0.8718}, {'x': 1.418, 'y': -0.5889}, {'x': 1.682, 'y': -0.2096}, {'x': 1.945, 'y': 0.187}, {'x': 2.209, 'y': 0.5352}, {'x': 2.473, 'y': 0.7947}, {'x': 2.736, 'y': 0.949}, {'x': 3.0, 'y': 1.0}]}","{'formula': '-sin(2*log(x**2 + 3/2))', 'latex': '- \\sin{\\left(2 \\log{\\left(x^{2} + \\frac{3}{2} \\right)} \\right)}', 'properties': {'singularities': [], 'is_periodic': False, 'domain': 'Reals'}}",auto_v2
MCM_310_e16bb9e3,"{'a': 3, 'b': 1, 'c': 0}","{'points': [{'x': -4.0, 'y': 0.5062}, {'x': -3.667, 'y': -0.9229}, {'x': -3.333, 'y': -0.1822}, {'x': -3.0, 'y': 0.7456}, {'x': -2.667, 'y': -0.5322}, {'x': -2.333, 'y': 0.9377}, {'x': -2.0, 'y': -0.4213}, {'x': -1.667, 'y': 0.9805}, {'x': -1.333, 'y': 0.682}, {'x': -1.0, 'y': -0.9163}, {'x': -0.667, 'y': -0.8628}, {'x': -0.333, 'y': 0.1662}, {'x': 0.0, 'y': 0.8415}, {'x': 0.333, 'y': 0.1662}, {'x': 0.667, 'y': -0.8628}, {'x': 1.0, 'y': -0.9163}, {'x': 1.333, 'y': 0.682}, {'x': 1.667, 'y': 0.9805}, {'x': 2.0, 'y': -0.4213}, {'x': 2.333, 'y': 0.9377}, {'x': 2.667, 'y': -0.5322}, {'x': 3.0, 'y': 0.7456}, {'x': 3.333, 'y': -0.1822}, {'x': 3.667, 'y': -0.9229}, {'x': 4.0, 'y': 0.5062}]}","{'formula': 'sin(4*x**2*(x**2 + 2)**2 + cos(x**2))', 'latex': '\\sin{\\left(4 x^{2} \\left(x^{2} + 2\\right)^{2} + \\cos{\\left(x^{2} \\right)} \\right)}', 'properties': {'singularities': [], 'is_periodic': False, 'domain': 'Reals'}}",auto_v2
MCM_310_aada714e,"{'a': 3, 'b': 1, 'c': 0}","{'points': [{'x': -1.5, 'y': 0.8545}, {'x': -1.375, 'y': 0.9139}, {'x': -1.25, 'y': 0.9561}, {'x': -1.125, 'y': 0.9831}, {'x': -1.0, 'y': 0.997}, {'x': -0.875, 'y': 0.9998}, {'x': -0.75, 'y': 0.9933}, {'x': -0.625, 'y': 0.9793}, {'x': -0.5, 'y': 0.9592}, {'x': -0.375, 'y': 0.9343}, {'x': -0.25, 'y': 0.9058}, {'x': -0.125, 'y': 0.8745}, {'x': 0.0, 'y': 0.8415}, {'x': 0.125, 'y': 0.8072}, {'x': 0.25, 'y': 0.7723}, {'x': 0.375, 'y': 0.7373}, {'x': 0.5, 'y': 0.7024}, {'x': 0.625, 'y': 0.6681}, {'x': 0.75, 'y': 0.6344}, {'x': 0.875, 'y': 0.6017}, {'x': 1.0, 'y': 0.57}, {'x': 1.125, 'y': 0.5394}, {'x': 1.25, 'y': 0.5101}, {'x': 1.375, 'y': 0.4819}, {'x': 1.5, 'y': 0.455}]}","{'formula': 'sin(exp(-x/2))', 'latex': '\\sin{\\left(e^{- \\frac{x}{2}} \\right)}', 'properties': {'singularities': [], 'is_periodic': False, 'domain': 'Reals'}}",auto_v2
MCM_311_bd2646d4,"{'a': 3, 'b': 1, 'c': 1}","{'points': [{'x': -4.0, 'y': -1.8214}, {'x': -3.667, 'y': 2.0841}, {'x': -3.333, 'y': 2.8019}, {'x': -3.0, 'y': -0.7659}, {'x': -2.667, 'y': -3.1622}, {'x': -2.333, 'y': -0.7219}, {'x': -2.0, 'y': 2.8226}, {'x': -1.667, 'y': 2.0498}, {'x': -1.333, 'y': -1.8582}, {'x': -1.0, 'y': -2.9241}, {'x': -0.667, 'y': 0.4825}, {'x': -0.333, 'y': 3.1511}, {'x': 0.0, 'y': 1.0}, {'x': 0.333, 'y': -2.6806}, {'x': 0.667, 'y': -2.2611}, {'x': 1.0, 'y': 1.6168}, {'x': 1.333, 'y': 3.0218}, {'x': 1.667, 'y': -0.1951}, {'x': 2.0, 'y': -3.1136}, {'x': 2.333, 'y': -1.2698}, {'x': 2.667, 'y': 2.5162}, {'x': 3.0, 'y': 2.4536}, {'x': 3.333, 'y': -1.3618}, {'x': 3.667, 'y': -3.0943}, {'x': 4.0, 'y': -0.0939}]}","{'formula': '-3*sin(4*x) + cos(4*x)', 'latex': '- 3 \\sin{\\left(4 x \\right)} + \\cos{\\left(4 x \\right)}', 'properties': {'singularities': [], 'is_periodic': True, 'domain': 'Reals', 'period_value': 'pi/2'}}",auto_v2
MCM_311_6ed83bdb,"{'a': 3, 'b': 1, 'c': 1}","{'points': [{'x': -4.0, 'y': 1.3804}, {'x': -3.667, 'y': 1.0044}, {'x': -3.333, 'y': -0.2951}, {'x': -3.0, 'y': -1.3232}, {'x': -2.667, 'y': -1.1349}, {'x': -2.333, 'y': 0.0969}, {'x': -2.0, 'y': 1.2396}, {'x': -1.667, 'y': 1.2426}, {'x': -1.333, 'y': 0.1032}, {'x': -1.0, 'y': -1.1311}, {'x': -0.667, 'y': -1.3254}, {'x': -0.333, 'y': -0.3012}, {'x': 0.0, 'y': 1.0}, {'x': 0.333, 'y': 1.3818}, {'x': 0.667, 'y': 0.4932}, {'x': 1.0, 'y': -0.8489}, {'x': 1.333, 'y': -1.4104}, {'x': 1.667, 'y': -0.6753}, {'x': 2.0, 'y': 0.6808}, {'x': 2.333, 'y': 1.4109}, {'x': 2.667, 'y': 0.8439}, {'x': 3.0, 'y': -0.499}, {'x': 3.333, 'y': -1.3831}, {'x': 3.667, 'y': -0.9956}, {'x': 4.0, 'y': 0.3073}]}","{'formula': 'sqrt(2)*sin(3*x + pi/4)', 'latex': '\\sqrt{2} \\sin{\\left(3 x + \\frac{\\pi}{4} \\right)}', 'properties': {'singularities': [], 'is_periodic': True, 'domain': 'Reals', 'period_value': '2*pi/3'}}",auto_v2
MCM_311_6e6e2c17,"{'a': 3, 'b': 1, 'c': 1}","{'points': [{'x': -4.0, 'y': 0.194}, {'x': -3.667, 'y': -3.9573}, {'x': -3.333, 'y': -2.0558}, {'x': -3.0, 'y': 2.9901}, {'x': -2.667, 'y': 3.4626}, {'x': -2.333, 'y': -1.3611}, {'x': -2.0, 'y': -4.1029}, {'x': -1.667, 'y': -0.5692}, {'x': -1.333, 'y': 3.8351}, {'x': -1.0, 'y': 2.3736}, {'x': -0.667, 'y': -2.7184}, {'x': -0.333, 'y': -3.6525}, {'x': 0.0, 'y': 1.0}, {'x': 0.333, 'y': 4.123}, {'x': 0.667, 'y': 0.9398}, {'x': 1.0, 'y': -3.6809}, {'x': 1.333, 'y': -2.6715}, {'x': 1.667, 'y': 2.424}, {'x': 2.0, 'y': 3.8119}, {'x': 2.333, 'y': -0.6306}, {'x': 2.667, 'y': -4.1086}, {'x': 3.0, 'y': -1.3024}, {'x': 3.333, 'y': 3.4958}, {'x': 3.667, 'y': 2.9471}, {'x': 4.0, 'y': -2.1093}]}","{'formula': '4*sin(4*x) + cos(4*x)', 'latex': '4 \\sin{\\left(4 x \\right)} + \\cos{\\left(4 x \\right)}', 'properties': {'singularities': [], 'is_periodic': True, 'domain': 'Reals', 'period_value': 'pi/2'}}",auto_v2
MCM_311_c14cc0d5,"{'a': 3, 'b': 1, 'c': 1}","{'points': [{'x': -4.0, 'y': 0.2503}, {'x': -3.667, 'y': 0.639}, {'x': -3.333, 'y': 0.2564}, {'x': -3.0, 'y': 0.1562}, {'x': -2.667, 'y': 0.6307}, {'x': -2.333, 'y': 0.3512}, {'x': -2.0, 'y': 0.0751}, {'x': -1.667, 'y': 0.6068}, {'x': -1.333, 'y': 0.4375}, {'x': -1.0, 'y': 0.0197}, {'x': -0.667, 'y': 0.5668}, {'x': -0.333, 'y': 0.5102}, {'x': 0.0, 'y': 0.0}, {'x': 0.333, 'y': 0.5102}, {'x': 0.667, 'y': 0.5668}, {'x': 1.0, 'y': 0.0197}, {'x': 1.333, 'y': 0.4375}, {'x': 1.667, 'y': 0.6068}, {'x': 2.0, 'y': 0.0751}, {'x': 2.333, 'y': 0.3512}, {'x': 2.667, 'y': 0.6307}, {'x': 3.0, 'y': 0.1562}, {'x': 3.333, 'y': 0.2564}, {'x': 3.667, 'y': 0.639}, {'x': 4.0, 'y': 0.2503}]}","{'formula': 'sin(log(sin(3*x)**2 + 1))', 'latex': '\\sin{\\left(\\log{\\left(\\sin^{2}{\\left(3 x \\right)} + 1 \\right)} \\right)}', 'properties': {'singularities': [], 'is_periodic': True, 'domain': 'Reals', 'period_value': '2*pi/3'}}",auto_v2
MCM_312_0fe01753,"{'a': 3, 'b': 1, 'c': 2}","{'points': [{'x': -3.0, 'y': 1.1623}, {'x': -2.758, 'y': 0.1671}, {'x': -2.517, 'y': -0.4972}, {'x': -2.275, 'y': -1.4529}, {'x': -2.033, 'y': 1.0605}, {'x': -1.792, 'y': -3.01}, {'x': -1.55, 'y': 1.614}, {'x': -1.308, 'y': 1.3813}, {'x': -1.067, 'y': 0.7477}, {'x': -0.825, 'y': 0.6958}, {'x': -0.583, 'y': 1.594}, {'x': -0.342, 'y': 1.1265}, {'x': -0.1, 'y': 0.7325}, {'x': 0.1, 'y': 0.6966}, {'x': 0.364, 'y': 0.8341}, {'x': 0.627, 'y': 1.2109}, {'x': 0.891, 'y': 1.223}, {'x': 1.155, 'y': 0.7339}, {'x': 1.418, 'y': 1.2458}, {'x': 1.682, 'y': 0.8189}, {'x': 1.945, 'y': 0.872}, {'x': 2.209, 'y': 1.1118}, {'x': 2.473, 'y': 1.1565}, {'x': 2.736, 'y': 1.1082}, {'x': 3.0, 'y': 0.9162}]}","{'formula': '(x + sin(cos(5*x**2 - x + 4)) + 2)/(x + 2)', 'latex': '\\frac{x + \\sin{\\left(\\cos{\\left(5 x^{2} - x + 4 \\right)} \\right)} + 2}{x + 2}', 'properties': {'singularities': ['-2'], 'is_periodic': False, 'domain': 'Union(Interval.open(-oo, -2), Interval.open(-2, oo))'}}",auto_v2
MCM_312_bd539a1b,"{'a': 3, 'b': 1, 'c': 2}","{'points': [{'x': -3.0, 'y': -2.0}, {'x': -2.758, 'y': -2.0}, {'x': -2.517, 'y': -2.0}, {'x': -2.275, 'y': -2.0}, {'x': -2.033, 'y': -2.0}, {'x': -1.792, 'y': -2.0}, {'x': -1.55, 'y': -2.0}, {'x': -1.308, 'y': -2.0001}, {'x': -1.067, 'y': -2.0016}, {'x': -0.825, 'y': -2.0182}, {'x': -0.583, 'y': -2.1146}, {'x': -0.342, 'y': -2.3946}, {'x': -0.1, 'y': -2.7401}, {'x': 0.1, 'y': -2.9046}, {'x': 0.364, 'y': -2.7757}, {'x': 0.627, 'y': -2.3739}, {'x': 0.891, 'y': -2.1732}, {'x': 1.155, 'y': -1.9918}, {'x': 1.418, 'y': -1.9999}, {'x': 1.682, 'y': -2.0}, {'x': 1.945, 'y': -2.0}, {'x': 2.209, 'y': -2.0}, {'x': 2.473, 'y': -2.0}, {'x': 2.736, 'y': -2.0}, {'x': 3.0, 'y': -2.0}]}","{'formula': '(-2*x + sin(exp(-5*x**2)) + 2)/(x - 1)', 'latex': '\\frac{- 2 x + \\sin{\\left(e^{- 5 x^{2}} \\right)} + 2}{x - 1}', 'properties': {'singularities': ['1'], 'is_periodic': False, 'domain': 'Union(Interval.open(-oo, 1), Interval.open(1, oo))'}}",auto_v2
MCM_312_a478b04a,"{'a': 3, 'b': 1, 'c': 2}","{'points': [{'x': -3.0, 'y': -0.1683}, {'x': -2.758, 'y': -0.1213}, {'x': -2.517, 'y': 0.0284}, {'x': -2.275, 'y': 0.1542}, {'x': -2.033, 'y': 0.2057}, {'x': -1.792, 'y': 0.218}, {'x': -1.55, 'y': 0.2115}, {'x': -1.308, 'y': 0.1999}, {'x': -1.067, 'y': 0.1992}, {'x': -0.825, 'y': 0.2216}, {'x': -0.583, 'y': 0.2707}, {'x': -0.342, 'y': 0.3374}, {'x': -0.1, 'y': 0.4004}, {'x': 0.1, 'y': 0.4247}, {'x': 0.364, 'y': 0.3139}, {'x': 0.627, 'y': -0.1569}, {'x': 0.891, 'y': -0.7125}, {'x': 1.155, 'y': -0.8492}, {'x': 1.418, 'y': 0.4639}, {'x': 1.682, 'y': 2.6425}, {'x': 1.945, 'y': 0.6723}, {'x': 2.209, 'y': 4.0241}, {'x': 2.473, 'y': -0.4294}, {'x': 2.736, 'y': -1.0291}, {'x': 3.0, 'y': 0.7472}]}","{'formula': 'sin(cos((x - 1)*(x + 3)))/(x - 2)', 'latex': '\\frac{\\sin{\\left(\\cos{\\left(\\left(x - 1\\right) \\left(x + 3\\right) \\right)} \\right)}}{x - 2}', 'properties': {'singularities': ['2'], 'is_periodic': False, 'domain': 'Union(Interval.open(-oo, 2), Interval.open(2, oo))'}}",auto_v2
MCM_312_c9f38aff,"{'a': 3, 'b': 1, 'c': 2}","{'points': [{'x': -4.0, 'y': 5.0953}, {'x': -3.667, 'y': 4.8129}, {'x': -3.333, 'y': 5.1245}, {'x': -3.0, 'y': 5.2671}, {'x': -2.667, 'y': 4.6646}, {'x': -2.333, 'y': 5.085}, {'x': -2.0, 'y': 6.0961}, {'x': -1.667, 'y': 2.898}, {'x': -1.333, 'y': 5.4214}, {'x': -1.0, 'y': 3.6918}, {'x': -0.667, 'y': 5.3393}, {'x': -0.333, 'y': 5.162}, {'x': 0.0, 'y': 4.5379}, {'x': 0.333, 'y': 5.1031}, {'x': 0.667, 'y': 5.1305}, {'x': 1.0, 'y': 4.7384}, {'x': 1.333, 'y': 5.0248}, {'x': 1.667, 'y': 5.1106}, {'x': 2.0, 'y': 4.8434}, {'x': 2.333, 'y': 4.9815}, {'x': 2.667, 'y': 5.0939}, {'x': 3.0, 'y': 4.911}, {'x': 3.333, 'y': 4.9528}, {'x': 3.667, 'y': 5.0785}, {'x': 4.0, 'y': 4.9567}]}","{'formula': '(10*x + 2*log(1 - cos(6*x)/2) + 15)/(2*x + 3)', 'latex': '\\frac{10 x + 2 \\log{\\left(1 - \\frac{\\cos{\\left(6 x \\right)}}{2} \\right)} + 15}{2 x + 3}', 'properties': {'singularities': ['-3/2'], 'is_periodic': False, 'domain': 'Union(Interval.open(-oo, -3/2), Interval.open(-3/2, oo))'}}",auto_v2
MCM_312_fd5fbfcc,"{'a': 3, 'b': 1, 'c': 2}","{'points': [{'x': -3.0, 'y': 12.5916}, {'x': -2.758, 'y': 9.003}, {'x': -2.517, 'y': 6.4651}, {'x': -2.275, 'y': 4.677}, {'x': -2.033, 'y': 3.3768}, {'x': -1.792, 'y': 2.3252}, {'x': -1.55, 'y': 1.2126}, {'x': -1.308, 'y': -0.833}, {'x': -1.067, 'y': -16.1091}, {'x': -0.825, 'y': 10.6824}, {'x': -0.583, 'y': 6.4086}, {'x': -0.342, 'y': 5.1968}, {'x': -0.1, 'y': 4.3741}, {'x': 0.1, 'y': 3.5661}, {'x': 0.364, 'y': 1.9721}, {'x': 0.627, 'y': -0.5266}, {'x': 0.891, 'y': -4.0654}, {'x': 1.155, 'y': -8.4366}, {'x': 1.418, 'y': -13.0321}, {'x': 1.682, 'y': -16.9943}, {'x': 1.945, 'y': -19.5503}, {'x': 2.209, 'y': -20.3393}, {'x': 2.473, 'y': -19.5202}, {'x': 2.736, 'y': -17.6193}, {'x': 3.0, 'y': -15.2582}]}","{'formula': '(-5*x**2 - 4*x + 4)*exp(sin(x))/(x + 1)', 'latex': '\\frac{\\left(- 5 x^{2} - 4 x + 4\\right) e^{\\sin{\\left(x \\right)}}}{x + 1}', 'properties': {'singularities': ['-1'], 'is_periodic': False, 'domain': 'Union(Interval.open(-oo, -1), Interval.open(-1, oo))'}}",auto_v2
MCM_312_5e12f885,"{'a': 3, 'b': 1, 'c': 2}","{'points': [{'x': -3.0, 'y': -0.2361}, {'x': -2.758, 'y': -0.0171}, {'x': -2.517, 'y': -0.2614}, {'x': -2.275, 'y': 0.1895}, {'x': -2.033, 'y': 0.2424}, {'x': -1.792, 'y': -0.0803}, {'x': -1.55, 'y': -0.3106}, {'x': -1.308, 'y': -0.4247}, {'x': -1.067, 'y': -0.481}, {'x': -0.825, 'y': -0.5208}, {'x': -0.583, 'y': -0.5685}, {'x': -0.342, 'y': -0.6427}, {'x': -0.1, 'y': -0.7666}, {'x': 0.1, 'y': -0.937}, {'x': 0.364, 'y': -1.3592}, {'x': 0.627, 'y': -2.438}, {'x': 0.891, 'y': -8.8396}, {'x': 1.155, 'y': 6.4702}, {'x': 1.418, 'y': 2.2169}, {'x': 1.682, 'y': 0.7968}, {'x': 1.945, 'y': -0.4016}, {'x': 2.209, 'y': -0.7697}, {'x': 2.473, 'y': 0.6683}, {'x': 2.736, 'y': -0.2421}, {'x': 3.0, 'y': 0.4722}]}","{'formula': 'sin(exp(x**2/3))/(x - 1)', 'latex': '\\frac{\\sin{\\left(e^{\\frac{x^{2}}{3}} \\right)}}{x - 1}', 'properties': {'singularities': ['1'], 'is_periodic': False, 'domain': 'Union(Interval.open(-oo, 1), Interval.open(1, oo))'}}",auto_v2
MCM_312_396db0cc,"{'a': 3, 'b': 1, 'c': 2}","{'points': [{'x': -3.0, 'y': -25.8276}, {'x': -2.758, 'y': -14.9188}, {'x': -2.517, 'y': -14.3837}, {'x': -2.275, 'y': -26.4327}, {'x': -2.033, 'y': -239.2446}, {'x': -1.792, 'y': 26.8672}, {'x': -1.55, 'y': -1.8222}, {'x': -1.308, 'y': -6.0395}, {'x': -1.067, 'y': -3.3008}, {'x': -0.825, 'y': -1.3767}, {'x': -0.583, 'y': -0.6649}, {'x': -0.342, 'y': -0.4178}, {'x': -0.1, 'y': -0.195}, {'x': 0.1, 'y': 0.3187}, {'x': 0.364, 'y': 1.7689}, {'x': 0.627, 'y': 2.6062}, {'x': 0.891, 'y': 1.6524}, {'x': 1.155, 'y': 0.6225}, {'x': 1.418, 'y': 0.1654}, {'x': 1.682, 'y': -0.1166}, {'x': 1.945, 'y': -0.8225}, {'x': 2.209, 'y': -3.5007}, {'x': 2.473, 'y': -9.894}, {'x': 2.736, 'y': -14.7182}, {'x': 3.0, 'y': -11.7781}]}","{'formula': 'x*(5 - 2*x**2)*exp(sin(3*x))/(x + 2)', 'latex': '\\frac{x \\left(5 - 2 x^{2}\\right) e^{\\sin{\\left(3 x \\right)}}}{x + 2}', 'properties': {'singularities': ['-2'], 'is_periodic': False, 'domain': 'Union(Interval.open(-oo, -2), Interval.open(-2, oo))'}}",auto_v2
MCM_312_91dbfeab,"{'a': 3, 'b': 1, 'c': 2}","{'points': [{'x': -4.0, 'y': 0.5634}, {'x': -3.667, 'y': 0.5327}, {'x': -3.333, 'y': 0.585}, {'x': -3.0, 'y': 0.5124}, {'x': -2.667, 'y': 0.161}, {'x': -2.333, 'y': -0.3175}, {'x': -2.0, 'y': -0.89}, {'x': -1.667, 'y': -3.2669}, {'x': -1.333, 'y': 5.7555}, {'x': -1.0, 'y': 3.0783}, {'x': -0.667, 'y': 2.296}, {'x': -0.333, 'y': 1.7441}, {'x': 0.0, 'y': 1.4621}, {'x': 0.333, 'y': 1.4735}, {'x': 0.667, 'y': 1.4985}, {'x': 1.0, 'y': 1.4157}, {'x': 1.333, 'y': 1.2797}, {'x': 1.667, 'y': 1.2246}, {'x': 2.0, 'y': 1.27}, {'x': 2.333, 'y': 1.2864}, {'x': 2.667, 'y': 1.2349}, {'x': 3.0, 'y': 1.1625}, {'x': 3.333, 'y': 1.1574}, {'x': 3.667, 'y': 1.196}, {'x': 4.0, 'y': 1.1985}]}","{'formula': '(2*x + 2*log(sin(2*x)**2 + 2) + 3)/(2*x + 3)', 'latex': '\\frac{2 x + 2 \\log{\\left(\\sin^{2}{\\left(2 x \\right)} + 2 \\right)} + 3}{2 x + 3}', 'properties': {'singularities': ['-3/2'], 'is_periodic': False, 'domain': 'Union(Interval.open(-oo, -3/2), Interval.open(-3/2, oo))'}}",auto_v2
MCM_313_9ac6ce0c,"{'a': 3, 'b': 1, 'c': 3}","{'points': [{'x': -3.0, 'y': 0.0284}, {'x': -2.758, 'y': 0.0493}, {'x': -2.517, 'y': 0.0602}, {'x': -2.275, 'y': -0.0797}, {'x': -2.033, 'y': -0.08}, {'x': -1.792, 'y': 0.0007}, {'x': -1.55, 'y': 0.1095}, {'x': -1.308, 'y': 0.1504}, {'x': -1.067, 'y': -0.1589}, {'x': -0.825, 'y': -0.1821}, {'x': -0.583, 'y': -0.1471}, {'x': -0.342, 'y': 0.3708}, {'x': -0.1, 'y': 0.5133}, {'x': 0.1, 'y': -0.0591}, {'x': 0.364, 'y': -0.9905}, {'x': 0.627, 'y': -2.0705}, {'x': 0.891, 'y': 9.0902}, {'x': 1.155, 'y': -1.52}, {'x': 1.418, 'y': -0.5525}, {'x': 1.682, 'y': 0.8201}, {'x': 1.945, 'y': -0.2902}, {'x': 2.209, 'y': 0.7255}, {'x': 2.473, 'y': 0.5711}, {'x': 2.736, 'y': -0.4071}, {'x': 3.0, 'y': -0.2729}]}","{'formula': '-sin(2/(2*x - 3))*sin(2*sin(5*x) - cos(5*x))/(x - 1)', 'latex': '- \\frac{\\sin{\\left(\\frac{2}{2 x - 3} \\right)} \\sin{\\left(2 \\sin{\\left(5 x \\right)} - \\cos{\\left(5 x \\right)} \\right)}}{x - 1}', 'properties': {'singularities': ['1', '3/2'], 'is_periodic': False, 'domain': 'Union(Interval.open(-oo, 1), Interval.open(1, 3/2), Interval.open(3/2, oo))'}}",auto_v2
MCM_313_44ae8bf0,"{'a': 3, 'b': 1, 'c': 3}","{'points': [{'x': -3.0, 'y': -0.0385}, {'x': -2.758, 'y': -0.0431}, {'x': -2.517, 'y': 0.039}, {'x': -2.275, 'y': 0.0638}, {'x': -2.033, 'y': -0.0334}, {'x': -1.792, 'y': -0.0919}, {'x': -1.55, 'y': 0.0164}, {'x': -1.308, 'y': 0.1336}, {'x': -1.067, 'y': 0.0226}, {'x': -0.825, 'y': -0.2003}, {'x': -0.583, 'y': -0.1061}, {'x': -0.342, 'y': 0.3072}, {'x': -0.1, 'y': 0.2536}, {'x': 0.1, 'y': -0.1686}, {'x': 0.364, 'y': -0.3873}, {'x': 0.627, 'y': -0.4009}, {'x': 0.891, 'y': -0.3585}, {'x': 1.155, 'y': 0.6677}, {'x': 1.418, 'y': 1.0852}, {'x': 1.682, 'y': -1.3633}, {'x': 1.945, 'y': -8.22}, {'x': 2.209, 'y': -1.5671}, {'x': 2.473, 'y': -0.7115}, {'x': 2.736, 'y': 0.3563}, {'x': 3.0, 'y': 0.2657}]}","{'formula': '-sin(2/(2*x - 1))*sin(sin(6*x))/(x - 2)', 'latex': '- \\frac{\\sin{\\left(\\frac{2}{2 x - 1} \\right)} \\sin{\\left(\\sin{\\left(6 x \\right)} \\right)}}{x - 2}', 'properties': {'singularities': ['1/2', '2'], 'is_periodic': False, 'domain': 'Union(Interval.open(-oo, 1/2), Interval.open(1/2, 2), Interval.open(2, oo))'}}",auto_v2
MCM_313_1ff02bc9,"{'a': 3, 'b': 1, 'c': 3}","{'points': [{'x': -4.0, 'y': 0.6936}, {'x': -3.667, 'y': 0.6608}, {'x': -3.333, 'y': 0.6205}, {'x': -3.0, 'y': 0.57}, {'x': -2.667, 'y': 0.5052}, {'x': -2.333, 'y': 0.4196}, {'x': -2.0, 'y': 0.3027}, {'x': -1.667, 'y': 0.1394}, {'x': -1.333, 'y': -0.0771}, {'x': -1.0, 'y': -0.1234}, {'x': -0.667, 'y': 0.934}, {'x': -0.333, 'y': 0.0829}, {'x': 0.0, 'y': 0.4932}, {'x': 0.333, 'y': 1.8922}, {'x': 0.667, 'y': 1.7161}, {'x': 1.0, 'y': 0.2022}, {'x': 1.333, 'y': 0.8812}, {'x': 1.667, 'y': 1.0999}, {'x': 2.0, 'y': 1.1753}, {'x': 2.333, 'y': 1.2006}, {'x': 2.667, 'y': 1.2059}, {'x': 3.0, 'y': 1.2029}, {'x': 3.333, 'y': 1.1963}, {'x': 3.667, 'y': 1.1883}, {'x': 4.0, 'y': 1.1799}]}","{'formula': 'sin(2/(2*x + 1)) + cos(2/(2*x - 1))', 'latex': '\\sin{\\left(\\frac{2}{2 x + 1} \\right)} + \\cos{\\left(\\frac{2}{2 x - 1} \\right)}', 'properties': {'singularities': ['-1/2', '1/2'], 'is_periodic': False, 'domain': 'Union(Interval.open(-oo, -1/2), Interval.open(-1/2, 1/2), Interval.open(1/2, oo))'}}",auto_v2
MCM_313_27e60ddf,"{'a': 3, 'b': 1, 'c': 3}","{'points': [{'x': -3.0, 'y': 0.1236}, {'x': -2.758, 'y': -0.2086}, {'x': -2.517, 'y': -0.0186}, {'x': -2.275, 'y': 0.2292}, {'x': -2.033, 'y': -0.1487}, {'x': -1.792, 'y': 0.2361}, {'x': -1.55, 'y': -0.1372}, {'x': -1.308, 'y': -0.2811}, {'x': -1.067, 'y': 0.2243}, {'x': -0.825, 'y': -0.257}, {'x': -0.583, 'y': 0.3342}, {'x': -0.342, 'y': 0.2601}, {'x': -0.1, 'y': -0.3948}, {'x': 0.1, 'y': 0.4327}, {'x': 0.364, 'y': -0.5321}, {'x': 0.627, 'y': -0.0174}, {'x': 0.891, 'y': 0.74}, {'x': 1.155, 'y': -0.7839}, {'x': 1.418, 'y': 0.5939}, {'x': 1.682, 'y': 0.001}, {'x': 1.945, 'y': -0.4881}, {'x': 2.209, 'y': -0.2458}, {'x': 2.473, 'y': 0.7133}, {'x': 2.736, 'y': -0.8987}, {'x': 3.0, 'y': 0.5235}]}","{'formula': '-sin(1/(x - 2))*sin(5*sin(10*x)/2)', 'latex': '- \\sin{\\left(\\frac{1}{x - 2} \\right)} \\sin{\\left(\\frac{5 \\sin{\\left(10 x \\right)}}{2} \\right)}', 'properties': {'singularities': ['2'], 'is_periodic': False, 'domain': 'Union(Interval.open(-oo, 2), Interval.open(2, oo))'}}",auto_v2
MCM_313_a89632fb,"{'a': 3, 'b': 1, 'c': 3}","{'points': [{'x': -3.0, 'y': 0.0332}, {'x': -2.758, 'y': 0.0829}, {'x': -2.517, 'y': 0.23}, {'x': -2.275, 'y': 0.8314}, {'x': -2.033, 'y': 14.0279}, {'x': -1.792, 'y': -5.5348}, {'x': -1.55, 'y': -19.29}, {'x': -1.308, 'y': 4.04}, {'x': -1.067, 'y': 1.5631}, {'x': -0.825, 'y': 0.9018}, {'x': -0.583, 'y': 0.5997}, {'x': -0.342, 'y': 0.427}, {'x': -0.1, 'y': 0.3157}, {'x': 0.1, 'y': 0.2499}, {'x': 0.364, 'y': 0.1856}, {'x': 0.627, 'y': 0.1376}, {'x': 0.891, 'y': 0.1005}, {'x': 1.155, 'y': 0.0714}, {'x': 1.418, 'y': 0.0491}, {'x': 1.682, 'y': 0.0324}, {'x': 1.945, 'y': 0.0206}, {'x': 2.209, 'y': 0.0125}, {'x': 2.473, 'y': 0.0073}, {'x': 2.736, 'y': 0.0041}, {'x': 3.0, 'y': 0.0022}]}","{'formula': '2*sin(exp(-x**2/3))/((x + 2)*(2*x + 3))', 'latex': '\\frac{2 \\sin{\\left(e^{- \\frac{x^{2}}{3}} \\right)}}{\\left(x + 2\\right) \\left(2 x + 3\\right)}', 'properties': {'singularities': ['-2', '-3/2'], 'is_periodic': False, 'domain': 'Union(Interval.open(-oo, -2), Interval.open(-2, -3/2), Interval.open(-3/2, oo))'}}",auto_v2
MCM_320_174a16ea,"{'a': 3, 'b': 2, 'c': 0}","{'points': [{'x': -3.0, 'y': 1.0}, {'x': -2.754, 'y': 1.0}, {'x': -2.508, 'y': -1.0}, {'x': -2.263, 'y': -1.0}, {'x': -2.017, 'y': 1.0}, {'x': -1.771, 'y': -1.0}, {'x': -1.525, 'y': 1.0}, {'x': -1.279, 'y': -1.0}, {'x': -1.033, 'y': 1.0}, {'x': -0.787, 'y': 1.0}, {'x': -0.542, 'y': 1.0}, {'x': -0.296, 'y': -1.0}, {'x': -0.05, 'y': 1.0}, {'x': 0.05, 'y': 1.0}, {'x': 0.318, 'y': 1.0}, {'x': 0.586, 'y': -1.0}, {'x': 0.855, 'y': 1.0}, {'x': 1.123, 'y': 1.0}, {'x': 1.391, 'y': -1.0}, {'x': 1.659, 'y': -1.0}, {'x': 1.927, 'y': -1.0}, {'x': 2.195, 'y': -1.0}, {'x': 2.464, 'y': 1.0}, {'x': 2.732, 'y': 1.0}, {'x': 3.0, 'y': 1.0}]}","{'formula': 'sign(sin((1 - 3*x)**2*(x + 4)**2 + cos(4*x)))', 'latex': '\\operatorname{sign}{\\left(\\sin{\\left(\\left(1 - 3 x\\right)^{2} \\left(x + 4\\right)^{2} + \\cos{\\left(4 x \\right)} \\right)} \\right)}', 'properties': {'singularities': [], 'is_periodic': False, 'domain': 'analysis_timeout'}}",auto_v2
MCM_320_492f506d,"{'a': 3, 'b': 2, 'c': 0}","{'points': [{'x': -4.0, 'y': -20.0}, {'x': -3.667, 'y': -18.3333}, {'x': -3.333, 'y': -16.6667}, {'x': -3.0, 'y': -15.0}, {'x': -2.667, 'y': -13.3333}, {'x': -2.333, 'y': -11.6667}, {'x': -2.0, 'y': -10.0}, {'x': -1.667, 'y': -8.3333}, {'x': -1.333, 'y': -6.6667}, {'x': -1.0, 'y': -5.0}, {'x': -0.667, 'y': -3.3333}, {'x': -0.333, 'y': -1.6667}, {'x': 0.0, 'y': 0.0}, {'x': 0.333, 'y': 0.7088}, {'x': 0.667, 'y': 0.5512}, {'x': 1.0, 'y': 0.5144}, {'x': 1.333, 'y': -0.5941}, {'x': 1.667, 'y': -0.7395}, {'x': 2.0, 'y': -0.9939}, {'x': 2.333, 'y': -0.3046}, {'x': 2.667, 'y': -0.9617}, {'x': 3.0, 'y': -0.9639}, {'x': 3.333, 'y': 0.0035}, {'x': 3.667, 'y': 0.5603}, {'x': 4.0, 'y': 0.318}]}","{'formula': 'Piecewise((sin((-3*x**2 + 2*x + 1)**2 + cos(3*x - 4)), x > 0), (5*x, True))', 'latex': '\\begin{cases} \\sin{\\left(\\left(- 3 x^{2} + 2 x + 1\\right)^{2} + \\cos{\\left(3 x - 4 \\right)} \\right)} & \\text{for}\\: x > 0 \\\\5 x & \\text{otherwise} \\end{cases}', 'properties': {'singularities': [], 'is_periodic': False, 'domain': 'analysis_timeout'}}",auto_v2
MCM_320_60afbb03,"{'a': 3, 'b': 2, 'c': 0}","{'points': [{'x': -3.0, 'y': -15.0}, {'x': -2.758, 'y': -13.0667}, {'x': -2.517, 'y': -9.1333}, {'x': -2.275, 'y': -9.2}, {'x': -2.033, 'y': -5.2667}, {'x': -1.792, 'y': -5.3333}, {'x': -1.55, 'y': -1.4}, {'x': -1.308, 'y': -1.4667}, {'x': -1.067, 'y': 2.4667}, {'x': -0.825, 'y': 2.4}, {'x': -0.583, 'y': 4.3333}, {'x': -0.342, 'y': 8.2667}, {'x': -0.1, 'y': 8.2}, {'x': 0.1, 'y': 9.8}, {'x': 0.364, 'y': 11.9091}, {'x': 0.627, 'y': 16.0182}, {'x': 0.891, 'y': 18.1273}, {'x': 1.155, 'y': 20.2364}, {'x': 1.418, 'y': 22.3455}, {'x': 1.682, 'y': 24.4545}, {'x': 1.945, 'y': 26.5636}, {'x': 2.209, 'y': 28.6727}, {'x': 2.473, 'y': 30.7818}, {'x': 2.736, 'y': 30.8909}, {'x': 3.0, 'y': 33.0}]}","{'formula': 'Piecewise((8*x + 10, Eq(sin(cos((x - 1)*(2*x - 4))), 0)), (8*x + sin(cos(2*x**2 - 6*x + 4))/Abs(sin(cos(2*x**2 - 6*x + 4))) + 10, True))', 'latex': '\\begin{cases} 8 x + 10 & \\text{for}\\: \\sin{\\left(\\cos{\\left(\\left(x - 1\\right) \\left(2 x - 4\\right) \\right)} \\right)} = 0 \\\\8 x + \\frac{\\sin{\\left(\\cos{\\left(2 x^{2} - 6 x + 4 \\right)} \\right)}}{\\left|{\\sin{\\left(\\cos{\\left(2 x^{2} - 6 x + 4 \\right)} \\right)}}\\right|} + 10 & \\text{otherwise} \\end{cases}', 'properties': {'singularities': [], 'is_periodic': False, 'domain': 'analysis_timeout'}}",auto_v2
MCM_320_a6cd0566,"{'a': 3, 'b': 2, 'c': 0}","{'points': [{'x': -3.0, 'y': 41.0}, {'x': -2.75, 'y': 31.0664}, {'x': -2.5, 'y': 25.0625}, {'x': -2.25, 'y': 22.0039}, {'x': -2.0, 'y': 21.0}, {'x': -1.75, 'y': 21.2539}, {'x': -1.5, 'y': 22.0625}, {'x': -1.25, 'y': 22.8164}, {'x': -1.0, 'y': 23.0}, {'x': -0.75, 'y': 22.1914}, {'x': -0.5, 'y': 20.0625}, {'x': -0.25, 'y': 16.3789}, {'x': 0.0, 'y': 11.0}, {'x': 0.25, 'y': 3.8789}, {'x': 0.5, 'y': -4.9375}, {'x': 0.75, 'y': -15.3086}, {'x': 1.0, 'y': -27.0}, {'x': 1.25, 'y': -39.6836}, {'x': 1.5, 'y': -52.9375}, {'x': 1.75, 'y': -66.2461}, {'x': 2.0, 'y': -79.0}, {'x': 2.25, 'y': -90.4961}, {'x': 2.5, 'y': -99.9375}, {'x': 2.75, 'y': -106.4336}, {'x': 3.0, 'y': -109.0}]}","{'formula': 'Piecewise((-x**4 + 14*x**2 + 25*x - 11, x > 3), (x**4 - 14*x**2 - 25*x + 11, True))', 'latex': '\\begin{cases} - x^{4} + 14 x^{2} + 25 x - 11 & \\text{for}\\: x > 3 \\\\x^{4} - 14 x^{2} - 25 x + 11 & \\text{otherwise} \\end{cases}', 'properties': {'singularities': [], 'is_periodic': False, 'domain': 'analysis_timeout'}}",auto_v2
MCM_320_1bbc0a0c,"{'a': 3, 'b': 2, 'c': 0}","{'points': [{'x': -3.0, 'y': 304.0}, {'x': -2.75, 'y': 257.8164}, {'x': -2.5, 'y': 218.5625}, {'x': -2.25, 'y': 185.2539}, {'x': -2.0, 'y': 157.0}, {'x': -1.75, 'y': 133.0039}, {'x': -1.5, 'y': 112.5625}, {'x': -1.25, 'y': 95.0664}, {'x': -1.0, 'y': 80.0}, {'x': -0.75, 'y': 66.9414}, {'x': -0.5, 'y': 55.5625}, {'x': -0.25, 'y': 45.6289}, {'x': 0.0, 'y': 37.0}, {'x': 0.25, 'y': 29.6289}, {'x': 0.5, 'y': 23.5625}, {'x': 0.75, 'y': 18.9414}, {'x': 1.0, 'y': 16.0}, {'x': 1.25, 'y': 15.0664}, {'x': 1.5, 'y': 16.5625}, {'x': 1.75, 'y': 21.0039}, {'x': 2.0, 'y': 29.0}, {'x': 2.25, 'y': 41.2539}, {'x': 2.5, 'y': 58.5625}, {'x': 2.75, 'y': 81.8164}, {'x': 3.0, 'y': 112.0}]}","{'formula': 'Piecewise((-x**4 - 2*x**2 + 32*x - 37, x > 3), (x**4 + 10*x**2 - 32*x + 37, True))', 'latex': '\\begin{cases} - x^{4} - 2 x^{2} + 32 x - 37 & \\text{for}\\: x > 3 \\\\x^{4} + 10 x^{2} - 32 x + 37 & \\text{otherwise} \\end{cases}', 'properties': {'singularities': [], 'is_periodic': False, 'domain': 'analysis_timeout'}}",auto_v2
MCM_320_b8aadcc7,"{'a': 3, 'b': 2, 'c': 0}","{'points': [{'x': -3.0, 'y': -1.0}, {'x': -2.754, 'y': -1.0}, {'x': -2.508, 'y': -1.0}, {'x': -2.263, 'y': 1.0}, {'x': -2.017, 'y': 1.0}, {'x': -1.771, 'y': 1.0}, {'x': -1.525, 'y': 1.0}, {'x': -1.279, 'y': 1.0}, {'x': -1.033, 'y': 1.0}, {'x': -0.787, 'y': 1.0}, {'x': -0.542, 'y': 1.0}, {'x': -0.296, 'y': 1.0}, {'x': -0.05, 'y': 1.0}, {'x': 0.05, 'y': 1.0}, {'x': 0.318, 'y': 1.0}, {'x': 0.586, 'y': 1.0}, {'x': 0.855, 'y': 1.0}, {'x': 1.123, 'y': 1.0}, {'x': 1.391, 'y': 1.0}, {'x': 1.659, 'y': 1.0}, {'x': 1.927, 'y': 1.0}, {'x': 2.195, 'y': 1.0}, {'x': 2.464, 'y': 1.0}, {'x': 2.732, 'y': 1.0}, {'x': 3.0, 'y': 1.0}]}","{'formula': 'sign(3*x + (x + 4)**4)', 'latex': '\\operatorname{sign}{\\left(3 x + \\left(x + 4\\right)^{4} \\right)}', 'properties': {'singularities': [], 'is_periodic': False, 'domain': 'analysis_timeout'}}",auto_v2
MCM_320_58ff71ae,"{'a': 3, 'b': 2, 'c': 0}","{'points': [{'x': -3.0, 'y': 1027.0}, {'x': -2.754, 'y': 686.3031}, {'x': -2.508, 'y': 445.4678}, {'x': -2.263, 'y': 280.0213}, {'x': -2.017, 'y': 169.888}, {'x': -1.771, 'y': 98.9587}, {'x': -1.525, 'y': 54.6598}, {'x': -1.279, 'y': 27.5219}, {'x': -1.033, 'y': 10.7492}, {'x': -0.787, 'y': 0.2118}, {'x': -0.542, 'y': 8.1028}, {'x': -0.296, 'y': 14.2851}, {'x': -0.05, 'y': 19.1704}, {'x': 0.05, 'y': 20.7696}, {'x': 0.318, 'y': 23.7924}, {'x': 0.586, 'y': 24.9284}, {'x': 0.855, 'y': 24.8604}, {'x': 1.123, 'y': 25.7274}, {'x': 1.391, 'y': 31.7898}, {'x': 1.659, 'y': 50.0959}, {'x': 1.927, 'y': 91.1473}, {'x': 2.195, 'y': 169.5651}, {'x': 2.464, 'y': 304.7554}, {'x': 2.732, 'y': 521.5756}, {'x': 3.0, 'y': 851.0}]}","{'formula': 'Abs(x**3*(4*x**2 - 3) - 12*x**2 + 16*x + 20)', 'latex': '\\left|{x^{3} \\left(4 x^{2} - 3\\right) - 12 x^{2} + 16 x + 20}\\right|', 'properties': {'singularities': [], 'is_periodic': False, 'domain': 'Reals'}}",auto_v2
MCM_320_91b6dbb0,"{'a': 3, 'b': 2, 'c': 0}","{'points': [{'x': -3.0, 'y': -107.2592}, {'x': -2.754, 'y': -83.4507}, {'x': -2.508, 'y': -62.3165}, {'x': -2.263, 'y': -46.2606}, {'x': -2.017, 'y': -32.1073}, {'x': -1.771, 'y': -21.4046}, {'x': -1.525, 'y': -13.4154}, {'x': -1.279, 'y': -7.9537}, {'x': -1.033, 'y': -3.8336}, {'x': -0.787, 'y': -1.2579}, {'x': -0.542, 'y': 0.1677}, {'x': -0.296, 'y': 0.4487}, {'x': -0.05, 'y': 0.4844}, {'x': 0.05, 'y': 0.5567}, {'x': 0.318, 'y': 0.9491}, {'x': 0.586, 'y': 1.3479}, {'x': 0.855, 'y': 3.3}, {'x': 1.123, 'y': 6.0842}, {'x': 1.391, 'y': 11.0322}, {'x': 1.659, 'y': 18.8514}, {'x': 1.927, 'y': 29.4744}, {'x': 2.195, 'y': 42.3837}, {'x': 2.464, 'y': 60.5435}, {'x': 2.732, 'y': 82.3822}, {'x': 3.0, 'y': 108.8164}]}","{'formula': '4*x**3 + Abs(sin(cos(4*x**2 + x - 1)))', 'latex': '4 x^{3} + \\left|{\\sin{\\left(\\cos{\\left(4 x^{2} + x - 1 \\right)} \\right)}}\\right|', 'properties': {'singularities': [], 'is_periodic': False, 'domain': 'Reals'}}",auto_v2
MCM_320_bdd3ad3b,"{'a': 3, 'b': 2, 'c': 0}","{'points': [{'x': -3.0, 'y': 396.0}, {'x': -2.754, 'y': 311.6735}, {'x': -2.508, 'y': 240.3297}, {'x': -2.263, 'y': 180.8098}, {'x': -2.017, 'y': 131.9551}, {'x': -1.771, 'y': 92.6066}, {'x': -1.525, 'y': 61.6055}, {'x': -1.279, 'y': 37.7931}, {'x': -1.033, 'y': 20.0105}, {'x': -0.787, 'y': 7.0988}, {'x': -0.542, 'y': 2.1006}, {'x': -0.296, 'y': 8.7468}, {'x': -0.05, 'y': 13.9984}, {'x': 0.05, 'y': 16.0016}, {'x': 0.318, 'y': 21.7824}, {'x': 0.586, 'y': 29.3481}, {'x': 0.855, 'y': 40.2033}, {'x': 1.123, 'y': 55.8524}, {'x': 1.391, 'y': 77.7998}, {'x': 1.659, 'y': 107.55}, {'x': 1.927, 'y': 146.6076}, {'x': 2.195, 'y': 196.4769}, {'x': 2.464, 'y': 258.6624}, {'x': 2.732, 'y': 334.6686}, {'x': 3.0, 'y': 426.0}]}","{'formula': 'Abs(13*x**3 + 20*x + 15)', 'latex': '\\left|{13 x^{3} + 20 x + 15}\\right|', 'properties': {'singularities': [], 'is_periodic': False, 'domain': 'Reals'}}",auto_v2
MCM_320_50dde7b7,"{'a': 3, 'b': 2, 'c': 0}","{'points': [{'x': -3.0, 'y': 390.0}, {'x': -2.75, 'y': 189.75}, {'x': -2.5, 'y': 75.0}, {'x': -2.25, 'y': 15.75}, {'x': -2.0, 'y': -10.0}, {'x': -1.75, 'y': -18.25}, {'x': -1.5, 'y': -17.0}, {'x': -1.25, 'y': -12.25}, {'x': -1.0, 'y': -8.0}, {'x': -0.75, 'y': -5.25}, {'x': -0.5, 'y': -3.0}, {'x': -0.25, 'y': -2.25}, {'x': 0.0, 'y': 0.0}, {'x': 0.25, 'y': 0.75}, {'x': 0.5, 'y': 2.0}, {'x': 0.75, 'y': 1.75}, {'x': 1.0, 'y': 2.0}, {'x': 1.25, 'y': -0.25}, {'x': 1.5, 'y': -2.0}, {'x': 1.75, 'y': -0.25}, {'x': 2.0, 'y': 10.0}, {'x': 2.25, 'y': 37.75}, {'x': 2.5, 'y': 100.0}, {'x': 2.75, 'y': 216.75}, {'x': 3.0, 'y': 420.0}]}","{'formula': '-4*x**2 + floor(x*(x*(x**2 - 2)**2 + 5))', 'latex': '- 4 x^{2} + \\left\\lfloor{x \\left(x \\left(x^{2} - 2\\right)^{2} + 5\\right)}\\right\\rfloor', 'properties': {'singularities': [], 'is_periodic': False, 'domain': 'analysis_timeout'}}",auto_v2
MCM_320_b70ae277,"{'a': 3, 'b': 2, 'c': 0}","{'points': [{'x': -4.0, 'y': 80.0}, {'x': -3.667, 'y': 72.3333}, {'x': -3.333, 'y': 65.6667}, {'x': -3.0, 'y': 60.0}, {'x': -2.667, 'y': 53.3333}, {'x': -2.333, 'y': 45.6667}, {'x': -2.0, 'y': 40.0}, {'x': -1.667, 'y': 32.3333}, {'x': -1.333, 'y': 25.6667}, {'x': -1.0, 'y': 20.0}, {'x': -0.667, 'y': 13.3333}, {'x': -0.333, 'y': 5.6667}, {'x': 0.0, 'y': -1.0}, {'x': 0.333, 'y': -6.6667}, {'x': 0.667, 'y': -13.3333}, {'x': 1.0, 'y': -20.0}, {'x': 1.333, 'y': -26.6667}, {'x': 1.667, 'y': -33.3333}, {'x': 2.0, 'y': -40.0}, {'x': 2.333, 'y': -46.6667}, {'x': 2.667, 'y': -53.3333}, {'x': 3.0, 'y': -61.0}, {'x': 3.333, 'y': -67.6667}, {'x': 3.667, 'y': -73.3333}, {'x': 4.0, 'y': -80.0}]}","{'formula': '-20*x + floor(sin(cos((x - 4)*(x + 1))))', 'latex': '- 20 x + \\left\\lfloor{\\sin{\\left(\\cos{\\left(\\left(x - 4\\right) \\left(x + 1\\right) \\right)} \\right)}}\\right\\rfloor', 'properties': {'singularities': [], 'is_periodic': False, 'domain': 'analysis_timeout'}}",auto_v2
MCM_321_b7138d4a,"{'a': 3, 'b': 2, 'c': 1}","{'points': [{'x': -3.0, 'y': 0.4282}, {'x': -2.758, 'y': -0.632}, {'x': -2.517, 'y': 0.799}, {'x': -2.275, 'y': -0.9197}, {'x': -2.033, 'y': 0.9869}, {'x': -1.792, 'y': -0.9968}, {'x': -1.55, 'y': 0.9488}, {'x': -1.308, 'y': -0.8457}, {'x': -1.067, 'y': 0.6935}, {'x': -0.825, 'y': -0.501}, {'x': -0.583, 'y': 0.2794}, {'x': -0.342, 'y': -0.0416}, {'x': -0.1, 'y': -0.1987}, {'x': 0.1, 'y': 0.1987}, {'x': 0.364, 'y': -0.2202}, {'x': 0.627, 'y': 0.2417}, {'x': 0.891, 'y': -0.263}, {'x': 1.155, 'y': 0.2842}, {'x': 1.418, 'y': -0.3053}, {'x': 1.682, 'y': 0.3262}, {'x': 1.945, 'y': -0.3469}, {'x': 2.209, 'y': 0.3675}, {'x': 2.473, 'y': -0.3879}, {'x': 2.736, 'y': 0.4082}, {'x': 3.0, 'y': -0.4282}]}","{'formula': 'sin(Piecewise((0, Eq(x, 0)), (12*x - x/Abs(x), True)))', 'latex': '\\sin{\\left(\\begin{cases} 0 & \\text{for}\\: x = 0 \\\\12 x - \\frac{x}{\\left|{x}\\right|} & \\text{otherwise} \\end{cases} \\right)}', 'properties': {'singularities': ['0'], 'is_periodic': False, 'domain': 'analysis_timeout'}}",auto_v2
MCM_321_0fc5ad69,"{'a': 3, 'b': 2, 'c': 1}","{'points': [{'x': -4.0, 'y': 0.9717}, {'x': -3.667, 'y': 0.9189}, {'x': -3.333, 'y': 0.9741}, {'x': -3.0, 'y': 0.9208}, {'x': -2.667, 'y': 0.9244}, {'x': -2.333, 'y': 0.9975}, {'x': -2.0, 'y': 0.8535}, {'x': -1.667, 'y': 0.9393}, {'x': -1.333, 'y': 0.9975}, {'x': -1.0, 'y': 0.7936}, {'x': -0.667, 'y': 0.9603}, {'x': -0.333, 'y': 0.9822}, {'x': 0.0, 'y': 0.7692}, {'x': 0.333, 'y': 0.9822}, {'x': 0.667, 'y': 0.9603}, {'x': 1.0, 'y': 0.7936}, {'x': 1.333, 'y': 0.9975}, {'x': 1.667, 'y': 0.9393}, {'x': 2.0, 'y': 0.8535}, {'x': 2.333, 'y': 0.9975}, {'x': 2.667, 'y': 0.9244}, {'x': 3.0, 'y': 0.9208}, {'x': 3.333, 'y': 0.9741}, {'x': 3.667, 'y': 0.9189}, {'x': 4.0, 'y': 0.9717}]}","{'formula': 'cos(Piecewise((log(1 - cos(6*x)/2), x > 3), (-log(1 - cos(6*x)/2), True)))', 'latex': '\\cos{\\left(\\begin{cases} \\log{\\left(1 - \\frac{\\cos{\\left(6 x \\right)}}{2} \\right)} & \\text{for}\\: x > 3 \\\\- \\log{\\left(1 - \\frac{\\cos{\\left(6 x \\right)}}{2} \\right)} & \\text{otherwise} \\end{cases} \\right)}', 'properties': {'singularities': [], 'is_periodic': False, 'domain': 'analysis_timeout'}}",auto_v2
MCM_321_72fb3fba,"{'a': 3, 'b': 2, 'c': 1}","{'points': [{'x': -4.0, 'y': 0.1887}, {'x': -3.667, 'y': 0.2458}, {'x': -3.333, 'y': 0.4138}, {'x': -3.0, 'y': 0.4318}, {'x': -2.667, 'y': 0.2695}, {'x': -2.333, 'y': 0.184}, {'x': -2.0, 'y': 0.2931}, {'x': -1.667, 'y': 0.4441}, {'x': -1.333, 'y': 0.3938}, {'x': -1.0, 'y': 0.2268}, {'x': -0.667, 'y': 0.1971}, {'x': -0.333, 'y': 0.345}, {'x': 0.0, 'y': 0.4548}, {'x': 0.333, 'y': 0.345}, {'x': 0.667, 'y': 0.1971}, {'x': 1.0, 'y': 0.2268}, {'x': 1.333, 'y': 0.3938}, {'x': 1.667, 'y': 0.4441}, {'x': 2.0, 'y': 0.2931}, {'x': 2.333, 'y': 0.184}, {'x': 2.667, 'y': 0.2695}, {'x': 3.0, 'y': 0.4318}, {'x': 3.333, 'y': 0.4138}, {'x': 3.667, 'y': 0.2458}, {'x': 4.0, 'y': 0.1887}]}","{'formula': 'cos(Piecewise((log(sin(2*x)**2 + 3), x > 1), (-log(sin(2*x)**2 + 3), True)))', 'latex': '\\cos{\\left(\\begin{cases} \\log{\\left(\\sin^{2}{\\left(2 x \\right)} + 3 \\right)} & \\text{for}\\: x > 1 \\\\- \\log{\\left(\\sin^{2}{\\left(2 x \\right)} + 3 \\right)} & \\text{otherwise} \\end{cases} \\right)}', 'properties': {'singularities': [], 'is_periodic': False, 'domain': 'analysis_timeout'}}",auto_v2
MCM_321_a57985b7,"{'a': 3, 'b': 2, 'c': 1}","{'points': [{'x': -1.5, 'y': 0.0}, {'x': -1.375, 'y': 0.0}, {'x': -1.25, 'y': 0.0}, {'x': -1.125, 'y': 0.0}, {'x': -1.0, 'y': 0.0}, {'x': -0.875, 'y': 0.0}, {'x': -0.75, 'y': 0.0}, {'x': -0.625, 'y': 0.0}, {'x': -0.5, 'y': 0.0}, {'x': -0.375, 'y': 0.0}, {'x': -0.25, 'y': 0.0}, {'x': -0.125, 'y': 0.0}, {'x': 0.0, 'y': 0.0}, {'x': 0.125, 'y': 0.0}, {'x': 0.25, 'y': 0.0}, {'x': 0.375, 'y': 0.0}, {'x': 0.5, 'y': 0.0}, {'x': 0.625, 'y': 0.0}, {'x': 0.75, 'y': 0.0}, {'x': 0.875, 'y': 0.0}, {'x': 1.0, 'y': 0.0}, {'x': 1.125, 'y': 0.0}, {'x': 1.25, 'y': 0.0}, {'x': 1.375, 'y': 0.0}, {'x': 1.5, 'y': 0.0}]}","{'formula': 'sin(floor(sin(exp(-x**2/2))))', 'latex': '\\sin{\\left(\\left\\lfloor{\\sin{\\left(e^{- \\frac{x^{2}}{2}} \\right)}}\\right\\rfloor \\right)}', 'properties': {'singularities': [], 'is_periodic': False, 'domain': 'analysis_timeout'}}",auto_v2
MCM_321_514e4e35,"{'a': 3, 'b': 2, 'c': 1}","{'points': [{'x': -4.0, 'y': 3.9574}, {'x': -3.667, 'y': 3.1808}, {'x': -3.333, 'y': 1.2472}, {'x': -3.0, 'y': -0.8382}, {'x': -2.667, 'y': -2.1689}, {'x': -2.333, 'y': -2.3309}, {'x': -2.0, 'y': -1.5136}, {'x': -1.667, 'y': -0.3176}, {'x': -1.333, 'y': 0.6097}, {'x': -1.0, 'y': 0.9093}, {'x': -0.667, 'y': 0.648}, {'x': -0.333, 'y': 0.2061}, {'x': 0.0, 'y': 0.0}, {'x': 0.333, 'y': -0.5842}, {'x': 0.667, 'y': -0.9051}, {'x': 1.0, 'y': -0.8815}, {'x': 1.333, 'y': -0.3623}, {'x': 1.667, 'y': -0.0709}, {'x': 2.0, 'y': -0.7556}, {'x': 2.333, 'y': -0.9092}, {'x': 2.667, 'y': -0.8121}, {'x': 3.0, 'y': -0.1481}, {'x': 3.333, 'y': -0.2546}, {'x': 3.667, 'y': -0.8558}, {'x': 4.0, 'y': -0.9082}]}","{'formula': 'Piecewise((-sin(2*x)*sin(2*sin(2*x)), x > 0), (x*sin(2*x), True))', 'latex': '\\begin{cases} - \\sin{\\left(2 x \\right)} \\sin{\\left(2 \\sin{\\left(2 x \\right)} \\right)} & \\text{for}\\: x > 0 \\\\x \\sin{\\left(2 x \\right)} & \\text{otherwise} \\end{cases}', 'properties': {'singularities': [], 'is_periodic': False, 'domain': 'analysis_timeout'}}",auto_v2
MCM_321_dc58ad29,"{'a': 3, 'b': 2, 'c': 1}","{'points': [{'x': -3.0, 'y': 0.5403}, {'x': -2.754, 'y': 0.5403}, {'x': -2.508, 'y': 0.5403}, {'x': -2.263, 'y': 0.5403}, {'x': -2.017, 'y': 0.5403}, {'x': -1.771, 'y': 0.5403}, {'x': -1.525, 'y': 0.5403}, {'x': -1.279, 'y': 0.5403}, {'x': -1.033, 'y': 0.5403}, {'x': -0.787, 'y': 0.5403}, {'x': -0.542, 'y': 0.5403}, {'x': -0.296, 'y': 0.5403}, {'x': -0.05, 'y': 0.5403}, {'x': 0.05, 'y': 0.5403}, {'x': 0.318, 'y': 0.5403}, {'x': 0.586, 'y': 0.5403}, {'x': 0.855, 'y': 0.5403}, {'x': 1.123, 'y': 0.5403}, {'x': 1.391, 'y': 0.5403}, {'x': 1.659, 'y': 0.5403}, {'x': 1.927, 'y': 0.5403}, {'x': 2.195, 'y': 0.5403}, {'x': 2.464, 'y': 0.5403}, {'x': 2.732, 'y': 0.5403}, {'x': 3.0, 'y': 0.5403}]}","{'formula': 'cos(sign(sin(cos(9*(x - 1)**2))))', 'latex': '\\cos{\\left(\\operatorname{sign}{\\left(\\sin{\\left(\\cos{\\left(9 \\left(x - 1\\right)^{2} \\right)} \\right)} \\right)} \\right)}', 'properties': {'singularities': [], 'is_periodic': False, 'domain': 'analysis_timeout'}}",auto_v2
MCM_321_58a4ec85,"{'a': 3, 'b': 2, 'c': 1}","{'points': [{'x': -4.0, 'y': -18.2589}, {'x': -3.667, 'y': 9.0493}, {'x': -3.333, 'y': 13.6408}, {'x': -3.0, 'y': -9.7543}, {'x': -2.667, 'y': -9.2527}, {'x': -2.333, 'y': 9.1367}, {'x': -2.0, 'y': 5.4402}, {'x': -1.667, 'y': -7.3941}, {'x': -1.333, 'y': -2.4943}, {'x': -1.0, 'y': 4.7946}, {'x': -0.667, 'y': 0.6352}, {'x': -0.333, 'y': -1.659}, {'x': 0.0, 'y': -0.0}, {'x': 0.333, 'y': 0.1882}, {'x': 0.667, 'y': -0.0539}, {'x': 1.0, 'y': 0.6272}, {'x': 1.333, 'y': 0.0263}, {'x': 1.667, 'y': 0.3108}, {'x': 2.0, 'y': 0.2982}, {'x': 2.333, 'y': 0.0555}, {'x': 2.667, 'y': 0.2715}, {'x': 3.0, 'y': -0.2606}, {'x': 3.333, 'y': 0.1868}, {'x': 3.667, 'y': -0.2001}, {'x': 4.0, 'y': -0.2176}]}","{'formula': 'Piecewise((log(1 - cos(6*x)/2)*sin(5*x), x > 0), (-5*x*sin(5*x), True))', 'latex': '\\begin{cases} \\log{\\left(1 - \\frac{\\cos{\\left(6 x \\right)}}{2} \\right)} \\sin{\\left(5 x \\right)} & \\text{for}\\: x > 0 \\\\- 5 x \\sin{\\left(5 x \\right)} & \\text{otherwise} \\end{cases}', 'properties': {'singularities': [], 'is_periodic': False, 'domain': 'analysis_timeout'}}",auto_v2
MCM_321_406c6bf4,"{'a': 3, 'b': 2, 'c': 1}","{'points': [{'x': -4.0, 'y': -0.6536}, {'x': -3.667, 'y': -0.8653}, {'x': -3.333, 'y': -0.9817}, {'x': -3.0, 'y': -0.99}, {'x': -2.667, 'y': -0.8893}, {'x': -2.333, 'y': -0.6908}, {'x': -2.0, 'y': -0.4161}, {'x': -1.667, 'y': -0.0957}, {'x': -1.333, 'y': 0.2352}, {'x': -1.0, 'y': 0.5403}, {'x': -0.667, 'y': 0.7859}, {'x': -0.333, 'y': 0.945}, {'x': 0.0, 'y': 1.0}, {'x': 0.333, 'y': 0.7869}, {'x': 0.667, 'y': 0.982}, {'x': 1.0, 'y': 0.8992}, {'x': 1.333, 'y': 0.8739}, {'x': 1.667, 'y': 0.9914}, {'x': 2.0, 'y': 0.776}, {'x': 2.333, 'y': 1.0}, {'x': 2.667, 'y': 0.8024}, {'x': 3.0, 'y': 0.9682}, {'x': 3.333, 'y': 0.9237}, {'x': 3.667, 'y': 0.849}, {'x': 4.0, 'y': 0.9968}]}","{'formula': 'cos(Piecewise((log(sin(4*x)**2 + 1), x > 0), (x, True)))', 'latex': '\\cos{\\left(\\begin{cases} \\log{\\left(\\sin^{2}{\\left(4 x \\right)} + 1 \\right)} & \\text{for}\\: x > 0 \\\\x & \\text{otherwise} \\end{cases} \\right)}', 'properties': {'singularities': [], 'is_periodic': False, 'domain': 'analysis_timeout'}}",auto_v2
MCM_321_f5d2c44a,"{'a': 3, 'b': 2, 'c': 1}","{'points': [{'x': -4.0, 'y': 19.7872}, {'x': -3.667, 'y': 15.9041}, {'x': -3.333, 'y': 6.2359}, {'x': -3.0, 'y': -4.1912}, {'x': -2.667, 'y': -10.8444}, {'x': -2.333, 'y': -11.6545}, {'x': -2.0, 'y': -7.568}, {'x': -1.667, 'y': -1.5881}, {'x': -1.333, 'y': 3.0485}, {'x': -1.0, 'y': 4.5465}, {'x': -0.667, 'y': 3.2398}, {'x': -0.333, 'y': 1.0306}, {'x': 0.0, 'y': 0.0}, {'x': 0.333, 'y': 0.701}, {'x': 0.667, 'y': 1.1844}, {'x': 1.0, 'y': 1.1916}, {'x': 1.333, 'y': 0.6275}, {'x': 1.667, 'y': -0.2637}, {'x': 2.0, 'y': -1.0157}, {'x': 2.333, 'y': -1.258}, {'x': 2.667, 'y': -0.9483}, {'x': 3.0, 'y': -0.3088}, {'x': 3.333, 'y': 0.4155}, {'x': 3.667, 'y': 1.0228}, {'x': 4.0, 'y': 1.2598}]}","{'formula': 'Piecewise((log(sin(x)**2 + 3)*sin(2*x), x > 0), (5*x*sin(2*x), True))', 'latex': '\\begin{cases} \\log{\\left(\\sin^{2}{\\left(x \\right)} + 3 \\right)} \\sin{\\left(2 x \\right)} & \\text{for}\\: x > 0 \\\\5 x \\sin{\\left(2 x \\right)} & \\text{otherwise} \\end{cases}', 'properties': {'singularities': [], 'is_periodic': False, 'domain': 'analysis_timeout'}}",auto_v2
MCM_321_4000b096,"{'a': 3, 'b': 2, 'c': 1}","{'points': [{'x': -3.0, 'y': 0.4202}, {'x': -2.758, 'y': -0.2873}, {'x': -2.517, 'y': -0.8502}, {'x': -2.275, 'y': -0.9855}, {'x': -2.033, 'y': -0.6251}, {'x': -1.792, 'y': 0.0498}, {'x': -1.55, 'y': 0.6996}, {'x': -1.308, 'y': 0.9975}, {'x': -1.067, 'y': 0.7937}, {'x': -0.825, 'y': 0.1906}, {'x': -0.583, 'y': -0.5083}, {'x': -0.342, 'y': -0.9515}, {'x': -0.1, 'y': -0.9162}, {'x': 0.1, 'y': -0.5298}, {'x': 0.364, 'y': 0.2304}, {'x': 0.627, 'y': 0.8539}, {'x': 0.891, 'y': 0.9705}, {'x': 1.155, 'y': 0.511}, {'x': 1.418, 'y': -0.2518}, {'x': 1.682, 'y': -0.8652}, {'x': 1.945, 'y': -0.9649}, {'x': 2.209, 'y': -0.4919}, {'x': 2.473, 'y': 0.2731}, {'x': 2.736, 'y': 0.876}, {'x': 3.0, 'y': 0.9589}]}","{'formula': 'sin(Piecewise((3 - 3*x, Eq(x*(x**3 - 8*x**2 + 22*x - 20), -9)), ((4*x + (3 - 3*x)*Abs(4*x + (x - 3)**2*(x - 1)**2) + (x - 3)**2*(x - 1)**2)/Abs(4*x + (x - 3)**2*(x - 1)**2), True)))', 'latex': '\\sin{\\left(\\begin{cases} 3 - 3 x & \\text{for}\\: x \\left(x^{3} - 8 x^{2} + 22 x - 20\\right) = -9 \\\\\\frac{4 x + \\left(3 - 3 x\\right) \\left|{4 x + \\left(x - 3\\right)^{2} \\left(x - 1\\right)^{2}}\\right| + \\left(x - 3\\right)^{2} \\left(x - 1\\right)^{2}}{\\left|{4 x + \\left(x - 3\\right)^{2} \\left(x - 1\\right)^{2}}\\right|} & \\text{otherwise} \\end{cases} \\right)}', 'properties': {'singularities': [], 'is_periodic': False, 'domain': 'analysis_timeout'}}",auto_v2
MCM_322_74e8224b,"{'a': 3, 'b': 2, 'c': 2}","{'points': [{'x': -3.0, 'y': 0.5}, {'x': -2.758, 'y': 0.5687}, {'x': -2.517, 'y': 0.6593}, {'x': -2.275, 'y': 0.7843}, {'x': -2.033, 'y': 0.9677}, {'x': -1.792, 'y': 1.2632}, {'x': -1.55, 'y': 1.8182}, {'x': -1.308, 'y': 3.2432}, {'x': -1.067, 'y': 15.0}, {'x': -0.825, 'y': 5.7143}, {'x': -0.583, 'y': 2.4}, {'x': -0.342, 'y': 1.519}, {'x': -0.1, 'y': 1.1111}, {'x': 0.1, 'y': 0.9091}, {'x': 0.364, 'y': 0.7333}, {'x': 0.627, 'y': 0.6145}, {'x': 0.891, 'y': 0.5288}, {'x': 1.155, 'y': 0.4641}, {'x': 1.418, 'y': 0.4135}, {'x': 1.682, 'y': 0.3729}, {'x': 1.945, 'y': 0.3395}, {'x': 2.209, 'y': 0.3116}, {'x': 2.473, 'y': 0.288}, {'x': 2.736, 'y': 0.2676}, {'x': 3.0, 'y': 0.25}]}","{'formula': 'Piecewise((0, Eq(x, -1)), (1/Abs(x + 1), True))', 'latex': '\\begin{cases} 0 & \\text{for}\\: x = -1 \\\\\\frac{1}{\\left|{x + 1}\\right|} & \\text{otherwise} \\end{cases}', 'properties': {'singularities': ['-1'], 'is_periodic': False, 'domain': 'analysis_timeout'}}",auto_v2
MCM_322_b211a16f,"{'a': 3, 'b': 2, 'c': 2}","{'points': [{'x': -3.0, 'y': -22.0}, {'x': -2.758, 'y': -18.8151}, {'x': -2.517, 'y': -22.1137}, {'x': -2.275, 'y': -29.0613}, {'x': -2.033, 'y': -41.4292}, {'x': -1.792, 'y': -72.6905}, {'x': -1.55, 'y': -396.8}, {'x': -1.308, 'y': 93.9725}, {'x': -1.067, 'y': 36.2667}, {'x': -0.825, 'y': 19.1889}, {'x': -0.583, 'y': 10.6061}, {'x': -0.342, 'y': 5.2012}, {'x': -0.1, 'y': 1.3286}, {'x': 0.1, 'y': 1.25}, {'x': 0.364, 'y': 4.4169}, {'x': 0.627, 'y': 7.4522}, {'x': 0.891, 'y': 10.3996}, {'x': 1.155, 'y': 13.2852}, {'x': 1.418, 'y': 16.1257}, {'x': 1.682, 'y': 18.9325}, {'x': 1.945, 'y': 21.7131}, {'x': 2.209, 'y': 24.4733}, {'x': 2.473, 'y': 27.217}, {'x': 2.736, 'y': 29.9473}, {'x': 3.0, 'y': 32.6667}]}","{'formula': '(6*x**2 + 2*Abs(x*(7*x + 19)))/(2*x + 3)', 'latex': '\\frac{6 x^{2} + 2 \\left|{x \\left(7 x + 19\\right)}\\right|}{2 x + 3}', 'properties': {'singularities': ['-3/2'], 'is_periodic': False, 'domain': 'Union(Interval.open(-oo, -3/2), Interval.open(-3/2, oo))'}}",auto_v2
MCM_322_21fa0c67,"{'a': 3, 'b': 2, 'c': 2}","{'points': [{'x': -3.0, 'y': 1.4}, {'x': -2.758, 'y': 1.4428}, {'x': -2.517, 'y': 1.4959}, {'x': -2.275, 'y': 1.5634}, {'x': -2.033, 'y': 1.6522}, {'x': -1.792, 'y': 1.7742}, {'x': -1.55, 'y': 1.9524}, {'x': -1.308, 'y': 2.2371}, {'x': -1.067, 'y': 2.7647}, {'x': -0.825, 'y': 4.0769}, {'x': -0.583, 'y': 13.0}, {'x': -0.342, 'y': -5.3158}, {'x': -0.1, 'y': -1.5}, {'x': 0.1, 'y': 2.6667}, {'x': 0.364, 'y': 2.1579}, {'x': 0.627, 'y': 1.8871}, {'x': 0.891, 'y': 1.719}, {'x': 1.155, 'y': 1.6044}, {'x': 1.418, 'y': 1.5213}, {'x': 1.682, 'y': 1.4583}, {'x': 1.945, 'y': 1.4089}, {'x': 2.209, 'y': 1.3691}, {'x': 2.473, 'y': 1.3364}, {'x': 2.736, 'y': 1.309}, {'x': 3.0, 'y': 1.2857}]}","{'formula': 'Piecewise((1, Eq(x, 0)), ((2*x + (2*x + 1)*Abs(x))/((2*x + 1)*Abs(x)), True))', 'latex': '\\begin{cases} 1 & \\text{for}\\: x = 0 \\\\\\frac{2 x + \\left(2 x + 1\\right) \\left|{x}\\right|}{\\left(2 x + 1\\right) \\left|{x}\\right|} & \\text{otherwise} \\end{cases}', 'properties': {'singularities': ['-1/2', '0'], 'is_periodic': False, 'domain': 'analysis_timeout'}}",auto_v2
MCM_322_7357d1fd,"{'a': 3, 'b': 2, 'c': 2}","{'points': [{'x': -3.0, 'y': 5.0}, {'x': -2.758, 'y': 5.0}, {'x': -2.517, 'y': 5.0}, {'x': -2.275, 'y': 5.0}, {'x': -2.033, 'y': 4.9996}, {'x': -1.792, 'y': 4.9891}, {'x': -1.55, 'y': 4.5172}, {'x': -1.308, 'y': 5.5547}, {'x': -1.067, 'y': 5.6756}, {'x': -0.825, 'y': 5.7999}, {'x': -0.583, 'y': 5.7976}, {'x': -0.342, 'y': 5.7077}, {'x': -0.1, 'y': 5.6007}, {'x': 0.1, 'y': 5.5263}, {'x': 0.364, 'y': 5.4652}, {'x': 0.627, 'y': 5.4503}, {'x': 0.891, 'y': 5.3753}, {'x': 1.155, 'y': 4.6238}, {'x': 1.418, 'y': 4.6577}, {'x': 1.682, 'y': 4.9492}, {'x': 1.945, 'y': 4.9159}, {'x': 2.209, 'y': 4.8513}, {'x': 2.473, 'y': 5.143}, {'x': 2.736, 'y': 4.8114}, {'x': 3.0, 'y': 5.1544}]}","{'formula': 'Piecewise(((10*x + 2*sin(exp(x**3)) + 15)/(2*x + 3), x > -3), ((10*x - 2*sin(exp(x**3)) + 15)/(2*x + 3), True))', 'latex': '\\begin{cases} \\frac{10 x + 2 \\sin{\\left(e^{x^{3}} \\right)} + 15}{2 x + 3} & \\text{for}\\: x > -3 \\\\\\frac{10 x - 2 \\sin{\\left(e^{x^{3}} \\right)} + 15}{2 x + 3} & \\text{otherwise} \\end{cases}', 'properties': {'singularities': ['-3/2'], 'is_periodic': False, 'domain': 'analysis_timeout'}}",auto_v2
MCM_322_04b1fbcc,"{'a': 3, 'b': 2, 'c': 2}","{'points': [{'x': -3.0, 'y': -3.75}, {'x': -2.758, 'y': -4.0}, {'x': -2.517, 'y': -4.0}, {'x': -2.275, 'y': -3.6947}, {'x': -2.033, 'y': -4.0}, {'x': -1.792, 'y': -3.6418}, {'x': -1.55, 'y': -4.0}, {'x': -1.308, 'y': -4.0}, {'x': -1.067, 'y': -3.5161}, {'x': -0.825, 'y': -3.4521}, {'x': -0.583, 'y': -3.3684}, {'x': -0.342, 'y': -3.2547}, {'x': -0.1, 'y': -3.0909}, {'x': 0.1, 'y': -2.8889}, {'x': 0.364, 'y': -2.4286}, {'x': 0.627, 'y': -4.0}, {'x': 0.891, 'y': 5.1667}, {'x': 1.155, 'y': -4.0}, {'x': 1.418, 'y': -6.3913}, {'x': 1.682, 'y': -4.0}, {'x': 1.945, 'y': -5.0577}, {'x': 2.209, 'y': -4.8271}, {'x': 2.473, 'y': -4.679}, {'x': 2.736, 'y': -4.5759}, {'x': 3.0, 'y': -4.5}]}","{'formula': '(-4*x + floor(sin(cos(4*x**2 + 3*x - 4))) + 4)/(x - 1)', 'latex': '\\frac{- 4 x + \\left\\lfloor{\\sin{\\left(\\cos{\\left(4 x^{2} + 3 x - 4 \\right)} \\right)}}\\right\\rfloor + 4}{x - 1}', 'properties': {'singularities': ['1'], 'is_periodic': False, 'domain': 'analysis_timeout'}}",auto_v2
MCM_322_8e401d2a,"{'a': 3, 'b': 2, 'c': 2}","{'points': [{'x': -3.0, 'y': 1.0}, {'x': -2.758, 'y': 0.8626}, {'x': -2.517, 'y': 0.6813}, {'x': -2.275, 'y': 0.4314}, {'x': -2.033, 'y': 0.0645}, {'x': -1.792, 'y': -0.5263}, {'x': -1.55, 'y': -1.6364}, {'x': -1.308, 'y': -4.4865}, {'x': -1.067, 'y': -28.0}, {'x': -0.825, 'y': 13.4286}, {'x': -0.583, 'y': 6.8}, {'x': -0.342, 'y': 5.038}, {'x': -0.1, 'y': 4.2222}, {'x': 0.1, 'y': 2.0}, {'x': 0.364, 'y': 2.0}, {'x': 0.627, 'y': 3.2291}, {'x': 0.891, 'y': 3.0577}, {'x': 1.155, 'y': 2.9283}, {'x': 1.418, 'y': 2.8271}, {'x': 1.682, 'y': 2.7458}, {'x': 1.945, 'y': 2.679}, {'x': 2.209, 'y': 2.6232}, {'x': 2.473, 'y': 2.5759}, {'x': 2.736, 'y': 2.5353}, {'x': 3.0, 'y': 2.5}]}","{'formula': 'Piecewise(((2*x + 3)/(x + 1), Eq(x*(25*x**5 + 10*x**3 + x - 5), 0)), ((x*(x*(5*x**2 + 1)**2 - 5) + (2*x + 3)*Abs(x*(x*(5*x**2 + 1)**2 - 5)))/((x + 1)*Abs(x*(x*(5*x**2 + 1)**2 - 5))), True))', 'latex': '\\begin{cases} \\frac{2 x + 3}{x + 1} & \\text{for}\\: x \\left(25 x^{5} + 10 x^{3} + x - 5\\right) = 0 \\\\\\frac{x \\left(x \\left(5 x^{2} + 1\\right)^{2} - 5\\right) + \\left(2 x + 3\\right) \\left|{x \\left(x \\left(5 x^{2} + 1\\right)^{2} - 5\\right)}\\right|}{\\left(x + 1\\right) \\left|{x \\left(x \\left(5 x^{2} + 1\\right)^{2} - 5\\right)}\\right|} & \\text{otherwise} \\end{cases}', 'properties': {'singularities': ['-1', '0', 'CRootOf(25*x**5 + 10*x**3 + x - 5, 0)'], 'is_periodic': False, 'domain': 'analysis_timeout'}}",auto_v2
MCM_322_04451596,"{'a': 3, 'b': 2, 'c': 2}","{'points': [{'x': -3.0, 'y': 10.0351}, {'x': -2.758, 'y': 11.2685}, {'x': -2.517, 'y': 13.3402}, {'x': -2.275, 'y': 19.456}, {'x': -2.033, 'y': 96.9121}, {'x': -1.792, 'y': -8.652}, {'x': -1.55, 'y': -2.8826}, {'x': -1.308, 'y': 0.8288}, {'x': -1.067, 'y': 1.6719}, {'x': -0.825, 'y': 2.1698}, {'x': -0.583, 'y': 1.8089}, {'x': -0.342, 'y': 2.4827}, {'x': -0.1, 'y': 2.4893}, {'x': 0.1, 'y': 2.343}, {'x': 0.364, 'y': 2.1406}, {'x': 0.627, 'y': 1.9573}, {'x': 0.891, 'y': 1.7834}, {'x': 1.155, 'y': 1.6089}, {'x': 1.418, 'y': 1.4288}, {'x': 1.682, 'y': 1.2412}, {'x': 1.945, 'y': 1.0459}, {'x': 2.209, 'y': 0.8434}, {'x': 2.473, 'y': 0.6346}, {'x': 2.736, 'y': 0.42}, {'x': 3.0, 'y': 0.2005}]}","{'formula': '(-x**2 + 2*x + Abs(sin(exp(-2*x))) + 4)/(x + 2)', 'latex': '\\frac{- x^{2} + 2 x + \\left|{\\sin{\\left(e^{- 2 x} \\right)}}\\right| + 4}{x + 2}', 'properties': {'singularities': ['-2'], 'is_periodic': False, 'domain': 'Union(Interval.open(-oo, -2), Interval.open(-2, oo))'}}",auto_v2
MCM_322_43bebbdf,"{'a': 3, 'b': 2, 'c': 2}","{'points': [{'x': -3.0, 'y': -23.4}, {'x': -2.758, 'y': -18.4727}, {'x': -2.517, 'y': -14.0881}, {'x': -2.275, 'y': -10.2392}, {'x': -2.033, 'y': -6.9174}, {'x': -1.792, 'y': -4.1117}, {'x': -1.55, 'y': -1.8083}, {'x': -1.308, 'y': 0.0108}, {'x': -1.067, 'y': 1.3691}, {'x': -0.825, 'y': 2.2982}, {'x': -0.583, 'y': 2.8416}, {'x': -0.342, 'y': 3.0607}, {'x': -0.1, 'y': 3.0452}, {'x': 0.1, 'y': 2.5626}, {'x': 0.364, 'y': 2.6774}, {'x': 0.627, 'y': 3.4439}, {'x': 0.891, 'y': 5.794}, {'x': 1.155, 'y': 11.7932}, {'x': 1.418, 'y': 27.2827}, {'x': 1.682, 'y': 77.5679}, {'x': 1.945, 'y': 677.5384}, {'x': 2.209, 'y': -254.7593}, {'x': 2.473, 'y': -156.9099}, {'x': 2.736, 'y': -136.1223}, {'x': 3.0, 'y': -131.9999}]}","{'formula': 'Piecewise(((-5*x**3 + 3*x + sin(exp(-x**2)) - 6)/(x - 2), x > 0), ((-5*x**3 + 4*x - 6)/(x - 2), True))', 'latex': '\\begin{cases} \\frac{- 5 x^{3} + 3 x + \\sin{\\left(e^{- x^{2}} \\right)} - 6}{x - 2} & \\text{for}\\: x > 0 \\\\\\frac{- 5 x^{3} + 4 x - 6}{x - 2} & \\text{otherwise} \\end{cases}', 'properties': {'singularities': ['2'], 'is_periodic': False, 'domain': 'analysis_timeout'}}",auto_v2
MCM_322_3afd3d36,"{'a': 3, 'b': 2, 'c': 2}","{'points': [{'x': -3.0, 'y': -0.0605}, {'x': -2.758, 'y': -0.1723}, {'x': -2.517, 'y': -0.2182}, {'x': -2.275, 'y': -0.1376}, {'x': -2.033, 'y': -0.157}, {'x': -1.792, 'y': -0.2602}, {'x': -1.55, 'y': -0.223}, {'x': -1.308, 'y': -0.1092}, {'x': -1.067, 'y': -0.3169}, {'x': -0.825, 'y': -0.3224}, {'x': -0.583, 'y': -0.0125}, {'x': -0.342, 'y': -0.3952}, {'x': -0.1, 'y': -0.4601}, {'x': 0.1, 'y': -0.2668}, {'x': 0.364, 'y': -0.4699}, {'x': 0.627, 'y': -0.7176}, {'x': 0.891, 'y': -0.4343}, {'x': 1.155, 'y': -0.9276}, {'x': 1.418, 'y': -1.6915}, {'x': 1.682, 'y': -1.4328}, {'x': 1.945, 'y': -14.6447}, {'x': 2.209, 'y': 4.7019}, {'x': 2.473, 'y': 0.9084}, {'x': 2.736, 'y': 1.1036}, {'x': 3.0, 'y': 0.9819}]}","{'formula': 'Abs(sin(sin(4*x) - cos(4*x)))/(x - 2)', 'latex': '\\frac{\\left|{\\sin{\\left(\\sin{\\left(4 x \\right)} - \\cos{\\left(4 x \\right)} \\right)}}\\right|}{x - 2}', 'properties': {'singularities': ['2'], 'is_periodic': False, 'domain': 'Union(Interval.open(-oo, 2), Interval.open(2, oo))'}}",auto_v2
MCM_322_81a20d20,"{'a': 3, 'b': 2, 'c': 2}","{'points': [{'x': -3.0, 'y': -23.0}, {'x': -2.758, 'y': -23.9621}, {'x': -2.517, 'y': -25.2308}, {'x': -2.275, 'y': -26.9804}, {'x': -2.033, 'y': -29.5484}, {'x': -1.792, 'y': -33.6842}, {'x': -1.55, 'y': -41.4545}, {'x': -1.308, 'y': -61.4054}, {'x': -1.067, 'y': -226.0}, {'x': -0.825, 'y': 64.0}, {'x': -0.583, 'y': 17.6}, {'x': -0.342, 'y': 5.2658}, {'x': -0.1, 'y': -0.4444}, {'x': 0.1, 'y': -2.6207}, {'x': 0.364, 'y': -5.5723}, {'x': 0.627, 'y': -7.4221}, {'x': 0.891, 'y': -8.6258}, {'x': 1.155, 'y': -10.4018}, {'x': 1.418, 'y': -10.5488}, {'x': 1.682, 'y': -11.3496}, {'x': 1.945, 'y': -11.889}, {'x': 2.209, 'y': -12.2165}, {'x': 2.473, 'y': -12.9132}, {'x': 2.736, 'y': -13.0069}, {'x': 3.0, 'y': -13.24}]}","{'formula': 'Piecewise(((-17*x + sin(cos(x*(4*x**2 - 3))) - 2)/(x + 1), x > 0), ((-16*x - 2)/(x + 1), True))', 'latex': '\\begin{cases} \\frac{- 17 x + \\sin{\\left(\\cos{\\left(x \\left(4 x^{2} - 3\\right) \\right)} \\right)} - 2}{x + 1} & \\text{for}\\: x > 0 \\\\\\frac{- 16 x - 2}{x + 1} & \\text{otherwise} \\end{cases}', 'properties': {'singularities': ['-1'], 'is_periodic': False, 'domain': 'analysis_timeout'}}",auto_v2
MCM_322_473665a4,"{'a': 3, 'b': 2, 'c': 2}","{'points': [{'x': -3.0, 'y': 4.0}, {'x': -2.758, 'y': 4.0}, {'x': -2.517, 'y': 4.0}, {'x': -2.275, 'y': 4.0}, {'x': -2.033, 'y': 4.0}, {'x': -1.792, 'y': 4.0}, {'x': -1.55, 'y': 4.0}, {'x': -1.308, 'y': 4.0}, {'x': -1.067, 'y': 4.0}, {'x': -0.825, 'y': 4.0}, {'x': -0.583, 'y': 4.0}, {'x': -0.342, 'y': 4.0}, {'x': -0.1, 'y': 4.0}, {'x': 0.1, 'y': 4.0}, {'x': 0.364, 'y': 4.6111}, {'x': 0.627, 'y': 4.7285}, {'x': 0.891, 'y': 4.9016}, {'x': 1.155, 'y': 4.0}, {'x': 1.418, 'y': 4.0}, {'x': 1.682, 'y': 4.0}, {'x': 1.945, 'y': 22.3333}, {'x': 2.209, 'y': 4.0}, {'x': 2.473, 'y': 4.0}, {'x': 2.736, 'y': 4.0}, {'x': 3.0, 'y': 4.0}]}","{'formula': '(4*x + floor(sin(exp(5*x))) - 8)/(x - 2)', 'latex': '\\frac{4 x + \\left\\lfloor{\\sin{\\left(e^{5 x} \\right)}}\\right\\rfloor - 8}{x - 2}', 'properties': {'singularities': ['2'], 'is_periodic': False, 'domain': 'analysis_timeout'}}",auto_v2
MCM_323_fe3e25aa,"{'a': 3, 'b': 2, 'c': 3}","{'points': [{'x': -3.0, 'y': -6.9}, {'x': -2.758, 'y': -6.7678}, {'x': -2.517, 'y': -6.6182}, {'x': -2.275, 'y': -6.4476}, {'x': -2.033, 'y': -6.2516}, {'x': -1.792, 'y': -6.0246}, {'x': -1.55, 'y': -5.76}, {'x': -1.308, 'y': -5.4517}, {'x': -1.067, 'y': -5.1006}, {'x': -0.825, 'y': -4.764}, {'x': -0.583, 'y': -5.5263}, {'x': -0.342, 'y': -1.4877}, {'x': -0.1, 'y': -0.7045}, {'x': 0.1, 'y': 0.4426}, {'x': 0.364, 'y': -1.5254}, {'x': 0.627, 'y': -12.8415}, {'x': 0.891, 'y': -105.0235}, {'x': 1.155, 'y': 144.0976}, {'x': 1.418, 'y': 93.6155}, {'x': 1.682, 'y': 94.893}, {'x': 1.945, 'y': 108.2311}, {'x': 2.209, 'y': 129.3276}, {'x': 2.473, 'y': 157.6937}, {'x': 2.736, 'y': 193.8449}, {'x': 3.0, 'y': 238.7143}]}","{'formula': 'Piecewise((2*x*(x*(x**2 + 5)**2 - 9*x - 4)/((x - 1)*(2*x + 1)), x > 0), (2*x*(-9*x - 4)/((x - 1)*(2*x + 1)), True))', 'latex': '\\begin{cases} \\frac{2 x \\left(x \\left(x^{2} + 5\\right)^{2} - 9 x - 4\\right)}{\\left(x - 1\\right) \\left(2 x + 1\\right)} & \\text{for}\\: x > 0 \\\\\\frac{2 x \\left(- 9 x - 4\\right)}{\\left(x - 1\\right) \\left(2 x + 1\\right)} & \\text{otherwise} \\end{cases}', 'properties': {'singularities': ['-1/2', '1'], 'is_periodic': False, 'domain': 'analysis_timeout'}}",auto_v2
MCM_323_2a96cddf,"{'a': 3, 'b': 2, 'c': 3}","{'points': [{'x': -3.0, 'y': 3.7747}, {'x': -2.758, 'y': 4.0497}, {'x': -2.517, 'y': 4.3823}, {'x': -2.275, 'y': 4.7994}, {'x': -2.033, 'y': 5.3513}, {'x': -1.792, 'y': 6.1468}, {'x': -1.55, 'y': 7.4802}, {'x': -1.308, 'y': 10.5558}, {'x': -1.067, 'y': 33.9559}, {'x': -0.825, 'y': -6.3385}, {'x': -0.583, 'y': 0.604}, {'x': -0.342, 'y': 2.8521}, {'x': -0.1, 'y': 4.2784}, {'x': 0.1, 'y': 14.4905}, {'x': 0.364, 'y': 13.5759}, {'x': 0.627, 'y': 14.1577}, {'x': 0.891, 'y': 16.0754}, {'x': 1.155, 'y': 19.2092}, {'x': 1.418, 'y': 21.4625}, {'x': 1.682, 'y': -0.0293}, {'x': 1.945, 'y': -12.3038}, {'x': 2.209, 'y': 26.9208}, {'x': 2.473, 'y': -25.0233}, {'x': 2.736, 'y': -30.9725}, {'x': 3.0, 'y': -28.8204}]}","{'formula': 'Piecewise(((-13*x**2 + 4*x - 32)*sin(1/(x - 2))/(x + 1), x > 0), ((-16*x - 10)*sin(1/(x - 2))/(x + 1), True))', 'latex': '\\begin{cases} \\frac{\\left(- 13 x^{2} + 4 x - 32\\right) \\sin{\\left(\\frac{1}{x - 2} \\right)}}{x + 1} & \\text{for}\\: x > 0 \\\\\\frac{\\left(- 16 x - 10\\right) \\sin{\\left(\\frac{1}{x - 2} \\right)}}{x + 1} & \\text{otherwise} \\end{cases}', 'properties': {'singularities': ['-1', '2'], 'is_periodic': False, 'domain': 'analysis_timeout'}}",auto_v2
MCM_323_d364689e,"{'a': 3, 'b': 2, 'c': 3}","{'points': [{'x': -4.0, 'y': 243.7599}, {'x': -3.667, 'y': 203.896}, {'x': -3.333, 'y': 167.9351}, {'x': -3.0, 'y': 135.8483}, {'x': -2.667, 'y': 107.5942}, {'x': -2.333, 'y': 83.1118}, {'x': -2.0, 'y': 62.3069}, {'x': -1.667, 'y': 45.0274}, {'x': -1.333, 'y': -31.0131}, {'x': -1.0, 'y': -19.7878}, {'x': -0.667, 'y': -10.4157}, {'x': -0.333, 'y': -1.0356}, {'x': 0.0, 'y': 9.093}, {'x': 0.333, 'y': -6.5818}, {'x': 0.667, 'y': 12.1701}, {'x': 1.0, 'y': -67.288}, {'x': 1.333, 'y': -110.8091}, {'x': 1.667, 'y': -137.7555}, {'x': 2.0, 'y': -165.7231}, {'x': 2.333, 'y': -197.2618}, {'x': 2.667, 'y': -232.8561}, {'x': 3.0, 'y': -272.5928}, {'x': 3.333, 'y': -316.4702}, {'x': 3.667, 'y': -364.4676}, {'x': 4.0, 'y': -416.5637}]}","{'formula': 'Piecewise(((-18*x**3 - 11*x**2 - 35*x - 10)*sin(2/(2*x - 1)), x > -3/2), ((18*x**3 + 11*x**2 + 35*x + 10)*sin(2/(2*x - 1)), True))', 'latex': '\\begin{cases} \\left(- 18 x^{3} - 11 x^{2} - 35 x - 10\\right) \\sin{\\left(\\frac{2}{2 x - 1} \\right)} & \\text{for}\\: x > - \\frac{3}{2} \\\\\\left(18 x^{3} + 11 x^{2} + 35 x + 10\\right) \\sin{\\left(\\frac{2}{2 x - 1} \\right)} & \\text{otherwise} \\end{cases}', 'properties': {'singularities': ['1/2'], 'is_periodic': False, 'domain': 'analysis_timeout'}}",auto_v2
MCM_323_53728ff3,"{'a': 3, 'b': 2, 'c': 3}","{'points': [{'x': -3.0, 'y': -7.3025}, {'x': -2.758, 'y': -7.8775}, {'x': -2.517, 'y': -8.5706}, {'x': -2.275, 'y': -9.399}, {'x': -2.033, 'y': -10.7073}, {'x': -1.792, 'y': -13.2924}, {'x': -1.55, 'y': -18.2246}, {'x': -1.308, 'y': -30.2488}, {'x': -1.067, 'y': -131.2636}, {'x': -0.825, 'y': 36.7473}, {'x': -0.583, 'y': 13.1792}, {'x': -0.342, 'y': 3.2167}, {'x': -0.1, 'y': 1.1724}, {'x': 0.1, 'y': 0.6395}, {'x': 0.364, 'y': 0.2533}, {'x': 0.627, 'y': -0.3793}, {'x': 0.891, 'y': -1.0044}, {'x': 1.155, 'y': -1.3638}, {'x': 1.418, 'y': -1.5544}, {'x': 1.682, 'y': -1.7845}, {'x': 1.945, 'y': -2.0292}, {'x': 2.209, 'y': -2.1903}, {'x': 2.473, 'y': -2.2875}, {'x': 2.736, 'y': -2.4052}, {'x': 3.0, 'y': -2.5348}]}","{'formula': 'Piecewise(((-8*x**2 + 2*log(2 - cos(6*x)/2))/((x + 1)*(2*x + 1)), x > -1), ((-8*x**2 - 2*log(2 - cos(6*x)/2))/((x + 1)*(2*x + 1)), True))', 'latex': '\\begin{cases} \\frac{- 8 x^{2} + 2 \\log{\\left(2 - \\frac{\\cos{\\left(6 x \\right)}}{2} \\right)}}{\\left(x + 1\\right) \\left(2 x + 1\\right)} & \\text{for}\\: x > -1 \\\\\\frac{- 8 x^{2} - 2 \\log{\\left(2 - \\frac{\\cos{\\left(6 x \\right)}}{2} \\right)}}{\\left(x + 1\\right) \\left(2 x + 1\\right)} & \\text{otherwise} \\end{cases}', 'properties': {'singularities': ['-1', '-1/2'], 'is_periodic': False, 'domain': 'analysis_timeout'}}",auto_v2
MCM_323_ccd213f8,"{'a': 3, 'b': 2, 'c': 3}","{'points': [{'x': -3.0, 'y': 12.6221}, {'x': -2.758, 'y': 13.3557}, {'x': -2.517, 'y': 11.7558}, {'x': -2.275, 'y': -5.4012}, {'x': -2.033, 'y': -10.045}, {'x': -1.792, 'y': 8.924}, {'x': -1.55, 'y': -6.163}, {'x': -1.308, 'y': -6.4906}, {'x': -1.067, 'y': -4.6821}, {'x': -0.825, 'y': -3.1019}, {'x': -0.583, 'y': -1.8921}, {'x': -0.342, 'y': -0.9688}, {'x': -0.1, 'y': -0.2512}, {'x': 0.1, 'y': 0.255}, {'x': 0.364, 'y': 0.1578}, {'x': 0.627, 'y': -0.1333}, {'x': 0.891, 'y': -0.2834}, {'x': 1.155, 'y': 0.1351}, {'x': 1.418, 'y': 0.0644}, {'x': 1.682, 'y': -0.0934}, {'x': 1.945, 'y': -0.0142}, {'x': 2.209, 'y': 0.1781}, {'x': 2.473, 'y': -0.1151}, {'x': 2.736, 'y': -0.1761}, {'x': 3.0, 'y': -0.1491}]}","{'formula': 'Piecewise((sin(1/(x + 2))*sin(cos(4*x**2 - x + 1)), x > 0), (5*x*sin(1/(x + 2)), True))', 'latex': '\\begin{cases} \\sin{\\left(\\frac{1}{x + 2} \\right)} \\sin{\\left(\\cos{\\left(4 x^{2} - x + 1 \\right)} \\right)} & \\text{for}\\: x > 0 \\\\5 x \\sin{\\left(\\frac{1}{x + 2} \\right)} & \\text{otherwise} \\end{cases}', 'properties': {'singularities': ['-2'], 'is_periodic': False, 'domain': 'analysis_timeout'}}",auto_v2
MCM_323_367abab3,"{'a': 3, 'b': 2, 'c': 3}","{'points': [{'x': -3.0, 'y': 0.0883}, {'x': -2.758, 'y': 0.1266}, {'x': -2.517, 'y': 0.1176}, {'x': -2.275, 'y': 0.1596}, {'x': -2.033, 'y': 0.0882}, {'x': -1.792, 'y': 0.1052}, {'x': -1.55, 'y': 0.3969}, {'x': -1.308, 'y': 0.3541}, {'x': -1.067, 'y': 0.0136}, {'x': -0.825, 'y': 0.0448}, {'x': -0.583, 'y': -0.4885}, {'x': -0.342, 'y': -0.0349}, {'x': -0.1, 'y': -0.8447}, {'x': 0.1, 'y': -2.1074}, {'x': 0.364, 'y': -6.1072}, {'x': 0.627, 'y': 6.0672}, {'x': 0.891, 'y': 1.3505}, {'x': 1.155, 'y': 0.5259}, {'x': 1.418, 'y': 0.5034}, {'x': 1.682, 'y': 0.3506}, {'x': 1.945, 'y': 0.0122}, {'x': 2.209, 'y': 0.0635}, {'x': 2.473, 'y': 0.0123}, {'x': 2.736, 'y': 0.1355}, {'x': 3.0, 'y': 0.0895}]}","{'formula': '2*sin(2/(2*x + 1))*Abs(sin(exp(x**2)))/(2*x - 1)', 'latex': '\\frac{2 \\sin{\\left(\\frac{2}{2 x + 1} \\right)} \\left|{\\sin{\\left(e^{x^{2}} \\right)}}\\right|}{2 x - 1}', 'properties': {'singularities': ['-1/2', '1/2'], 'is_periodic': False, 'domain': 'Union(Interval.open(-oo, -1/2), Interval.open(-1/2, 1/2), Interval.open(1/2, oo))'}}",auto_v2
MCM_323_28ea521c,"{'a': 3, 'b': 2, 'c': 3}","{'points': [{'x': -3.0, 'y': -35.5}, {'x': -2.758, 'y': -44.8981}, {'x': -2.517, 'y': -63.3846}, {'x': -2.275, 'y': -115.2371}, {'x': -2.033, 'y': -931.2258}, {'x': -1.792, 'y': 149.6421}, {'x': -1.55, 'y': 73.6162}, {'x': -1.308, 'y': 59.522}, {'x': -1.067, 'y': 130.2143}, {'x': -0.825, 'y': -21.617}, {'x': -0.583, 'y': -2.9176}, {'x': -0.342, 'y': 0.0606}, {'x': -0.1, 'y': 0.538}, {'x': 0.1, 'y': 0.3983}, {'x': 0.364, 'y': -0.0179}, {'x': 0.627, 'y': -0.5024}, {'x': 0.891, 'y': -0.9787}, {'x': 1.155, 'y': -1.4219}, {'x': 1.418, 'y': -1.8256}, {'x': 1.682, 'y': -2.1904}, {'x': 1.945, 'y': -2.5194}, {'x': 2.209, 'y': -2.8163}, {'x': 2.473, 'y': -3.0848}, {'x': 2.736, 'y': -3.3284}, {'x': 3.0, 'y': -3.55}]}","{'formula': 'Piecewise((-8*x**2/((x + 1)*(x + 2)), Eq((5*x - 1)**2, 0)), ((1 - 8*x**2)/((x + 1)*(x + 2)), True))', 'latex': '\\begin{cases} - \\frac{8 x^{2}}{\\left(x + 1\\right) \\left(x + 2\\right)} & \\text{for}\\: \\left(5 x - 1\\right)^{2} = 0 \\\\\\frac{1 - 8 x^{2}}{\\left(x + 1\\right) \\left(x + 2\\right)} & \\text{otherwise} \\end{cases}', 'properties': {'singularities': ['-2', '-1'], 'is_periodic': False, 'domain': 'analysis_timeout'}}",auto_v2
MCM_323_30f3ae47,"{'a': 3, 'b': 2, 'c': 3}","{'points': [{'x': -3.0, 'y': -9.3333}, {'x': -2.758, 'y': -14.1649}, {'x': -2.517, 'y': -24.8123}, {'x': -2.275, 'y': -58.8856}, {'x': -2.033, 'y': -678.75}, {'x': -1.792, 'y': 190.6286}, {'x': -1.55, 'y': 493.3333}, {'x': -1.308, 'y': -80.0838}, {'x': -1.067, 'y': -25.0549}, {'x': -0.825, 'y': -12.1671}, {'x': -0.583, 'y': -7.0588}, {'x': -0.342, 'y': -4.5204}, {'x': -0.1, 'y': -3.0827}, {'x': 0.1, 'y': -2.3214}, {'x': 0.364, 'y': -1.651}, {'x': 0.627, 'y': -1.2069}, {'x': 0.891, 'y': -0.8996}, {'x': 1.155, 'y': -0.6796}, {'x': 1.418, 'y': -0.5177}, {'x': 1.682, 'y': -0.3958}, {'x': 1.945, 'y': -0.3758}, {'x': 2.209, 'y': -0.2294}, {'x': 2.473, 'y': -0.2282}, {'x': 2.736, 'y': -0.1758}, {'x': 3.0, 'y': -0.1333}]}","{'formula': '(4*x + 2*floor(sin(exp(3*x - 4))) - 16)/((x + 2)*(2*x + 3))', 'latex': '\\frac{4 x + 2 \\left\\lfloor{\\sin{\\left(e^{3 x - 4} \\right)}}\\right\\rfloor - 16}{\\left(x + 2\\right) \\left(2 x + 3\\right)}', 'properties': {'singularities': ['-2', '-3/2'], 'is_periodic': False, 'domain': 'analysis_timeout'}}",auto_v2
MCM_323_82223194,"{'a': 3, 'b': 2, 'c': 3}","{'points': [{'x': -3.0, 'y': 4.7857}, {'x': -2.758, 'y': 5.2004}, {'x': -2.517, 'y': 6.4642}, {'x': -2.275, 'y': 1.5325}, {'x': -2.033, 'y': -4.5014}, {'x': -1.792, 'y': -11.2687}, {'x': -1.55, 'y': -18.3177}, {'x': -1.308, 'y': -24.7524}, {'x': -1.067, 'y': -20.8582}, {'x': -0.825, 'y': -49.2478}, {'x': -0.583, 'y': -53.3639}, {'x': -0.342, 'y': -59.9335}, {'x': -0.1, 'y': -68.2351}, {'x': 0.1, 'y': -79.6751}, {'x': 0.364, 'y': -142.8881}, {'x': 0.627, 'y': 67.2721}, {'x': 0.891, 'y': 4.3397}, {'x': 1.155, 'y': 3.0012}, {'x': 1.418, 'y': 14.0646}, {'x': 1.682, 'y': 32.628}, {'x': 1.945, 'y': 57.6881}, {'x': 2.209, 'y': 89.1328}, {'x': 2.473, 'y': 127.1455}, {'x': 2.736, 'y': 172.0307}, {'x': 3.0, 'y': 224.15}]}","{'formula': '(-2*x + (2*x + 2)*(-3*x**2 + 4*Abs(x + (x - 1)**2*(x + 3)**2)) + 1)/((x + 1)*(2*x - 1))', 'latex': '\\frac{- 2 x + \\left(2 x + 2\\right) \\left(- 3 x^{2} + 4 \\left|{x + \\left(x - 1\\right)^{2} \\left(x + 3\\right)^{2}}\\right|\\right) + 1}{\\left(x + 1\\right) \\left(2 x - 1\\right)}', 'properties': {'singularities': ['-1', '1/2'], 'is_periodic': False, 'domain': 'Union(Interval.open(-oo, -1), Interval.open(-1, 1/2), Interval.open(1/2, oo))'}}",auto_v2
