task_id,complexity_vector,prompt_data,ground_truth,source
MCM_000_def8ba9a,"{'a': 0, 'b': 0, 'c': 0}","{'points': [{'x': -3.0, 'y': 16.5}, {'x': -2.75, 'y': 13.4062}, {'x': -2.5, 'y': 10.625}, {'x': -2.25, 'y': 8.1562}, {'x': -2.0, 'y': 6.0}, {'x': -1.75, 'y': 4.1562}, {'x': -1.5, 'y': 2.625}, {'x': -1.25, 'y': 1.4062}, {'x': -1.0, 'y': 0.5}, {'x': -0.75, 'y': -0.0938}, {'x': -0.5, 'y': -0.375}, {'x': -0.25, 'y': -0.3438}, {'x': 0.0, 'y': 0.0}, {'x': 0.25, 'y': 0.6562}, {'x': 0.5, 'y': 1.625}, {'x': 0.75, 'y': 2.9062}, {'x': 1.0, 'y': 4.5}, {'x': 1.25, 'y': 6.4062}, {'x': 1.5, 'y': 8.625}, {'x': 1.75, 'y': 11.1562}, {'x': 2.0, 'y': 14.0}, {'x': 2.25, 'y': 17.1562}, {'x': 2.5, 'y': 20.625}, {'x': 2.75, 'y': 24.4062}, {'x': 3.0, 'y': 28.5}]}","{'formula': 'x*(5*x + 4)/2', 'latex': '\\frac{x \\left(5 x + 4\\right)}{2}', 'properties': {'singularities': [], 'is_periodic': False, 'domain': 'R'}}",integral_of_5*x + 2
MCM_000_acf0946c,"{'a': 0, 'b': 0, 'c': 0}","{'points': [{'x': -3.0, 'y': 16.5}, {'x': -2.75, 'y': 14.7812}, {'x': -2.5, 'y': 13.125}, {'x': -2.25, 'y': 11.5312}, {'x': -2.0, 'y': 10.0}, {'x': -1.75, 'y': 8.5312}, {'x': -1.5, 'y': 7.125}, {'x': -1.25, 'y': 5.7812}, {'x': -1.0, 'y': 4.5}, {'x': -0.75, 'y': 3.2812}, {'x': -0.5, 'y': 2.125}, {'x': -0.25, 'y': 1.0312}, {'x': 0.0, 'y': 0.0}, {'x': 0.25, 'y': -0.9688}, {'x': 0.5, 'y': -1.875}, {'x': 0.75, 'y': -2.7188}, {'x': 1.0, 'y': -3.5}, {'x': 1.25, 'y': -4.2188}, {'x': 1.5, 'y': -4.875}, {'x': 1.75, 'y': -5.4688}, {'x': 2.0, 'y': -6.0}, {'x': 2.25, 'y': -6.4688}, {'x': 2.5, 'y': -6.875}, {'x': 2.75, 'y': -7.2188}, {'x': 3.0, 'y': -7.5}]}","{'formula': 'x*(x - 8)/2', 'latex': '\\frac{x \\left(x - 8\\right)}{2}', 'properties': {'singularities': [], 'is_periodic': False, 'domain': 'R'}}",integral_of_x - 4
MCM_000_1dac6f18,"{'a': 0, 'b': 0, 'c': 0}","{'points': [{'x': -3.0, 'y': 54.0}, {'x': -2.75, 'y': 46.0625}, {'x': -2.5, 'y': 38.75}, {'x': -2.25, 'y': 32.0625}, {'x': -2.0, 'y': 26.0}, {'x': -1.75, 'y': 20.5625}, {'x': -1.5, 'y': 15.75}, {'x': -1.25, 'y': 11.5625}, {'x': -1.0, 'y': 8.0}, {'x': -0.75, 'y': 5.0625}, {'x': -0.5, 'y': 2.75}, {'x': -0.25, 'y': 1.0625}, {'x': 0.0, 'y': 0.0}, {'x': 0.25, 'y': -0.4375}, {'x': 0.5, 'y': -0.25}, {'x': 0.75, 'y': 0.5625}, {'x': 1.0, 'y': 2.0}, {'x': 1.25, 'y': 4.0625}, {'x': 1.5, 'y': 6.75}, {'x': 1.75, 'y': 10.0625}, {'x': 2.0, 'y': 14.0}, {'x': 2.25, 'y': 18.5625}, {'x': 2.5, 'y': 23.75}, {'x': 2.75, 'y': 29.5625}, {'x': 3.0, 'y': 36.0}]}","{'formula': 'x*(5*x - 3)', 'latex': 'x \\left(5 x - 3\\right)', 'properties': {'singularities': [], 'is_periodic': False, 'domain': 'R'}}",integral_of_10*x - 3
MCM_000_452d9d63,"{'a': 0, 'b': 0, 'c': 0}","{'points': [{'x': -3.0, 'y': -5.25}, {'x': -2.75, 'y': -4.6406}, {'x': -2.5, 'y': -4.0625}, {'x': -2.25, 'y': -3.5156}, {'x': -2.0, 'y': -3.0}, {'x': -1.75, 'y': -2.5156}, {'x': -1.5, 'y': -2.0625}, {'x': -1.25, 'y': -1.6406}, {'x': -1.0, 'y': -1.25}, {'x': -0.75, 'y': -0.8906}, {'x': -0.5, 'y': -0.5625}, {'x': -0.25, 'y': -0.2656}, {'x': 0.0, 'y': 0.0}, {'x': 0.25, 'y': 0.2344}, {'x': 0.5, 'y': 0.4375}, {'x': 0.75, 'y': 0.6094}, {'x': 1.0, 'y': 0.75}, {'x': 1.25, 'y': 0.8594}, {'x': 1.5, 'y': 0.9375}, {'x': 1.75, 'y': 0.9844}, {'x': 2.0, 'y': 1.0}, {'x': 2.25, 'y': 0.9844}, {'x': 2.5, 'y': 0.9375}, {'x': 2.75, 'y': 0.8594}, {'x': 3.0, 'y': 0.75}]}","{'formula': 'x*(1.0 - 0.25*x)', 'latex': 'x \\left(1.0 - 0.25 x\\right)', 'properties': {'singularities': [], 'is_periodic': False, 'domain': 'R'}}",integral_of_1 - 0.5*x
MCM_000_8660af29,"{'a': 0, 'b': 0, 'c': 0}","{'points': [{'x': -3.0, 'y': -9.0}, {'x': -2.75, 'y': -8.25}, {'x': -2.5, 'y': -7.5}, {'x': -2.25, 'y': -6.75}, {'x': -2.0, 'y': -6.0}, {'x': -1.75, 'y': -5.25}, {'x': -1.5, 'y': -4.5}, {'x': -1.25, 'y': -3.75}, {'x': -1.0, 'y': -3.0}, {'x': -0.75, 'y': -2.25}, {'x': -0.5, 'y': -1.5}, {'x': -0.25, 'y': -0.75}, {'x': 0.0, 'y': 0.0}, {'x': 0.25, 'y': 0.75}, {'x': 0.5, 'y': 1.5}, {'x': 0.75, 'y': 2.25}, {'x': 1.0, 'y': 3.0}, {'x': 1.25, 'y': 3.75}, {'x': 1.5, 'y': 4.5}, {'x': 1.75, 'y': 5.25}, {'x': 2.0, 'y': 6.0}, {'x': 2.25, 'y': 6.75}, {'x': 2.5, 'y': 7.5}, {'x': 2.75, 'y': 8.25}, {'x': 3.0, 'y': 9.0}]}","{'formula': '3*x', 'latex': '3 x', 'properties': {'singularities': [], 'is_periodic': False, 'domain': 'R'}}",integral_of_3
MCM_000_0a2ce1b8,"{'a': 0, 'b': 0, 'c': 0}","{'points': [{'x': -3.0, 'y': 4.5}, {'x': -2.75, 'y': 3.7812}, {'x': -2.5, 'y': 3.125}, {'x': -2.25, 'y': 2.5312}, {'x': -2.0, 'y': 2.0}, {'x': -1.75, 'y': 1.5312}, {'x': -1.5, 'y': 1.125}, {'x': -1.25, 'y': 0.7812}, {'x': -1.0, 'y': 0.5}, {'x': -0.75, 'y': 0.2812}, {'x': -0.5, 'y': 0.125}, {'x': -0.25, 'y': 0.0312}, {'x': 0.0, 'y': 0.0}, {'x': 0.25, 'y': 0.0312}, {'x': 0.5, 'y': 0.125}, {'x': 0.75, 'y': 0.2812}, {'x': 1.0, 'y': 0.5}, {'x': 1.25, 'y': 0.7812}, {'x': 1.5, 'y': 1.125}, {'x': 1.75, 'y': 1.5312}, {'x': 2.0, 'y': 2.0}, {'x': 2.25, 'y': 2.5312}, {'x': 2.5, 'y': 3.125}, {'x': 2.75, 'y': 3.7812}, {'x': 3.0, 'y': 4.5}]}","{'formula': 'x**2/2', 'latex': '\\frac{x^{2}}{2}', 'properties': {'singularities': [], 'is_periodic': False, 'domain': 'R'}}",integral_of_x
MCM_000_f7aaef93,"{'a': 0, 'b': 0, 'c': 0}","{'points': [{'x': -3.0, 'y': 1.5}, {'x': -2.75, 'y': 1.0312}, {'x': -2.5, 'y': 0.625}, {'x': -2.25, 'y': 0.2812}, {'x': -2.0, 'y': 0.0}, {'x': -1.75, 'y': -0.2188}, {'x': -1.5, 'y': -0.375}, {'x': -1.25, 'y': -0.4688}, {'x': -1.0, 'y': -0.5}, {'x': -0.75, 'y': -0.4688}, {'x': -0.5, 'y': -0.375}, {'x': -0.25, 'y': -0.2188}, {'x': 0.0, 'y': 0.0}, {'x': 0.25, 'y': 0.2812}, {'x': 0.5, 'y': 0.625}, {'x': 0.75, 'y': 1.0312}, {'x': 1.0, 'y': 1.5}, {'x': 1.25, 'y': 2.0312}, {'x': 1.5, 'y': 2.625}, {'x': 1.75, 'y': 3.2812}, {'x': 2.0, 'y': 4.0}, {'x': 2.25, 'y': 4.7812}, {'x': 2.5, 'y': 5.625}, {'x': 2.75, 'y': 6.5312}, {'x': 3.0, 'y': 7.5}]}","{'formula': 'x*(x + 2)/2', 'latex': '\\frac{x \\left(x + 2\\right)}{2}', 'properties': {'singularities': [], 'is_periodic': False, 'domain': 'R'}}",integral_of_x + 1
MCM_001_f9946cb5,"{'a': 0, 'b': 0, 'c': 1}","{'points': [{'x': -3.0, 'y': 0.99}, {'x': -2.75, 'y': 0.9243}, {'x': -2.5, 'y': 0.8011}, {'x': -2.25, 'y': 0.6282}, {'x': -2.0, 'y': 0.4161}, {'x': -1.75, 'y': 0.1782}, {'x': -1.5, 'y': -0.0707}, {'x': -1.25, 'y': -0.3153}, {'x': -1.0, 'y': -0.5403}, {'x': -0.75, 'y': -0.7317}, {'x': -0.5, 'y': -0.8776}, {'x': -0.25, 'y': -0.9689}, {'x': 0.0, 'y': -1.0}, {'x': 0.25, 'y': -0.9689}, {'x': 0.5, 'y': -0.8776}, {'x': 0.75, 'y': -0.7317}, {'x': 1.0, 'y': -0.5403}, {'x': 1.25, 'y': -0.3153}, {'x': 1.5, 'y': -0.0707}, {'x': 1.75, 'y': 0.1782}, {'x': 2.0, 'y': 0.4161}, {'x': 2.25, 'y': 0.6282}, {'x': 2.5, 'y': 0.8011}, {'x': 2.75, 'y': 0.9243}, {'x': 3.0, 'y': 0.99}]}","{'formula': '-cos(x)', 'latex': '- \\cos{\\left(x \\right)}', 'properties': {'singularities': [], 'is_periodic': False, 'domain': 'R'}}",integral_of_sin(x)
MCM_001_45ca7661,"{'a': 0, 'b': 0, 'c': 1}","{'points': [{'x': -3.0, 'y': -0.4801}, {'x': -2.75, 'y': -0.3543}, {'x': -2.5, 'y': -0.1418}, {'x': -2.25, 'y': 0.1054}, {'x': -2.0, 'y': 0.3268}, {'x': -1.75, 'y': 0.4682}, {'x': -1.5, 'y': 0.495}, {'x': -1.25, 'y': 0.4006}, {'x': -1.0, 'y': 0.2081}, {'x': -0.75, 'y': -0.0354}, {'x': -0.5, 'y': -0.2702}, {'x': -0.25, 'y': -0.4388}, {'x': 0.0, 'y': -0.5}, {'x': 0.25, 'y': -0.4388}, {'x': 0.5, 'y': -0.2702}, {'x': 0.75, 'y': -0.0354}, {'x': 1.0, 'y': 0.2081}, {'x': 1.25, 'y': 0.4006}, {'x': 1.5, 'y': 0.495}, {'x': 1.75, 'y': 0.4682}, {'x': 2.0, 'y': 0.3268}, {'x': 2.25, 'y': 0.1054}, {'x': 2.5, 'y': -0.1418}, {'x': 2.75, 'y': -0.3543}, {'x': 3.0, 'y': -0.4801}]}","{'formula': '-cos(2*x)/2', 'latex': '- \\frac{\\cos{\\left(2 x \\right)}}{2}', 'properties': {'singularities': [], 'is_periodic': False, 'domain': 'R'}}",integral_of_sin(2*x)
MCM_001_f3039e3b,"{'a': 0, 'b': 0, 'c': 1}","{'points': [{'x': -3.0, 'y': 0.1397}, {'x': -2.75, 'y': 0.3528}, {'x': -2.5, 'y': 0.4795}, {'x': -2.25, 'y': 0.4888}, {'x': -2.0, 'y': 0.3784}, {'x': -1.75, 'y': 0.1754}, {'x': -1.5, 'y': -0.0706}, {'x': -1.25, 'y': -0.2992}, {'x': -1.0, 'y': -0.4546}, {'x': -0.75, 'y': -0.4987}, {'x': -0.5, 'y': -0.4207}, {'x': -0.25, 'y': -0.2397}, {'x': 0.0, 'y': 0.0}, {'x': 0.25, 'y': 0.2397}, {'x': 0.5, 'y': 0.4207}, {'x': 0.75, 'y': 0.4987}, {'x': 1.0, 'y': 0.4546}, {'x': 1.25, 'y': 0.2992}, {'x': 1.5, 'y': 0.0706}, {'x': 1.75, 'y': -0.1754}, {'x': 2.0, 'y': -0.3784}, {'x': 2.25, 'y': -0.4888}, {'x': 2.5, 'y': -0.4795}, {'x': 2.75, 'y': -0.3528}, {'x': 3.0, 'y': -0.1397}]}","{'formula': 'sin(2*x)/2', 'latex': '\\frac{\\sin{\\left(2 x \\right)}}{2}', 'properties': {'singularities': [], 'is_periodic': False, 'domain': 'R'}}",integral_of_cos(2*x)
MCM_001_338e9762,"{'a': 0, 'b': 0, 'c': 1}","{'points': [{'x': -3.0, 'y': 0.4161}, {'x': -2.75, 'y': 0.1782}, {'x': -2.5, 'y': -0.0707}, {'x': -2.25, 'y': -0.3153}, {'x': -2.0, 'y': -0.5403}, {'x': -1.75, 'y': -0.7317}, {'x': -1.5, 'y': -0.8776}, {'x': -1.25, 'y': -0.9689}, {'x': -1.0, 'y': -1.0}, {'x': -0.75, 'y': -0.9689}, {'x': -0.5, 'y': -0.8776}, {'x': -0.25, 'y': -0.7317}, {'x': 0.0, 'y': -0.5403}, {'x': 0.25, 'y': -0.3153}, {'x': 0.5, 'y': -0.0707}, {'x': 0.75, 'y': 0.1782}, {'x': 1.0, 'y': 0.4161}, {'x': 1.25, 'y': 0.6282}, {'x': 1.5, 'y': 0.8011}, {'x': 1.75, 'y': 0.9243}, {'x': 2.0, 'y': 0.99}, {'x': 2.25, 'y': 0.9941}, {'x': 2.5, 'y': 0.9365}, {'x': 2.75, 'y': 0.8206}, {'x': 3.0, 'y': 0.6536}]}","{'formula': '-cos(x + 1)', 'latex': '- \\cos{\\left(x + 1 \\right)}', 'properties': {'singularities': [], 'is_periodic': False, 'domain': 'R'}}",integral_of_sin(x + 1)
MCM_003_8665c7a1,"{'a': 0, 'b': 0, 'c': 3}","{'points': [{'x': -3.0, 'y': -312.4286}, {'x': -2.75, 'y': -169.9146}, {'x': -2.5, 'y': -87.1931}, {'x': -2.25, 'y': -41.7042}, {'x': -2.0, 'y': -18.2857}, {'x': -1.75, 'y': -7.1807}, {'x': -1.5, 'y': -2.4408}, {'x': -1.25, 'y': -0.6812}, {'x': -1.0, 'y': -0.1429}, {'x': -0.75, 'y': -0.0191}, {'x': -0.5, 'y': -0.0011}, {'x': -0.25, 'y': -0.0}, {'x': 0.0, 'y': 0.0}, {'x': 0.25, 'y': 0.0}, {'x': 0.5, 'y': 0.0011}, {'x': 0.75, 'y': 0.0191}, {'x': 1.0, 'y': 0.1429}, {'x': 1.25, 'y': 0.6812}, {'x': 1.5, 'y': 2.4408}, {'x': 1.75, 'y': 7.1807}, {'x': 2.0, 'y': 18.2857}, {'x': 2.25, 'y': 41.7042}, {'x': 2.5, 'y': 87.1931}, {'x': 2.75, 'y': 169.9146}, {'x': 3.0, 'y': 312.4286}]}","{'formula': 'x**7/7', 'latex': '\\frac{x^{7}}{7}', 'properties': {'singularities': [], 'is_periodic': False, 'domain': 'R'}}",integral_of_x**6
MCM_003_befe1bf9,"{'a': 0, 'b': 0, 'c': 3}","{'points': [{'x': -3.0, 'y': -20.0855}, {'x': -2.75, 'y': -13.6873}, {'x': -2.5, 'y': -9.1369}, {'x': -2.25, 'y': -5.9298}, {'x': -2.0, 'y': -3.6945}, {'x': -1.75, 'y': -2.158}, {'x': -1.5, 'y': -1.1204}, {'x': -1.25, 'y': -0.4363}, {'x': -1.0, 'y': 0.0}, {'x': -0.75, 'y': 0.2646}, {'x': -0.5, 'y': 0.4122}, {'x': -0.25, 'y': 0.4815}, {'x': 0.0, 'y': 0.5}, {'x': 0.25, 'y': 0.4815}, {'x': 0.5, 'y': 0.4122}, {'x': 0.75, 'y': 0.2646}, {'x': 1.0, 'y': 0.0}, {'x': 1.25, 'y': -0.4363}, {'x': 1.5, 'y': -1.1204}, {'x': 1.75, 'y': -2.158}, {'x': 2.0, 'y': -3.6945}, {'x': 2.25, 'y': -5.9298}, {'x': 2.5, 'y': -9.1369}, {'x': 2.75, 'y': -13.6873}, {'x': 3.0, 'y': -20.0855}]}","{'formula': 'Piecewise(((0.5*x + 0.5)*exp(-x), x <= 0), ((0.5 - 0.5*x)*exp(x), True))', 'latex': '\\begin{cases} \\left(0.5 x + 0.5\\right) e^{- x} & \\text{for}\\: x \\leq 0 \\\\\\left(0.5 - 0.5 x\\right) e^{x} & \\text{otherwise} \\end{cases}', 'properties': {'singularities': [], 'is_periodic': False, 'domain': 'R'}}",integral_of_-0.5*x*exp(Abs(x))
MCM_003_4b60db83,"{'a': 0, 'b': 0, 'c': 3}","{'points': [{'x': -3.0, 'y': 119.4115}, {'x': -2.75, 'y': 70.2818}, {'x': -2.5, 'y': 39.1681}, {'x': -2.25, 'y': 20.379}, {'x': -2.0, 'y': 9.6923}, {'x': -1.75, 'y': 4.0771}, {'x': -1.5, 'y': 1.4439}, {'x': -1.25, 'y': 0.4237}, {'x': -1.0, 'y': 0.1667}, {'x': -0.75, 'y': 0.2417}, {'x': -0.5, 'y': 0.4571}, {'x': -0.25, 'y': 0.7101}, {'x': 0.0, 'y': 0.9743}, {'x': 0.25, 'y': 1.2454}, {'x': 0.5, 'y': 1.5246}, {'x': 0.75, 'y': 1.8329}, {'x': 1.0, 'y': 2.2552}, {'x': 1.25, 'y': 3.0132}, {'x': 1.5, 'y': 4.568}, {'x': 1.75, 'y': 7.7518}, {'x': 2.0, 'y': 13.9291}, {'x': 2.25, 'y': 25.1871}, {'x': 2.5, 'y': 44.5554}, {'x': 2.75, 'y': 76.2551}, {'x': 3.0, 'y': 125.9769}]}","{'formula': 'Piecewise((x**6/6 - 0.974339511396627*(-x - 1)**1.1, x <= -1), (x**6/6 + 0.974339511396627*(x + 1)**1.1, True))', 'latex': '\\begin{cases} \\frac{x^{6}}{6} - 0.974339511396627 \\left(- x - 1\\right)^{1.1} & \\text{for}\\: x \\leq -1 \\\\\\frac{x^{6}}{6} + 0.974339511396627 \\left(x + 1\\right)^{1.1} & \\text{otherwise} \\end{cases}', 'properties': {'singularities': [], 'is_periodic': False, 'domain': 'R'}}",integral_of_x**5 + 1.07177346253629*Abs(x + 1)**0.1
MCM_010_9c58f8cd,"{'a': 0, 'b': 1, 'c': 0}","{'points': [{'x': -3.0, 'y': -4.6411}, {'x': -2.75, 'y': -4.1629}, {'x': -2.5, 'y': -3.7235}, {'x': -2.25, 'y': -3.3093}, {'x': -2.0, 'y': -2.9093}, {'x': -1.75, 'y': -2.5152}, {'x': -1.5, 'y': -2.1225}, {'x': -1.25, 'y': -1.7302}, {'x': -1.0, 'y': -1.3415}, {'x': -0.75, 'y': -0.9629}, {'x': -0.5, 'y': -0.6044}, {'x': -0.25, 'y': -0.2787}, {'x': 0.0, 'y': 0.0}, {'x': 0.25, 'y': 0.2162}, {'x': 0.5, 'y': 0.3544}, {'x': 0.75, 'y': 0.4004}, {'x': 1.0, 'y': 0.3415}, {'x': 1.25, 'y': 0.1677}, {'x': 1.5, 'y': -0.1275}, {'x': 1.75, 'y': -0.5473}, {'x': 2.0, 'y': -1.0907}, {'x': 2.25, 'y': -1.7532}, {'x': 2.5, 'y': -2.5265}, {'x': 2.75, 'y': -3.3996}, {'x': 3.0, 'y': -4.3589}]}","{'formula': '-x**2/2 + sin(x)', 'latex': '- \\frac{x^{2}}{2} + \\sin{\\left(x \\right)}', 'properties': {'singularities': [], 'is_periodic': False, 'domain': 'R'}}",integral_of_-x + cos(x)
MCM_010_d902c378,"{'a': 0, 'b': 1, 'c': 0}","{'points': [{'x': -3.0, 'y': 0.8489}, {'x': -2.75, 'y': 0.5426}, {'x': -2.5, 'y': 0.2027}, {'x': -2.25, 'y': -0.1499}, {'x': -2.0, 'y': -0.4932}, {'x': -1.75, 'y': -0.8057}, {'x': -1.5, 'y': -1.0682}, {'x': -1.25, 'y': -1.2643}, {'x': -1.0, 'y': -1.3818}, {'x': -0.75, 'y': -1.4133}, {'x': -0.5, 'y': -1.357}, {'x': -0.25, 'y': -1.2163}, {'x': 0.0, 'y': -1.0}, {'x': 0.25, 'y': -0.7215}, {'x': 0.5, 'y': -0.3982}, {'x': 0.75, 'y': -0.0501}, {'x': 1.0, 'y': 0.3012}, {'x': 1.25, 'y': 0.6337}, {'x': 1.5, 'y': 0.9268}, {'x': 1.75, 'y': 1.1622}, {'x': 2.0, 'y': 1.3254}, {'x': 2.25, 'y': 1.4062}, {'x': 2.5, 'y': 1.3996}, {'x': 2.75, 'y': 1.306}, {'x': 3.0, 'y': 1.1311}]}","{'formula': 'sin(x) - cos(x)', 'latex': '\\sin{\\left(x \\right)} - \\cos{\\left(x \\right)}', 'properties': {'singularities': [], 'is_periodic': False, 'domain': 'R'}}",integral_of_sin(x) + cos(x)
MCM_010_7d76952d,"{'a': 0, 'b': 1, 'c': 0}","{'points': [{'x': -3.0, 'y': 0.1803}, {'x': -2.75, 'y': 0.2145}, {'x': -2.5, 'y': 0.255}, {'x': -2.25, 'y': 0.3033}, {'x': -2.0, 'y': 0.3607}, {'x': -1.75, 'y': 0.4289}, {'x': -1.5, 'y': 0.5101}, {'x': -1.25, 'y': 0.6066}, {'x': -1.0, 'y': 0.7213}, {'x': -0.75, 'y': 0.8578}, {'x': -0.5, 'y': 1.0201}, {'x': -0.25, 'y': 1.2132}, {'x': 0.0, 'y': 1.4427}, {'x': 0.25, 'y': 1.7157}, {'x': 0.5, 'y': 2.0403}, {'x': 0.75, 'y': 2.4263}, {'x': 1.0, 'y': 2.8854}, {'x': 1.25, 'y': 3.4313}, {'x': 1.5, 'y': 4.0806}, {'x': 1.75, 'y': 4.8526}, {'x': 2.0, 'y': 5.7708}, {'x': 2.25, 'y': 6.8627}, {'x': 2.5, 'y': 8.1611}, {'x': 2.75, 'y': 9.7053}, {'x': 3.0, 'y': 11.5416}]}","{'formula': '2**x/log(2)', 'latex': '\\frac{2^{x}}{\\log{\\left(2 \\right)}}', 'properties': {'singularities': [], 'is_periodic': False, 'domain': 'R'}}",integral_of_2**x
MCM_010_3902564e,"{'a': 0, 'b': 1, 'c': 0}","{'points': [{'x': -3.0, 'y': 0.0337}, {'x': -2.75, 'y': 0.0444}, {'x': -2.5, 'y': 0.0584}, {'x': -2.25, 'y': 0.0768}, {'x': -2.0, 'y': 0.1011}, {'x': -1.75, 'y': 0.1331}, {'x': -1.5, 'y': 0.1752}, {'x': -1.25, 'y': 0.2305}, {'x': -1.0, 'y': 0.3034}, {'x': -0.75, 'y': 0.3993}, {'x': -0.5, 'y': 0.5255}, {'x': -0.25, 'y': 0.6916}, {'x': 0.0, 'y': 0.9102}, {'x': 0.25, 'y': 1.1979}, {'x': 0.5, 'y': 1.5766}, {'x': 0.75, 'y': 2.0749}, {'x': 1.0, 'y': 2.7307}, {'x': 1.25, 'y': 3.5938}, {'x': 1.5, 'y': 4.7297}, {'x': 1.75, 'y': 6.2247}, {'x': 2.0, 'y': 8.1922}, {'x': 2.25, 'y': 10.7815}, {'x': 2.5, 'y': 14.1892}, {'x': 2.75, 'y': 18.6741}, {'x': 3.0, 'y': 24.5765}]}","{'formula': '3**x/log(3)', 'latex': '\\frac{3^{x}}{\\log{\\left(3 \\right)}}', 'properties': {'singularities': [], 'is_periodic': False, 'domain': 'R'}}",integral_of_3**x
MCM_010_edf3942c,"{'a': 0, 'b': 1, 'c': 0}","{'points': [{'x': -3.0, 'y': -11.5416}, {'x': -2.75, 'y': -9.7053}, {'x': -2.5, 'y': -8.1611}, {'x': -2.25, 'y': -6.8627}, {'x': -2.0, 'y': -5.7708}, {'x': -1.75, 'y': -4.8526}, {'x': -1.5, 'y': -4.0806}, {'x': -1.25, 'y': -3.4313}, {'x': -1.0, 'y': -2.8854}, {'x': -0.75, 'y': -2.4263}, {'x': -0.5, 'y': -2.0403}, {'x': -0.25, 'y': -1.7157}, {'x': 0.0, 'y': -1.4427}, {'x': 0.25, 'y': -1.2132}, {'x': 0.5, 'y': -1.0201}, {'x': 0.75, 'y': -0.8578}, {'x': 1.0, 'y': -0.7213}, {'x': 1.25, 'y': -0.6066}, {'x': 1.5, 'y': -0.5101}, {'x': 1.75, 'y': -0.4289}, {'x': 2.0, 'y': -0.3607}, {'x': 2.25, 'y': -0.3033}, {'x': 2.5, 'y': -0.255}, {'x': 2.75, 'y': -0.2145}, {'x': 3.0, 'y': -0.1803}]}","{'formula': '-1.44269504088896*0.5**x', 'latex': '- 1.44269504088896 {0.5}^{x}', 'properties': {'singularities': [], 'is_periodic': False, 'domain': 'R'}}",integral_of_0.5**x
MCM_011_b729ae5d,"{'a': 0, 'b': 1, 'c': 1}","{'points': [{'x': -3.0, 'y': 7.186}, {'x': -2.75, 'y': 7.3564}, {'x': -2.5, 'y': 7.5303}, {'x': -2.25, 'y': 7.7077}, {'x': -2.0, 'y': 7.8885}, {'x': -1.75, 'y': 8.0728}, {'x': -1.5, 'y': 8.2606}, {'x': -1.25, 'y': 8.4519}, {'x': -1.0, 'y': 8.6468}, {'x': -0.75, 'y': 8.8451}, {'x': -0.5, 'y': 9.0469}, {'x': -0.25, 'y': 9.2522}, {'x': 0.0, 'y': 9.4608}, {'x': 0.25, 'y': 9.6729}, {'x': 0.5, 'y': 9.8883}, {'x': 0.75, 'y': 10.1069}, {'x': 1.0, 'y': 10.3287}, {'x': 1.25, 'y': 10.5536}, {'x': 1.5, 'y': 10.7815}, {'x': 1.75, 'y': 11.0123}, {'x': 2.0, 'y': 11.2459}, {'x': 2.25, 'y': 11.4821}, {'x': 2.5, 'y': 11.7207}, {'x': 2.75, 'y': 11.9616}, {'x': 3.0, 'y': 12.2046}]}","{'formula': '10.0*Si(exp(0.1*x))', 'latex': '10.0 \\operatorname{Si}{\\left(e^{0.1 x} \\right)}', 'properties': {'singularities': [], 'is_periodic': False, 'domain': 'R'}}",integral_of_sin(exp(0.1*x))
MCM_011_6136863e,"{'a': 0, 'b': 1, 'c': 1}","{'points': [{'x': -3.0, 'y': 0.6536}, {'x': -2.75, 'y': 0.8206}, {'x': -2.5, 'y': 0.9365}, {'x': -2.25, 'y': 0.9941}, {'x': -2.0, 'y': 0.99}, {'x': -1.75, 'y': 0.9243}, {'x': -1.5, 'y': 0.8011}, {'x': -1.25, 'y': 0.6282}, {'x': -1.0, 'y': 0.4161}, {'x': -0.75, 'y': 0.1782}, {'x': -0.5, 'y': -0.0707}, {'x': -0.25, 'y': -0.3153}, {'x': 0.0, 'y': -0.5403}, {'x': 0.25, 'y': -0.7317}, {'x': 0.5, 'y': -0.8776}, {'x': 0.75, 'y': -0.9689}, {'x': 1.0, 'y': -1.0}, {'x': 1.25, 'y': -0.9689}, {'x': 1.5, 'y': -0.8776}, {'x': 1.75, 'y': -0.7317}, {'x': 2.0, 'y': -0.5403}, {'x': 2.25, 'y': -0.3153}, {'x': 2.5, 'y': -0.0707}, {'x': 2.75, 'y': 0.1782}, {'x': 3.0, 'y': 0.4161}]}","{'formula': '-cos(x - 1)', 'latex': '- \\cos{\\left(x - 1 \\right)}', 'properties': {'singularities': [], 'is_periodic': False, 'domain': 'R'}}",integral_of_sin(x - 1)
MCM_011_7a0d8608,"{'a': 0, 'b': 1, 'c': 1}","{'points': [{'x': -3.0, 'y': 0.0498}, {'x': -2.75, 'y': 0.0639}, {'x': -2.5, 'y': 0.0821}, {'x': -2.25, 'y': 0.1053}, {'x': -2.0, 'y': 0.1352}, {'x': -1.75, 'y': 0.1735}, {'x': -1.5, 'y': 0.2225}, {'x': -1.25, 'y': 0.2852}, {'x': -1.0, 'y': 0.3651}, {'x': -0.75, 'y': 0.4666}, {'x': -0.5, 'y': 0.5943}, {'x': -0.25, 'y': 0.753}, {'x': 0.0, 'y': 0.9461}, {'x': 0.25, 'y': 1.1721}, {'x': 0.5, 'y': 1.4191}, {'x': 0.75, 'y': 1.6556}, {'x': 1.0, 'y': 1.821}, {'x': 1.25, 'y': 1.8341}, {'x': 1.5, 'y': 1.6581}, {'x': 1.75, 'y': 1.4412}, {'x': 2.0, 'y': 1.497}, {'x': 2.25, 'y': 1.6746}, {'x': 2.5, 'y': 1.4981}, {'x': 2.75, 'y': 1.6338}, {'x': 3.0, 'y': 1.5522}]}","{'formula': 'Si(exp(x))', 'latex': '\\operatorname{Si}{\\left(e^{x} \\right)}', 'properties': {'singularities': [], 'is_periodic': False, 'domain': 'R'}}",integral_of_sin(exp(x))
MCM_011_25a808a7,"{'a': 0, 'b': 1, 'c': 1}","{'points': [{'x': -3.0, 'y': -2.4234}, {'x': -2.75, 'y': -2.1738}, {'x': -2.5, 'y': -1.9245}, {'x': -2.25, 'y': -1.6756}, {'x': -2.0, 'y': -1.4274}, {'x': -1.75, 'y': -1.1803}, {'x': -1.5, 'y': -0.9352}, {'x': -1.25, 'y': -0.6932}, {'x': -1.0, 'y': -0.4564}, {'x': -0.75, 'y': -0.2281}, {'x': -0.5, 'y': -0.0134}, {'x': -0.25, 'y': 0.1794}, {'x': 0.0, 'y': 0.3374}, {'x': 0.25, 'y': 0.4423}, {'x': 0.5, 'y': 0.4701}, {'x': 0.75, 'y': 0.3964}, {'x': 1.0, 'y': 0.214}, {'x': 1.25, 'y': -0.0295}, {'x': 1.5, 'y': -0.1926}, {'x': 1.75, 'y': -0.1063}, {'x': 2.0, 'y': 0.1097}, {'x': 2.25, 'y': 0.004}, {'x': 2.5, 'y': -0.0364}, {'x': 2.75, 'y': 0.0081}, {'x': 3.0, 'y': 0.046}]}","{'formula': 'Ci(exp(x))', 'latex': '\\operatorname{Ci}{\\left(e^{x} \\right)}', 'properties': {'singularities': [], 'is_periodic': False, 'domain': 'R'}}",integral_of_cos(exp(x))
MCM_011_a47ec17d,"{'a': 0, 'b': 1, 'c': 1}","{'points': [{'x': -3.0, 'y': 0.1802}, {'x': -2.75, 'y': 0.2142}, {'x': -2.5, 'y': 0.2546}, {'x': -2.25, 'y': 0.3025}, {'x': -2.0, 'y': 0.3594}, {'x': -1.75, 'y': 0.4268}, {'x': -1.5, 'y': 0.5065}, {'x': -1.25, 'y': 0.6007}, {'x': -1.0, 'y': 0.7114}, {'x': -0.75, 'y': 0.8412}, {'x': -0.5, 'y': 0.9922}, {'x': -0.25, 'y': 1.1665}, {'x': 0.0, 'y': 1.3649}, {'x': 0.25, 'y': 1.5865}, {'x': 0.5, 'y': 1.8267}, {'x': 0.75, 'y': 2.0759}, {'x': 1.0, 'y': 2.3161}, {'x': 1.25, 'y': 2.5194}, {'x': 1.5, 'y': 2.6478}, {'x': 1.75, 'y': 2.661}, {'x': 2.0, 'y': 2.5366}, {'x': 2.25, 'y': 2.3069}, {'x': 2.5, 'y': 2.0927}, {'x': 2.75, 'y': 2.0672}, {'x': 3.0, 'y': 2.2711}]}","{'formula': 'Si(2**x)/log(2)', 'latex': '\\frac{\\operatorname{Si}{\\left(2^{x} \\right)}}{\\log{\\left(2 \\right)}}', 'properties': {'singularities': [], 'is_periodic': False, 'domain': 'R'}}",integral_of_sin(2**x)
MCM_011_3f9df4ef,"{'a': 0, 'b': 1, 'c': 1}","{'points': [{'x': -3.0, 'y': -2.1729}, {'x': -2.75, 'y': -1.9252}, {'x': -2.5, 'y': -1.6785}, {'x': -2.25, 'y': -1.4332}, {'x': -2.0, 'y': -1.1897}, {'x': -1.75, 'y': -0.949}, {'x': -1.5, 'y': -0.7121}, {'x': -1.25, 'y': -0.4805}, {'x': -1.0, 'y': -0.2565}, {'x': -0.75, 'y': -0.0429}, {'x': -0.5, 'y': 0.1561}, {'x': -0.25, 'y': 0.3351}, {'x': 0.0, 'y': 0.4868}, {'x': 0.25, 'y': 0.6018}, {'x': 0.5, 'y': 0.6689}, {'x': 0.75, 'y': 0.6756}, {'x': 1.0, 'y': 0.6102}, {'x': 1.25, 'y': 0.4673}, {'x': 1.5, 'y': 0.2552}, {'x': 1.75, 'y': 0.0086}, {'x': 2.0, 'y': -0.2034}, {'x': 2.25, 'y': -0.2859}, {'x': 2.5, 'y': -0.1741}, {'x': 2.75, 'y': 0.0628}, {'x': 3.0, 'y': 0.1766}]}","{'formula': 'Ci(2**x)/log(2)', 'latex': '\\frac{\\operatorname{Ci}{\\left(2^{x} \\right)}}{\\log{\\left(2 \\right)}}', 'properties': {'singularities': [], 'is_periodic': False, 'domain': 'R'}}",integral_of_cos(2**x)
MCM_011_182cca1a,"{'a': 0, 'b': 1, 'c': 1}","{'points': [{'x': -3.0, 'y': 0.0337}, {'x': -2.75, 'y': 0.0444}, {'x': -2.5, 'y': 0.0584}, {'x': -2.25, 'y': 0.0768}, {'x': -2.0, 'y': 0.1011}, {'x': -1.75, 'y': 0.1329}, {'x': -1.5, 'y': 0.1748}, {'x': -1.25, 'y': 0.2297}, {'x': -1.0, 'y': 0.3015}, {'x': -0.75, 'y': 0.3951}, {'x': -0.5, 'y': 0.5159}, {'x': -0.25, 'y': 0.6698}, {'x': 0.0, 'y': 0.8612}, {'x': 0.25, 'y': 1.0885}, {'x': 0.5, 'y': 1.3363}, {'x': 0.75, 'y': 1.5615}, {'x': 1.0, 'y': 1.6827}, {'x': 1.25, 'y': 1.6092}, {'x': 1.5, 'y': 1.3784}, {'x': 1.75, 'y': 1.3114}, {'x': 2.0, 'y': 1.5156}, {'x': 2.25, 'y': 1.377}, {'x': 2.5, 'y': 1.4869}, {'x': 2.75, 'y': 1.4319}, {'x': 3.0, 'y': 1.4384}]}","{'formula': 'Si(3**x)/log(3)', 'latex': '\\frac{\\operatorname{Si}{\\left(3^{x} \\right)}}{\\log{\\left(3 \\right)}}', 'properties': {'singularities': [], 'is_periodic': False, 'domain': 'R'}}",integral_of_sin(3**x)
MCM_011_060b9f57,"{'a': 0, 'b': 1, 'c': 1}","{'points': [{'x': -3.0, 'y': -2.4749}, {'x': -2.75, 'y': -2.2251}, {'x': -2.5, 'y': -1.9755}, {'x': -2.25, 'y': -1.7262}, {'x': -2.0, 'y': -1.4774}, {'x': -1.75, 'y': -1.2295}, {'x': -1.5, 'y': -0.983}, {'x': -1.25, 'y': -0.7392}, {'x': -1.0, 'y': -0.4998}, {'x': -0.75, 'y': -0.268}, {'x': -0.5, 'y': -0.0494}, {'x': -0.25, 'y': 0.1471}, {'x': 0.0, 'y': 0.3071}, {'x': 0.25, 'y': 0.4086}, {'x': 0.5, 'y': 0.4226}, {'x': 0.75, 'y': 0.3214}, {'x': 1.0, 'y': 0.1089}, {'x': 1.25, 'y': -0.1203}, {'x': 1.5, 'y': -0.1598}, {'x': 1.75, 'y': 0.0527}, {'x': 2.0, 'y': 0.0504}, {'x': 2.25, 'y': -0.0548}, {'x': 2.5, 'y': 0.0105}, {'x': 2.75, 'y': 0.0442}, {'x': 3.0, 'y': 0.0325}]}","{'formula': 'Ci(3**x)/log(3)', 'latex': '\\frac{\\operatorname{Ci}{\\left(3^{x} \\right)}}{\\log{\\left(3 \\right)}}', 'properties': {'singularities': [], 'is_periodic': False, 'domain': 'R'}}",integral_of_cos(3**x)
MCM_011_16ddceff,"{'a': 0, 'b': 1, 'c': 1}","{'points': [{'x': -3.0, 'y': -2.2711}, {'x': -2.75, 'y': -2.0672}, {'x': -2.5, 'y': -2.0927}, {'x': -2.25, 'y': -2.3069}, {'x': -2.0, 'y': -2.5366}, {'x': -1.75, 'y': -2.661}, {'x': -1.5, 'y': -2.6478}, {'x': -1.25, 'y': -2.5194}, {'x': -1.0, 'y': -2.3161}, {'x': -0.75, 'y': -2.0759}, {'x': -0.5, 'y': -1.8267}, {'x': -0.25, 'y': -1.5865}, {'x': 0.0, 'y': -1.3649}, {'x': 0.25, 'y': -1.1665}, {'x': 0.5, 'y': -0.9922}, {'x': 0.75, 'y': -0.8412}, {'x': 1.0, 'y': -0.7114}, {'x': 1.25, 'y': -0.6007}, {'x': 1.5, 'y': -0.5065}, {'x': 1.75, 'y': -0.4268}, {'x': 2.0, 'y': -0.3594}, {'x': 2.25, 'y': -0.3025}, {'x': 2.5, 'y': -0.2546}, {'x': 2.75, 'y': -0.2142}, {'x': 3.0, 'y': -0.1802}]}","{'formula': '-1.44269504088896*Si(0.5**x)', 'latex': '- 1.44269504088896 \\operatorname{Si}{\\left({0.5}^{x} \\right)}', 'properties': {'singularities': [], 'is_periodic': False, 'domain': 'R'}}",integral_of_sin(0.5**x)
MCM_011_d40da8d0,"{'a': 0, 'b': 1, 'c': 1}","{'points': [{'x': -3.0, 'y': -0.1766}, {'x': -2.75, 'y': -0.0628}, {'x': -2.5, 'y': 0.1741}, {'x': -2.25, 'y': 0.2859}, {'x': -2.0, 'y': 0.2034}, {'x': -1.75, 'y': -0.0086}, {'x': -1.5, 'y': -0.2552}, {'x': -1.25, 'y': -0.4673}, {'x': -1.0, 'y': -0.6102}, {'x': -0.75, 'y': -0.6756}, {'x': -0.5, 'y': -0.6689}, {'x': -0.25, 'y': -0.6018}, {'x': 0.0, 'y': -0.4868}, {'x': 0.25, 'y': -0.3351}, {'x': 0.5, 'y': -0.1561}, {'x': 0.75, 'y': 0.0429}, {'x': 1.0, 'y': 0.2565}, {'x': 1.25, 'y': 0.4805}, {'x': 1.5, 'y': 0.7121}, {'x': 1.75, 'y': 0.949}, {'x': 2.0, 'y': 1.1897}, {'x': 2.25, 'y': 1.4332}, {'x': 2.5, 'y': 1.6785}, {'x': 2.75, 'y': 1.9252}, {'x': 3.0, 'y': 2.1729}]}","{'formula': '-1.44269504088896*Ci(0.5**x)', 'latex': '- 1.44269504088896 \\operatorname{Ci}{\\left({0.5}^{x} \\right)}', 'properties': {'singularities': [], 'is_periodic': False, 'domain': 'R'}}",integral_of_cos(0.5**x)
MCM_012_f751b347,"{'a': 0, 'b': 1, 'c': 2}","{'points': [{'x': -3.0, 'y': -0.8904}, {'x': -2.75, 'y': -0.9535}, {'x': -2.5, 'y': -1.0241}, {'x': -2.25, 'y': -1.1038}, {'x': -2.0, 'y': -1.1948}, {'x': -1.75, 'y': -1.2999}, {'x': -1.5, 'y': -1.4233}, {'x': -1.25, 'y': -1.5715}, {'x': -1.0, 'y': -1.7546}, {'x': -0.75, 'y': -1.9909}, {'x': -0.5, 'y': -2.3184}, {'x': -0.25, 'y': -2.8381}, {'x': 0.0, 'y': -4.0785}, {'x': 0.25, 'y': -3.6437}, {'x': 0.5, 'y': -2.6274}, {'x': 0.75, 'y': -2.1111}, {'x': 1.0, 'y': -1.7561}, {'x': 1.25, 'y': -1.482}, {'x': 1.5, 'y': -1.2563}, {'x': 1.75, 'y': -1.0631}, {'x': 2.0, 'y': -0.893}, {'x': 2.25, 'y': -0.7401}, {'x': 2.5, 'y': -0.6007}, {'x': 2.75, 'y': -0.4719}, {'x': 3.0, 'y': -0.3517}]}","{'formula': '1.01005016708417*Ei(0.1*x - 0.01)', 'latex': '1.01005016708417 \\operatorname{Ei}{\\left(0.1 x - 0.01 \\right)}', 'properties': {'singularities': [], 'is_periodic': False, 'domain': 'R'}}",integral_of_exp(0.1*x)/(x - 0.1)
MCM_012_7f910f84,"{'a': 0, 'b': 1, 'c': 2}","{'points': [{'x': -3.0, 'y': -0.0136}, {'x': -2.75, 'y': -0.0188}, {'x': -2.5, 'y': -0.0262}, {'x': -2.25, 'y': -0.0367}, {'x': -2.0, 'y': -0.0519}, {'x': -1.75, 'y': -0.0743}, {'x': -1.5, 'y': -0.1079}, {'x': -1.25, 'y': -0.1601}, {'x': -1.0, 'y': -0.2445}, {'x': -0.75, 'y': -0.3911}, {'x': -0.5, 'y': -0.6836}, {'x': -0.25, 'y': -1.569}, {'x': 0.0, 'y': -1.0019}, {'x': 0.25, 'y': 0.0902}, {'x': 0.5, 'y': 0.7913}, {'x': 0.75, 'y': 1.3968}, {'x': 1.0, 'y': 1.9833}, {'x': 1.25, 'y': 2.5883}, {'x': 1.5, 'y': 3.2376}, {'x': 1.75, 'y': 3.9538}, {'x': 2.0, 'y': 4.7599}, {'x': 2.25, 'y': 5.6812}, {'x': 2.5, 'y': 6.7472}, {'x': 2.75, 'y': 7.9926}, {'x': 3.0, 'y': 9.4596}]}","{'formula': '0.860707976425058*Ei(x + 0.15)', 'latex': '0.860707976425058 \\operatorname{Ei}{\\left(x + 0.15 \\right)}', 'properties': {'singularities': [], 'is_periodic': False, 'domain': 'R'}}",integral_of_exp(x)/(x + 0.15)
MCM_020_667faf39,"{'a': 0, 'b': 2, 'c': 0}","{'points': [{'x': -3.0, 'y': -4.5}, {'x': -2.75, 'y': -3.7812}, {'x': -2.5, 'y': -3.125}, {'x': -2.25, 'y': -2.5312}, {'x': -2.0, 'y': -2.0}, {'x': -1.75, 'y': -1.5312}, {'x': -1.5, 'y': -1.125}, {'x': -1.25, 'y': -0.7812}, {'x': -1.0, 'y': -0.5}, {'x': -0.75, 'y': -0.2812}, {'x': -0.5, 'y': -0.125}, {'x': -0.25, 'y': -0.0312}, {'x': 0.0, 'y': 0.0}, {'x': 0.25, 'y': 0.0312}, {'x': 0.5, 'y': 0.125}, {'x': 0.75, 'y': 0.2812}, {'x': 1.0, 'y': 0.5}, {'x': 1.25, 'y': 0.7812}, {'x': 1.5, 'y': 1.125}, {'x': 1.75, 'y': 1.5312}, {'x': 2.0, 'y': 2.0}, {'x': 2.25, 'y': 2.5312}, {'x': 2.5, 'y': 3.125}, {'x': 2.75, 'y': 3.7812}, {'x': 3.0, 'y': 4.5}]}","{'formula': 'Piecewise((-x**2/2, x <= 0), (x**2/2, True))', 'latex': '\\begin{cases} - \\frac{x^{2}}{2} & \\text{for}\\: x \\leq 0 \\\\\\frac{x^{2}}{2} & \\text{otherwise} \\end{cases}', 'properties': {'singularities': [], 'is_periodic': False, 'domain': 'R'}}",integral_of_Abs(x)
MCM_020_9e411ac3,"{'a': 0, 'b': 2, 'c': 0}","{'points': [{'x': -3.0, 'y': -10.5}, {'x': -2.75, 'y': -9.2812}, {'x': -2.5, 'y': -8.125}, {'x': -2.25, 'y': -7.0312}, {'x': -2.0, 'y': -6.0}, {'x': -1.75, 'y': -5.0312}, {'x': -1.5, 'y': -4.125}, {'x': -1.25, 'y': -3.2812}, {'x': -1.0, 'y': -2.5}, {'x': -0.75, 'y': -1.7812}, {'x': -0.5, 'y': -1.125}, {'x': -0.25, 'y': -0.5312}, {'x': 0.0, 'y': 0.0}, {'x': 0.25, 'y': 0.4688}, {'x': 0.5, 'y': 0.875}, {'x': 0.75, 'y': 1.2188}, {'x': 1.0, 'y': 1.5}, {'x': 1.25, 'y': 1.7188}, {'x': 1.5, 'y': 1.875}, {'x': 1.75, 'y': 1.9688}, {'x': 2.0, 'y': 2.0}, {'x': 2.25, 'y': 2.0312}, {'x': 2.5, 'y': 2.125}, {'x': 2.75, 'y': 2.2812}, {'x': 3.0, 'y': 2.5}]}","{'formula': 'Piecewise((x*(4 - x)/2, x <= 2), (x**2/2 - 2*x + 4, True))', 'latex': '\\begin{cases} \\frac{x \\left(4 - x\\right)}{2} & \\text{for}\\: x \\leq 2 \\\\\\frac{x^{2}}{2} - 2 x + 4 & \\text{otherwise} \\end{cases}', 'properties': {'singularities': [], 'is_periodic': False, 'domain': 'R'}}",integral_of_Abs(x - 2)
MCM_020_d3a719ef,"{'a': 0, 'b': 2, 'c': 0}","{'points': [{'x': -3.0, 'y': 3.0}, {'x': -2.75, 'y': 2.75}, {'x': -2.5, 'y': 2.5}, {'x': -2.25, 'y': 2.25}, {'x': -2.0, 'y': 2.0}, {'x': -1.75, 'y': 1.75}, {'x': -1.5, 'y': 1.5}, {'x': -1.25, 'y': 1.25}, {'x': -1.0, 'y': 1.0}, {'x': -0.75, 'y': 0.75}, {'x': -0.5, 'y': 0.5}, {'x': -0.25, 'y': 0.25}, {'x': 0.0, 'y': 0.0}, {'x': 0.25, 'y': 0.25}, {'x': 0.5, 'y': 0.5}, {'x': 0.75, 'y': 0.75}, {'x': 1.0, 'y': 1.0}, {'x': 1.25, 'y': 1.25}, {'x': 1.5, 'y': 1.5}, {'x': 1.75, 'y': 1.75}, {'x': 2.0, 'y': 2.0}, {'x': 2.25, 'y': 2.25}, {'x': 2.5, 'y': 2.5}, {'x': 2.75, 'y': 2.75}, {'x': 3.0, 'y': 3.0}]}","{'formula': 'Piecewise((-x, x < 0), (x, True))', 'latex': '\\begin{cases} - x & \\text{for}\\: x < 0 \\\\x & \\text{otherwise} \\end{cases}', 'properties': {'singularities': [], 'is_periodic': False, 'domain': 'R'}}",integral_of_sign(x)
MCM_021_3d4c65bc,"{'a': 0, 'b': 2, 'c': 1}","{'points': [{'x': -3.0, 'y': -0.99}, {'x': -2.75, 'y': -0.9243}, {'x': -2.5, 'y': -0.8011}, {'x': -2.25, 'y': -0.6282}, {'x': -2.0, 'y': -0.4161}, {'x': -1.75, 'y': -0.1782}, {'x': -1.5, 'y': 0.0707}, {'x': -1.25, 'y': 0.3153}, {'x': -1.0, 'y': 0.5403}, {'x': -0.75, 'y': 0.7317}, {'x': -0.5, 'y': 0.8776}, {'x': -0.25, 'y': 0.9689}, {'x': 0.0, 'y': 1.0}, {'x': 0.25, 'y': 1.0311}, {'x': 0.5, 'y': 1.1224}, {'x': 0.75, 'y': 1.2683}, {'x': 1.0, 'y': 1.4597}, {'x': 1.25, 'y': 1.6847}, {'x': 1.5, 'y': 1.9293}, {'x': 1.75, 'y': 2.1782}, {'x': 2.0, 'y': 2.4161}, {'x': 2.25, 'y': 2.6282}, {'x': 2.5, 'y': 2.8011}, {'x': 2.75, 'y': 2.9243}, {'x': 3.0, 'y': 2.99}]}","{'formula': 'Piecewise((cos(x), x <= 0), (2 - cos(x), True))', 'latex': '\\begin{cases} \\cos{\\left(x \\right)} & \\text{for}\\: x \\leq 0 \\\\2 - \\cos{\\left(x \\right)} & \\text{otherwise} \\end{cases}', 'properties': {'singularities': [], 'is_periodic': False, 'domain': 'R'}}",integral_of_sin(Abs(x))
MCM_021_0d11ac12,"{'a': 0, 'b': 2, 'c': 1}","{'points': [{'x': -3.0, 'y': 2.5244}, {'x': -2.75, 'y': 2.314}, {'x': -2.5, 'y': 2.1037}, {'x': -2.25, 'y': 1.8933}, {'x': -2.0, 'y': 1.6829}, {'x': -1.75, 'y': 1.4726}, {'x': -1.5, 'y': 1.2622}, {'x': -1.25, 'y': 1.0518}, {'x': -1.0, 'y': 0.8415}, {'x': -0.75, 'y': 0.6311}, {'x': -0.5, 'y': 0.4207}, {'x': -0.25, 'y': 0.2104}, {'x': 0.0, 'y': 0.0}, {'x': 0.25, 'y': 0.2104}, {'x': 0.5, 'y': 0.4207}, {'x': 0.75, 'y': 0.6311}, {'x': 1.0, 'y': 0.8415}, {'x': 1.25, 'y': 1.0518}, {'x': 1.5, 'y': 1.2622}, {'x': 1.75, 'y': 1.4726}, {'x': 2.0, 'y': 1.6829}, {'x': 2.25, 'y': 1.8933}, {'x': 2.5, 'y': 2.1037}, {'x': 2.75, 'y': 2.314}, {'x': 3.0, 'y': 2.5244}]}","{'formula': 'Piecewise((-x*sin(1), x < 0), (x*sin(1), True))', 'latex': '\\begin{cases} - x \\sin{\\left(1 \\right)} & \\text{for}\\: x < 0 \\\\x \\sin{\\left(1 \\right)} & \\text{otherwise} \\end{cases}', 'properties': {'singularities': [], 'is_periodic': False, 'domain': 'R'}}",integral_of_sin(sign(x))
MCM_021_eb641262,"{'a': 0, 'b': 2, 'c': 1}","{'points': [{'x': -3.0, 'y': -1.6209}, {'x': -2.75, 'y': -1.4858}, {'x': -2.5, 'y': -1.3508}, {'x': -2.25, 'y': -1.2157}, {'x': -2.0, 'y': -1.0806}, {'x': -1.75, 'y': -0.9455}, {'x': -1.5, 'y': -0.8105}, {'x': -1.25, 'y': -0.6754}, {'x': -1.0, 'y': -0.5403}, {'x': -0.75, 'y': -0.4052}, {'x': -0.5, 'y': -0.2702}, {'x': -0.25, 'y': -0.1351}, {'x': 0.0, 'y': 0.0}, {'x': 0.25, 'y': 0.1351}, {'x': 0.5, 'y': 0.2702}, {'x': 0.75, 'y': 0.4052}, {'x': 1.0, 'y': 0.5403}, {'x': 1.25, 'y': 0.6754}, {'x': 1.5, 'y': 0.8105}, {'x': 1.75, 'y': 0.9455}, {'x': 2.0, 'y': 1.0806}, {'x': 2.25, 'y': 1.2157}, {'x': 2.5, 'y': 1.3508}, {'x': 2.75, 'y': 1.4858}, {'x': 3.0, 'y': 1.6209}]}","{'formula': 'x*cos(1)', 'latex': 'x \\cos{\\left(1 \\right)}', 'properties': {'singularities': [], 'is_periodic': False, 'domain': 'R'}}",integral_of_cos(sign(x))
MCM_023_2ccf3043,"{'a': 0, 'b': 2, 'c': 3}","{'points': [{'x': -3.0, 'y': 312.4286}, {'x': -2.75, 'y': 169.9146}, {'x': -2.5, 'y': 87.1931}, {'x': -2.25, 'y': 41.7042}, {'x': -2.0, 'y': 18.2857}, {'x': -1.75, 'y': 7.1807}, {'x': -1.5, 'y': 2.4408}, {'x': -1.25, 'y': 0.6812}, {'x': -1.0, 'y': 0.1429}, {'x': -0.75, 'y': 0.0191}, {'x': -0.5, 'y': 0.0011}, {'x': -0.25, 'y': 0.0}, {'x': 0.0, 'y': 0.0}, {'x': 0.25, 'y': 0.0}, {'x': 0.5, 'y': 0.0011}, {'x': 0.75, 'y': 0.0191}, {'x': 1.0, 'y': 0.1429}, {'x': 1.25, 'y': 0.6812}, {'x': 1.5, 'y': 2.4408}, {'x': 1.75, 'y': 7.1807}, {'x': 2.0, 'y': 18.2857}, {'x': 2.25, 'y': 41.7042}, {'x': 2.5, 'y': 87.1931}, {'x': 2.75, 'y': 169.9146}, {'x': 3.0, 'y': 312.4286}]}","{'formula': 'Piecewise((-x**7/7, x <= 0), (x**7/7, True))', 'latex': '\\begin{cases} - \\frac{x^{7}}{7} & \\text{for}\\: x \\leq 0 \\\\\\frac{x^{7}}{7} & \\text{otherwise} \\end{cases}', 'properties': {'singularities': [], 'is_periodic': False, 'domain': 'R'}}",integral_of_x**5*Abs(x)
MCM_023_ea787736,"{'a': 0, 'b': 2, 'c': 3}","{'points': [{'x': -3.0, 'y': 119.5513}, {'x': -2.75, 'y': 70.4025}, {'x': -2.5, 'y': 39.27}, {'x': -2.25, 'y': 20.4624}, {'x': -2.0, 'y': 9.7576}, {'x': -1.75, 'y': 4.1247}, {'x': -1.5, 'y': 1.4743}, {'x': -1.25, 'y': 0.4379}, {'x': -1.0, 'y': 0.1667}, {'x': -0.75, 'y': 0.2275}, {'x': -0.5, 'y': 0.4267}, {'x': -0.25, 'y': 0.6625}, {'x': 0.0, 'y': 0.9091}, {'x': 0.25, 'y': 1.162}, {'x': 0.5, 'y': 1.4227}, {'x': 0.75, 'y': 1.7121}, {'x': 1.0, 'y': 2.1153}, {'x': 1.25, 'y': 2.854}, {'x': 1.5, 'y': 4.3893}, {'x': 1.75, 'y': 7.5533}, {'x': 2.0, 'y': 13.7106}, {'x': 2.25, 'y': 24.9485}, {'x': 2.5, 'y': 44.2966}, {'x': 2.75, 'y': 75.9758}, {'x': 3.0, 'y': 125.6771}]}","{'formula': 'Piecewise((x**6/6 - 0.909090909090909*(-x - 1)**1.1, x <= -1), (x**6/6 + 0.909090909090909*(x + 1)**1.1, True))', 'latex': '\\begin{cases} \\frac{x^{6}}{6} - 0.909090909090909 \\left(- x - 1\\right)^{1.1} & \\text{for}\\: x \\leq -1 \\\\\\frac{x^{6}}{6} + 0.909090909090909 \\left(x + 1\\right)^{1.1} & \\text{otherwise} \\end{cases}', 'properties': {'singularities': [], 'is_periodic': False, 'domain': 'R'}}",integral_of_x**5 + Abs(x + 1)**0.1
MCM_030_b535afb6,"{'a': 0, 'b': 3, 'c': 0}","{'points': [{'x': -3.0, 'y': -4.25}, {'x': -2.75, 'y': -3.5313}, {'x': -2.5, 'y': -2.8752}, {'x': -2.25, 'y': -2.2819}, {'x': -2.0, 'y': -1.7521}, {'x': -1.75, 'y': -1.2873}, {'x': -1.5, 'y': -0.8899}, {'x': -1.25, 'y': -0.5642}, {'x': -1.0, 'y': -0.3145}, {'x': -0.75, 'y': -0.1428}, {'x': -0.5, 'y': -0.0448}, {'x': -0.25, 'y': -0.0058}, {'x': 0.0, 'y': 0.0}, {'x': 0.25, 'y': 0.0058}, {'x': 0.5, 'y': 0.0448}, {'x': 0.75, 'y': 0.1428}, {'x': 1.0, 'y': 0.3145}, {'x': 1.25, 'y': 0.5642}, {'x': 1.5, 'y': 0.8899}, {'x': 1.75, 'y': 1.2873}, {'x': 2.0, 'y': 1.7521}, {'x': 2.25, 'y': 2.2819}, {'x': 2.5, 'y': 2.8752}, {'x': 2.75, 'y': 3.5313}, {'x': 3.0, 'y': 4.25}]}","{'formula': 'x**2*erf(x)/2 + x*exp(-x**2)/(2*sqrt(pi)) - erf(x)/4', 'latex': '\\frac{x^{2} \\operatorname{erf}{\\left(x \\right)}}{2} + \\frac{x e^{- x^{2}}}{2 \\sqrt{\\pi}} - \\frac{\\operatorname{erf}{\\left(x \\right)}}{4}', 'properties': {'singularities': [], 'is_periodic': False, 'domain': 'R'}}",integral_of_x*erf(x)
MCM_030_8c7a03a9,"{'a': 0, 'b': 3, 'c': 0}","{'points': [{'x': -3.0, 'y': 0.0}, {'x': -2.75, 'y': 0.0}, {'x': -2.5, 'y': 0.0001}, {'x': -2.25, 'y': 0.0003}, {'x': -2.0, 'y': 0.001}, {'x': -1.75, 'y': 0.0031}, {'x': -1.5, 'y': 0.0086}, {'x': -1.25, 'y': 0.0219}, {'x': -1.0, 'y': 0.0503}, {'x': -0.75, 'y': 0.1048}, {'x': -0.5, 'y': 0.1996}, {'x': -0.25, 'y': 0.3491}, {'x': 0.0, 'y': 0.5642}, {'x': 0.25, 'y': 0.8491}, {'x': 0.5, 'y': 1.1996}, {'x': 0.75, 'y': 1.6048}, {'x': 1.0, 'y': 2.0503}, {'x': 1.25, 'y': 2.5219}, {'x': 1.5, 'y': 3.0086}, {'x': 1.75, 'y': 3.5031}, {'x': 2.0, 'y': 4.001}, {'x': 2.25, 'y': 4.5003}, {'x': 2.5, 'y': 5.0001}, {'x': 2.75, 'y': 5.5}, {'x': 3.0, 'y': 6.0}]}","{'formula': 'x*erf(x) + x + exp(-x**2)/sqrt(pi)', 'latex': 'x \\operatorname{erf}{\\left(x \\right)} + x + \\frac{e^{- x^{2}}}{\\sqrt{\\pi}}', 'properties': {'singularities': [], 'is_periodic': False, 'domain': 'R'}}",integral_of_erf(x) + 1
MCM_030_744a6b43,"{'a': 0, 'b': 3, 'c': 0}","{'points': [{'x': -3.0, 'y': -3.75}, {'x': -2.75, 'y': -3.0313}, {'x': -2.5, 'y': -2.375}, {'x': -2.25, 'y': -1.7813}, {'x': -2.0, 'y': -1.25}, {'x': -1.75, 'y': -0.7813}, {'x': -1.5, 'y': -0.3751}, {'x': -1.25, 'y': -0.0317}, {'x': -1.0, 'y': 0.2488}, {'x': -0.75, 'y': 0.4658}, {'x': -0.5, 'y': 0.6187}, {'x': -0.25, 'y': 0.7077}, {'x': 0.0, 'y': 0.7358}, {'x': 0.25, 'y': 0.7121}, {'x': 0.5, 'y': 0.6549}, {'x': 0.75, 'y': 0.5933}, {'x': 1.0, 'y': 0.5642}, {'x': 1.25, 'y': 0.6049}, {'x': 1.5, 'y': 0.7444}, {'x': 1.75, 'y': 0.9976}, {'x': 2.0, 'y': 1.3647}, {'x': 2.25, 'y': 1.8361}, {'x': 2.5, 'y': 2.3986}, {'x': 2.75, 'y': 3.0403}, {'x': 3.0, 'y': 3.7531}]}","{'formula': '(2*x*exp(2*x) + sqrt(pi)*(2*x**2 - 3)*exp(x**2 + 1)*erf(x - 1) + 2*exp(2*x))*exp(-x**2 - 1)/(4*sqrt(pi))', 'latex': '\\frac{\\left(2 x e^{2 x} + \\sqrt{\\pi} \\left(2 x^{2} - 3\\right) e^{x^{2} + 1} \\operatorname{erf}{\\left(x - 1 \\right)} + 2 e^{2 x}\\right) e^{- x^{2} - 1}}{4 \\sqrt{\\pi}}', 'properties': {'singularities': [], 'is_periodic': False, 'domain': 'R'}}",integral_of_x*erf(x - 1)
MCM_030_c1d39167,"{'a': 0, 'b': 3, 'c': 0}","{'points': [{'x': -3.0, 'y': -1.3876}, {'x': -2.75, 'y': -1.441}, {'x': -2.5, 'y': -1.468}, {'x': -2.25, 'y': -1.464}, {'x': -2.0, 'y': -1.4258}, {'x': -1.75, 'y': -1.3517}, {'x': -1.5, 'y': -1.2414}, {'x': -1.25, 'y': -1.0965}, {'x': -1.0, 'y': -0.9197}, {'x': -0.75, 'y': -0.7156}, {'x': -0.5, 'y': -0.4897}, {'x': -0.25, 'y': -0.2487}, {'x': 0.0, 'y': 0.0}, {'x': 0.25, 'y': 0.2487}, {'x': 0.5, 'y': 0.4897}, {'x': 0.75, 'y': 0.7156}, {'x': 1.0, 'y': 0.9197}, {'x': 1.25, 'y': 1.0965}, {'x': 1.5, 'y': 1.2414}, {'x': 1.75, 'y': 1.3517}, {'x': 2.0, 'y': 1.4258}, {'x': 2.25, 'y': 1.464}, {'x': 2.5, 'y': 1.468}, {'x': 2.75, 'y': 1.441}, {'x': 3.0, 'y': 1.3876}]}","{'formula': 'x*hyper((1/2,), (1, 3/2), -x**2/4)', 'latex': 'x {{}_{1}F_{2}\\left(\\begin{matrix} \\frac{1}{2} \\\\ 1, \\frac{3}{2} \\end{matrix}\\middle| {- \\frac{x^{2}}{4}} \\right)}', 'properties': {'singularities': [], 'is_periodic': False, 'domain': 'R'}}","integral_of_besselj(0, Abs(x))"
MCM_030_48a8af55,"{'a': 0, 'b': 3, 'c': 0}","{'points': [{'x': -3.0, 'y': 3.0}, {'x': -2.75, 'y': 2.75}, {'x': -2.5, 'y': 2.5001}, {'x': -2.25, 'y': 2.2503}, {'x': -2.0, 'y': 2.001}, {'x': -1.75, 'y': 1.7531}, {'x': -1.5, 'y': 1.5086}, {'x': -1.25, 'y': 1.2719}, {'x': -1.0, 'y': 1.0503}, {'x': -0.75, 'y': 0.8548}, {'x': -0.5, 'y': 0.6996}, {'x': -0.25, 'y': 0.5991}, {'x': 0.0, 'y': 0.5642}, {'x': 0.25, 'y': 0.5991}, {'x': 0.5, 'y': 0.6996}, {'x': 0.75, 'y': 0.8548}, {'x': 1.0, 'y': 1.0503}, {'x': 1.25, 'y': 1.2719}, {'x': 1.5, 'y': 1.5086}, {'x': 1.75, 'y': 1.7531}, {'x': 2.0, 'y': 2.001}, {'x': 2.25, 'y': 2.2503}, {'x': 2.5, 'y': 2.5001}, {'x': 2.75, 'y': 2.75}, {'x': 3.0, 'y': 3.0}]}","{'formula': 'x*erf(x) + exp(-x**2)/sqrt(pi)', 'latex': 'x \\operatorname{erf}{\\left(x \\right)} + \\frac{e^{- x^{2}}}{\\sqrt{\\pi}}', 'properties': {'singularities': [], 'is_periodic': False, 'domain': 'R'}}",integral_of_erf(x)
MCM_033_fe5d5446,"{'a': 0, 'b': 3, 'c': 3}","{'points': [{'x': -3.0, 'y': -121.1886}, {'x': -2.75, 'y': -71.776}, {'x': -2.5, 'y': -40.3877}, {'x': -2.25, 'y': -21.337}, {'x': -2.0, 'y': -10.4082}, {'x': -1.75, 'y': -4.575}, {'x': -1.5, 'y': -1.7468}, {'x': -1.25, 'y': -0.5471}, {'x': -1.0, 'y': -0.1279}, {'x': -0.75, 'y': -0.0188}, {'x': -0.5, 'y': -0.0012}, {'x': -0.25, 'y': -0.0}, {'x': 0.0, 'y': 0.0}, {'x': 0.25, 'y': 0.0}, {'x': 0.5, 'y': 0.0012}, {'x': 0.75, 'y': 0.0188}, {'x': 1.0, 'y': 0.1279}, {'x': 1.25, 'y': 0.5471}, {'x': 1.5, 'y': 1.7468}, {'x': 1.75, 'y': 4.575}, {'x': 2.0, 'y': 10.4082}, {'x': 2.25, 'y': 21.337}, {'x': 2.5, 'y': 40.3877}, {'x': 2.75, 'y': 71.776}, {'x': 3.0, 'y': 121.1886}]}","{'formula': '(8*x**5 + 20*x**3 + 30*x + sqrt(pi)*(8*x**6 - 15)*exp(x**2)*erf(x))*exp(-x**2)/(48*sqrt(pi))', 'latex': '\\frac{\\left(8 x^{5} + 20 x^{3} + 30 x + \\sqrt{\\pi} \\left(8 x^{6} - 15\\right) e^{x^{2}} \\operatorname{erf}{\\left(x \\right)}\\right) e^{- x^{2}}}{48 \\sqrt{\\pi}}', 'properties': {'singularities': [], 'is_periodic': False, 'domain': 'R'}}",integral_of_x**5*erf(x)
MCM_100_9aeef56b,"{'a': 1, 'b': 0, 'c': 0}","{'points': [{'x': -3.0, 'y': -9.0}, {'x': -2.75, 'y': -6.9323}, {'x': -2.5, 'y': -5.2083}, {'x': -2.25, 'y': -3.7969}, {'x': -2.0, 'y': -2.6667}, {'x': -1.75, 'y': -1.7865}, {'x': -1.5, 'y': -1.125}, {'x': -1.25, 'y': -0.651}, {'x': -1.0, 'y': -0.3333}, {'x': -0.75, 'y': -0.1406}, {'x': -0.5, 'y': -0.0417}, {'x': -0.25, 'y': -0.0052}, {'x': 0.0, 'y': 0.0}, {'x': 0.25, 'y': 0.0052}, {'x': 0.5, 'y': 0.0417}, {'x': 0.75, 'y': 0.1406}, {'x': 1.0, 'y': 0.3333}, {'x': 1.25, 'y': 0.651}, {'x': 1.5, 'y': 1.125}, {'x': 1.75, 'y': 1.7865}, {'x': 2.0, 'y': 2.6667}, {'x': 2.25, 'y': 3.7969}, {'x': 2.5, 'y': 5.2083}, {'x': 2.75, 'y': 6.9323}, {'x': 3.0, 'y': 9.0}]}","{'formula': 'x**3/3', 'latex': '\\frac{x^{3}}{3}', 'properties': {'singularities': [], 'is_periodic': False, 'domain': 'R'}}",integral_of_x**2
MCM_100_84a79597,"{'a': 1, 'b': 0, 'c': 0}","{'points': [{'x': -3.0, 'y': 6.0}, {'x': -2.75, 'y': 4.1823}, {'x': -2.5, 'y': 2.7083}, {'x': -2.25, 'y': 1.5469}, {'x': -2.0, 'y': 0.6667}, {'x': -1.75, 'y': 0.0365}, {'x': -1.5, 'y': -0.375}, {'x': -1.25, 'y': -0.599}, {'x': -1.0, 'y': -0.6667}, {'x': -0.75, 'y': -0.6094}, {'x': -0.5, 'y': -0.4583}, {'x': -0.25, 'y': -0.2448}, {'x': 0.0, 'y': 0.0}, {'x': 0.25, 'y': 0.2448}, {'x': 0.5, 'y': 0.4583}, {'x': 0.75, 'y': 0.6094}, {'x': 1.0, 'y': 0.6667}, {'x': 1.25, 'y': 0.599}, {'x': 1.5, 'y': 0.375}, {'x': 1.75, 'y': -0.0365}, {'x': 2.0, 'y': -0.6667}, {'x': 2.25, 'y': -1.5469}, {'x': 2.5, 'y': -2.7083}, {'x': 2.75, 'y': -4.1823}, {'x': 3.0, 'y': -6.0}]}","{'formula': '-x**3/3 + x', 'latex': '- \\frac{x^{3}}{3} + x', 'properties': {'singularities': [], 'is_periodic': False, 'domain': 'R'}}",integral_of_1 - x**2
MCM_100_2362759c,"{'a': 1, 'b': 0, 'c': 0}","{'points': [{'x': -3.0, 'y': 0.0}, {'x': -2.75, 'y': 0.6302}, {'x': -2.5, 'y': 1.0417}, {'x': -2.25, 'y': 1.2656}, {'x': -2.0, 'y': 1.3333}, {'x': -1.75, 'y': 1.276}, {'x': -1.5, 'y': 1.125}, {'x': -1.25, 'y': 0.9115}, {'x': -1.0, 'y': 0.6667}, {'x': -0.75, 'y': 0.4219}, {'x': -0.5, 'y': 0.2083}, {'x': -0.25, 'y': 0.0573}, {'x': 0.0, 'y': 0.0}, {'x': 0.25, 'y': 0.0677}, {'x': 0.5, 'y': 0.2917}, {'x': 0.75, 'y': 0.7031}, {'x': 1.0, 'y': 1.3333}, {'x': 1.25, 'y': 2.2135}, {'x': 1.5, 'y': 3.375}, {'x': 1.75, 'y': 4.849}, {'x': 2.0, 'y': 6.6667}, {'x': 2.25, 'y': 8.8594}, {'x': 2.5, 'y': 11.4583}, {'x': 2.75, 'y': 14.4948}, {'x': 3.0, 'y': 18.0}]}","{'formula': 'x**2*(0.333333333333333*x + 1.0)', 'latex': 'x^{2} \\left(0.333333333333333 x + 1.0\\right)', 'properties': {'singularities': [], 'is_periodic': False, 'domain': 'R'}}",integral_of_x*(1.0*x + 2)
MCM_100_12fea980,"{'a': 1, 'b': 0, 'c': 0}","{'points': [{'x': -3.0, 'y': -13.5}, {'x': -2.75, 'y': -10.7135}, {'x': -2.5, 'y': -8.3333}, {'x': -2.25, 'y': -6.3281}, {'x': -2.0, 'y': -4.6667}, {'x': -1.75, 'y': -3.3177}, {'x': -1.5, 'y': -2.25}, {'x': -1.25, 'y': -1.4323}, {'x': -1.0, 'y': -0.8333}, {'x': -0.75, 'y': -0.4219}, {'x': -0.5, 'y': -0.1667}, {'x': -0.25, 'y': -0.0365}, {'x': 0.0, 'y': 0.0}, {'x': 0.25, 'y': -0.026}, {'x': 0.5, 'y': -0.0833}, {'x': 0.75, 'y': -0.1406}, {'x': 1.0, 'y': -0.1667}, {'x': 1.25, 'y': -0.1302}, {'x': 1.5, 'y': 0.0}, {'x': 1.75, 'y': 0.2552}, {'x': 2.0, 'y': 0.6667}, {'x': 2.25, 'y': 1.2656}, {'x': 2.5, 'y': 2.0833}, {'x': 2.75, 'y': 3.151}, {'x': 3.0, 'y': 4.5}]}","{'formula': 'x**2*(2*x - 3)/6', 'latex': '\\frac{x^{2} \\left(2 x - 3\\right)}{6}', 'properties': {'singularities': [], 'is_periodic': False, 'domain': 'R'}}",integral_of_x**2 - x
MCM_100_ad64e81a,"{'a': 1, 'b': 0, 'c': 0}","{'points': [{'x': -3.0, 'y': -21.0}, {'x': -2.75, 'y': -16.6146}, {'x': -2.5, 'y': -12.9167}, {'x': -2.25, 'y': -9.8438}, {'x': -2.0, 'y': -7.3333}, {'x': -1.75, 'y': -5.3229}, {'x': -1.5, 'y': -3.75}, {'x': -1.25, 'y': -2.5521}, {'x': -1.0, 'y': -1.6667}, {'x': -0.75, 'y': -1.0312}, {'x': -0.5, 'y': -0.5833}, {'x': -0.25, 'y': -0.2604}, {'x': 0.0, 'y': 0.0}, {'x': 0.25, 'y': 0.2604}, {'x': 0.5, 'y': 0.5833}, {'x': 0.75, 'y': 1.0312}, {'x': 1.0, 'y': 1.6667}, {'x': 1.25, 'y': 2.5521}, {'x': 1.5, 'y': 3.75}, {'x': 1.75, 'y': 5.3229}, {'x': 2.0, 'y': 7.3333}, {'x': 2.25, 'y': 9.8438}, {'x': 2.5, 'y': 12.9167}, {'x': 2.75, 'y': 16.6146}, {'x': 3.0, 'y': 21.0}]}","{'formula': '2*x**3/3 + x', 'latex': '\\frac{2 x^{3}}{3} + x', 'properties': {'singularities': [], 'is_periodic': False, 'domain': 'R'}}",integral_of_2*x**2 + 1
MCM_100_f8ea8d5d,"{'a': 1, 'b': 0, 'c': 0}","{'points': [{'x': -3.0, 'y': -4.5}, {'x': -2.75, 'y': -3.4661}, {'x': -2.5, 'y': -2.6042}, {'x': -2.25, 'y': -1.8984}, {'x': -2.0, 'y': -1.3333}, {'x': -1.75, 'y': -0.8932}, {'x': -1.5, 'y': -0.5625}, {'x': -1.25, 'y': -0.3255}, {'x': -1.0, 'y': -0.1667}, {'x': -0.75, 'y': -0.0703}, {'x': -0.5, 'y': -0.0208}, {'x': -0.25, 'y': -0.0026}, {'x': 0.0, 'y': 0.0}, {'x': 0.25, 'y': 0.0026}, {'x': 0.5, 'y': 0.0208}, {'x': 0.75, 'y': 0.0703}, {'x': 1.0, 'y': 0.1667}, {'x': 1.25, 'y': 0.3255}, {'x': 1.5, 'y': 0.5625}, {'x': 1.75, 'y': 0.8932}, {'x': 2.0, 'y': 1.3333}, {'x': 2.25, 'y': 1.8984}, {'x': 2.5, 'y': 2.6042}, {'x': 2.75, 'y': 3.4661}, {'x': 3.0, 'y': 4.5}]}","{'formula': '0.166666666666667*x**3', 'latex': '0.166666666666667 x^{3}', 'properties': {'singularities': [], 'is_periodic': False, 'domain': 'R'}}",integral_of_0.5*x**2
MCM_101_88a54530,"{'a': 1, 'b': 0, 'c': 1}","{'points': [{'x': -3.0, 'y': -0.7736}, {'x': -2.75, 'y': -0.5641}, {'x': -2.5, 'y': -0.4305}, {'x': -2.25, 'y': -0.5707}, {'x': -2.0, 'y': -0.8048}, {'x': -1.75, 'y': -0.8939}, {'x': -1.5, 'y': -0.7782}, {'x': -1.25, 'y': -0.546}, {'x': -1.0, 'y': -0.3103}, {'x': -0.75, 'y': -0.1375}, {'x': -0.5, 'y': -0.0415}, {'x': -0.25, 'y': -0.0052}, {'x': 0.0, 'y': 0.0}, {'x': 0.25, 'y': 0.0052}, {'x': 0.5, 'y': 0.0415}, {'x': 0.75, 'y': 0.1375}, {'x': 1.0, 'y': 0.3103}, {'x': 1.25, 'y': 0.546}, {'x': 1.5, 'y': 0.7782}, {'x': 1.75, 'y': 0.8939}, {'x': 2.0, 'y': 0.8048}, {'x': 2.25, 'y': 0.5707}, {'x': 2.5, 'y': 0.4305}, {'x': 2.75, 'y': 0.5641}, {'x': 3.0, 'y': 0.7736}]}","{'formula': 'sqrt(2)*sqrt(pi)*fresnels(sqrt(2)*x/sqrt(pi))/2', 'latex': '\\frac{\\sqrt{2} \\sqrt{\\pi} S\\left(\\frac{\\sqrt{2} x}{\\sqrt{\\pi}}\\right)}{2}', 'properties': {'singularities': [], 'is_periodic': False, 'domain': 'R'}}",integral_of_sin(x**2)
MCM_101_31e48dfe,"{'a': 1, 'b': 0, 'c': 1}","{'points': [{'x': -3.0, 'y': -1.0307}, {'x': -2.75, 'y': -0.9045}, {'x': -2.5, 'y': -0.6893}, {'x': -2.25, 'y': -0.705}, {'x': -2.0, 'y': -0.9265}, {'x': -1.75, 'y': -1.1225}, {'x': -1.5, 'y': -1.1407}, {'x': -1.25, 'y': -0.9875}, {'x': -1.0, 'y': -0.7498}, {'x': -0.75, 'y': -0.5083}, {'x': -0.5, 'y': -0.3034}, {'x': -0.25, 'y': -0.1394}, {'x': 0.0, 'y': 0.0}, {'x': 0.25, 'y': 0.1394}, {'x': 0.5, 'y': 0.3034}, {'x': 0.75, 'y': 0.5083}, {'x': 1.0, 'y': 0.7498}, {'x': 1.25, 'y': 0.9875}, {'x': 1.5, 'y': 1.1407}, {'x': 1.75, 'y': 1.1225}, {'x': 2.0, 'y': 0.9265}, {'x': 2.25, 'y': 0.705}, {'x': 2.5, 'y': 0.6893}, {'x': 2.75, 'y': 0.9045}, {'x': 3.0, 'y': 1.0307}]}","{'formula': 'sqrt(2)*sqrt(pi)*(cos(1)*fresnelc(sqrt(2)*x/sqrt(pi)) + sin(1)*fresnels(sqrt(2)*x/sqrt(pi)))/2', 'latex': '\\frac{\\sqrt{2} \\sqrt{\\pi} \\left(\\cos{\\left(1 \\right)} C\\left(\\frac{\\sqrt{2} x}{\\sqrt{\\pi}}\\right) + \\sin{\\left(1 \\right)} S\\left(\\frac{\\sqrt{2} x}{\\sqrt{\\pi}}\\right)\\right)}{2}', 'properties': {'singularities': [], 'is_periodic': False, 'domain': 'R'}}",integral_of_cos(x**2 - 1)
MCM_101_5f20b7bc,"{'a': 1, 'b': 0, 'c': 1}","{'points': [{'x': -3.0, 'y': -1.424}, {'x': -2.75, 'y': -1.1758}, {'x': -2.5, 'y': -0.931}, {'x': -2.25, 'y': -0.7056}, {'x': -2.0, 'y': -0.5094}, {'x': -1.75, 'y': -0.3478}, {'x': -1.5, 'y': -0.2218}, {'x': -1.25, 'y': -0.1293}, {'x': -1.0, 'y': -0.0665}, {'x': -0.75, 'y': -0.0281}, {'x': -0.5, 'y': -0.0083}, {'x': -0.25, 'y': -0.001}, {'x': 0.0, 'y': 0.0}, {'x': 0.25, 'y': 0.001}, {'x': 0.5, 'y': 0.0083}, {'x': 0.75, 'y': 0.0281}, {'x': 1.0, 'y': 0.0665}, {'x': 1.25, 'y': 0.1293}, {'x': 1.5, 'y': 0.2218}, {'x': 1.75, 'y': 0.3478}, {'x': 2.0, 'y': 0.5094}, {'x': 2.25, 'y': 0.7056}, {'x': 2.5, 'y': 0.931}, {'x': 2.75, 'y': 1.1758}, {'x': 3.0, 'y': 1.424}]}","{'formula': '1.58113883008419*sqrt(pi)*fresnels(0.632455532033676*x/sqrt(pi))', 'latex': '1.58113883008419 \\sqrt{\\pi} S\\left(\\frac{0.632455532033676 x}{\\sqrt{\\pi}}\\right)', 'properties': {'singularities': [], 'is_periodic': False, 'domain': 'R'}}",integral_of_sin(0.2*x**2)
MCM_101_000596de,"{'a': 1, 'b': 0, 'c': 1}","{'points': [{'x': -3.0, 'y': -0.7029}, {'x': -2.75, 'y': -0.7955}, {'x': -2.5, 'y': -0.6053}, {'x': -2.25, 'y': -0.416}, {'x': -2.0, 'y': -0.4615}, {'x': -1.75, 'y': -0.6853}, {'x': -1.5, 'y': -0.8992}, {'x': -1.25, 'y': -0.9774}, {'x': -1.0, 'y': -0.9045}, {'x': -0.75, 'y': -0.7266}, {'x': -0.5, 'y': -0.4969}, {'x': -0.25, 'y': -0.2499}, {'x': 0.0, 'y': 0.0}, {'x': 0.25, 'y': 0.2499}, {'x': 0.5, 'y': 0.4969}, {'x': 0.75, 'y': 0.7266}, {'x': 1.0, 'y': 0.9045}, {'x': 1.25, 'y': 0.9774}, {'x': 1.5, 'y': 0.8992}, {'x': 1.75, 'y': 0.6853}, {'x': 2.0, 'y': 0.4615}, {'x': 2.25, 'y': 0.416}, {'x': 2.5, 'y': 0.6053}, {'x': 2.75, 'y': 0.7955}, {'x': 3.0, 'y': 0.7029}]}","{'formula': 'sqrt(2)*sqrt(pi)*fresnelc(sqrt(2)*x/sqrt(pi))/2', 'latex': '\\frac{\\sqrt{2} \\sqrt{\\pi} C\\left(\\frac{\\sqrt{2} x}{\\sqrt{\\pi}}\\right)}{2}', 'properties': {'singularities': [], 'is_periodic': False, 'domain': 'R'}}",integral_of_cos(x**2)
MCM_101_bd7c838e,"{'a': 1, 'b': 0, 'c': 1}","{'points': [{'x': -3.0, 'y': -0.3352}, {'x': -2.75, 'y': -0.5541}, {'x': -2.5, 'y': -0.5756}, {'x': -2.25, 'y': -0.3498}, {'x': -2.0, 'y': -0.2674}, {'x': -1.75, 'y': -0.4501}, {'x': -1.5, 'y': -0.6656}, {'x': -1.25, 'y': -0.6966}, {'x': -1.0, 'y': -0.5316}, {'x': -0.75, 'y': -0.2872}, {'x': -0.5, 'y': -0.0768}, {'x': -0.25, 'y': 0.0466}, {'x': 0.0, 'y': 0.0827}, {'x': 0.25, 'y': 0.0568}, {'x': 0.5, 'y': 0.0}, {'x': 0.75, 'y': -0.0568}, {'x': 1.0, 'y': -0.0827}, {'x': 1.25, 'y': -0.0466}, {'x': 1.5, 'y': 0.0768}, {'x': 1.75, 'y': 0.2872}, {'x': 2.0, 'y': 0.5316}, {'x': 2.25, 'y': 0.6966}, {'x': 2.5, 'y': 0.6656}, {'x': 2.75, 'y': 0.4501}, {'x': 3.0, 'y': 0.2674}]}","{'formula': 'sqrt(2)*sqrt(pi)*(-sin(1/4)*fresnelc(sqrt(2)*(x - 1/2)/sqrt(pi)) + cos(1/4)*fresnels(sqrt(2)*(x - 1/2)/sqrt(pi)))/2', 'latex': '\\frac{\\sqrt{2} \\sqrt{\\pi} \\left(- \\sin{\\left(\\frac{1}{4} \\right)} C\\left(\\frac{\\sqrt{2} \\left(x - \\frac{1}{2}\\right)}{\\sqrt{\\pi}}\\right) + \\cos{\\left(\\frac{1}{4} \\right)} S\\left(\\frac{\\sqrt{2} \\left(x - \\frac{1}{2}\\right)}{\\sqrt{\\pi}}\\right)\\right)}{2}', 'properties': {'singularities': [], 'is_periodic': False, 'domain': 'R'}}",integral_of_sin(x**2 - x)
MCM_101_e4f1207c,"{'a': 1, 'b': 0, 'c': 1}","{'points': [{'x': -3.0, 'y': -0.6811}, {'x': -2.75, 'y': -0.6481}, {'x': -2.5, 'y': -0.8724}, {'x': -2.25, 'y': -0.9103}, {'x': -2.0, 'y': -0.693}, {'x': -1.75, 'y': -0.5443}, {'x': -1.5, 'y': -0.6462}, {'x': -1.25, 'y': -0.8852}, {'x': -1.0, 'y': -1.0638}, {'x': -0.75, 'y': -1.0821}, {'x': -0.5, 'y': -0.9532}, {'x': -0.25, 'y': -0.738}, {'x': 0.0, 'y': -0.4917}, {'x': 0.25, 'y': -0.2434}, {'x': 0.5, 'y': 0.0}, {'x': 0.75, 'y': 0.2434}, {'x': 1.0, 'y': 0.4917}, {'x': 1.25, 'y': 0.738}, {'x': 1.5, 'y': 0.9532}, {'x': 1.75, 'y': 1.0821}, {'x': 2.0, 'y': 1.0638}, {'x': 2.25, 'y': 0.8852}, {'x': 2.5, 'y': 0.6462}, {'x': 2.75, 'y': 0.5443}, {'x': 3.0, 'y': 0.693}]}","{'formula': 'sqrt(2)*sqrt(pi)*(cos(1/4)*fresnelc(sqrt(2)*(x - 1/2)/sqrt(pi)) + sin(1/4)*fresnels(sqrt(2)*(x - 1/2)/sqrt(pi)))/2', 'latex': '\\frac{\\sqrt{2} \\sqrt{\\pi} \\left(\\cos{\\left(\\frac{1}{4} \\right)} C\\left(\\frac{\\sqrt{2} \\left(x - \\frac{1}{2}\\right)}{\\sqrt{\\pi}}\\right) + \\sin{\\left(\\frac{1}{4} \\right)} S\\left(\\frac{\\sqrt{2} \\left(x - \\frac{1}{2}\\right)}{\\sqrt{\\pi}}\\right)\\right)}{2}', 'properties': {'singularities': [], 'is_periodic': False, 'domain': 'R'}}",integral_of_cos(x**2 - x)
MCM_101_5eb4e6b8,"{'a': 1, 'b': 0, 'c': 1}","{'points': [{'x': -3.0, 'y': -0.5297}, {'x': -2.75, 'y': -0.6963}, {'x': -2.5, 'y': -0.5499}, {'x': -2.25, 'y': -0.6033}, {'x': -2.0, 'y': -0.7219}, {'x': -1.75, 'y': -0.5107}, {'x': -1.5, 'y': -0.509}, {'x': -1.25, 'y': -0.7391}, {'x': -1.0, 'y': -0.8313}, {'x': -0.75, 'y': -0.6945}, {'x': -0.5, 'y': -0.4546}, {'x': -0.25, 'y': -0.2157}, {'x': 0.0, 'y': 0.0}, {'x': 0.25, 'y': 0.2157}, {'x': 0.5, 'y': 0.4546}, {'x': 0.75, 'y': 0.6945}, {'x': 1.0, 'y': 0.8313}, {'x': 1.25, 'y': 0.7391}, {'x': 1.5, 'y': 0.509}, {'x': 1.75, 'y': 0.5107}, {'x': 2.0, 'y': 0.7219}, {'x': 2.25, 'y': 0.6033}, {'x': 2.5, 'y': 0.5499}, {'x': 2.75, 'y': 0.6963}, {'x': 3.0, 'y': 0.5297}]}","{'formula': 'sqrt(pi)*(sin(1)*fresnelc(2*x/sqrt(pi)) + cos(1)*fresnels(2*x/sqrt(pi)))/2', 'latex': '\\frac{\\sqrt{\\pi} \\left(\\sin{\\left(1 \\right)} C\\left(\\frac{2 x}{\\sqrt{\\pi}}\\right) + \\cos{\\left(1 \\right)} S\\left(\\frac{2 x}{\\sqrt{\\pi}}\\right)\\right)}{2}', 'properties': {'singularities': [], 'is_periodic': False, 'domain': 'R'}}",integral_of_sin(2*x**2 + 1)
MCM_101_fa3483d1,"{'a': 1, 'b': 0, 'c': 1}","{'points': [{'x': -3.0, 'y': 0.1233}, {'x': -2.75, 'y': 0.1675}, {'x': -2.5, 'y': 0.0558}, {'x': -2.25, 'y': 0.2436}, {'x': -2.0, 'y': 0.0757}, {'x': -1.75, 'y': 0.0359}, {'x': -1.5, 'y': 0.2593}, {'x': -1.25, 'y': 0.2774}, {'x': -1.0, 'y': 0.059}, {'x': -0.75, 'y': -0.1407}, {'x': -0.5, 'y': -0.1946}, {'x': -0.25, 'y': -0.1261}, {'x': 0.0, 'y': 0.0}, {'x': 0.25, 'y': 0.1261}, {'x': 0.5, 'y': 0.1946}, {'x': 0.75, 'y': 0.1407}, {'x': 1.0, 'y': -0.059}, {'x': 1.25, 'y': -0.2774}, {'x': 1.5, 'y': -0.2593}, {'x': 1.75, 'y': -0.0359}, {'x': 2.0, 'y': -0.0757}, {'x': 2.25, 'y': -0.2436}, {'x': 2.5, 'y': -0.0558}, {'x': 2.75, 'y': -0.1675}, {'x': 3.0, 'y': -0.1233}]}","{'formula': 'sqrt(pi)*(cos(1)*fresnelc(2*x/sqrt(pi)) - sin(1)*fresnels(2*x/sqrt(pi)))/2', 'latex': '\\frac{\\sqrt{\\pi} \\left(\\cos{\\left(1 \\right)} C\\left(\\frac{2 x}{\\sqrt{\\pi}}\\right) - \\sin{\\left(1 \\right)} S\\left(\\frac{2 x}{\\sqrt{\\pi}}\\right)\\right)}{2}', 'properties': {'singularities': [], 'is_periodic': False, 'domain': 'R'}}",integral_of_cos(2*x**2 + 1)
MCM_101_be14b56f,"{'a': 1, 'b': 0, 'c': 1}","{'points': [{'x': -3.0, 'y': -0.9864}, {'x': -2.75, 'y': -1.1914}, {'x': -2.5, 'y': -1.2654}, {'x': -2.25, 'y': -1.1882}, {'x': -2.0, 'y': -0.9976}, {'x': -1.75, 'y': -0.7543}, {'x': -1.5, 'y': -0.5137}, {'x': -1.25, 'y': -0.3116}, {'x': -1.0, 'y': -0.1637}, {'x': -0.75, 'y': -0.0699}, {'x': -0.5, 'y': -0.0208}, {'x': -0.25, 'y': -0.0026}, {'x': 0.0, 'y': 0.0}, {'x': 0.25, 'y': 0.0026}, {'x': 0.5, 'y': 0.0208}, {'x': 0.75, 'y': 0.0699}, {'x': 1.0, 'y': 0.1637}, {'x': 1.25, 'y': 0.3116}, {'x': 1.5, 'y': 0.5137}, {'x': 1.75, 'y': 0.7543}, {'x': 2.0, 'y': 0.9976}, {'x': 2.25, 'y': 1.1882}, {'x': 2.5, 'y': 1.2654}, {'x': 2.75, 'y': 1.1914}, {'x': 3.0, 'y': 0.9864}]}","{'formula': '1.0*sqrt(pi)*fresnels(1.0*x/sqrt(pi))', 'latex': '1.0 \\sqrt{\\pi} S\\left(\\frac{1.0 x}{\\sqrt{\\pi}}\\right)', 'properties': {'singularities': [], 'is_periodic': False, 'domain': 'R'}}",integral_of_sin(0.5*x**2)
MCM_101_d3eff0b1,"{'a': 1, 'b': 0, 'c': 1}","{'points': [{'x': -3.0, 'y': -0.5765}, {'x': -2.75, 'y': -0.71}, {'x': -2.5, 'y': -0.9441}, {'x': -2.25, 'y': -1.178}, {'x': -2.0, 'y': -1.3352}, {'x': -1.75, 'y': -1.3819}, {'x': -1.5, 'y': -1.321}, {'x': -1.25, 'y': -1.1758}, {'x': -1.0, 'y': -0.9753}, {'x': -0.75, 'y': -0.7441}, {'x': -0.5, 'y': -0.4992}, {'x': -0.25, 'y': -0.25}, {'x': 0.0, 'y': 0.0}, {'x': 0.25, 'y': 0.25}, {'x': 0.5, 'y': 0.4992}, {'x': 0.75, 'y': 0.7441}, {'x': 1.0, 'y': 0.9753}, {'x': 1.25, 'y': 1.1758}, {'x': 1.5, 'y': 1.321}, {'x': 1.75, 'y': 1.3819}, {'x': 2.0, 'y': 1.3352}, {'x': 2.25, 'y': 1.178}, {'x': 2.5, 'y': 0.9441}, {'x': 2.75, 'y': 0.71}, {'x': 3.0, 'y': 0.5765}]}","{'formula': '1.0*sqrt(pi)*fresnelc(1.0*x/sqrt(pi))', 'latex': '1.0 \\sqrt{\\pi} C\\left(\\frac{1.0 x}{\\sqrt{\\pi}}\\right)', 'properties': {'singularities': [], 'is_periodic': False, 'domain': 'R'}}",integral_of_cos(0.5*x**2)
MCM_103_7038cd17,"{'a': 1, 'b': 0, 'c': 3}","{'points': [{'x': -3.0, 'y': 820.125}, {'x': -2.75, 'y': 408.8571}, {'x': -2.5, 'y': 190.7349}, {'x': -2.25, 'y': 82.1051}, {'x': -2.0, 'y': 32.0}, {'x': -1.75, 'y': 10.9955}, {'x': -1.5, 'y': 3.2036}, {'x': -1.25, 'y': 0.7451}, {'x': -1.0, 'y': 0.125}, {'x': -0.75, 'y': 0.0125}, {'x': -0.5, 'y': 0.0005}, {'x': -0.25, 'y': 0.0}, {'x': 0.0, 'y': 0.0}, {'x': 0.25, 'y': 0.0}, {'x': 0.5, 'y': 0.0005}, {'x': 0.75, 'y': 0.0125}, {'x': 1.0, 'y': 0.125}, {'x': 1.25, 'y': 0.7451}, {'x': 1.5, 'y': 3.2036}, {'x': 1.75, 'y': 10.9955}, {'x': 2.0, 'y': 32.0}, {'x': 2.25, 'y': 82.1051}, {'x': 2.5, 'y': 190.7349}, {'x': 2.75, 'y': 408.8571}, {'x': 3.0, 'y': 820.125}]}","{'formula': 'x**8/8', 'latex': '\\frac{x^{8}}{8}', 'properties': {'singularities': [], 'is_periodic': False, 'domain': 'R'}}",integral_of_x**7
MCM_103_c877caed,"{'a': 1, 'b': 0, 'c': 3}","{'points': [{'x': -3.0, 'y': 80.3421}, {'x': -2.75, 'y': 47.9056}, {'x': -2.5, 'y': 27.4106}, {'x': -2.25, 'y': 14.8246}, {'x': -2.0, 'y': 7.3891}, {'x': -1.75, 'y': 3.237}, {'x': -1.5, 'y': 1.1204}, {'x': -1.25, 'y': 0.2181}, {'x': -1.0, 'y': 0.0}, {'x': -0.75, 'y': 0.1323}, {'x': -0.5, 'y': 0.4122}, {'x': -0.25, 'y': 0.7223}, {'x': 0.0, 'y': 1.0}, {'x': 0.25, 'y': 1.2777}, {'x': 0.5, 'y': 1.5878}, {'x': 0.75, 'y': 1.8677}, {'x': 1.0, 'y': 2.0}, {'x': 1.25, 'y': 1.7819}, {'x': 1.5, 'y': 0.8796}, {'x': 1.75, 'y': -1.237}, {'x': 2.0, 'y': -5.3891}, {'x': 2.25, 'y': -12.8246}, {'x': 2.5, 'y': -25.4106}, {'x': 2.75, 'y': -45.9056}, {'x': 3.0, 'y': -78.3421}]}","{'formula': 'Piecewise(((x**2 + 2*x + 1)*exp(-x), x <= 0), ((-x**2 + 2*x - 1)*exp(x) + 2, True))', 'latex': '\\begin{cases} \\left(x^{2} + 2 x + 1\\right) e^{- x} & \\text{for}\\: x \\leq 0 \\\\\\left(- x^{2} + 2 x - 1\\right) e^{x} + 2 & \\text{otherwise} \\end{cases}', 'properties': {'singularities': [], 'is_periodic': False, 'domain': 'R'}}",integral_of_(1 - x**2)*exp(Abs(x))
MCM_110_050aeaf4,"{'a': 1, 'b': 1, 'c': 0}","{'points': [{'x': -3.0, 'y': -4.2057}, {'x': -2.75, 'y': -3.6336}, {'x': -2.5, 'y': -3.135}, {'x': -2.25, 'y': -2.695}, {'x': -2.0, 'y': -2.302}, {'x': -1.75, 'y': -1.9463}, {'x': -1.5, 'y': -1.6205}, {'x': -1.25, 'y': -1.3183}, {'x': -1.0, 'y': -1.0344}, {'x': -0.75, 'y': -0.7643}, {'x': -0.5, 'y': -0.5042}, {'x': -0.25, 'y': -0.2505}, {'x': 0.0, 'y': 0.0}, {'x': 0.25, 'y': 0.2505}, {'x': 0.5, 'y': 0.5042}, {'x': 0.75, 'y': 0.7643}, {'x': 1.0, 'y': 1.0344}, {'x': 1.25, 'y': 1.3183}, {'x': 1.5, 'y': 1.6205}, {'x': 1.75, 'y': 1.9463}, {'x': 2.0, 'y': 2.302}, {'x': 2.25, 'y': 2.695}, {'x': 2.5, 'y': 3.135}, {'x': 2.75, 'y': 3.6336}, {'x': 3.0, 'y': 4.2057}]}","{'formula': '1.58113883008419*sqrt(pi)*erfi(0.316227766016838*x)', 'latex': '1.58113883008419 \\sqrt{\\pi} \\operatorname{erfi}{\\left(0.316227766016838 x \\right)}', 'properties': {'singularities': [], 'is_periodic': False, 'domain': 'R'}}",integral_of_exp(0.1*x**2)
MCM_110_605ba7e4,"{'a': 1, 'b': 1, 'c': 0}","{'points': [{'x': -3.0, 'y': -3.1111}, {'x': -2.75, 'y': -2.9235}, {'x': -2.5, 'y': -2.6013}, {'x': -2.25, 'y': -2.1915}, {'x': -2.0, 'y': -1.7416}, {'x': -1.75, 'y': -1.2959}, {'x': -1.5, 'y': -0.8914}, {'x': -1.25, 'y': -0.5548}, {'x': -1.0, 'y': -0.3012}, {'x': -0.75, 'y': -0.1329}, {'x': -0.5, 'y': -0.0406}, {'x': -0.25, 'y': -0.0052}, {'x': 0.0, 'y': 0.0}, {'x': 0.25, 'y': 0.0052}, {'x': 0.5, 'y': 0.0406}, {'x': 0.75, 'y': 0.1329}, {'x': 1.0, 'y': 0.3012}, {'x': 1.25, 'y': 0.5548}, {'x': 1.5, 'y': 0.8914}, {'x': 1.75, 'y': 1.2959}, {'x': 2.0, 'y': 1.7416}, {'x': 2.25, 'y': 2.1915}, {'x': 2.5, 'y': 2.6013}, {'x': 2.75, 'y': 2.9235}, {'x': 3.0, 'y': 3.1111}]}","{'formula': '-x*cos(x) + sin(x)', 'latex': '- x \\cos{\\left(x \\right)} + \\sin{\\left(x \\right)}', 'properties': {'singularities': [], 'is_periodic': False, 'domain': 'R'}}",integral_of_x*sin(x)
MCM_110_93785fa0,"{'a': 1, 'b': 1, 'c': 0}","{'points': [{'x': -3.0, 'y': 4.9521}, {'x': -2.75, 'y': 2.9607}, {'x': -2.5, 'y': 1.4622}, {'x': -2.25, 'y': 0.4439}, {'x': -2.0, 'y': -0.154}, {'x': -1.75, 'y': -0.4216}, {'x': -1.5, 'y': -0.4616}, {'x': -1.25, 'y': -0.3731}, {'x': -1.0, 'y': -0.2391}, {'x': -0.75, 'y': -0.1177}, {'x': -0.5, 'y': -0.0386}, {'x': -0.25, 'y': -0.0051}, {'x': 0.0, 'y': 0.0}, {'x': 0.25, 'y': 0.0051}, {'x': 0.5, 'y': 0.0386}, {'x': 0.75, 'y': 0.1177}, {'x': 1.0, 'y': 0.2391}, {'x': 1.25, 'y': 0.3731}, {'x': 1.5, 'y': 0.4616}, {'x': 1.75, 'y': 0.4216}, {'x': 2.0, 'y': 0.154}, {'x': 2.25, 'y': -0.4439}, {'x': 2.5, 'y': -1.4622}, {'x': 2.75, 'y': -2.9607}, {'x': 3.0, 'y': -4.9521}]}","{'formula': 'x**2*sin(x) + 2*x*cos(x) - 2*sin(x)', 'latex': 'x^{2} \\sin{\\left(x \\right)} + 2 x \\cos{\\left(x \\right)} - 2 \\sin{\\left(x \\right)}', 'properties': {'singularities': [], 'is_periodic': False, 'domain': 'R'}}",integral_of_x**2*cos(x)
MCM_110_1a689a08,"{'a': 1, 'b': 1, 'c': 0}","{'points': [{'x': -3.0, 'y': -4.4502}, {'x': -2.75, 'y': -3.7173}, {'x': -2.5, 'y': -3.0429}, {'x': -2.25, 'y': -2.4259}, {'x': -2.0, 'y': -1.8647}, {'x': -1.75, 'y': -1.3575}, {'x': -1.5, 'y': -0.9019}, {'x': -1.25, 'y': -0.4947}, {'x': -1.0, 'y': -0.1321}, {'x': -0.75, 'y': 0.1911}, {'x': -0.5, 'y': 0.4815}, {'x': -0.25, 'y': 0.7476}, {'x': 0.0, 'y': 1.0}, {'x': 0.25, 'y': 1.2528}, {'x': 0.5, 'y': 1.5237}, {'x': 0.75, 'y': 1.8358}, {'x': 1.0, 'y': 2.2183}, {'x': 1.25, 'y': 2.7091}, {'x': 1.5, 'y': 3.3567}, {'x': 1.75, 'y': 4.2234}, {'x': 2.0, 'y': 5.3891}, {'x': 2.25, 'y': 6.9565}, {'x': 2.5, 'y': 9.0575}, {'x': 2.75, 'y': 11.8614}, {'x': 3.0, 'y': 15.5855}]}","{'formula': '-x**2/2 + exp(x)', 'latex': '- \\frac{x^{2}}{2} + e^{x}', 'properties': {'singularities': [], 'is_periodic': False, 'domain': 'R'}}",integral_of_-x + exp(x)
MCM_110_c7cb232d,"{'a': 1, 'b': 1, 'c': 0}","{'points': [{'x': -3.0, 'y': -8.8197}, {'x': -2.75, 'y': -6.7178}, {'x': -2.5, 'y': -4.9533}, {'x': -2.25, 'y': -3.4936}, {'x': -2.0, 'y': -2.306}, {'x': -1.75, 'y': -1.3575}, {'x': -1.5, 'y': -0.6149}, {'x': -1.25, 'y': -0.0445}, {'x': -1.0, 'y': 0.388}, {'x': -0.75, 'y': 0.7172}, {'x': -0.5, 'y': 0.9785}, {'x': -0.25, 'y': 1.2079}, {'x': 0.0, 'y': 1.4427}, {'x': 0.25, 'y': 1.7209}, {'x': 0.5, 'y': 2.0819}, {'x': 0.75, 'y': 2.5669}, {'x': 1.0, 'y': 3.2187}, {'x': 1.25, 'y': 4.0824}, {'x': 1.5, 'y': 5.2056}, {'x': 1.75, 'y': 6.6391}, {'x': 2.0, 'y': 8.4374}, {'x': 2.25, 'y': 10.6595}, {'x': 2.5, 'y': 13.3694}, {'x': 2.75, 'y': 16.6375}, {'x': 3.0, 'y': 20.5416}]}","{'formula': '2**x/log(2) + x**3/3', 'latex': '\\frac{2^{x}}{\\log{\\left(2 \\right)}} + \\frac{x^{3}}{3}', 'properties': {'singularities': [], 'is_periodic': False, 'domain': 'R'}}",integral_of_2**x + x**2
MCM_113_06632e0c,"{'a': 1, 'b': 1, 'c': 3}","{'points': [{'x': -3.0, 'y': 1242.0996}, {'x': -2.75, 'y': 1128.4204}, {'x': -2.5, 'y': 1065.484}, {'x': -2.25, 'y': 1031.7591}, {'x': -2.0, 'y': 1014.4408}, {'x': -1.75, 'y': 1006.0336}, {'x': -1.5, 'y': 1002.2495}, {'x': -1.25, 'y': 1000.7152}, {'x': -1.0, 'y': 1000.1797}, {'x': -0.75, 'y': 1000.0309}, {'x': -0.5, 'y': 1000.0027}, {'x': -0.25, 'y': 1000.0}, {'x': 0.0, 'y': 1000.0}, {'x': 0.25, 'y': 1000.0}, {'x': 0.5, 'y': 1000.0027}, {'x': 0.75, 'y': 1000.0309}, {'x': 1.0, 'y': 1000.1797}, {'x': 1.25, 'y': 1000.7152}, {'x': 1.5, 'y': 1002.2495}, {'x': 1.75, 'y': 1006.0336}, {'x': 2.0, 'y': 1014.4408}, {'x': 2.25, 'y': 1031.7591}, {'x': 2.5, 'y': 1065.484}, {'x': 2.75, 'y': 1128.4204}, {'x': 3.0, 'y': 1242.0996}]}","{'formula': '(5.0*x**4 - 100.0*x**2 + 1000.0)*exp(0.1*x**2)', 'latex': '\\left(5.0 x^{4} - 100.0 x^{2} + 1000.0\\right) e^{0.1 x^{2}}', 'properties': {'singularities': [], 'is_periodic': False, 'domain': 'R'}}",integral_of_x**5*exp(0.1*x**2)
MCM_120_1238e4fa,"{'a': 1, 'b': 2, 'c': 0}","{'points': [{'x': -3.0, 'y': 0.0}, {'x': -2.75, 'y': -0.3151}, {'x': -2.5, 'y': -0.5208}, {'x': -2.25, 'y': -0.6328}, {'x': -2.0, 'y': -0.6667}, {'x': -1.75, 'y': -0.638}, {'x': -1.5, 'y': -0.5625}, {'x': -1.25, 'y': -0.4557}, {'x': -1.0, 'y': -0.3333}, {'x': -0.75, 'y': -0.2109}, {'x': -0.5, 'y': -0.1042}, {'x': -0.25, 'y': -0.0286}, {'x': 0.0, 'y': 0.0}, {'x': 0.25, 'y': 0.0339}, {'x': 0.5, 'y': 0.1458}, {'x': 0.75, 'y': 0.3516}, {'x': 1.0, 'y': 0.6667}, {'x': 1.25, 'y': 1.1068}, {'x': 1.5, 'y': 1.6875}, {'x': 1.75, 'y': 2.4245}, {'x': 2.0, 'y': 3.3333}, {'x': 2.25, 'y': 4.4297}, {'x': 2.5, 'y': 5.7292}, {'x': 2.75, 'y': 7.2474}, {'x': 3.0, 'y': 9.0}]}","{'formula': 'Piecewise((x**2*(-0.166666666666667*x - 0.5), x <= 0), (x**2*(0.166666666666667*x + 0.5), True))', 'latex': '\\begin{cases} x^{2} \\left(- 0.166666666666667 x - 0.5\\right) & \\text{for}\\: x \\leq 0 \\\\x^{2} \\left(0.166666666666667 x + 0.5\\right) & \\text{otherwise} \\end{cases}', 'properties': {'singularities': [], 'is_periodic': False, 'domain': 'R'}}","integral_of_Piecewise((x*(0.5*x + 1), x > 0), (x*(-0.5*x - 1), True))"
MCM_120_b0d20848,"{'a': 1, 'b': 2, 'c': 0}","{'points': [{'x': -3.0, 'y': 0.0}, {'x': -2.75, 'y': 0.0}, {'x': -2.5, 'y': 0.0}, {'x': -2.25, 'y': 0.0}, {'x': -2.0, 'y': 0.0}, {'x': -1.75, 'y': 0.0}, {'x': -1.5, 'y': 0.0}, {'x': -1.25, 'y': 0.0}, {'x': -1.0, 'y': 0.0}, {'x': -0.75, 'y': 0.0}, {'x': -0.5, 'y': 0.0}, {'x': -0.25, 'y': 0.0}, {'x': 0.0, 'y': 0.0}, {'x': 0.25, 'y': 0.0625}, {'x': 0.5, 'y': 0.25}, {'x': 0.75, 'y': 0.5625}, {'x': 1.0, 'y': 1.0}, {'x': 1.25, 'y': 1.5625}, {'x': 1.5, 'y': 2.25}, {'x': 1.75, 'y': 3.0625}, {'x': 2.0, 'y': 4.0}, {'x': 2.25, 'y': 5.0625}, {'x': 2.5, 'y': 6.25}, {'x': 2.75, 'y': 7.5625}, {'x': 3.0, 'y': 9.0}]}","{'formula': 'Piecewise((0, x <= 0), (x**2, True))', 'latex': '\\begin{cases} 0 & \\text{for}\\: x \\leq 0 \\\\x^{2} & \\text{otherwise} \\end{cases}', 'properties': {'singularities': [], 'is_periodic': False, 'domain': 'R'}}",integral_of_x + Abs(x)
MCM_120_22ff64cd,"{'a': 1, 'b': 2, 'c': 0}","{'points': [{'x': -3.0, 'y': -4.5}, {'x': -2.75, 'y': -3.7812}, {'x': -2.5, 'y': -3.125}, {'x': -2.25, 'y': -2.5312}, {'x': -2.0, 'y': -2.0}, {'x': -1.75, 'y': -1.5312}, {'x': -1.5, 'y': -1.125}, {'x': -1.25, 'y': -0.7812}, {'x': -1.0, 'y': -0.5}, {'x': -0.75, 'y': -0.2812}, {'x': -0.5, 'y': -0.125}, {'x': -0.25, 'y': -0.0312}, {'x': 0.0, 'y': 0.0}, {'x': 0.25, 'y': 0.0312}, {'x': 0.5, 'y': 0.125}, {'x': 0.75, 'y': 0.2812}, {'x': 1.0, 'y': 0.5}, {'x': 1.25, 'y': 0.7812}, {'x': 1.5, 'y': 1.125}, {'x': 1.75, 'y': 1.5312}, {'x': 2.0, 'y': 2.0}, {'x': 2.25, 'y': 2.5312}, {'x': 2.5, 'y': 3.125}, {'x': 2.75, 'y': 3.7812}, {'x': 3.0, 'y': 4.5}]}","{'formula': 'Piecewise((-x**2/2, x < 0), (x**2/2, True))', 'latex': '\\begin{cases} - \\frac{x^{2}}{2} & \\text{for}\\: x < 0 \\\\\\frac{x^{2}}{2} & \\text{otherwise} \\end{cases}', 'properties': {'singularities': [], 'is_periodic': False, 'domain': 'R'}}",integral_of_x*sign(x)
MCM_120_438fec77,"{'a': 1, 'b': 2, 'c': 0}","{'points': [{'x': -3.0, 'y': 3.1111}, {'x': -2.75, 'y': 2.9235}, {'x': -2.5, 'y': 2.6013}, {'x': -2.25, 'y': 2.1915}, {'x': -2.0, 'y': 1.7416}, {'x': -1.75, 'y': 1.2959}, {'x': -1.5, 'y': 0.8914}, {'x': -1.25, 'y': 0.5548}, {'x': -1.0, 'y': 0.3012}, {'x': -0.75, 'y': 0.1329}, {'x': -0.5, 'y': 0.0406}, {'x': -0.25, 'y': 0.0052}, {'x': 0.0, 'y': 0.0}, {'x': 0.25, 'y': 0.0052}, {'x': 0.5, 'y': 0.0406}, {'x': 0.75, 'y': 0.1329}, {'x': 1.0, 'y': 0.3012}, {'x': 1.25, 'y': 0.5548}, {'x': 1.5, 'y': 0.8914}, {'x': 1.75, 'y': 1.2959}, {'x': 2.0, 'y': 1.7416}, {'x': 2.25, 'y': 2.1915}, {'x': 2.5, 'y': 2.6013}, {'x': 2.75, 'y': 2.9235}, {'x': 3.0, 'y': 3.1111}]}","{'formula': 'Piecewise((x*cos(x) - sin(x), x <= 0), (-x*cos(x) + sin(x), True))', 'latex': '\\begin{cases} x \\cos{\\left(x \\right)} - \\sin{\\left(x \\right)} & \\text{for}\\: x \\leq 0 \\\\- x \\cos{\\left(x \\right)} + \\sin{\\left(x \\right)} & \\text{otherwise} \\end{cases}', 'properties': {'singularities': [], 'is_periodic': False, 'domain': 'R'}}",integral_of_sin(x)*Abs(x)
MCM_120_eb906b14,"{'a': 1, 'b': 2, 'c': 0}","{'points': [{'x': -3.0, 'y': -0.99}, {'x': -2.75, 'y': -0.9243}, {'x': -2.5, 'y': -0.8011}, {'x': -2.25, 'y': -0.6282}, {'x': -2.0, 'y': -0.4161}, {'x': -1.75, 'y': -0.1782}, {'x': -1.5, 'y': 0.0707}, {'x': -1.25, 'y': 0.3153}, {'x': -1.0, 'y': 0.5403}, {'x': -0.75, 'y': 0.7317}, {'x': -0.5, 'y': 0.8776}, {'x': -0.25, 'y': 0.9689}, {'x': 0.0, 'y': 1.0}, {'x': 0.25, 'y': 1.0311}, {'x': 0.5, 'y': 1.1224}, {'x': 0.75, 'y': 1.2683}, {'x': 1.0, 'y': 1.4597}, {'x': 1.25, 'y': 1.6847}, {'x': 1.5, 'y': 1.9293}, {'x': 1.75, 'y': 2.1782}, {'x': 2.0, 'y': 2.4161}, {'x': 2.25, 'y': 2.6282}, {'x': 2.5, 'y': 2.8011}, {'x': 2.75, 'y': 2.9243}, {'x': 3.0, 'y': 2.99}]}","{'formula': 'Piecewise((cos(x), x <= 0), (2 - cos(x), x <= pi), (cos(x) + 4, True))', 'latex': '\\begin{cases} \\cos{\\left(x \\right)} & \\text{for}\\: x \\leq 0 \\\\2 - \\cos{\\left(x \\right)} & \\text{for}\\: x \\leq \\pi \\\\\\cos{\\left(x \\right)} + 4 & \\text{otherwise} \\end{cases}', 'properties': {'singularities': [], 'is_periodic': False, 'domain': 'R'}}",integral_of_Abs(sin(x))
MCM_121_40ed8377,"{'a': 1, 'b': 2, 'c': 1}","{'points': [{'x': -3.0, 'y': 0.0}, {'x': -2.75, 'y': 0.0}, {'x': -2.5, 'y': 0.0}, {'x': -2.25, 'y': 0.0}, {'x': -2.0, 'y': 0.0}, {'x': -1.75, 'y': 0.0}, {'x': -1.5, 'y': 0.0}, {'x': -1.25, 'y': 0.0}, {'x': -1.0, 'y': 0.0}, {'x': -0.75, 'y': 0.0}, {'x': -0.5, 'y': 0.0}, {'x': -0.25, 'y': 0.0}, {'x': 0.0, 'y': 0.0}, {'x': 0.25, 'y': 0.0612}, {'x': 0.5, 'y': 0.2298}, {'x': 0.75, 'y': 0.4646}, {'x': 1.0, 'y': 0.7081}, {'x': 1.25, 'y': 0.9006}, {'x': 1.5, 'y': 0.995}, {'x': 1.75, 'y': 0.9682}, {'x': 2.0, 'y': 0.8268}, {'x': 2.25, 'y': 0.6054}, {'x': 2.5, 'y': 0.3582}, {'x': 2.75, 'y': 0.1457}, {'x': 3.0, 'y': 0.0199}]}","{'formula': 'Piecewise((0, x <= 0), (sin(x)**2, True))', 'latex': '\\begin{cases} 0 & \\text{for}\\: x \\leq 0 \\\\\\sin^{2}{\\left(x \\right)} & \\text{otherwise} \\end{cases}', 'properties': {'singularities': [], 'is_periodic': False, 'domain': 'R'}}",integral_of_sin(x + Abs(x))
MCM_121_716c560a,"{'a': 1, 'b': 2, 'c': 1}","{'points': [{'x': -3.0, 'y': -3.0}, {'x': -2.75, 'y': -2.75}, {'x': -2.5, 'y': -2.5}, {'x': -2.25, 'y': -2.25}, {'x': -2.0, 'y': -2.0}, {'x': -1.75, 'y': -1.75}, {'x': -1.5, 'y': -1.5}, {'x': -1.25, 'y': -1.25}, {'x': -1.0, 'y': -1.0}, {'x': -0.75, 'y': -0.75}, {'x': -0.5, 'y': -0.5}, {'x': -0.25, 'y': -0.25}, {'x': 0.0, 'y': 0.0}, {'x': 0.25, 'y': 0.2397}, {'x': 0.5, 'y': 0.4207}, {'x': 0.75, 'y': 0.4987}, {'x': 1.0, 'y': 0.4546}, {'x': 1.25, 'y': 0.2992}, {'x': 1.5, 'y': 0.0706}, {'x': 1.75, 'y': -0.1754}, {'x': 2.0, 'y': -0.3784}, {'x': 2.25, 'y': -0.4888}, {'x': 2.5, 'y': -0.4795}, {'x': 2.75, 'y': -0.3528}, {'x': 3.0, 'y': -0.1397}]}","{'formula': 'Piecewise((x, x <= 0), (sin(2*x)/2, True))', 'latex': '\\begin{cases} x & \\text{for}\\: x \\leq 0 \\\\\\frac{\\sin{\\left(2 x \\right)}}{2} & \\text{otherwise} \\end{cases}', 'properties': {'singularities': [], 'is_periodic': False, 'domain': 'R'}}",integral_of_cos(x + Abs(x))
MCM_121_05add249,"{'a': 1, 'b': 2, 'c': 1}","{'points': [{'x': -3.0, 'y': -0.99}, {'x': -2.75, 'y': -0.9243}, {'x': -2.5, 'y': -0.8011}, {'x': -2.25, 'y': -0.6282}, {'x': -2.0, 'y': -0.4161}, {'x': -1.75, 'y': -0.1782}, {'x': -1.5, 'y': 0.0707}, {'x': -1.25, 'y': 0.3153}, {'x': -1.0, 'y': 0.5403}, {'x': -0.75, 'y': 0.7317}, {'x': -0.5, 'y': 0.8776}, {'x': -0.25, 'y': 0.9689}, {'x': 0.0, 'y': 1.0}, {'x': 0.25, 'y': 1.0311}, {'x': 0.5, 'y': 1.1224}, {'x': 0.75, 'y': 1.2683}, {'x': 1.0, 'y': 1.4597}, {'x': 1.25, 'y': 1.6847}, {'x': 1.5, 'y': 1.9293}, {'x': 1.75, 'y': 2.1782}, {'x': 2.0, 'y': 2.4161}, {'x': 2.25, 'y': 2.6282}, {'x': 2.5, 'y': 2.8011}, {'x': 2.75, 'y': 2.9243}, {'x': 3.0, 'y': 2.99}]}","{'formula': 'Piecewise((cos(x), x < 0), (2 - cos(x), True))', 'latex': '\\begin{cases} \\cos{\\left(x \\right)} & \\text{for}\\: x < 0 \\\\2 - \\cos{\\left(x \\right)} & \\text{otherwise} \\end{cases}', 'properties': {'singularities': [], 'is_periodic': False, 'domain': 'R'}}",integral_of_sin(x*sign(x))
MCM_130_925ef670,"{'a': 1, 'b': 3, 'c': 0}","{'points': [{'x': -3.0, 'y': -3.6914}, {'x': -2.75, 'y': -3.4414}, {'x': -2.5, 'y': -3.1914}, {'x': -2.25, 'y': -2.9414}, {'x': -2.0, 'y': -2.6914}, {'x': -1.75, 'y': -2.4413}, {'x': -1.5, 'y': -2.1869}, {'x': -1.25, 'y': -1.871}, {'x': -1.0, 'y': -1.3543}, {'x': -0.75, 'y': -0.7086}, {'x': -0.5, 'y': -0.2297}, {'x': -0.25, 'y': -0.0293}, {'x': 0.0, 'y': 0.0}, {'x': 0.25, 'y': 0.0059}, {'x': 0.5, 'y': 0.0466}, {'x': 0.75, 'y': 0.1519}, {'x': 1.0, 'y': 0.3311}, {'x': 1.25, 'y': 0.5612}, {'x': 1.5, 'y': 0.8087}, {'x': 1.75, 'y': 1.0586}, {'x': 2.0, 'y': 1.3086}, {'x': 2.25, 'y': 1.5586}, {'x': 2.5, 'y': 1.8086}, {'x': 2.75, 'y': 2.0586}, {'x': 3.0, 'y': 2.3086}]}","{'formula': 'x*erf(x**2) - lowergamma(3/4, x**4)/sqrt(pi)', 'latex': 'x \\operatorname{erf}{\\left(x^{2} \\right)} - \\frac{\\gamma\\left(\\frac{3}{4}, x^{4}\\right)}{\\sqrt{\\pi}}', 'properties': {'singularities': [], 'is_periodic': False, 'domain': 'R'}}",integral_of_erf(x**2)
MCM_130_280a8a5f,"{'a': 1, 'b': 3, 'c': 0}","{'points': [{'x': -3.0, 'y': 1.0172}, {'x': -2.75, 'y': 1.1714}, {'x': -2.5, 'y': 1.2427}, {'x': -2.25, 'y': 1.2339}, {'x': -2.0, 'y': 1.1534}, {'x': -1.75, 'y': 1.0153}, {'x': -1.5, 'y': 0.8369}, {'x': -1.25, 'y': 0.6383}, {'x': -1.0, 'y': 0.4401}, {'x': -0.75, 'y': 0.2619}, {'x': -0.5, 'y': 0.1211}, {'x': -0.25, 'y': 0.031}, {'x': 0.0, 'y': 0.0}, {'x': 0.25, 'y': 0.031}, {'x': 0.5, 'y': 0.1211}, {'x': 0.75, 'y': 0.2619}, {'x': 1.0, 'y': 0.4401}, {'x': 1.25, 'y': 0.6383}, {'x': 1.5, 'y': 0.8369}, {'x': 1.75, 'y': 1.0153}, {'x': 2.0, 'y': 1.1534}, {'x': 2.25, 'y': 1.2339}, {'x': 2.5, 'y': 1.2427}, {'x': 2.75, 'y': 1.1714}, {'x': 3.0, 'y': 1.0172}]}","{'formula': 'x*besselj(1, x)', 'latex': 'x J_{1}\\left(x\\right)', 'properties': {'singularities': [], 'is_periodic': False, 'domain': 'R'}}","integral_of_x*besselj(0, Abs(x))"
MCM_133_5c6eb668,"{'a': 1, 'b': 3, 'c': 3}","{'points': [{'x': -3.0, 'y': 121.5}, {'x': -2.75, 'y': 72.085}, {'x': -2.5, 'y': 40.6901}, {'x': -2.25, 'y': 21.6244}, {'x': -2.0, 'y': 10.6667}, {'x': -1.75, 'y': 4.7872}, {'x': -1.5, 'y': 1.8993}, {'x': -1.25, 'y': 0.6467}, {'x': -1.0, 'y': 0.2096}, {'x': -0.75, 'y': 0.1072}, {'x': -0.5, 'y': 0.0946}, {'x': -0.25, 'y': 0.094}, {'x': 0.0, 'y': 0.094}, {'x': 0.25, 'y': 0.094}, {'x': 0.5, 'y': 0.0946}, {'x': 0.75, 'y': 0.1072}, {'x': 1.0, 'y': 0.2096}, {'x': 1.25, 'y': 0.6467}, {'x': 1.5, 'y': 1.8993}, {'x': 1.75, 'y': 4.7872}, {'x': 2.0, 'y': 10.6667}, {'x': 2.25, 'y': 21.6244}, {'x': 2.5, 'y': 40.6901}, {'x': 2.75, 'y': 72.085}, {'x': 3.0, 'y': 121.5}]}","{'formula': '(sqrt(pi)*x**6*exp(x**4)*erf(x**2) + x**4 + 1)*exp(-x**4)/(6*sqrt(pi))', 'latex': '\\frac{\\left(\\sqrt{\\pi} x^{6} e^{x^{4}} \\operatorname{erf}{\\left(x^{2} \\right)} + x^{4} + 1\\right) e^{- x^{4}}}{6 \\sqrt{\\pi}}', 'properties': {'singularities': [], 'is_periodic': False, 'domain': 'R'}}",integral_of_x**5*erf(x**2)
MCM_200_302b3070,"{'a': 2, 'b': 0, 'c': 0}","{'points': [{'x': -3.0, 'y': 20.25}, {'x': -2.75, 'y': 14.2979}, {'x': -2.5, 'y': 9.7656}, {'x': -2.25, 'y': 6.4072}, {'x': -2.0, 'y': 4.0}, {'x': -1.75, 'y': 2.3447}, {'x': -1.5, 'y': 1.2656}, {'x': -1.25, 'y': 0.6104}, {'x': -1.0, 'y': 0.25}, {'x': -0.75, 'y': 0.0791}, {'x': -0.5, 'y': 0.0156}, {'x': -0.25, 'y': 0.001}, {'x': 0.0, 'y': 0.0}, {'x': 0.25, 'y': 0.001}, {'x': 0.5, 'y': 0.0156}, {'x': 0.75, 'y': 0.0791}, {'x': 1.0, 'y': 0.25}, {'x': 1.25, 'y': 0.6104}, {'x': 1.5, 'y': 1.2656}, {'x': 1.75, 'y': 2.3447}, {'x': 2.0, 'y': 4.0}, {'x': 2.25, 'y': 6.4072}, {'x': 2.5, 'y': 9.7656}, {'x': 2.75, 'y': 14.2979}, {'x': 3.0, 'y': 20.25}]}","{'formula': 'x**4/4', 'latex': '\\frac{x^{4}}{4}', 'properties': {'singularities': [], 'is_periodic': False, 'domain': 'R'}}",integral_of_x**3
MCM_200_df0a1f76,"{'a': 2, 'b': 0, 'c': 0}","{'points': [{'x': -3.0, 'y': -15.75}, {'x': -2.75, 'y': -10.5166}, {'x': -2.5, 'y': -6.6406}, {'x': -2.25, 'y': -3.876}, {'x': -2.0, 'y': -2.0}, {'x': -1.75, 'y': -0.8135}, {'x': -1.5, 'y': -0.1406}, {'x': -1.25, 'y': 0.1709}, {'x': -1.0, 'y': 0.25}, {'x': -0.75, 'y': 0.2021}, {'x': -0.5, 'y': 0.1094}, {'x': -0.25, 'y': 0.0303}, {'x': 0.0, 'y': 0.0}, {'x': 0.25, 'y': 0.0303}, {'x': 0.5, 'y': 0.1094}, {'x': 0.75, 'y': 0.2021}, {'x': 1.0, 'y': 0.25}, {'x': 1.25, 'y': 0.1709}, {'x': 1.5, 'y': -0.1406}, {'x': 1.75, 'y': -0.8135}, {'x': 2.0, 'y': -2.0}, {'x': 2.25, 'y': -3.876}, {'x': 2.5, 'y': -6.6406}, {'x': 2.75, 'y': -10.5166}, {'x': 3.0, 'y': -15.75}]}","{'formula': 'x**2*(2 - x**2)/4', 'latex': '\\frac{x^{2} \\left(2 - x^{2}\\right)}{4}', 'properties': {'singularities': [], 'is_periodic': False, 'domain': 'R'}}",integral_of_-x**3 + x
MCM_200_7d33387b,"{'a': 2, 'b': 0, 'c': 0}","{'points': [{'x': -3.0, 'y': 4.5}, {'x': -2.75, 'y': 0.8665}, {'x': -2.5, 'y': -1.3021}, {'x': -2.25, 'y': -2.373}, {'x': -2.0, 'y': -2.6667}, {'x': -1.75, 'y': -2.4564}, {'x': -1.5, 'y': -1.9688}, {'x': -1.25, 'y': -1.3835}, {'x': -1.0, 'y': -0.8333}, {'x': -0.75, 'y': -0.4043}, {'x': -0.5, 'y': -0.1354}, {'x': -0.25, 'y': -0.0189}, {'x': 0.0, 'y': 0.0}, {'x': 0.25, 'y': 0.0228}, {'x': 0.5, 'y': 0.1979}, {'x': 0.75, 'y': 0.7207}, {'x': 1.0, 'y': 1.8333}, {'x': 1.25, 'y': 3.8249}, {'x': 1.5, 'y': 7.0312}, {'x': 1.75, 'y': 11.8353}, {'x': 2.0, 'y': 18.6667}, {'x': 2.25, 'y': 28.002}, {'x': 2.5, 'y': 40.3646}, {'x': 2.75, 'y': 56.3249}, {'x': 3.0, 'y': 76.5}]}","{'formula': 'x**3*(3*x + 8)/6', 'latex': '\\frac{x^{3} \\left(3 x + 8\\right)}{6}', 'properties': {'singularities': [], 'is_periodic': False, 'domain': 'R'}}",integral_of_2*x**2*(x + 2)
MCM_200_cbd25875,"{'a': 2, 'b': 0, 'c': 0}","{'points': [{'x': -3.0, 'y': -3.0}, {'x': -2.75, 'y': -2.1198}, {'x': -2.5, 'y': -1.4583}, {'x': -2.25, 'y': -0.9844}, {'x': -2.0, 'y': -0.6667}, {'x': -1.75, 'y': -0.474}, {'x': -1.5, 'y': -0.375}, {'x': -1.25, 'y': -0.3385}, {'x': -1.0, 'y': -0.3333}, {'x': -0.75, 'y': -0.3281}, {'x': -0.5, 'y': -0.2917}, {'x': -0.25, 'y': -0.1927}, {'x': 0.0, 'y': 0.0}, {'x': 0.25, 'y': 0.3177}, {'x': 0.5, 'y': 0.7917}, {'x': 0.75, 'y': 1.4531}, {'x': 1.0, 'y': 2.3333}, {'x': 1.25, 'y': 3.4635}, {'x': 1.5, 'y': 4.875}, {'x': 1.75, 'y': 6.599}, {'x': 2.0, 'y': 8.6667}, {'x': 2.25, 'y': 11.1094}, {'x': 2.5, 'y': 13.9583}, {'x': 2.75, 'y': 17.2448}, {'x': 3.0, 'y': 21.0}]}","{'formula': 'x*(x**2/3 + x + 1)', 'latex': 'x \\left(\\frac{x^{2}}{3} + x + 1\\right)', 'properties': {'singularities': [], 'is_periodic': False, 'domain': 'R'}}",integral_of_(x + 1)**2
MCM_200_308d24f0,"{'a': 2, 'b': 0, 'c': 0}","{'points': [{'x': -3.0, 'y': -14.25}, {'x': -2.75, 'y': -11.401}, {'x': -2.5, 'y': -8.9583}, {'x': -2.25, 'y': -6.8906}, {'x': -2.0, 'y': -5.1667}, {'x': -1.75, 'y': -3.7552}, {'x': -1.5, 'y': -2.625}, {'x': -1.25, 'y': -1.7448}, {'x': -1.0, 'y': -1.0833}, {'x': -0.75, 'y': -0.6094}, {'x': -0.5, 'y': -0.2917}, {'x': -0.25, 'y': -0.099}, {'x': 0.0, 'y': 0.0}, {'x': 0.25, 'y': 0.0365}, {'x': 0.5, 'y': 0.0417}, {'x': 0.75, 'y': 0.0469}, {'x': 1.0, 'y': 0.0833}, {'x': 1.25, 'y': 0.1823}, {'x': 1.5, 'y': 0.375}, {'x': 1.75, 'y': 0.6927}, {'x': 2.0, 'y': 1.1667}, {'x': 2.25, 'y': 1.8281}, {'x': 2.5, 'y': 2.7083}, {'x': 2.75, 'y': 3.8385}, {'x': 3.0, 'y': 5.25}]}","{'formula': 'x*(0.333333333333333*x**2 - 0.5*x + 0.25)', 'latex': 'x \\left(0.333333333333333 x^{2} - 0.5 x + 0.25\\right)', 'properties': {'singularities': [], 'is_periodic': False, 'domain': 'R'}}",integral_of_(x - 0.5)**2
MCM_200_4fcadf3d,"{'a': 2, 'b': 0, 'c': 0}","{'points': [{'x': -3.0, 'y': -21.0}, {'x': -2.75, 'y': -15.3542}, {'x': -2.5, 'y': -10.8333}, {'x': -2.25, 'y': -7.3125}, {'x': -2.0, 'y': -4.6667}, {'x': -1.75, 'y': -2.7708}, {'x': -1.5, 'y': -1.5}, {'x': -1.25, 'y': -0.7292}, {'x': -1.0, 'y': -0.3333}, {'x': -0.75, 'y': -0.1875}, {'x': -0.5, 'y': -0.1667}, {'x': -0.25, 'y': -0.1458}, {'x': 0.0, 'y': 0.0}, {'x': 0.25, 'y': 0.3958}, {'x': 0.5, 'y': 1.1667}, {'x': 0.75, 'y': 2.4375}, {'x': 1.0, 'y': 4.3333}, {'x': 1.25, 'y': 6.9792}, {'x': 1.5, 'y': 10.5}, {'x': 1.75, 'y': 15.0208}, {'x': 2.0, 'y': 20.6667}, {'x': 2.25, 'y': 27.5625}, {'x': 2.5, 'y': 35.8333}, {'x': 2.75, 'y': 45.6042}, {'x': 3.0, 'y': 57.0}]}","{'formula': 'x*(4*x**2 + 6*x + 3)/3', 'latex': '\\frac{x \\left(4 x^{2} + 6 x + 3\\right)}{3}', 'properties': {'singularities': [], 'is_periodic': False, 'domain': 'R'}}",integral_of_(2*x + 1)**2
MCM_201_1dfa2e2c,"{'a': 2, 'b': 0, 'c': 1}","{'points': [{'x': -3.0, 'y': 0.4564}, {'x': -2.75, 'y': 0.4614}, {'x': -2.5, 'y': 0.4992}, {'x': -2.25, 'y': 0.4248}, {'x': -2.0, 'y': 0.4519}, {'x': -1.75, 'y': 0.3925}, {'x': -1.5, 'y': 0.5869}, {'x': -1.25, 'y': 0.4725}, {'x': -1.0, 'y': 0.2338}, {'x': -0.75, 'y': 0.0782}, {'x': -0.5, 'y': 0.0156}, {'x': -0.25, 'y': 0.001}, {'x': 0.0, 'y': 0.0}, {'x': 0.25, 'y': 0.001}, {'x': 0.5, 'y': 0.0156}, {'x': 0.75, 'y': 0.0782}, {'x': 1.0, 'y': 0.2338}, {'x': 1.25, 'y': 0.4725}, {'x': 1.5, 'y': 0.5869}, {'x': 1.75, 'y': 0.3925}, {'x': 2.0, 'y': 0.4519}, {'x': 2.25, 'y': 0.4248}, {'x': 2.5, 'y': 0.4992}, {'x': 2.75, 'y': 0.4614}, {'x': 3.0, 'y': 0.4564}]}","{'formula': 'x**4*hyper((2/3,), (3/2, 5/3), -x**6/4)/4', 'latex': '\\frac{x^{4} {{}_{1}F_{2}\\left(\\begin{matrix} \\frac{2}{3} \\\\ \\frac{3}{2}, \\frac{5}{3} \\end{matrix}\\middle| {- \\frac{x^{6}}{4}} \\right)}}{4}', 'properties': {'singularities': [], 'is_periodic': False, 'domain': 'R'}}",integral_of_sin(x**3)
MCM_201_025dce1c,"{'a': 2, 'b': 0, 'c': 1}","{'points': [{'x': -3.0, 'y': -0.8048}, {'x': -2.75, 'y': -0.8939}, {'x': -2.5, 'y': -0.7782}, {'x': -2.25, 'y': -0.546}, {'x': -2.0, 'y': -0.3103}, {'x': -1.75, 'y': -0.1375}, {'x': -1.5, 'y': -0.0415}, {'x': -1.25, 'y': -0.0052}, {'x': -1.0, 'y': 0.0}, {'x': -0.75, 'y': 0.0052}, {'x': -0.5, 'y': 0.0415}, {'x': -0.25, 'y': 0.1375}, {'x': 0.0, 'y': 0.3103}, {'x': 0.25, 'y': 0.546}, {'x': 0.5, 'y': 0.7782}, {'x': 0.75, 'y': 0.8939}, {'x': 1.0, 'y': 0.8048}, {'x': 1.25, 'y': 0.5707}, {'x': 1.5, 'y': 0.4305}, {'x': 1.75, 'y': 0.5641}, {'x': 2.0, 'y': 0.7736}, {'x': 2.25, 'y': 0.6972}, {'x': 2.5, 'y': 0.4933}, {'x': 2.75, 'y': 0.6121}, {'x': 3.0, 'y': 0.7471}]}","{'formula': 'sqrt(2)*sqrt(pi)*fresnels(sqrt(2)*(x + 1)/sqrt(pi))/2', 'latex': '\\frac{\\sqrt{2} \\sqrt{\\pi} S\\left(\\frac{\\sqrt{2} \\left(x + 1\\right)}{\\sqrt{\\pi}}\\right)}{2}', 'properties': {'singularities': [], 'is_periodic': False, 'domain': 'R'}}",integral_of_sin((x + 1)**2)
MCM_201_5dcef309,"{'a': 2, 'b': 0, 'c': 1}","{'points': [{'x': -3.0, 'y': -0.4615}, {'x': -2.75, 'y': -0.6853}, {'x': -2.5, 'y': -0.8992}, {'x': -2.25, 'y': -0.9774}, {'x': -2.0, 'y': -0.9045}, {'x': -1.75, 'y': -0.7266}, {'x': -1.5, 'y': -0.4969}, {'x': -1.25, 'y': -0.2499}, {'x': -1.0, 'y': 0.0}, {'x': -0.75, 'y': 0.2499}, {'x': -0.5, 'y': 0.4969}, {'x': -0.25, 'y': 0.7266}, {'x': 0.0, 'y': 0.9045}, {'x': 0.25, 'y': 0.9774}, {'x': 0.5, 'y': 0.8992}, {'x': 0.75, 'y': 0.6853}, {'x': 1.0, 'y': 0.4615}, {'x': 1.25, 'y': 0.416}, {'x': 1.5, 'y': 0.6053}, {'x': 1.75, 'y': 0.7955}, {'x': 2.0, 'y': 0.7029}, {'x': 2.25, 'y': 0.4909}, {'x': 2.5, 'y': 0.577}, {'x': 2.75, 'y': 0.7588}, {'x': 3.0, 'y': 0.5945}]}","{'formula': 'sqrt(2)*sqrt(pi)*fresnelc(sqrt(2)*(x + 1)/sqrt(pi))/2', 'latex': '\\frac{\\sqrt{2} \\sqrt{\\pi} C\\left(\\frac{\\sqrt{2} \\left(x + 1\\right)}{\\sqrt{\\pi}}\\right)}{2}', 'properties': {'singularities': [], 'is_periodic': False, 'domain': 'R'}}",integral_of_cos((x + 1)**2)
MCM_201_61d6fcaf,"{'a': 2, 'b': 0, 'c': 1}","{'points': [{'x': -3.0, 'y': -0.4933}, {'x': -2.75, 'y': -0.6972}, {'x': -2.5, 'y': -0.7736}, {'x': -2.25, 'y': -0.5641}, {'x': -2.0, 'y': -0.4305}, {'x': -1.75, 'y': -0.5707}, {'x': -1.5, 'y': -0.8048}, {'x': -1.25, 'y': -0.8939}, {'x': -1.0, 'y': -0.7782}, {'x': -0.75, 'y': -0.546}, {'x': -0.5, 'y': -0.3103}, {'x': -0.25, 'y': -0.1375}, {'x': 0.0, 'y': -0.0415}, {'x': 0.25, 'y': -0.0052}, {'x': 0.5, 'y': 0.0}, {'x': 0.75, 'y': 0.0052}, {'x': 1.0, 'y': 0.0415}, {'x': 1.25, 'y': 0.1375}, {'x': 1.5, 'y': 0.3103}, {'x': 1.75, 'y': 0.546}, {'x': 2.0, 'y': 0.7782}, {'x': 2.25, 'y': 0.8939}, {'x': 2.5, 'y': 0.8048}, {'x': 2.75, 'y': 0.5707}, {'x': 3.0, 'y': 0.4305}]}","{'formula': 'sqrt(2)*sqrt(pi)*fresnels(1.0*sqrt(2)*(1.0*x - 0.5)/sqrt(pi))/2', 'latex': '\\frac{\\sqrt{2} \\sqrt{\\pi} S\\left(\\frac{1.0 \\sqrt{2} \\left(1.0 x - 0.5\\right)}{\\sqrt{\\pi}}\\right)}{2}', 'properties': {'singularities': [], 'is_periodic': False, 'domain': 'R'}}",integral_of_sin((x - 0.5)**2)
MCM_201_96803d1c,"{'a': 2, 'b': 0, 'c': 1}","{'points': [{'x': -3.0, 'y': -0.577}, {'x': -2.75, 'y': -0.4909}, {'x': -2.5, 'y': -0.7029}, {'x': -2.25, 'y': -0.7955}, {'x': -2.0, 'y': -0.6053}, {'x': -1.75, 'y': -0.416}, {'x': -1.5, 'y': -0.4615}, {'x': -1.25, 'y': -0.6853}, {'x': -1.0, 'y': -0.8992}, {'x': -0.75, 'y': -0.9774}, {'x': -0.5, 'y': -0.9045}, {'x': -0.25, 'y': -0.7266}, {'x': 0.0, 'y': -0.4969}, {'x': 0.25, 'y': -0.2499}, {'x': 0.5, 'y': 0.0}, {'x': 0.75, 'y': 0.2499}, {'x': 1.0, 'y': 0.4969}, {'x': 1.25, 'y': 0.7266}, {'x': 1.5, 'y': 0.9045}, {'x': 1.75, 'y': 0.9774}, {'x': 2.0, 'y': 0.8992}, {'x': 2.25, 'y': 0.6853}, {'x': 2.5, 'y': 0.4615}, {'x': 2.75, 'y': 0.416}, {'x': 3.0, 'y': 0.6053}]}","{'formula': 'sqrt(2)*sqrt(pi)*fresnelc(1.0*sqrt(2)*(1.0*x - 0.5)/sqrt(pi))/2', 'latex': '\\frac{\\sqrt{2} \\sqrt{\\pi} C\\left(\\frac{1.0 \\sqrt{2} \\left(1.0 x - 0.5\\right)}{\\sqrt{\\pi}}\\right)}{2}', 'properties': {'singularities': [], 'is_periodic': False, 'domain': 'R'}}",integral_of_cos((x - 0.5)**2)
MCM_201_40cb3b19,"{'a': 2, 'b': 0, 'c': 1}","{'points': [{'x': -3.0, 'y': -0.264}, {'x': -2.75, 'y': -0.3026}, {'x': -2.5, 'y': -0.3736}, {'x': -2.25, 'y': -0.2467}, {'x': -2.0, 'y': -0.3868}, {'x': -1.75, 'y': -0.2153}, {'x': -1.5, 'y': -0.4024}, {'x': -1.25, 'y': -0.3891}, {'x': -1.0, 'y': -0.1551}, {'x': -0.75, 'y': -0.0207}, {'x': -0.5, 'y': 0.0}, {'x': -0.25, 'y': 0.0207}, {'x': 0.0, 'y': 0.1551}, {'x': 0.25, 'y': 0.3891}, {'x': 0.5, 'y': 0.4024}, {'x': 0.75, 'y': 0.2153}, {'x': 1.0, 'y': 0.3868}, {'x': 1.25, 'y': 0.2467}, {'x': 1.5, 'y': 0.3736}, {'x': 1.75, 'y': 0.3026}, {'x': 2.0, 'y': 0.264}, {'x': 2.25, 'y': 0.2961}, {'x': 2.5, 'y': 0.3192}, {'x': 2.75, 'y': 0.32}, {'x': 3.0, 'y': 0.3029}]}","{'formula': 'sqrt(2)*sqrt(pi)*fresnels(sqrt(2)*(2*x + 1)/sqrt(pi))/4', 'latex': '\\frac{\\sqrt{2} \\sqrt{\\pi} S\\left(\\frac{\\sqrt{2} \\left(2 x + 1\\right)}{\\sqrt{\\pi}}\\right)}{4}', 'properties': {'singularities': [], 'is_periodic': False, 'domain': 'R'}}",integral_of_sin((2*x + 1)**2)
MCM_201_e32b4d33,"{'a': 2, 'b': 0, 'c': 1}","{'points': [{'x': -3.0, 'y': -0.3057}, {'x': -2.75, 'y': -0.3678}, {'x': -2.5, 'y': -0.2972}, {'x': -2.25, 'y': -0.2885}, {'x': -2.0, 'y': -0.3514}, {'x': -1.75, 'y': -0.3027}, {'x': -1.5, 'y': -0.2307}, {'x': -1.25, 'y': -0.4496}, {'x': -1.0, 'y': -0.4523}, {'x': -0.75, 'y': -0.2484}, {'x': -0.5, 'y': 0.0}, {'x': -0.25, 'y': 0.2484}, {'x': 0.0, 'y': 0.4523}, {'x': 0.25, 'y': 0.4496}, {'x': 0.5, 'y': 0.2307}, {'x': 0.75, 'y': 0.3027}, {'x': 1.0, 'y': 0.3514}, {'x': 1.25, 'y': 0.2885}, {'x': 1.5, 'y': 0.2972}, {'x': 1.75, 'y': 0.3678}, {'x': 2.0, 'y': 0.3057}, {'x': 2.25, 'y': 0.2713}, {'x': 2.5, 'y': 0.2721}, {'x': 2.75, 'y': 0.2755}, {'x': 3.0, 'y': 0.2792}]}","{'formula': 'sqrt(2)*sqrt(pi)*fresnelc(sqrt(2)*(2*x + 1)/sqrt(pi))/4', 'latex': '\\frac{\\sqrt{2} \\sqrt{\\pi} C\\left(\\frac{\\sqrt{2} \\left(2 x + 1\\right)}{\\sqrt{\\pi}}\\right)}{4}', 'properties': {'singularities': [], 'is_periodic': False, 'domain': 'R'}}",integral_of_cos((2*x + 1)**2)
MCM_203_632f01c2,"{'a': 2, 'b': 0, 'c': 3}","{'points': [{'x': -3.0, 'y': -2187.0}, {'x': -2.75, 'y': -999.4285}, {'x': -2.5, 'y': -423.8553}, {'x': -2.25, 'y': -164.2102}, {'x': -2.0, 'y': -56.8889}, {'x': -1.75, 'y': -17.1041}, {'x': -1.5, 'y': -4.2715}, {'x': -1.25, 'y': -0.8278}, {'x': -1.0, 'y': -0.1111}, {'x': -0.75, 'y': -0.0083}, {'x': -0.5, 'y': -0.0002}, {'x': -0.25, 'y': -0.0}, {'x': 0.0, 'y': 0.0}, {'x': 0.25, 'y': 0.0}, {'x': 0.5, 'y': 0.0002}, {'x': 0.75, 'y': 0.0083}, {'x': 1.0, 'y': 0.1111}, {'x': 1.25, 'y': 0.8278}, {'x': 1.5, 'y': 4.2715}, {'x': 1.75, 'y': 17.1041}, {'x': 2.0, 'y': 56.8889}, {'x': 2.25, 'y': 164.2102}, {'x': 2.5, 'y': 423.8553}, {'x': 2.75, 'y': 999.4285}, {'x': 3.0, 'y': 2187.0}]}","{'formula': 'x**9/9', 'latex': '\\frac{x^{9}}{9}', 'properties': {'singularities': [], 'is_periodic': False, 'domain': 'R'}}",integral_of_x**8
MCM_203_ed44b960,"{'a': 2, 'b': 0, 'c': 3}","{'points': [{'x': -3.0, 'y': -200.8554}, {'x': -2.75, 'y': -107.2987}, {'x': -2.5, 'y': -53.2984}, {'x': -2.25, 'y': -23.2746}, {'x': -2.0, 'y': -7.3891}, {'x': -1.75, 'y': 0.4496}, {'x': -1.5, 'y': 3.9215}, {'x': -1.25, 'y': 5.181}, {'x': -1.0, 'y': 5.4366}, {'x': -0.75, 'y': 5.3256}, {'x': -0.5, 'y': 5.1523}, {'x': -0.25, 'y': 5.0358}, {'x': 0.0, 'y': 5.0}, {'x': 0.25, 'y': 5.0358}, {'x': 0.5, 'y': 5.1523}, {'x': 0.75, 'y': 5.3256}, {'x': 1.0, 'y': 5.4366}, {'x': 1.25, 'y': 5.181}, {'x': 1.5, 'y': 3.9215}, {'x': 1.75, 'y': 0.4496}, {'x': 2.0, 'y': -7.3891}, {'x': 2.25, 'y': -23.2746}, {'x': 2.5, 'y': -53.2984}, {'x': 2.75, 'y': -107.2987}, {'x': 3.0, 'y': -200.8554}]}","{'formula': 'Piecewise(((x**3 + 3*x**2 + 5*x + 5)*exp(-x), x <= 0), ((-x**3 + 3*x**2 - 5*x + 5)*exp(x), True))', 'latex': '\\begin{cases} \\left(x^{3} + 3 x^{2} + 5 x + 5\\right) e^{- x} & \\text{for}\\: x \\leq 0 \\\\\\left(- x^{3} + 3 x^{2} - 5 x + 5\\right) e^{x} & \\text{otherwise} \\end{cases}', 'properties': {'singularities': [], 'is_periodic': False, 'domain': 'R'}}",integral_of_x*(1 - x**2)*exp(Abs(x))
MCM_210_89381b61,"{'a': 2, 'b': 1, 'c': 0}","{'points': [{'x': -3.0, 'y': -0.8862}, {'x': -2.75, 'y': -0.8861}, {'x': -2.5, 'y': -0.8859}, {'x': -2.25, 'y': -0.8849}, {'x': -2.0, 'y': -0.8821}, {'x': -1.75, 'y': -0.8744}, {'x': -1.5, 'y': -0.8562}, {'x': -1.25, 'y': -0.8179}, {'x': -1.0, 'y': -0.7468}, {'x': -0.75, 'y': -0.6302}, {'x': -0.5, 'y': -0.4613}, {'x': -0.25, 'y': -0.2449}, {'x': 0.0, 'y': 0.0}, {'x': 0.25, 'y': 0.2449}, {'x': 0.5, 'y': 0.4613}, {'x': 0.75, 'y': 0.6302}, {'x': 1.0, 'y': 0.7468}, {'x': 1.25, 'y': 0.8179}, {'x': 1.5, 'y': 0.8562}, {'x': 1.75, 'y': 0.8744}, {'x': 2.0, 'y': 0.8821}, {'x': 2.25, 'y': 0.8849}, {'x': 2.5, 'y': 0.8859}, {'x': 2.75, 'y': 0.8861}, {'x': 3.0, 'y': 0.8862}]}","{'formula': 'sqrt(pi)*erf(x)/2', 'latex': '\\frac{\\sqrt{\\pi} \\operatorname{erf}{\\left(x \\right)}}{2}', 'properties': {'singularities': [], 'is_periodic': False, 'domain': 'R'}}",integral_of_exp(-x**2)
MCM_210_1fc90ec7,"{'a': 2, 'b': 1, 'c': 0}","{'points': [{'x': -3.0, 'y': 0.0902}, {'x': -2.75, 'y': 0.1072}, {'x': -2.5, 'y': 0.1275}, {'x': -2.25, 'y': 0.1516}, {'x': -2.0, 'y': 0.1803}, {'x': -1.75, 'y': 0.2145}, {'x': -1.5, 'y': 0.255}, {'x': -1.25, 'y': 0.3033}, {'x': -1.0, 'y': 0.3607}, {'x': -0.75, 'y': 0.4289}, {'x': -0.5, 'y': 0.5101}, {'x': -0.25, 'y': 0.6066}, {'x': 0.0, 'y': 0.7213}, {'x': 0.25, 'y': 0.8578}, {'x': 0.5, 'y': 1.0201}, {'x': 0.75, 'y': 1.2132}, {'x': 1.0, 'y': 1.4427}, {'x': 1.25, 'y': 1.7157}, {'x': 1.5, 'y': 2.0403}, {'x': 1.75, 'y': 2.4263}, {'x': 2.0, 'y': 2.8854}, {'x': 2.25, 'y': 3.4313}, {'x': 2.5, 'y': 4.0806}, {'x': 2.75, 'y': 4.8526}, {'x': 3.0, 'y': 5.7708}]}","{'formula': '2**(x - 1)/log(2)', 'latex': '\\frac{2^{x - 1}}{\\log{\\left(2 \\right)}}', 'properties': {'singularities': [], 'is_periodic': False, 'domain': 'R'}}",integral_of_2**(x - 1)
MCM_213_b5edc1fe,"{'a': 2, 'b': 1, 'c': 3}","{'points': [{'x': -3.0, 'y': -8.2887}, {'x': -2.75, 'y': -12.8289}, {'x': -2.5, 'y': -17.9043}, {'x': -2.25, 'y': -22.8252}, {'x': -2.0, 'y': -26.9597}, {'x': -1.75, 'y': -29.9569}, {'x': -1.5, 'y': -31.8125}, {'x': -1.25, 'y': -32.7746}, {'x': -1.0, 'y': -33.1774}, {'x': -0.75, 'y': -33.3045}, {'x': -0.5, 'y': -33.3308}, {'x': -0.25, 'y': -33.3333}, {'x': 0.0, 'y': -33.3333}, {'x': 0.25, 'y': -33.3333}, {'x': 0.5, 'y': -33.3307}, {'x': 0.75, 'y': -33.3028}, {'x': 1.0, 'y': -33.1551}, {'x': 1.25, 'y': -32.6084}, {'x': 1.5, 'y': -30.9485}, {'x': 1.75, 'y': -26.4369}, {'x': 2.0, 'y': -14.8369}, {'x': 2.25, 'y': 14.4803}, {'x': 2.5, 'y': 89.4512}, {'x': 2.75, 'y': 287.9875}, {'x': 3.0, 'y': 843.1848}]}","{'formula': '(3.33333333333333*x**3 - 33.3333333333333)*exp(0.1*x**3)', 'latex': '\\left(3.33333333333333 x^{3} - 33.3333333333333\\right) e^{0.1 x^{3}}', 'properties': {'singularities': [], 'is_periodic': False, 'domain': 'R'}}",integral_of_x**5*exp(0.1*x**3)
MCM_220_fe0b05aa,"{'a': 2, 'b': 2, 'c': 0}","{'points': [{'x': -3.0, 'y': -20.25}, {'x': -2.75, 'y': -14.2979}, {'x': -2.5, 'y': -9.7656}, {'x': -2.25, 'y': -6.4072}, {'x': -2.0, 'y': -4.0}, {'x': -1.75, 'y': -2.3447}, {'x': -1.5, 'y': -1.2656}, {'x': -1.25, 'y': -0.6104}, {'x': -1.0, 'y': -0.25}, {'x': -0.75, 'y': -0.0791}, {'x': -0.5, 'y': -0.0156}, {'x': -0.25, 'y': -0.001}, {'x': 0.0, 'y': 0.0}, {'x': 0.25, 'y': 0.001}, {'x': 0.5, 'y': 0.0156}, {'x': 0.75, 'y': 0.0791}, {'x': 1.0, 'y': 0.25}, {'x': 1.25, 'y': 0.6104}, {'x': 1.5, 'y': 1.2656}, {'x': 1.75, 'y': 2.3447}, {'x': 2.0, 'y': 4.0}, {'x': 2.25, 'y': 6.4072}, {'x': 2.5, 'y': 9.7656}, {'x': 2.75, 'y': 14.2979}, {'x': 3.0, 'y': 20.25}]}","{'formula': 'Piecewise((-x**4/4, x <= 0), (x**4/4, True))', 'latex': '\\begin{cases} - \\frac{x^{4}}{4} & \\text{for}\\: x \\leq 0 \\\\\\frac{x^{4}}{4} & \\text{otherwise} \\end{cases}', 'properties': {'singularities': [], 'is_periodic': False, 'domain': 'R'}}",integral_of_x**2*Abs(x)
MCM_220_37a4d54d,"{'a': 2, 'b': 2, 'c': 0}","{'points': [{'x': -3.0, 'y': -2.25}, {'x': -2.75, 'y': -0.4333}, {'x': -2.5, 'y': 0.651}, {'x': -2.25, 'y': 1.1865}, {'x': -2.0, 'y': 1.3333}, {'x': -1.75, 'y': 1.2282}, {'x': -1.5, 'y': 0.9844}, {'x': -1.25, 'y': 0.6917}, {'x': -1.0, 'y': 0.4167}, {'x': -0.75, 'y': 0.2021}, {'x': -0.5, 'y': 0.0677}, {'x': -0.25, 'y': 0.0094}, {'x': 0.0, 'y': 0.0}, {'x': 0.25, 'y': 0.0114}, {'x': 0.5, 'y': 0.099}, {'x': 0.75, 'y': 0.3604}, {'x': 1.0, 'y': 0.9167}, {'x': 1.25, 'y': 1.9124}, {'x': 1.5, 'y': 3.5156}, {'x': 1.75, 'y': 5.9176}, {'x': 2.0, 'y': 9.3333}, {'x': 2.25, 'y': 14.001}, {'x': 2.5, 'y': 20.1823}, {'x': 2.75, 'y': 28.1624}, {'x': 3.0, 'y': 38.25}]}","{'formula': 'Piecewise((x**3*(-3*x - 8)/12, x <= 0), (x**3*(3*x + 8)/12, True))', 'latex': '\\begin{cases} \\frac{x^{3} \\left(- 3 x - 8\\right)}{12} & \\text{for}\\: x \\leq 0 \\\\\\frac{x^{3} \\left(3 x + 8\\right)}{12} & \\text{otherwise} \\end{cases}', 'properties': {'singularities': [], 'is_periodic': False, 'domain': 'R'}}","integral_of_Piecewise((x**2*(x + 2), x > 0), (x**2*(-x - 2), True))"
MCM_220_f7e4f3d7,"{'a': 2, 'b': 2, 'c': 0}","{'points': [{'x': -3.0, 'y': -6.0}, {'x': -2.75, 'y': -4.1823}, {'x': -2.5, 'y': -2.7083}, {'x': -2.25, 'y': -1.5469}, {'x': -2.0, 'y': -0.6667}, {'x': -1.75, 'y': -0.0365}, {'x': -1.5, 'y': 0.375}, {'x': -1.25, 'y': 0.599}, {'x': -1.0, 'y': 0.6667}, {'x': -0.75, 'y': 0.724}, {'x': -0.5, 'y': 0.875}, {'x': -0.25, 'y': 1.0885}, {'x': 0.0, 'y': 1.3333}, {'x': 0.25, 'y': 1.5781}, {'x': 0.5, 'y': 1.7917}, {'x': 0.75, 'y': 1.9427}, {'x': 1.0, 'y': 2.0}, {'x': 1.25, 'y': 2.0677}, {'x': 1.5, 'y': 2.2917}, {'x': 1.75, 'y': 2.7031}, {'x': 2.0, 'y': 3.3333}, {'x': 2.25, 'y': 4.2135}, {'x': 2.5, 'y': 5.375}, {'x': 2.75, 'y': 6.849}, {'x': 3.0, 'y': 8.6667}]}","{'formula': 'Piecewise((x**3/3 - x, x <= -1), (-x**3/3 + x + 4/3, x <= 1), (x**3/3 - x + 8/3, True))', 'latex': '\\begin{cases} \\frac{x^{3}}{3} - x & \\text{for}\\: x \\leq -1 \\\\- \\frac{x^{3}}{3} + x + \\frac{4}{3} & \\text{for}\\: x \\leq 1 \\\\\\frac{x^{3}}{3} - x + \\frac{8}{3} & \\text{otherwise} \\end{cases}', 'properties': {'singularities': [], 'is_periodic': False, 'domain': 'R'}}",integral_of_Abs(x**2 - 1)
MCM_220_c29923d4,"{'a': 2, 'b': 2, 'c': 0}","{'points': [{'x': -3.0, 'y': 0.0}, {'x': -2.75, 'y': 0.0}, {'x': -2.5, 'y': 0.0}, {'x': -2.25, 'y': 0.0}, {'x': -2.0, 'y': 0.0}, {'x': -1.75, 'y': 0.0}, {'x': -1.5, 'y': 0.0}, {'x': -1.25, 'y': 0.0}, {'x': -1.0, 'y': 0.0}, {'x': -0.75, 'y': 0.0}, {'x': -0.5, 'y': 0.0}, {'x': -0.25, 'y': 0.0}, {'x': 0.0, 'y': 0.0}, {'x': 0.25, 'y': 0.25}, {'x': 0.5, 'y': 0.5}, {'x': 0.75, 'y': 0.75}, {'x': 1.0, 'y': 1.0}, {'x': 1.25, 'y': 1.25}, {'x': 1.5, 'y': 1.5}, {'x': 1.75, 'y': 1.75}, {'x': 2.0, 'y': 2.0}, {'x': 2.25, 'y': 2.25}, {'x': 2.5, 'y': 2.5}, {'x': 2.75, 'y': 2.75}, {'x': 3.0, 'y': 3.0}]}","{'formula': 'Piecewise((0, x <= 0), (x, x < pi), (-x + 2*pi, x < 2*pi), (0, True))', 'latex': '\\begin{cases} 0 & \\text{for}\\: x \\leq 0 \\\\x & \\text{for}\\: x < \\pi \\\\- x + 2 \\pi & \\text{for}\\: x < 2 \\pi \\\\0 & \\text{otherwise} \\end{cases}', 'properties': {'singularities': [], 'is_periodic': False, 'domain': 'R'}}",integral_of_sign(sin(x))
MCM_220_050ca233,"{'a': 2, 'b': 2, 'c': 0}","{'points': [{'x': -3.0, 'y': -3.0}, {'x': -2.75, 'y': -2.4062}, {'x': -2.5, 'y': -1.875}, {'x': -2.25, 'y': -1.4062}, {'x': -2.0, 'y': -1.0}, {'x': -1.75, 'y': -0.6562}, {'x': -1.5, 'y': -0.375}, {'x': -1.25, 'y': -0.1562}, {'x': -1.0, 'y': 0.0}, {'x': -0.75, 'y': 0.0938}, {'x': -0.5, 'y': 0.125}, {'x': -0.25, 'y': 0.1562}, {'x': 0.0, 'y': 0.25}, {'x': 0.25, 'y': 0.4062}, {'x': 0.5, 'y': 0.625}, {'x': 0.75, 'y': 0.9062}, {'x': 1.0, 'y': 1.25}, {'x': 1.25, 'y': 1.6562}, {'x': 1.5, 'y': 2.125}, {'x': 1.75, 'y': 2.6562}, {'x': 2.0, 'y': 3.25}, {'x': 2.25, 'y': 3.9062}, {'x': 2.5, 'y': 4.625}, {'x': 2.75, 'y': 5.4062}, {'x': 3.0, 'y': 6.25}]}","{'formula': 'Piecewise((0.5*x*(-x - 1), x <= -0.5), (0.5*x**2 + 0.5*x + 0.25, True))', 'latex': '\\begin{cases} 0.5 x \\left(- x - 1\\right) & \\text{for}\\: x \\leq -0.5 \\\\0.5 x^{2} + 0.5 x + 0.25 & \\text{otherwise} \\end{cases}', 'properties': {'singularities': [], 'is_periodic': False, 'domain': 'R'}}",integral_of_Abs(x + 0.5)
MCM_221_78ac9a87,"{'a': 2, 'b': 2, 'c': 1}","{'points': [{'x': -3.0, 'y': -0.4564}, {'x': -2.75, 'y': -0.4614}, {'x': -2.5, 'y': -0.4992}, {'x': -2.25, 'y': -0.4248}, {'x': -2.0, 'y': -0.4519}, {'x': -1.75, 'y': -0.3925}, {'x': -1.5, 'y': -0.5869}, {'x': -1.25, 'y': -0.4725}, {'x': -1.0, 'y': -0.2338}, {'x': -0.75, 'y': -0.0782}, {'x': -0.5, 'y': -0.0156}, {'x': -0.25, 'y': -0.001}, {'x': 0.0, 'y': 0.0}, {'x': 0.25, 'y': 0.001}, {'x': 0.5, 'y': 0.0156}, {'x': 0.75, 'y': 0.0782}, {'x': 1.0, 'y': 0.2338}, {'x': 1.25, 'y': 0.4725}, {'x': 1.5, 'y': 0.5869}, {'x': 1.75, 'y': 0.3925}, {'x': 2.0, 'y': 0.4519}, {'x': 2.25, 'y': 0.4248}, {'x': 2.5, 'y': 0.4992}, {'x': 2.75, 'y': 0.4614}, {'x': 3.0, 'y': 0.4564}]}","{'formula': 'Piecewise((-x**4*hyper((2/3,), (3/2, 5/3), -x**6/4)/4, x <= 0), (x**4*hyper((2/3,), (3/2, 5/3), -x**6/4)/4, True))', 'latex': '\\begin{cases} - \\frac{x^{4} {{}_{1}F_{2}\\left(\\begin{matrix} \\frac{2}{3} \\\\ \\frac{3}{2}, \\frac{5}{3} \\end{matrix}\\middle| {- \\frac{x^{6}}{4}} \\right)}}{4} & \\text{for}\\: x \\leq 0 \\\\\\frac{x^{4} {{}_{1}F_{2}\\left(\\begin{matrix} \\frac{2}{3} \\\\ \\frac{3}{2}, \\frac{5}{3} \\end{matrix}\\middle| {- \\frac{x^{6}}{4}} \\right)}}{4} & \\text{otherwise} \\end{cases}', 'properties': {'singularities': [], 'is_periodic': False, 'domain': 'R'}}",integral_of_sin(x**2*Abs(x))
MCM_221_1198b35c,"{'a': 2, 'b': 2, 'c': 1}","{'points': [{'x': -3.0, 'y': 0.1735}, {'x': -2.75, 'y': 0.3646}, {'x': -2.5, 'y': 0.2767}, {'x': -2.25, 'y': 0.0417}, {'x': -2.0, 'y': -0.0465}, {'x': -1.75, 'y': 0.0937}, {'x': -1.5, 'y': 0.3362}, {'x': -1.25, 'y': 0.5275}, {'x': -1.0, 'y': 0.5935}, {'x': -0.75, 'y': 0.6498}, {'x': -0.5, 'y': 0.7913}, {'x': -0.25, 'y': 0.9795}, {'x': 0.0, 'y': 1.187}, {'x': 0.25, 'y': 1.3945}, {'x': 0.5, 'y': 1.5827}, {'x': 0.75, 'y': 1.7241}, {'x': 1.0, 'y': 1.7805}, {'x': 1.25, 'y': 1.8465}, {'x': 1.5, 'y': 2.0378}, {'x': 1.75, 'y': 2.2803}, {'x': 2.0, 'y': 2.4205}, {'x': 2.25, 'y': 2.3323}, {'x': 2.5, 'y': 2.0972}, {'x': 2.75, 'y': 2.0094}, {'x': 3.0, 'y': 2.2005}]}","{'formula': 'Piecewise((sqrt(2)*sqrt(pi)*(-sin(1)*fresnelc(sqrt(2)*x/sqrt(pi)) + cos(1)*fresnels(sqrt(2)*x/sqrt(pi)))/2, x <= -1), (sqrt(2)*sqrt(pi)*(sin(1)*fresnelc(sqrt(2)*x/sqrt(pi))/2 - cos(1)*fresnels(sqrt(2)*x/sqrt(pi))/2 - cos(1)*fresnels(sqrt(2)/sqrt(pi)) + sin(1)*fresnelc(sqrt(2)/sqrt(pi))), x <= 1), (sqrt(2)*sqrt(pi)*(-sin(1)*fresnelc(sqrt(2)*x/sqrt(pi)) + cos(1)*fresnels(sqrt(2)*x/sqrt(pi)) - 4*cos(1)*fresnels(sqrt(2)/sqrt(pi)) + 4*sin(1)*fresnelc(sqrt(2)/sqrt(pi)))/2, True))', 'latex': '\\begin{cases} \\frac{\\sqrt{2} \\sqrt{\\pi} \\left(- \\sin{\\left(1 \\right)} C\\left(\\frac{\\sqrt{2} x}{\\sqrt{\\pi}}\\right) + \\cos{\\left(1 \\right)} S\\left(\\frac{\\sqrt{2} x}{\\sqrt{\\pi}}\\right)\\right)}{2} & \\text{for}\\: x \\leq -1 \\\\\\sqrt{2} \\sqrt{\\pi} \\left(\\frac{\\sin{\\left(1 \\right)} C\\left(\\frac{\\sqrt{2} x}{\\sqrt{\\pi}}\\right)}{2} - \\frac{\\cos{\\left(1 \\right)} S\\left(\\frac{\\sqrt{2} x}{\\sqrt{\\pi}}\\right)}{2} - \\cos{\\left(1 \\right)} S\\left(\\frac{\\sqrt{2}}{\\sqrt{\\pi}}\\right) + \\sin{\\left(1 \\right)} C\\left(\\frac{\\sqrt{2}}{\\sqrt{\\pi}}\\right)\\right) & \\text{for}\\: x \\leq 1 \\\\\\frac{\\sqrt{2} \\sqrt{\\pi} \\left(- \\sin{\\left(1 \\right)} C\\left(\\frac{\\sqrt{2} x}{\\sqrt{\\pi}}\\right) + \\cos{\\left(1 \\right)} S\\left(\\frac{\\sqrt{2} x}{\\sqrt{\\pi}}\\right) - 4 \\cos{\\left(1 \\right)} S\\left(\\frac{\\sqrt{2}}{\\sqrt{\\pi}}\\right) + 4 \\sin{\\left(1 \\right)} C\\left(\\frac{\\sqrt{2}}{\\sqrt{\\pi}}\\right)\\right)}{2} & \\text{otherwise} \\end{cases}', 'properties': {'singularities': [], 'is_periodic': False, 'domain': 'R'}}",integral_of_sin(Abs(x**2 - 1))
MCM_221_5f522426,"{'a': 2, 'b': 2, 'c': 1}","{'points': [{'x': -3.0, 'y': 0.0}, {'x': -2.75, 'y': 0.0}, {'x': -2.5, 'y': 0.0}, {'x': -2.25, 'y': 0.0}, {'x': -2.0, 'y': 0.0}, {'x': -1.75, 'y': 0.0}, {'x': -1.5, 'y': 0.0}, {'x': -1.25, 'y': 0.0}, {'x': -1.0, 'y': 0.0}, {'x': -0.75, 'y': 0.0}, {'x': -0.5, 'y': 0.0}, {'x': -0.25, 'y': 0.0}, {'x': 0.0, 'y': 0.0}, {'x': 0.25, 'y': 0.2104}, {'x': 0.5, 'y': 0.4207}, {'x': 0.75, 'y': 0.6311}, {'x': 1.0, 'y': 0.8415}, {'x': 1.25, 'y': 1.0518}, {'x': 1.5, 'y': 1.2622}, {'x': 1.75, 'y': 1.4726}, {'x': 2.0, 'y': 1.6829}, {'x': 2.25, 'y': 1.8933}, {'x': 2.5, 'y': 2.1037}, {'x': 2.75, 'y': 2.314}, {'x': 3.0, 'y': 2.5244}]}","{'formula': 'Piecewise((0, x <= 0), (x*sin(1), x < pi), ((-x + 2*pi)*sin(1), x < 2*pi), (0, True))', 'latex': '\\begin{cases} 0 & \\text{for}\\: x \\leq 0 \\\\x \\sin{\\left(1 \\right)} & \\text{for}\\: x < \\pi \\\\\\left(- x + 2 \\pi\\right) \\sin{\\left(1 \\right)} & \\text{for}\\: x < 2 \\pi \\\\0 & \\text{otherwise} \\end{cases}', 'properties': {'singularities': [], 'is_periodic': False, 'domain': 'R'}}",integral_of_sin(sign(sin(x)))
MCM_221_4d880dd1,"{'a': 2, 'b': 2, 'c': 1}","{'points': [{'x': -3.0, 'y': -3.0}, {'x': -2.75, 'y': -2.75}, {'x': -2.5, 'y': -2.5}, {'x': -2.25, 'y': -2.25}, {'x': -2.0, 'y': -2.0}, {'x': -1.75, 'y': -1.75}, {'x': -1.5, 'y': -1.5}, {'x': -1.25, 'y': -1.25}, {'x': -1.0, 'y': -1.0}, {'x': -0.75, 'y': -0.75}, {'x': -0.5, 'y': -0.5}, {'x': -0.25, 'y': -0.25}, {'x': 0.0, 'y': 0.0}, {'x': 0.25, 'y': 0.1351}, {'x': 0.5, 'y': 0.2702}, {'x': 0.75, 'y': 0.4052}, {'x': 1.0, 'y': 0.5403}, {'x': 1.25, 'y': 0.6754}, {'x': 1.5, 'y': 0.8105}, {'x': 1.75, 'y': 0.9455}, {'x': 2.0, 'y': 1.0806}, {'x': 2.25, 'y': 1.2157}, {'x': 2.5, 'y': 1.3508}, {'x': 2.75, 'y': 1.4858}, {'x': 3.0, 'y': 1.6209}]}","{'formula': 'Piecewise((x, x <= 0), (x*cos(1), (x <= pi) | (x < 2*pi)), (x - 2*pi + 2*pi*cos(1), True))', 'latex': '\\begin{cases} x & \\text{for}\\: x \\leq 0 \\\\x \\cos{\\left(1 \\right)} & \\text{for}\\: x \\leq \\pi \\vee x < 2 \\pi \\\\x - 2 \\pi + 2 \\pi \\cos{\\left(1 \\right)} & \\text{otherwise} \\end{cases}', 'properties': {'singularities': [], 'is_periodic': False, 'domain': 'R'}}",integral_of_cos(sign(sin(x)))
MCM_221_f30d188a,"{'a': 2, 'b': 2, 'c': 1}","{'points': [{'x': -3.0, 'y': -0.8011}, {'x': -2.75, 'y': -0.6282}, {'x': -2.5, 'y': -0.4161}, {'x': -2.25, 'y': -0.1782}, {'x': -2.0, 'y': 0.0707}, {'x': -1.75, 'y': 0.3153}, {'x': -1.5, 'y': 0.5403}, {'x': -1.25, 'y': 0.7317}, {'x': -1.0, 'y': 0.8776}, {'x': -0.75, 'y': 0.9689}, {'x': -0.5, 'y': 1.0}, {'x': -0.25, 'y': 1.0311}, {'x': 0.0, 'y': 1.1224}, {'x': 0.25, 'y': 1.2683}, {'x': 0.5, 'y': 1.4597}, {'x': 0.75, 'y': 1.6847}, {'x': 1.0, 'y': 1.9293}, {'x': 1.25, 'y': 2.1782}, {'x': 1.5, 'y': 2.4161}, {'x': 1.75, 'y': 2.6282}, {'x': 2.0, 'y': 2.8011}, {'x': 2.25, 'y': 2.9243}, {'x': 2.5, 'y': 2.99}, {'x': 2.75, 'y': 2.9941}, {'x': 3.0, 'y': 2.9365}]}","{'formula': 'Piecewise((cos(x + 0.5), x <= -0.5), (2 - cos(x + 0.5), True))', 'latex': '\\begin{cases} \\cos{\\left(x + 0.5 \\right)} & \\text{for}\\: x \\leq -0.5 \\\\2 - \\cos{\\left(x + 0.5 \\right)} & \\text{otherwise} \\end{cases}', 'properties': {'singularities': [], 'is_periodic': False, 'domain': 'R'}}",integral_of_sin(Abs(x + 0.5))
MCM_221_900e4d11,"{'a': 2, 'b': 2, 'c': 1}","{'points': [{'x': -3.0, 'y': -0.5985}, {'x': -2.75, 'y': -0.7781}, {'x': -2.5, 'y': -0.9093}, {'x': -2.25, 'y': -0.984}, {'x': -2.0, 'y': -0.9975}, {'x': -1.75, 'y': -0.949}, {'x': -1.5, 'y': -0.8415}, {'x': -1.25, 'y': -0.6816}, {'x': -1.0, 'y': -0.4794}, {'x': -0.75, 'y': -0.2474}, {'x': -0.5, 'y': 0.0}, {'x': -0.25, 'y': 0.2474}, {'x': 0.0, 'y': 0.4794}, {'x': 0.25, 'y': 0.6816}, {'x': 0.5, 'y': 0.8415}, {'x': 0.75, 'y': 0.949}, {'x': 1.0, 'y': 0.9975}, {'x': 1.25, 'y': 0.984}, {'x': 1.5, 'y': 0.9093}, {'x': 1.75, 'y': 0.7781}, {'x': 2.0, 'y': 0.5985}, {'x': 2.25, 'y': 0.3817}, {'x': 2.5, 'y': 0.1411}, {'x': 2.75, 'y': -0.1082}, {'x': 3.0, 'y': -0.3508}]}","{'formula': 'sin(x + 0.5)', 'latex': '\\sin{\\left(x + 0.5 \\right)}', 'properties': {'singularities': [], 'is_periodic': False, 'domain': 'R'}}",integral_of_cos(Abs(x + 0.5))
MCM_223_ecee9a04,"{'a': 2, 'b': 2, 'c': 3}","{'points': [{'x': -3.0, 'y': 2187.0}, {'x': -2.75, 'y': 999.4285}, {'x': -2.5, 'y': 423.8553}, {'x': -2.25, 'y': 164.2102}, {'x': -2.0, 'y': 56.8889}, {'x': -1.75, 'y': 17.1041}, {'x': -1.5, 'y': 4.2715}, {'x': -1.25, 'y': 0.8278}, {'x': -1.0, 'y': 0.1111}, {'x': -0.75, 'y': 0.0083}, {'x': -0.5, 'y': 0.0002}, {'x': -0.25, 'y': 0.0}, {'x': 0.0, 'y': 0.0}, {'x': 0.25, 'y': 0.0}, {'x': 0.5, 'y': 0.0002}, {'x': 0.75, 'y': 0.0083}, {'x': 1.0, 'y': 0.1111}, {'x': 1.25, 'y': 0.8278}, {'x': 1.5, 'y': 4.2715}, {'x': 1.75, 'y': 17.1041}, {'x': 2.0, 'y': 56.8889}, {'x': 2.25, 'y': 164.2102}, {'x': 2.5, 'y': 423.8553}, {'x': 2.75, 'y': 999.4285}, {'x': 3.0, 'y': 2187.0}]}","{'formula': 'Piecewise((-x**9/9, x <= 0), (x**9/9, True))', 'latex': '\\begin{cases} - \\frac{x^{9}}{9} & \\text{for}\\: x \\leq 0 \\\\\\frac{x^{9}}{9} & \\text{otherwise} \\end{cases}', 'properties': {'singularities': [], 'is_periodic': False, 'domain': 'R'}}",integral_of_x**7*Abs(x)
MCM_223_046145c7,"{'a': 2, 'b': 2, 'c': 3}","{'points': [{'x': -3.0, 'y': 0.0}, {'x': -2.75, 'y': 0.0}, {'x': -2.5, 'y': 0.0}, {'x': -2.25, 'y': 0.0}, {'x': -2.0, 'y': 0.0}, {'x': -1.75, 'y': 0.0}, {'x': -1.5, 'y': 0.0}, {'x': -1.25, 'y': 0.0}, {'x': -1.0, 'y': 0.0}, {'x': -0.75, 'y': 0.0}, {'x': -0.5, 'y': 0.0}, {'x': -0.25, 'y': 0.0}, {'x': 0.0, 'y': 0.0}, {'x': 0.25, 'y': -0.0673}, {'x': 0.5, 'y': 0.1571}, {'x': 0.75, 'y': 0.3963}, {'x': 1.0, 'y': 0.6035}, {'x': 1.25, 'y': 0.7804}, {'x': 1.5, 'y': 0.933}, {'x': 1.75, 'y': 1.0667}, {'x': 2.0, 'y': 1.1853}, {'x': 2.25, 'y': 1.2918}, {'x': 2.5, 'y': 1.3883}, {'x': 2.75, 'y': 1.4765}, {'x': 3.0, 'y': 1.5577}]}","{'formula': 'Piecewise((0, x <= 0), ((x - (x + 0.15)*log((x + 0.15)**(-2))/2 - EulerGamma*(x + 0.15) + ((2*x + 0.3)*sin(1/(x + 0.15)) + 2*log(1/(x + 0.15)) - 2*Ci(1/(x + 0.15)) - 2.04172120236673 + 2.0*EulerGamma)*Abs(x + 0.15)/2 + 0.15)/Abs(x + 0.15), x < pi), ((-x + (x + 0.15)*log((x + 0.15)**(-2))/2 + EulerGamma*(x + 0.15) + ((-2*x - 0.3)*sin(1/(x + 0.15)) - 2*log(1/(x + 0.15)) + 2*Ci(1/(x + 0.15)) - 2*EulerGamma + 1.95827879763327 - 4*Ci(1/(0.15 + pi)) + (0.6 + 4*pi)*sin(1/(0.15 + pi)))*Abs(x + 0.15)/2 - 0.15)/Abs(x + 0.15), x < 2*pi), (1.0*Ci(1/(0.15 + 2*pi)) - 2.0*pi*sin(1/(0.15 + 2*pi)) - 0.15*sin(1/(0.15 + 2*pi)) - 0.0208606011833667 + 0.3*sin(1/(0.15 + pi)) - 2.0*Ci(1/(0.15 + pi)) + 2.0*pi*sin(1/(0.15 + pi)), True))', 'latex': '\\begin{cases} 0 & \\text{for}\\: x \\leq 0 \\\\\\frac{x - \\frac{\\left(x + 0.15\\right) \\log{\\left(\\frac{1}{\\left(x + 0.15\\right)^{2}} \\right)}}{2} - \\gamma \\left(x + 0.15\\right) + \\frac{\\left(\\left(2 x + 0.3\\right) \\sin{\\left(\\frac{1}{x + 0.15} \\right)} + 2 \\log{\\left(\\frac{1}{x + 0.15} \\right)} - 2 \\operatorname{Ci}{\\left(\\frac{1}{x + 0.15} \\right)} - 2.04172120236673 + 2.0 \\gamma\\right) \\left|{x + 0.15}\\right|}{2} + 0.15}{\\left|{x + 0.15}\\right|} & \\text{for}\\: x < \\pi \\\\\\frac{- x + \\frac{\\left(x + 0.15\\right) \\log{\\left(\\frac{1}{\\left(x + 0.15\\right)^{2}} \\right)}}{2} + \\gamma \\left(x + 0.15\\right) + \\frac{\\left(\\left(- 2 x - 0.3\\right) \\sin{\\left(\\frac{1}{x + 0.15} \\right)} - 2 \\log{\\left(\\frac{1}{x + 0.15} \\right)} + 2 \\operatorname{Ci}{\\left(\\frac{1}{x + 0.15} \\right)} - 2 \\gamma + 1.95827879763327 - 4 \\operatorname{Ci}{\\left(\\frac{1}{0.15 + \\pi} \\right)} + \\left(0.6 + 4 \\pi\\right) \\sin{\\left(\\frac{1}{0.15 + \\pi} \\right)}\\right) \\left|{x + 0.15}\\right|}{2} - 0.15}{\\left|{x + 0.15}\\right|} & \\text{for}\\: x < 2 \\pi \\\\1.0 \\operatorname{Ci}{\\left(\\frac{1}{0.15 + 2 \\pi} \\right)} - 2.0 \\pi \\sin{\\left(\\frac{1}{0.15 + 2 \\pi} \\right)} - 0.15 \\sin{\\left(\\frac{1}{0.15 + 2 \\pi} \\right)} - 0.0208606011833667 + 0.3 \\sin{\\left(\\frac{1}{0.15 + \\pi} \\right)} - 2.0 \\operatorname{Ci}{\\left(\\frac{1}{0.15 + \\pi} \\right)} + 2.0 \\pi \\sin{\\left(\\frac{1}{0.15 + \\pi} \\right)} & \\text{otherwise} \\end{cases}', 'properties': {'singularities': [], 'is_periodic': False, 'domain': 'R'}}",integral_of_sin(1/(x + 0.15))*sign(sin(x))
MCM_230_7e2cc29d,"{'a': 2, 'b': 3, 'c': 0}","{'points': [{'x': -3.0, 'y': 2.236}, {'x': -2.75, 'y': 1.986}, {'x': -2.5, 'y': 1.736}, {'x': -2.25, 'y': 1.486}, {'x': -2.0, 'y': 1.236}, {'x': -1.75, 'y': 0.986}, {'x': -1.5, 'y': 0.736}, {'x': -1.25, 'y': 0.4863}, {'x': -1.0, 'y': 0.2505}, {'x': -0.75, 'y': 0.0872}, {'x': -0.5, 'y': 0.0176}, {'x': -0.25, 'y': 0.0011}, {'x': 0.0, 'y': 0.0}, {'x': 0.25, 'y': 0.0011}, {'x': 0.5, 'y': 0.0176}, {'x': 0.75, 'y': 0.0872}, {'x': 1.0, 'y': 0.2505}, {'x': 1.25, 'y': 0.4863}, {'x': 1.5, 'y': 0.736}, {'x': 1.75, 'y': 0.986}, {'x': 2.0, 'y': 1.236}, {'x': 2.25, 'y': 1.486}, {'x': 2.5, 'y': 1.736}, {'x': 2.75, 'y': 1.986}, {'x': 3.0, 'y': 2.236}]}","{'formula': 'x*erf(x**3) - lowergamma(2/3, x**6)/sqrt(pi)', 'latex': 'x \\operatorname{erf}{\\left(x^{3} \\right)} - \\frac{\\gamma\\left(\\frac{2}{3}, x^{6}\\right)}{\\sqrt{\\pi}}', 'properties': {'singularities': [], 'is_periodic': False, 'domain': 'R'}}",integral_of_erf(x**3)
MCM_230_7b1918db,"{'a': 2, 'b': 3, 'c': 0}","{'points': [{'x': -3.0, 'y': -0.2601}, {'x': -2.75, 'y': -0.1641}, {'x': -2.5, 'y': -0.0484}, {'x': -2.25, 'y': 0.0827}, {'x': -2.0, 'y': 0.2239}, {'x': -1.75, 'y': 0.369}, {'x': -1.5, 'y': 0.5118}, {'x': -1.25, 'y': 0.6459}, {'x': -1.0, 'y': 0.7652}, {'x': -0.75, 'y': 0.8642}, {'x': -0.5, 'y': 0.9385}, {'x': -0.25, 'y': 0.9844}, {'x': 0.0, 'y': 1.0}, {'x': 0.25, 'y': 1.0156}, {'x': 0.5, 'y': 1.0615}, {'x': 0.75, 'y': 1.1358}, {'x': 1.0, 'y': 1.2348}, {'x': 1.25, 'y': 1.3541}, {'x': 1.5, 'y': 1.4882}, {'x': 1.75, 'y': 1.631}, {'x': 2.0, 'y': 1.7761}, {'x': 2.25, 'y': 1.9173}, {'x': 2.5, 'y': 2.0484}, {'x': 2.75, 'y': 2.1641}, {'x': 3.0, 'y': 2.2601}]}","{'formula': 'Piecewise((besselj(0, x), x <= 0), (2 - besselj(0, x), True))', 'latex': '\\begin{cases} J_{0}\\left(x\\right) & \\text{for}\\: x \\leq 0 \\\\2 - J_{0}\\left(x\\right) & \\text{otherwise} \\end{cases}', 'properties': {'singularities': [], 'is_periodic': False, 'domain': 'R'}}","integral_of_besselj(1, Abs(x))"
MCM_233_78ba2caa,"{'a': 2, 'b': 3, 'c': 3}","{'points': [{'x': -3.0, 'y': -121.4167}, {'x': -2.75, 'y': -72.0017}, {'x': -2.5, 'y': -40.6068}, {'x': -2.25, 'y': -21.5411}, {'x': -2.0, 'y': -10.5833}, {'x': -1.75, 'y': -4.7038}, {'x': -1.5, 'y': -1.8151}, {'x': -1.25, 'y': -0.5533}, {'x': -1.0, 'y': -0.1048}, {'x': -0.75, 'y': -0.0091}, {'x': -0.5, 'y': -0.0002}, {'x': -0.25, 'y': -0.0}, {'x': 0.0, 'y': 0.0}, {'x': 0.25, 'y': 0.0}, {'x': 0.5, 'y': 0.0002}, {'x': 0.75, 'y': 0.0091}, {'x': 1.0, 'y': 0.1048}, {'x': 1.25, 'y': 0.5533}, {'x': 1.5, 'y': 1.8151}, {'x': 1.75, 'y': 4.7038}, {'x': 2.0, 'y': 10.5833}, {'x': 2.25, 'y': 21.5411}, {'x': 2.5, 'y': 40.6068}, {'x': 2.75, 'y': 72.0017}, {'x': 3.0, 'y': 121.4167}]}","{'formula': 'x**6*erf(x**3)/6 + x**3*exp(-x**6)/(6*sqrt(pi)) - erf(x**3)/12', 'latex': '\\frac{x^{6} \\operatorname{erf}{\\left(x^{3} \\right)}}{6} + \\frac{x^{3} e^{- x^{6}}}{6 \\sqrt{\\pi}} - \\frac{\\operatorname{erf}{\\left(x^{3} \\right)}}{12}', 'properties': {'singularities': [], 'is_periodic': False, 'domain': 'R'}}",integral_of_x**5*erf(x**3)
MCM_300_efa91dd0,"{'a': 3, 'b': 0, 'c': 0}","{'points': [{'x': -3.0, 'y': -48.6}, {'x': -2.75, 'y': -31.4553}, {'x': -2.5, 'y': -19.5312}, {'x': -2.25, 'y': -11.533}, {'x': -2.0, 'y': -6.4}, {'x': -1.75, 'y': -3.2826}, {'x': -1.5, 'y': -1.5188}, {'x': -1.25, 'y': -0.6104}, {'x': -1.0, 'y': -0.2}, {'x': -0.75, 'y': -0.0475}, {'x': -0.5, 'y': -0.0063}, {'x': -0.25, 'y': -0.0002}, {'x': 0.0, 'y': 0.0}, {'x': 0.25, 'y': 0.0002}, {'x': 0.5, 'y': 0.0063}, {'x': 0.75, 'y': 0.0475}, {'x': 1.0, 'y': 0.2}, {'x': 1.25, 'y': 0.6104}, {'x': 1.5, 'y': 1.5188}, {'x': 1.75, 'y': 3.2826}, {'x': 2.0, 'y': 6.4}, {'x': 2.25, 'y': 11.533}, {'x': 2.5, 'y': 19.5312}, {'x': 2.75, 'y': 31.4553}, {'x': 3.0, 'y': 48.6}]}","{'formula': 'x**5/5', 'latex': '\\frac{x^{5}}{5}', 'properties': {'singularities': [], 'is_periodic': False, 'domain': 'R'}}",integral_of_x**4
MCM_300_00be0b79,"{'a': 3, 'b': 0, 'c': 0}","{'points': [{'x': -3.0, 'y': 30.6}, {'x': -2.75, 'y': 17.5907}, {'x': -2.5, 'y': 9.1146}, {'x': -2.25, 'y': 3.9393}, {'x': -2.0, 'y': 1.0667}, {'x': -1.75, 'y': -0.2903}, {'x': -1.5, 'y': -0.7313}, {'x': -1.25, 'y': -0.6917}, {'x': -1.0, 'y': -0.4667}, {'x': -0.75, 'y': -0.2338}, {'x': -0.5, 'y': -0.0771}, {'x': -0.25, 'y': -0.0102}, {'x': 0.0, 'y': 0.0}, {'x': 0.25, 'y': 0.0102}, {'x': 0.5, 'y': 0.0771}, {'x': 0.75, 'y': 0.2338}, {'x': 1.0, 'y': 0.4667}, {'x': 1.25, 'y': 0.6917}, {'x': 1.5, 'y': 0.7313}, {'x': 1.75, 'y': 0.2903}, {'x': 2.0, 'y': -1.0667}, {'x': 2.25, 'y': -3.9393}, {'x': 2.5, 'y': -9.1146}, {'x': 2.75, 'y': -17.5907}, {'x': 3.0, 'y': -30.6}]}","{'formula': 'x**3*(10 - 3*x**2)/15', 'latex': '\\frac{x^{3} \\left(10 - 3 x^{2}\\right)}{15}', 'properties': {'singularities': [], 'is_periodic': False, 'domain': 'R'}}",integral_of_x**2*(2 - x**2)
MCM_300_c5c28b2f,"{'a': 3, 'b': 0, 'c': 0}","{'points': [{'x': -3.0, 'y': -56.7}, {'x': -2.75, 'y': -34.3148}, {'x': -2.5, 'y': -19.5312}, {'x': -2.25, 'y': -10.2516}, {'x': -2.0, 'y': -4.8}, {'x': -1.75, 'y': -1.8758}, {'x': -1.5, 'y': -0.5062}, {'x': -1.25, 'y': 0.0}, {'x': -1.0, 'y': 0.1}, {'x': -0.75, 'y': 0.0633}, {'x': -0.5, 'y': 0.0188}, {'x': -0.25, 'y': 0.0016}, {'x': 0.0, 'y': 0.0}, {'x': 0.25, 'y': 0.0023}, {'x': 0.5, 'y': 0.0438}, {'x': 0.75, 'y': 0.2531}, {'x': 1.0, 'y': 0.9}, {'x': 1.25, 'y': 2.4414}, {'x': 1.5, 'y': 5.5687}, {'x': 1.75, 'y': 11.2547}, {'x': 2.0, 'y': 20.8}, {'x': 2.25, 'y': 35.8805}, {'x': 2.5, 'y': 58.5938}, {'x': 2.75, 'y': 91.5063}, {'x': 3.0, 'y': 137.7}]}","{'formula': 'x**4*(4*x + 5)/10', 'latex': '\\frac{x^{4} \\left(4 x + 5\\right)}{10}', 'properties': {'singularities': [], 'is_periodic': False, 'domain': 'R'}}",integral_of_2*x**3*(x + 1)
MCM_300_d90468cb,"{'a': 3, 'b': 0, 'c': 0}","{'points': [{'x': -3.0, 'y': -15.6}, {'x': -2.75, 'y': -10.4722}, {'x': -2.5, 'y': -7.1354}, {'x': -2.25, 'y': -5.0291}, {'x': -2.0, 'y': -3.7333}, {'x': -1.75, 'y': -2.9454}, {'x': -1.5, 'y': -2.4563}, {'x': -1.25, 'y': -2.1273}, {'x': -1.0, 'y': -1.8667}, {'x': -0.75, 'y': -1.6061}, {'x': -0.5, 'y': -1.2771}, {'x': -0.25, 'y': -0.788}, {'x': 0.0, 'y': 0.0}, {'x': 0.25, 'y': 1.2958}, {'x': 0.5, 'y': 3.4021}, {'x': 0.75, 'y': 6.7389}, {'x': 1.0, 'y': 11.8667}, {'x': 1.25, 'y': 19.5101}, {'x': 1.5, 'y': 30.5813}, {'x': 1.75, 'y': 46.2032}, {'x': 2.0, 'y': 67.7333}, {'x': 2.25, 'y': 96.7869}, {'x': 2.5, 'y': 135.2604}, {'x': 2.75, 'y': 185.355}, {'x': 3.0, 'y': 249.6}]}","{'formula': 'x*(3*x**4 + 15*x**3 + 40*x**2 + 60*x + 60)/15', 'latex': '\\frac{x \\left(3 x^{4} + 15 x^{3} + 40 x^{2} + 60 x + 60\\right)}{15}', 'properties': {'singularities': [], 'is_periodic': False, 'domain': 'R'}}",integral_of_((x + 1)**2 + 1)**2
MCM_300_06da973b,"{'a': 3, 'b': 0, 'c': 0}","{'points': [{'x': -3.0, 'y': -245.9036}, {'x': -2.75, 'y': -127.5872}, {'x': -2.5, 'y': -61.49}, {'x': -2.25, 'y': -26.9711}, {'x': -2.0, 'y': -10.4357}, {'x': -1.75, 'y': -3.3779}, {'x': -1.5, 'y': -0.819}, {'x': -1.25, 'y': -0.0977}, {'x': -1.0, 'y': 0.0321}, {'x': -0.75, 'y': 0.0404}, {'x': -0.5, 'y': 0.0395}, {'x': -0.25, 'y': 0.0276}, {'x': 0.0, 'y': 0.0}, {'x': 0.25, 'y': -0.0276}, {'x': 0.5, 'y': -0.0395}, {'x': 0.75, 'y': -0.0404}, {'x': 1.0, 'y': -0.0321}, {'x': 1.25, 'y': 0.0977}, {'x': 1.5, 'y': 0.819}, {'x': 1.75, 'y': 3.3779}, {'x': 2.0, 'y': 10.4357}, {'x': 2.25, 'y': 26.9711}, {'x': 2.5, 'y': 61.49}, {'x': 2.75, 'y': 127.5872}, {'x': 3.0, 'y': 245.9036}]}","{'formula': 'x*(0.142857142857143*x**6 - 0.3*x**4 + 0.25*x**2 - 0.125)', 'latex': 'x \\left(0.142857142857143 x^{6} - 0.3 x^{4} + 0.25 x^{2} - 0.125\\right)', 'properties': {'singularities': [], 'is_periodic': False, 'domain': 'R'}}",integral_of_(x**2 - 0.5)**3
MCM_301_d02f011f,"{'a': 3, 'b': 0, 'c': 1}","{'points': [{'x': -3.0, 'y': -0.3397}, {'x': -2.75, 'y': -0.3372}, {'x': -2.5, 'y': -0.3433}, {'x': -2.25, 'y': -0.3273}, {'x': -2.0, 'y': -0.3771}, {'x': -1.75, 'y': -0.3927}, {'x': -1.5, 'y': -0.3315}, {'x': -1.25, 'y': -0.416}, {'x': -1.0, 'y': -0.1876}, {'x': -0.75, 'y': -0.0472}, {'x': -0.5, 'y': -0.0062}, {'x': -0.25, 'y': -0.0002}, {'x': 0.0, 'y': 0.0}, {'x': 0.25, 'y': 0.0002}, {'x': 0.5, 'y': 0.0062}, {'x': 0.75, 'y': 0.0472}, {'x': 1.0, 'y': 0.1876}, {'x': 1.25, 'y': 0.416}, {'x': 1.5, 'y': 0.3315}, {'x': 1.75, 'y': 0.3927}, {'x': 2.0, 'y': 0.3771}, {'x': 2.25, 'y': 0.3273}, {'x': 2.5, 'y': 0.3433}, {'x': 2.75, 'y': 0.3372}, {'x': 3.0, 'y': 0.3397}]}","{'formula': 'x**5*hyper((5/8,), (3/2, 13/8), -x**8/4)/5', 'latex': '\\frac{x^{5} {{}_{1}F_{2}\\left(\\begin{matrix} \\frac{5}{8} \\\\ \\frac{3}{2}, \\frac{13}{8} \\end{matrix}\\middle| {- \\frac{x^{8}}{4}} \\right)}}{5}', 'properties': {'singularities': [], 'is_periodic': False, 'domain': 'R'}}",integral_of_sin(x**4)
MCM_303_02456f8e,"{'a': 3, 'b': 0, 'c': 3}","{'points': [{'x': -3.0, 'y': 5904.9}, {'x': -2.75, 'y': 2473.5856}, {'x': -2.5, 'y': 953.6743}, {'x': -2.25, 'y': 332.5257}, {'x': -2.0, 'y': 102.4}, {'x': -1.75, 'y': 26.9389}, {'x': -1.5, 'y': 5.7665}, {'x': -1.25, 'y': 0.9313}, {'x': -1.0, 'y': 0.1}, {'x': -0.75, 'y': 0.0056}, {'x': -0.5, 'y': 0.0001}, {'x': -0.25, 'y': 0.0}, {'x': 0.0, 'y': 0.0}, {'x': 0.25, 'y': 0.0}, {'x': 0.5, 'y': 0.0001}, {'x': 0.75, 'y': 0.0056}, {'x': 1.0, 'y': 0.1}, {'x': 1.25, 'y': 0.9313}, {'x': 1.5, 'y': 5.7665}, {'x': 1.75, 'y': 26.9389}, {'x': 2.0, 'y': 102.4}, {'x': 2.25, 'y': 332.5257}, {'x': 2.5, 'y': 953.6743}, {'x': 2.75, 'y': 2473.5856}, {'x': 3.0, 'y': 5904.9}]}","{'formula': 'x**10/10', 'latex': '\\frac{x^{10}}{10}', 'properties': {'singularities': [], 'is_periodic': False, 'domain': 'R'}}",integral_of_x**9
MCM_303_7f28e08d,"{'a': 3, 'b': 0, 'c': 3}","{'points': [{'x': -3.0, 'y': 461.9673}, {'x': -2.75, 'y': 228.8346}, {'x': -2.5, 'y': 110.4039}, {'x': -2.25, 'y': 53.9986}, {'x': -2.0, 'y': 29.5562}, {'x': -1.75, 'y': 20.5233}, {'x': -1.5, 'y': 18.2069}, {'x': -1.25, 'y': 18.3379}, {'x': -1.0, 'y': 19.028}, {'x': -0.75, 'y': 19.5905}, {'x': -0.5, 'y': 19.8877}, {'x': -0.25, 'y': 19.9877}, {'x': 0.0, 'y': 20.0}, {'x': 0.25, 'y': 20.0123}, {'x': 0.5, 'y': 20.1123}, {'x': 0.75, 'y': 20.4095}, {'x': 1.0, 'y': 20.972}, {'x': 1.25, 'y': 21.6621}, {'x': 1.5, 'y': 21.7931}, {'x': 1.75, 'y': 19.4767}, {'x': 2.0, 'y': 10.4438}, {'x': 2.25, 'y': -13.9986}, {'x': 2.5, 'y': -70.4039}, {'x': 2.75, 'y': -188.8346}, {'x': 3.0, 'y': -421.9673}]}","{'formula': 'Piecewise(((x**4 + 4*x**3 + 10*x**2 + 20*x + 20)*exp(-x), x <= 0), ((-x**4 + 4*x**3 - 10*x**2 + 20*x - 20)*exp(x) + 40, True))', 'latex': '\\begin{cases} \\left(x^{4} + 4 x^{3} + 10 x^{2} + 20 x + 20\\right) e^{- x} & \\text{for}\\: x \\leq 0 \\\\\\left(- x^{4} + 4 x^{3} - 10 x^{2} + 20 x - 20\\right) e^{x} + 40 & \\text{otherwise} \\end{cases}', 'properties': {'singularities': [], 'is_periodic': False, 'domain': 'R'}}",integral_of_x**2*(2 - x**2)*exp(Abs(x))
MCM_310_614184fe,"{'a': 3, 'b': 1, 'c': 0}","{'points': [{'x': -3.0, 'y': 344.86}, {'x': -2.75, 'y': 45.4495}, {'x': -2.5, 'y': 11.7041}, {'x': -2.25, 'y': 5.0974}, {'x': -2.0, 'y': 3.0722}, {'x': -1.75, 'y': 2.1862}, {'x': -1.5, 'y': 1.676}, {'x': -1.25, 'y': 1.3154}, {'x': -1.0, 'y': 1.0206}, {'x': -0.75, 'y': 0.7548}, {'x': -0.5, 'y': 0.5006}, {'x': -0.25, 'y': 0.25}, {'x': 0.0, 'y': 0.0}, {'x': 0.25, 'y': 0.25}, {'x': 0.5, 'y': 0.5006}, {'x': 0.75, 'y': 0.7548}, {'x': 1.0, 'y': 1.0206}, {'x': 1.25, 'y': 1.3154}, {'x': 1.5, 'y': 1.676}, {'x': 1.75, 'y': 2.1862}, {'x': 2.0, 'y': 3.0722}, {'x': 2.25, 'y': 5.0974}, {'x': 2.5, 'y': 11.7041}, {'x': 2.75, 'y': 45.4495}, {'x': 3.0, 'y': 344.86}]}","{'formula': '-0.444569852509731*(-1)**(3/4)*lowergamma(1/4, 0.1*x**4*exp_polar(I*pi))', 'latex': '- 0.444569852509731 \\left(-1\\right)^{\\frac{3}{4}} \\gamma\\left(\\frac{1}{4}, 0.1 x^{4} e^{i \\pi}\\right)', 'properties': {'singularities': [], 'is_periodic': False, 'domain': 'R'}}",integral_of_exp(0.1*x**4)
MCM_320_7467c147,"{'a': 3, 'b': 2, 'c': 0}","{'points': [{'x': -3.0, 'y': 28.35}, {'x': -2.75, 'y': 17.1574}, {'x': -2.5, 'y': 9.7656}, {'x': -2.25, 'y': 5.1258}, {'x': -2.0, 'y': 2.4}, {'x': -1.75, 'y': 0.9379}, {'x': -1.5, 'y': 0.2531}, {'x': -1.25, 'y': 0.0}, {'x': -1.0, 'y': -0.05}, {'x': -0.75, 'y': -0.0316}, {'x': -0.5, 'y': -0.0094}, {'x': -0.25, 'y': -0.0008}, {'x': 0.0, 'y': 0.0}, {'x': 0.25, 'y': 0.0012}, {'x': 0.5, 'y': 0.0219}, {'x': 0.75, 'y': 0.1266}, {'x': 1.0, 'y': 0.45}, {'x': 1.25, 'y': 1.2207}, {'x': 1.5, 'y': 2.7844}, {'x': 1.75, 'y': 5.6273}, {'x': 2.0, 'y': 10.4}, {'x': 2.25, 'y': 17.9402}, {'x': 2.5, 'y': 29.2969}, {'x': 2.75, 'y': 45.7531}, {'x': 3.0, 'y': 68.85}]}","{'formula': 'Piecewise((x**4*(-4*x - 5)/20, x <= 0), (x**4*(4*x + 5)/20, True))', 'latex': '\\begin{cases} \\frac{x^{4} \\left(- 4 x - 5\\right)}{20} & \\text{for}\\: x \\leq 0 \\\\\\frac{x^{4} \\left(4 x + 5\\right)}{20} & \\text{otherwise} \\end{cases}', 'properties': {'singularities': [], 'is_periodic': False, 'domain': 'R'}}","integral_of_Piecewise((x**3*(x + 1), x > 0), (x**3*(-x - 1), True))"
MCM_320_d3c109b5,"{'a': 3, 'b': 2, 'c': 0}","{'points': [{'x': -3.0, 'y': -3.0}, {'x': -2.75, 'y': -2.75}, {'x': -2.5, 'y': -2.5}, {'x': -2.25, 'y': -2.25}, {'x': -2.0, 'y': -2.0}, {'x': -1.75, 'y': -1.75}, {'x': -1.5, 'y': -1.5}, {'x': -1.25, 'y': -1.25}, {'x': -1.0, 'y': -1.0}, {'x': -0.75, 'y': -0.75}, {'x': -0.5, 'y': -0.9142}, {'x': -0.25, 'y': -1.1642}, {'x': 0.0, 'y': -1.4142}, {'x': 0.25, 'y': -1.6642}, {'x': 0.5, 'y': -1.9142}, {'x': 0.75, 'y': -2.0784}, {'x': 1.0, 'y': -1.8284}, {'x': 1.25, 'y': -1.5784}, {'x': 1.5, 'y': -1.3284}, {'x': 1.75, 'y': -1.0784}, {'x': 2.0, 'y': -0.8284}, {'x': 2.25, 'y': -0.5784}, {'x': 2.5, 'y': -0.3284}, {'x': 2.75, 'y': -0.0784}, {'x': 3.0, 'y': 0.1716}]}","{'formula': 'Piecewise((x, x <= -0.707106781186548), (-x - 1.4142135623731, x < 0.707106781186548), (x - 2.82842712474619, True))', 'latex': '\\begin{cases} x & \\text{for}\\: x \\leq -0.707106781186548 \\\\- x - 1.4142135623731 & \\text{for}\\: x < 0.707106781186548 \\\\x - 2.82842712474619 & \\text{otherwise} \\end{cases}', 'properties': {'singularities': [], 'is_periodic': False, 'domain': 'R'}}",integral_of_sign(x**2 - 0.5)
MCM_321_b1a07f76,"{'a': 3, 'b': 2, 'c': 1}","{'points': [{'x': -3.0, 'y': -2.5244}, {'x': -2.75, 'y': -2.314}, {'x': -2.5, 'y': -2.1037}, {'x': -2.25, 'y': -1.8933}, {'x': -2.0, 'y': -1.6829}, {'x': -1.75, 'y': -1.4726}, {'x': -1.5, 'y': -1.2622}, {'x': -1.25, 'y': -1.0518}, {'x': -1.0, 'y': -0.8415}, {'x': -0.75, 'y': -0.6311}, {'x': -0.5, 'y': -0.7693}, {'x': -0.25, 'y': -0.9797}, {'x': 0.0, 'y': -1.19}, {'x': 0.25, 'y': -1.4004}, {'x': 0.5, 'y': -1.6108}, {'x': 0.75, 'y': -1.7489}, {'x': 1.0, 'y': -1.5386}, {'x': 1.25, 'y': -1.3282}, {'x': 1.5, 'y': -1.1178}, {'x': 1.75, 'y': -0.9075}, {'x': 2.0, 'y': -0.6971}, {'x': 2.25, 'y': -0.4867}, {'x': 2.5, 'y': -0.2764}, {'x': 2.75, 'y': -0.066}, {'x': 3.0, 'y': 0.1444}]}","{'formula': 'Piecewise((x*sin(1), x <= -0.707106781186548), ((-x - 1.4142135623731)*sin(1), x < 0.707106781186548), ((x - 2.82842712474619)*sin(1), True))', 'latex': '\\begin{cases} x \\sin{\\left(1 \\right)} & \\text{for}\\: x \\leq -0.707106781186548 \\\\\\left(- x - 1.4142135623731\\right) \\sin{\\left(1 \\right)} & \\text{for}\\: x < 0.707106781186548 \\\\\\left(x - 2.82842712474619\\right) \\sin{\\left(1 \\right)} & \\text{otherwise} \\end{cases}', 'properties': {'singularities': [], 'is_periodic': False, 'domain': 'R'}}",integral_of_sin(sign(x**2 - 0.5))
MCM_330_5b94f2ec,"{'a': 3, 'b': 3, 'c': 0}","{'points': [{'x': -3.0, 'y': -3.8093}, {'x': -2.75, 'y': -3.5593}, {'x': -2.5, 'y': -3.3093}, {'x': -2.25, 'y': -3.0593}, {'x': -2.0, 'y': -2.8093}, {'x': -1.75, 'y': -2.5593}, {'x': -1.5, 'y': -2.3093}, {'x': -1.25, 'y': -2.0579}, {'x': -1.0, 'y': -1.4841}, {'x': -0.75, 'y': -0.4653}, {'x': -0.5, 'y': -0.0634}, {'x': -0.25, 'y': -0.002}, {'x': 0.0, 'y': 0.0}, {'x': 0.25, 'y': 0.0002}, {'x': 0.5, 'y': 0.007}, {'x': 0.75, 'y': 0.0529}, {'x': 1.0, 'y': 0.2013}, {'x': 1.25, 'y': 0.4407}, {'x': 1.5, 'y': 0.6907}, {'x': 1.75, 'y': 0.9407}, {'x': 2.0, 'y': 1.1907}, {'x': 2.25, 'y': 1.4407}, {'x': 2.5, 'y': 1.6907}, {'x': 2.75, 'y': 1.9407}, {'x': 3.0, 'y': 2.1907}]}","{'formula': 'x*erf(x**4) - lowergamma(5/8, x**8)/sqrt(pi)', 'latex': 'x \\operatorname{erf}{\\left(x^{4} \\right)} - \\frac{\\gamma\\left(\\frac{5}{8}, x^{8}\\right)}{\\sqrt{\\pi}}', 'properties': {'singularities': [], 'is_periodic': False, 'domain': 'R'}}",integral_of_erf(x**4)
MCM_333_1d354080,"{'a': 3, 'b': 3, 'c': 3}","{'points': [{'x': -3.0, 'y': -8.3447}, {'x': -2.75, 'y': 2.3965}, {'x': -2.5, 'y': 5.9227}, {'x': -2.25, 'y': 5.7245}, {'x': -2.0, 'y': 4.1262}, {'x': -1.75, 'y': 2.4306}, {'x': -1.5, 'y': 1.1831}, {'x': -1.25, 'y': 0.4636}, {'x': -1.0, 'y': 0.1369}, {'x': -0.75, 'y': 0.0266}, {'x': -0.5, 'y': 0.0025}, {'x': -0.25, 'y': 0.0}, {'x': 0.0, 'y': 0.0}, {'x': 0.25, 'y': 0.0}, {'x': 0.5, 'y': 0.0025}, {'x': 0.75, 'y': 0.0266}, {'x': 1.0, 'y': 0.1369}, {'x': 1.25, 'y': 0.4636}, {'x': 1.5, 'y': 1.1831}, {'x': 1.75, 'y': 2.4306}, {'x': 2.0, 'y': 4.1262}, {'x': 2.25, 'y': 5.7245}, {'x': 2.5, 'y': 5.9227}, {'x': 2.75, 'y': 2.3965}, {'x': 3.0, 'y': -8.3447}]}","{'formula': 'x*(x**4*besselj(1, x) + 4*x**3*besselj(0, x) - 16*x**2*besselj(1, x) - 32*x*besselj(0, x) + 64*besselj(1, x))', 'latex': 'x \\left(x^{4} J_{1}\\left(x\\right) + 4 x^{3} J_{0}\\left(x\\right) - 16 x^{2} J_{1}\\left(x\\right) - 32 x J_{0}\\left(x\\right) + 64 J_{1}\\left(x\\right)\\right)', 'properties': {'singularities': [], 'is_periodic': False, 'domain': 'R'}}","integral_of_x**5*besselj(0, Abs(x))"
MCM_100_8791028b,"{'a': 1, 'b': 0, 'c': 0}","{'points': [{'x': -3.0, 'y': 35.55}, {'x': -2.75, 'y': 26.0827}, {'x': -2.5, 'y': 18.6198}, {'x': -2.25, 'y': 12.8619}, {'x': -2.0, 'y': 8.5333}, {'x': -1.75, 'y': 5.3817}, {'x': -1.5, 'y': 3.1781}, {'x': -1.25, 'y': 1.7171}, {'x': -1.0, 'y': 0.8167}, {'x': -0.75, 'y': 0.3182}, {'x': -0.5, 'y': 0.0865}, {'x': -0.25, 'y': 0.0098}, {'x': 0.0, 'y': 0.0}, {'x': 0.25, 'y': -0.0079}, {'x': 0.5, 'y': -0.0552}, {'x': 0.75, 'y': -0.16}, {'x': 1.0, 'y': -0.3167}, {'x': 1.25, 'y': -0.4964}, {'x': 1.5, 'y': -0.6469}, {'x': 1.75, 'y': -0.6923}, {'x': 2.0, 'y': -0.5333}, {'x': 2.25, 'y': -0.0475}, {'x': 2.5, 'y': 0.9115}, {'x': 2.75, 'y': 2.513}, {'x': 3.0, 'y': 4.95}]}","{'formula': 'x**3*(0.25*x - 0.566666666666667)', 'latex': 'x^{3} \\left(0.25 x - 0.566666666666667\\right)', 'properties': {'singularities': [], 'is_periodic': False, 'domain': 'R'}}",integral_of_x**2*(x - 1.7)
MCM_100_c615acab,"{'a': 1, 'b': 0, 'c': 0}","{'points': [{'x': -3.0, 'y': 0.06}, {'x': -2.75, 'y': 0.0412}, {'x': -2.5, 'y': 0.025}, {'x': -2.25, 'y': 0.0112}, {'x': -2.0, 'y': 0.0}, {'x': -1.75, 'y': -0.0087}, {'x': -1.5, 'y': -0.015}, {'x': -1.25, 'y': -0.0187}, {'x': -1.0, 'y': -0.02}, {'x': -0.75, 'y': -0.0188}, {'x': -0.5, 'y': -0.015}, {'x': -0.25, 'y': -0.0088}, {'x': 0.0, 'y': 0.0}, {'x': 0.25, 'y': 0.0112}, {'x': 0.5, 'y': 0.025}, {'x': 0.75, 'y': 0.0413}, {'x': 1.0, 'y': 0.06}, {'x': 1.25, 'y': 0.0813}, {'x': 1.5, 'y': 0.105}, {'x': 1.75, 'y': 0.1313}, {'x': 2.0, 'y': 0.16}, {'x': 2.25, 'y': 0.1912}, {'x': 2.5, 'y': 0.225}, {'x': 2.75, 'y': 0.2612}, {'x': 3.0, 'y': 0.3}]}","{'formula': 'x*(0.02*x + 0.04)', 'latex': 'x \\left(0.02 x + 0.04\\right)', 'properties': {'singularities': [], 'is_periodic': False, 'domain': 'R'}}",integral_of_x/25 + 0.04
MCM_101_bf7bdc98,"{'a': 1, 'b': 0, 'c': 1}","{'points': [{'x': -3.0, 'y': 0.1397}, {'x': -2.75, 'y': 0.3528}, {'x': -2.5, 'y': 0.4795}, {'x': -2.25, 'y': 0.4888}, {'x': -2.0, 'y': 0.3784}, {'x': -1.75, 'y': 0.1754}, {'x': -1.5, 'y': -0.0706}, {'x': -1.25, 'y': -0.2992}, {'x': -1.0, 'y': -0.4546}, {'x': -0.75, 'y': -0.4987}, {'x': -0.5, 'y': -0.4207}, {'x': -0.25, 'y': -0.2397}, {'x': 0.0, 'y': 0.0}, {'x': 0.25, 'y': 0.2397}, {'x': 0.5, 'y': 0.4207}, {'x': 0.75, 'y': 0.4987}, {'x': 1.0, 'y': 0.4546}, {'x': 1.25, 'y': 0.2992}, {'x': 1.5, 'y': 0.0706}, {'x': 1.75, 'y': -0.1754}, {'x': 2.0, 'y': -0.3784}, {'x': 2.25, 'y': -0.4888}, {'x': 2.5, 'y': -0.4795}, {'x': 2.75, 'y': -0.3528}, {'x': 3.0, 'y': -0.1397}]}","{'formula': '0.5*sin(2.0*x)', 'latex': '0.5 \\sin{\\left(2.0 x \\right)}', 'properties': {'singularities': [], 'is_periodic': False, 'domain': 'R'}}",integral_of_cos(2.0*x)
MCM_200_5eb44a44,"{'a': 2, 'b': 0, 'c': 0}","{'points': [{'x': -3.0, 'y': -32.4}, {'x': -2.75, 'y': -26.5948}, {'x': -2.5, 'y': -21.4583}, {'x': -2.25, 'y': -16.9594}, {'x': -2.0, 'y': -13.0667}, {'x': -1.75, 'y': -9.749}, {'x': -1.5, 'y': -6.975}, {'x': -1.25, 'y': -4.7135}, {'x': -1.0, 'y': -2.9333}, {'x': -0.75, 'y': -1.6031}, {'x': -0.5, 'y': -0.6917}, {'x': -0.25, 'y': -0.1677}, {'x': 0.0, 'y': 0.0}, {'x': 0.25, 'y': -0.1573}, {'x': 0.5, 'y': -0.6083}, {'x': 0.75, 'y': -1.3219}, {'x': 1.0, 'y': -2.2667}, {'x': 1.25, 'y': -3.4115}, {'x': 1.5, 'y': -4.725}, {'x': 1.75, 'y': -6.176}, {'x': 2.0, 'y': -7.7333}, {'x': 2.25, 'y': -9.3656}, {'x': 2.5, 'y': -11.0417}, {'x': 2.75, 'y': -12.7302}, {'x': 3.0, 'y': -14.4}]}","{'formula': 'x**2*(0.333333333333333*x - 2.6)', 'latex': 'x^{2} \\left(0.333333333333333 x - 2.6\\right)', 'properties': {'singularities': [], 'is_periodic': False, 'domain': 'R'}}",integral_of_x*(x - 5.2)
MCM_200_529d97b0,"{'a': 2, 'b': 0, 'c': 0}","{'points': [{'x': -3.0, 'y': -15.0}, {'x': -2.75, 'y': -13.4062}, {'x': -2.5, 'y': -11.875}, {'x': -2.25, 'y': -10.4062}, {'x': -2.0, 'y': -9.0}, {'x': -1.75, 'y': -7.6562}, {'x': -1.5, 'y': -6.375}, {'x': -1.25, 'y': -5.1562}, {'x': -1.0, 'y': -4.0}, {'x': -0.75, 'y': -2.9062}, {'x': -0.5, 'y': -1.875}, {'x': -0.25, 'y': -0.9062}, {'x': 0.0, 'y': 0.0}, {'x': 0.25, 'y': 0.9062}, {'x': 0.5, 'y': 1.875}, {'x': 0.75, 'y': 2.9062}, {'x': 1.0, 'y': 4.0}, {'x': 1.25, 'y': 5.1562}, {'x': 1.5, 'y': 6.375}, {'x': 1.75, 'y': 7.6562}, {'x': 2.0, 'y': 9.0}, {'x': 2.25, 'y': 10.4062}, {'x': 2.5, 'y': 11.875}, {'x': 2.75, 'y': 13.4062}, {'x': 3.0, 'y': 15.0}]}","{'formula': 'Piecewise((3.5*x - 0.5*(-x)**2.0, x <= 0), (3.5*x + 0.5*x**2.0, True))', 'latex': '\\begin{cases} 3.5 x - 0.5 \\left(- x\\right)^{2.0} & \\text{for}\\: x \\leq 0 \\\\3.5 x + 0.5 x^{2.0} & \\text{otherwise} \\end{cases}', 'properties': {'singularities': [], 'is_periodic': False, 'domain': 'R'}}",integral_of_Abs(x)**1.0 + 3.5
MCM_201_588dce32,"{'a': 2, 'b': 0, 'c': 1}","{'points': [{'x': -3.0, 'y': -0.4751}, {'x': -2.75, 'y': -0.4916}, {'x': -2.5, 'y': -0.3878}, {'x': -2.25, 'y': -0.189}, {'x': -2.0, 'y': 0.0561}, {'x': -1.75, 'y': 0.2874}, {'x': -1.5, 'y': 0.4484}, {'x': -1.25, 'y': 0.4996}, {'x': -1.0, 'y': 0.4284}, {'x': -0.75, 'y': 0.2524}, {'x': -0.5, 'y': 0.0146}, {'x': -0.25, 'y': -0.2268}, {'x': 0.0, 'y': -0.4127}, {'x': 0.25, 'y': -0.4975}, {'x': 0.5, 'y': -0.4605}, {'x': 0.75, 'y': -0.3108}, {'x': 1.0, 'y': -0.085}, {'x': 1.25, 'y': 0.1616}, {'x': 1.5, 'y': 0.3687}, {'x': 1.75, 'y': 0.4855}, {'x': 2.0, 'y': 0.4834}, {'x': 2.25, 'y': 0.363}, {'x': 2.5, 'y': 0.1537}, {'x': 2.75, 'y': -0.0933}, {'x': 3.0, 'y': -0.3173}]}","{'formula': '-cos(2*x - 0.6)/2', 'latex': '- \\frac{\\cos{\\left(2 x - 0.6 \\right)}}{2}', 'properties': {'singularities': [], 'is_periodic': False, 'domain': 'R'}}",integral_of_sin(2*x - 0.6)
